"date","r_star_ekf","r_star_ukf","pi_star_ekf","pi_star_ukf","m_ekf","m_ukf","shadow_rate_ekf","shadow_rate_ukf"
1968-10-01,0.598907575769337,0.300575338431984,4.11557780838449,3.40102196767208,0.615410239851014,0.714126565825929,5.32989562400484,4.41572387192999
1968-11-01,1.14048531116227,0.997420327424597,3.49498806408607,3.62826646715514,0.815595100129776,0.814596866445079,5.45106847537812,5.44028366102482
1968-12-01,1.9623386175481,1.90689553961195,2.82641595221528,2.88061929972401,1.11059532558147,1.10979527356884,5.89934989534485,5.89731011290479
1969-01-01,2.00940643964983,1.95673686822899,2.67969071586764,2.73372660479462,1.4080897119836,1.40635238655617,6.09718686750107,6.09681585957977
1969-02-01,1.99344964214429,1.9428472463646,2.56291323715083,2.6154859809915,1.48079566421088,1.47878236851469,6.037158543506,6.03711559587079
1969-03-01,1.79313826465802,1.7637761084486,2.64895306578958,2.67803395000059,1.41309971807771,1.4133432927728,5.85519104852531,5.85515335122199
1969-04-01,1.78535857606168,1.75698991313699,2.69359721879473,2.7217389267863,1.4942007535893,1.49459358105493,5.97315654844571,5.97332242097823
1969-05-01,1.82973848897294,1.80200554803829,2.66048298789648,2.68810317548613,1.36634645469109,1.36657138870173,5.85656793156051,5.85668011222614
1969-06-01,1.60605562416183,1.5864423054346,2.66351082306869,2.68181327804088,1.95485466220886,1.95597789905966,6.22442110943938,6.22423348253514
1969-07-01,1.35558580388843,1.33635830113824,2.58108766272209,2.59903822122869,2.73839508418952,2.73945362138291,6.67506855080004,6.67485014374984
1969-08-01,1.31325979119466,1.29428528410752,2.50227464195088,2.51989913241544,2.79312972418335,2.79427854913167,6.60866415732889,6.60846296565463
1969-09-01,1.53855466749395,1.52442663799797,2.72635418274853,2.73895841219237,2.38066776485211,2.38193891051803,6.64557661509459,6.64532396070836
1969-10-01,1.61451053967551,1.60086404591803,2.84127146083124,2.85369804505999,2.13846189147495,2.13949756365046,6.5942438919817,6.59405965462848
1969-11-01,1.49495127644867,1.4815433022746,2.81522923992292,2.82736050232364,2.56546908585655,2.56656985711895,6.87564960222814,6.8754736617172
1969-12-01,1.79931483776562,1.78884859726128,2.94337384139503,2.95237969433623,2.74885358128679,2.75013783709511,7.49154226044744,7.49136612869262
1970-01-01,2.03493777952161,2.02489341309433,3.06905969808789,3.07816633064118,2.43460636081022,2.43543428806047,7.53860383841972,7.53849403179599
1970-02-01,2.08935826916093,2.07951719146813,3.09518147135123,3.10423868064377,1.61415816820326,1.61485962101467,6.79869790871542,6.79861549312657
1970-03-01,2.07425289864163,2.06624207042152,2.95836229288388,2.96512987844642,1.32144820271826,1.32265746773523,6.35406339424377,6.35402941660317
1970-04-01,2.2388507692081,2.23111472231865,3.06127721380698,3.06799108050244,0.87749033751689,0.878533615877771,6.17761832053196,6.17763941869886
1970-05-01,2.2349185298103,2.22738191002585,3.02657398268473,3.03320509613414,1.16730050531613,1.1681056707265,6.42879301781115,6.42869267688649
1970-06-01,2.21204330728592,2.20596600539161,2.9424561053619,2.94744603520772,1.06144891494993,1.06241720317809,6.21594832759776,6.21582924377742
1970-07-01,2.25206853395189,2.24605508994156,2.9374153189065,2.94235280595769,0.826673333077683,0.827688080493258,6.01615718593607,6.01609597639251
1970-08-01,2.38596339090898,2.38003974149909,2.98213514604865,2.98703646463883,0.649908774107459,0.650922208666596,6.01800731106509,6.01799841480452
1970-09-01,2.36742280137833,2.36250063839627,2.98203148440706,2.98571588816309,0.448330044067323,0.449558009737713,5.79778432985272,5.79777453629707
1970-10-01,2.29985904855804,2.29496334237316,2.97693490957171,2.98058009059128,0.294098094295936,0.29539624318187,5.57089205242568,5.57093967614631
1970-11-01,2.26601025224613,2.26108647612317,2.98076112085133,2.9843409654131,-0.235825695365379,-0.234282175797465,5.01094567773208,5.01114526573881
1970-12-01,2.12561005390105,2.12134971395563,2.96887565557735,2.97158126990403,-0.419619958764234,-0.417630457381548,4.67486575071417,4.67530052647812
1971-01-01,2.3443217860792,2.34052766580384,3.00131612040204,3.00404258741915,-1.12654346562648,-1.12463265928001,4.21909444085476,4.21993759394298
1971-02-01,2.57021926930804,2.56698679090719,3.0030119271065,3.00603267198514,-2.03139273431903,-2.03007450493334,3.54183846209551,3.54294495795898
1971-03-01,2.31388314384844,2.31156167211632,2.92029594468789,2.92278344199198,-1.9088762909676,-1.90767129322158,3.32530279756873,3.32667382088672
1971-04-01,2.28502023432141,2.28232058766666,2.84093944398397,2.8432016388293,-1.4660153930147,-1.46407623609018,3.65994428529067,3.66144599040578
1971-05-01,2.17813716109127,2.17492682484669,2.77957445044966,2.78172143631948,-1.20036789943712,-1.19863283294108,3.75734371210381,3.75801542822508
1971-06-01,2.07757107120994,2.07452754422007,2.86021667830335,2.86175773862521,-0.605216149902076,-0.603321654207961,4.33257159961121,4.33296362863732
1971-07-01,2.1831375436915,2.18008972840842,2.86948862152258,2.87096926453904,-0.0694812535639716,-0.0676599529383042,4.98314491165011,4.98339904000915
1971-08-01,2.09372317454364,2.09030440010243,2.2571125883291,2.25846437334955,0.120276597940389,0.122464554500789,4.47111236081313,4.47123332795277
1971-09-01,1.54163599293107,1.53895148822937,2.76367554168306,2.76438410969226,-0.0300161872025054,-0.0277513584949478,4.27529534741163,4.27558423942668
1971-10-01,1.58598880053849,1.58334841835108,2.72964202540989,2.7302570311494,-0.258039376666453,-0.255350422318562,4.05759144928192,4.05825502718192
1971-11-01,1.69902790281231,1.69655558617035,2.74380666523892,2.74449599049602,-0.573182965640828,-0.570524341124192,3.8696516024104,3.87052723554217
1971-12-01,1.67207603651567,1.66989044444459,2.86815625476228,2.86888618784432,-0.833752568609946,-0.831461918345018,3.706479722668,3.70731471394389
1972-01-01,1.6250948664756,1.62320411068757,2.92011400355424,2.92095242148745,-1.55069887915137,-1.54881634016353,2.99450999087847,2.99534019201149
1972-02-01,1.5683501522396,1.56658563543168,2.96533817863983,2.96617012349417,-1.83916099415128,-1.83753156785853,2.69452733672814,2.69522419106733
1972-03-01,1.43332020003252,1.43117677617702,2.96940207822371,2.96997071954695,-1.17747025887478,-1.17496773246852,3.22525201938146,3.22617976325545
1972-04-01,1.28084805246077,1.27863366151355,2.95273586825518,2.95323082162198,-1.12956530055237,-1.12744979825897,3.10401862016359,3.10441468487656
1972-05-01,1.3225975925827,1.32034920742146,3.0049421013899,3.0054185996078,-1.18275608029772,-1.18048037731747,3.14478361367489,3.14528742971179
1972-06-01,1.27835756815117,1.27604979842845,3.00237932769516,3.00281997918712,-0.856777210559669,-0.854398857422108,3.42395968528666,3.42447092019346
1972-07-01,1.22313965576323,1.2207284732878,2.90655057465597,2.90697186333162,-0.685075812380128,-0.6826244637699,3.44461441803907,3.44507587284953
1972-08-01,1.30595942392154,1.30358884426342,2.95853282655884,2.9589724051502,-0.7848207844199,-0.782434181757144,3.47967146606048,3.48012706765647
1972-09-01,1.34899113076302,1.34667064454286,3.15083742752026,3.15124208201189,-0.315689476288323,-0.31333325130911,4.18413908199496,4.18457947524565
1972-10-01,1.2768453372466,1.27446645992682,3.07736512537338,3.07774351887567,-0.0725263651061317,-0.0701840948186363,4.28168409751385,4.28202588398385
1972-11-01,1.3000026803498,1.2975725482054,3.07969008363674,3.0800710785323,-0.0276071903187112,-0.0251199681675057,4.35208557366783,4.35252365857019
1972-12-01,1.24537972050216,1.24295233062454,3.20772074336363,3.20810733384679,0.251112037470415,0.253643755107742,4.7042125013362,4.70470341957908
1973-01-01,1.03297840143737,1.03049134309534,3.33792300681307,3.33830154633776,0.681343722822323,0.683800752071095,5.05224513107277,5.05259364150419
1973-02-01,0.920440977141905,0.917967615597229,3.46401964458823,3.46437753901205,0.79593656995851,0.798277319469965,5.18039719168864,5.18062247407924
1973-03-01,0.629055146538779,0.626554136400492,3.64561196036037,3.64590370071908,1.41016485610055,1.41243061912895,5.6848319629997,5.68488845624853
1973-04-01,0.50837952368814,0.505801145084565,3.81231971796312,3.81255344333405,1.59043700217167,1.59283897424041,5.91113624382293,5.91119356265903
1973-05-01,0.483731601633038,0.481181497057749,3.98975936197496,3.98999188676757,1.56382348871294,1.56620190285724,6.03731445232094,6.03737528668256
1973-06-01,0.440703972018328,0.438124977624364,4.19083488926998,4.19106955468993,2.38858531090223,2.39107952155676,7.02012417219054,7.02027405387105
1973-07-01,0.24443681780492,0.241840750249687,4.38993403363249,4.39014641418034,3.31108909132244,3.31333536896213,7.94545994275985,7.94532253339216
1973-08-01,0.00429469029344129,0.00191541415452771,4.86495132362298,4.86521213428908,3.69981140006294,3.70187289362599,8.56905741397936,8.5690004420696
1973-09-01,0.0145891200989617,0.0121185183800188,4.89864560653255,4.89876499977729,3.44249886800568,3.4447910785987,8.35573359463719,8.35567459675601
1973-10-01,-0.0353254687155356,-0.0377880309200136,4.93567466123357,4.93583435152942,2.29136116560785,2.29371223042925,7.19171035812589,7.19175855103866
1973-11-01,-0.0238080711334678,-0.0263418842987469,4.97151374813145,4.97173867326846,2.88136992826914,2.88387913309882,7.82907560526713,7.82927592206853
1973-12-01,-0.0326818483660043,-0.0352126186748628,4.99092828783353,4.99117616172757,2.50210757590688,2.50457571043421,7.4603540153744,7.46053925348692
1974-01-01,-0.0334430532937325,-0.0358496989191467,5.31827610223126,5.31860664742697,2.51519417446268,2.51753757295299,7.80002722340021,7.80029452146081
1974-02-01,-0.0399132297126918,-0.0421264027414517,5.52711902231704,5.52751335295657,1.63165015692041,1.63376968428335,7.11885594952476,7.11915663449846
1974-03-01,-0.109494825962678,-0.111629351238923,5.61192683803981,5.61228678103183,2.44270209300017,2.44469101993404,7.9451341050773,7.94534844972696
1974-04-01,-0.374441667801926,-0.376427857877196,5.81904403375589,5.81938366330135,2.80962826357276,2.81123193394549,8.25423062952673,8.25418773936964
1974-05-01,-0.558970218852933,-0.560852018127279,5.87039050470508,5.87067461159199,2.68850510373425,2.68999594408822,7.99992538958641,7.99981853755293
1974-06-01,-0.514734112839753,-0.516581794315637,5.76412139193311,5.76428462861845,2.38705537363528,2.38860979722195,7.63644265272863,7.63631263152476
1974-07-01,-0.610029708888683,-0.611802359295641,5.64214817503063,5.64230678933077,2.05007233779535,2.05151468164404,7.0821908039373,7.08201911167917
1974-08-01,-0.330531682441223,-0.332130663579205,5.99071541466735,5.99084365925068,3.02236155039179,3.02374815614451,8.68254528261791,8.68246115181598
1974-09-01,-0.296603375712197,-0.298091236090123,5.95157724632007,5.95166143320353,2.14847440656958,2.14974983101779,7.80344827717745,7.8033200281312
1974-10-01,-0.297894892302933,-0.299442891369351,5.67593384617004,5.67603403783586,1.71452210048966,1.71590250318371,7.09256105435677,7.09249364965022
1974-11-01,-0.153127268108712,-0.154751759616888,5.63629104119939,5.6364089099084,1.69793245941067,1.69948304173173,7.18109623250135,7.18114019202324
1974-12-01,0.0236640274611249,0.0219239217619781,5.45120445059113,5.45130461983471,1.50210694999543,1.50384259093917,6.97697542804769,6.97707113253585
1975-01-01,0.03783463028589,0.0361496051478302,5.33853518648467,5.33868709450289,0.549190115980208,0.550806980024789,5.92555993275076,5.9256436796755
1975-02-01,0.278728079704334,0.277113049752854,5.30856055802178,5.30876489817884,-0.459902607971513,-0.458297421347731,5.1273860297546,5.12758052658396
1975-03-01,0.413237918127509,0.41172364844077,5.26082674493747,5.2610667875345,-0.574504012621267,-0.572995219007525,5.09956065044372,5.09979521696775
1975-04-01,0.255785282516803,0.254388953651039,5.2895381304867,5.28975421052564,-0.516695186910094,-0.515531080847932,5.02862822609341,5.02861208332875
1975-05-01,0.243368184597236,0.242037344781353,5.33094889688575,5.33114908199696,-0.991621894794298,-0.990481933776726,4.58269518668869,4.58270449300159
1975-06-01,0.26748814217932,0.266139501397419,5.32364681003869,5.32381593217892,-0.816965220344229,-0.815712260079499,4.77416973187378,4.77424317349684
1975-07-01,0.209376309765364,0.207959370896525,5.24699526282899,5.24713934968017,0.115101618967058,0.116407385613876,5.57147319156141,5.57150610619057
1975-08-01,0.183048803330755,0.181673148070319,5.24201084654191,5.24214089713742,0.407969673746149,0.409154471408396,5.83302932361882,5.83296851661613
1975-09-01,0.214961766021417,0.213668945368926,5.27367177215458,5.27379173558585,0.267503261162194,0.26860249187322,5.75613679933819,5.756063172828
1975-10-01,0.40785877191735,0.40661129011823,5.26973318797934,5.26984685072932,-0.336006492644219,-0.334904294251539,5.34158546725247,5.34155384659601
1975-11-01,0.642295322122718,0.641076341396084,5.15482281378063,5.15493232461317,-0.907473113915749,-0.906352623338327,4.8896450219876,4.88965604267093
1975-12-01,0.69409833424876,0.69284697052937,4.93025785707362,4.93034167505639,-0.762870983394888,-0.761703142762592,4.8614852079275,4.86148550282316
1976-01-01,0.963223672297912,0.961989165191815,4.74476068598143,4.74487656573805,-1.44600923222667,-1.44480549476087,4.26197512605268,4.26206023616899
1976-02-01,1.07932900770915,1.07808477166308,4.57167123734228,4.57180330647896,-1.36221126919673,-1.36099187436776,4.2887889758547,4.28889620377427
1976-03-01,0.994463864391568,0.993165384039354,4.46266348104099,4.4627694188856,-1.04519532940332,-1.04395487936211,4.41193201602924,4.41197992356284
1976-04-01,1.03898912981557,1.03765255129545,4.4298819140985,4.42999277411313,-1.17064210790217,-1.16933005194757,4.29822893601191,4.29831527346102
1976-05-01,0.969718547743942,0.968386297816252,4.49773077561703,4.49784606773439,-0.858967042932796,-0.857712898582903,4.60848228042818,4.60851946696774
1976-06-01,0.942146381454105,0.940813549123172,4.52728081548918,4.52738216618005,-0.640958338180653,-0.639707265948268,4.82846885876263,4.82848844935496
1976-07-01,1.00147265952447,1.00016887111995,4.60247203828344,4.60258686866347,-0.928489578216234,-0.92725137308324,4.67545511959168,4.67550436670018
1976-08-01,1.12667991961694,1.12538143488676,4.58668451413018,4.58680937594044,-1.06153787626553,-1.06027241319836,4.65182655748159,4.65191839762884
1976-09-01,1.24008703378325,1.23877930802282,4.5085311660198,4.50866280109313,-1.08935603742047,-1.08803985553231,4.65926216238259,4.65940225358364
1976-10-01,1.34676470540495,1.34545243630067,4.51357941346519,4.51373870525169,-1.24410147638856,-1.24273577398445,4.61624264248159,4.61645536756791
1976-11-01,1.38983850183003,1.38851964357815,4.43317549295412,4.43338395782758,-1.3274688772936,-1.32606712590118,4.49554511749055,4.49583647550456
1976-12-01,1.30075665122416,1.2993602615647,4.23442322462747,4.23465925128296,-1.42036505385171,-1.41882197084118,4.11481482199992,4.11519754200648
1977-01-01,1.24447140613095,1.24302678028668,4.25308415030766,4.25334889887321,-1.25359682327327,-1.25204990440102,4.24395873316534,4.24432577475887
1977-02-01,1.19606764720863,1.19467514896906,4.38370138070841,4.38398637572062,-1.36862589913744,-1.36723322745838,4.21114312877961,4.2114282972313
1977-03-01,1.16925357295851,1.16790469988134,4.4824069410449,4.48266758325179,-1.51486672812503,-1.51353802602438,4.13679378587838,4.13703425710875
1977-04-01,1.15943065263335,1.15808095925077,4.51976509916219,4.52002397400733,-1.57900823845253,-1.57766276865199,4.10018751334301,4.10044216460611
1977-05-01,1.17674746618367,1.17534110198086,4.52250490923619,4.52273355265399,-1.12864490504854,-1.12724996754183,4.57060747037133,4.57082468709302
1977-06-01,1.15790664898427,1.15646067629946,4.48286710697641,4.4830653528029,-0.939642162304847,-0.938185529308048,4.70113159365584,4.70134049979431
1977-07-01,1.18515601422058,1.18366448707939,4.42947027946713,4.42967196140629,-0.74241202959035,-0.740903518034783,4.87221426409736,4.8724329304509
1977-08-01,1.07251026679894,1.07092998173144,4.3552213956525,4.35539825338616,-0.28245939125211,-0.280933384492927,5.14527227119933,5.14539485062467
1977-09-01,0.986657624447438,0.985024493581651,4.39446114001204,4.3946132209206,0.111222500087066,0.112808125284304,5.49234126454654,5.49244583978655
1977-10-01,0.937014375737171,0.935357255550385,4.41309492285096,4.41323805858545,0.467658961428781,0.469210557495356,5.81776826001691,5.81780587163119
1977-11-01,0.943423038379585,0.941795582253748,4.43869396187347,4.43883006963081,0.357113165567016,0.358614681301167,5.73923016582008,5.73924033318572
1977-12-01,0.938158748751266,0.936623456987928,4.56918007786205,4.56932163805984,0.166215984503231,0.167620676419316,5.67355481111655,5.67356577146708
1978-01-01,0.917779117124482,0.916362467788813,4.80392347396711,4.80408613499126,0.319855949896828,0.321113322280775,6.04155854098842,6.04156192506084
1978-02-01,0.908963530426804,0.907621403820793,4.88733955897864,4.88749093155999,0.252635883784335,0.253811946425121,6.04893897318978,6.04892428180591
1978-03-01,0.880430938668163,0.879119339112585,4.84992847292594,4.85004644038987,0.129865403792869,0.131026955553548,5.86022481538698,5.860192735056
1978-04-01,0.835563668422012,0.834264431765695,4.80050955808633,4.80060031281943,0.151789784884985,0.152934427147185,5.78786301139333,5.78779917173231
1978-05-01,0.71837844222164,0.717101348234003,4.81889715716758,4.81895233759821,0.312938939201956,0.314052955180463,5.85021453859118,5.85010664101268
1978-06-01,0.68385030872567,0.682633694561112,4.93811829022064,4.93814391378626,0.548960730138423,0.550037568461431,6.17092932908474,6.1708151768088
1978-07-01,0.618755775206417,0.617616031094496,5.0981707480425,5.09817649217167,0.735165091664504,0.736172430855177,6.45209161491342,6.45196495412134
1978-08-01,0.490744924864492,0.489580821453385,5.08722044057925,5.08718952939489,1.00039836471229,1.00147502881726,6.57836373015603,6.57824537966554
1978-09-01,0.517439646891076,0.51624594025644,5.22579653445158,5.22576020965426,1.7256227796703,1.72676954582559,7.46885896101296,7.46877569573629
1978-10-01,0.428682902695915,0.427500458308776,5.32223027787805,5.32217601818003,1.89873108720638,1.89983140442383,7.64964426778035,7.64950788091264
1978-11-01,0.180920194924502,0.179713389331228,5.34139122152519,5.34126960458126,2.80304274454476,2.80417287241475,8.32535416099445,8.32515586632723
1978-12-01,0.17862038334968,0.177484829261126,5.47662135770141,5.47648056349432,3.07774226824072,3.07882767836416,8.73298400929182,8.73279307111961
1979-01-01,0.0974247224510701,0.0963729324322167,5.6379876595982,5.63784167631208,3.28339122426534,3.28441006534354,9.01880360631461,9.01862467408783
1979-02-01,0.187868862660723,0.186886448513333,5.81657565319892,5.81643666964163,3.05384658608382,3.05482525614909,9.05829110194347,9.05814837430406
1979-03-01,0.213638358056467,0.212692321725017,5.95386434549205,5.95376532915387,3.08170003558453,3.08262457871421,9.24920273913305,9.24908222959309
1979-04-01,0.187950168812741,0.187055524818486,6.13293821866124,6.13288571059827,2.90592636905516,2.9067736199733,9.22681475652915,9.22671485539006
1979-05-01,0.201749853591327,0.200870811850527,6.22817539359569,6.22813950011036,2.99072175966558,2.99154764487994,9.42064700685261,9.42055795684083
1979-06-01,0.193190820149338,0.192268918082181,6.17170585737273,6.17167279858949,2.53019080435624,2.53106703439838,8.8950874818783,8.89500875107005
1979-07-01,0.264334948538162,0.263381741352223,6.21320327300115,6.21319189452953,2.63953748439444,2.64045205740481,9.11707570593375,9.11702569328657
1979-08-01,0.240006204179718,0.239043071175797,6.24136036215137,6.24135875080482,2.95219492458136,2.95308940249184,9.43356149091245,9.43349122447246
1979-09-01,0.102408618809578,0.101461733598705,6.35051651244281,6.35049160074024,3.76632908464648,3.7671841510808,10.2192542158989,10.2191374854197
1979-10-01,0.157965837235397,0.157224182908353,6.7886804465327,6.78868870152262,4.66423142442533,4.66484562882519,11.6108777081934,11.6107585132562
1979-11-01,0.141367781174644,0.140795070309278,7.16166770125147,7.16168880632195,4.39047430236605,4.39093279241974,11.6935097847922,11.693416669051
1979-12-01,0.159744695659766,0.159228268604761,7.39944977730359,7.39942942344031,4.60916611687156,4.60962947680746,12.1683605898349,12.1682871688525
1980-01-01,0.219785235218076,0.219361995512273,7.80662504710118,7.80659423836085,4.11783902153046,4.11822605630541,12.1442493038497,12.1441822901785
1980-02-01,0.112087063332557,0.111856762399496,8.55854359016792,8.55855112172966,4.05143144955651,4.05158971292397,12.722062103057,12.7219975970531
1980-03-01,-0.454433477686613,-0.4546416824329,8.65251772966171,8.65247069494442,6.95094042513234,6.95114547358761,15.1490246771074,15.1489744860991
1980-04-01,-0.437164631990311,-0.437362978706245,8.72956313247231,8.72946296676717,5.10208655608795,5.10233093645236,13.39448505657,13.3944309245133
1980-05-01,-0.382294395861756,-0.382546102040936,8.43149629362085,8.43135827256072,0.469975534529968,0.470305825911106,8.51917743228906,8.51911799643089
1980-06-01,-0.340645946031213,-0.34101178243608,7.82317059314595,7.82304016947963,-0.781628680845979,-0.781185970916041,6.70089596626875,6.70084241612751
1980-07-01,0.0641965348508901,0.0638445065410097,7.84229262536486,7.84220118970733,-0.19843710505434,-0.198020428998888,7.70805205516141,7.70802526724946
1980-08-01,0.0981850921015378,0.0979113201399466,8.0720511534858,8.07200945682637,0.523679862060252,0.523946349244153,8.69391610764759,8.69386712621047
1980-09-01,-0.019928783151325,-0.0201700940733054,8.15767931482639,8.15764624113678,1.65174100279085,1.6519670864543,9.78949153446591,9.78944323351777
1980-10-01,0.0134734734980631,0.0132755679806416,8.48607724051534,8.48604641568014,2.82867651922618,2.82886668368074,11.3282272332396,11.3281886673415
1980-11-01,0.189377109446562,0.189228402169995,8.99159875487931,8.99159448572038,4.45158945046458,4.4517177540758,13.6325653147905,13.6325406419662
1980-12-01,0.428039666391356,0.427894390910418,9.12698620836593,9.12699938407901,6.15479217996831,6.15490736325838,15.7098180547256,15.7098011382478
1981-01-01,0.69147558081744,0.691329832246235,9.26616303993222,9.26619369057389,5.48683942579627,5.48694319272921,15.4444780465459,15.4444667155493
1981-02-01,0.807819450914196,0.80769312823426,9.47924126218806,9.47928034899787,4.83101458359847,4.83109081659765,15.1180752967007,15.1180642938298
1981-03-01,0.810092389616458,0.809977604260249,9.31040788783989,9.31043939881418,3.28546356453108,3.2855326339839,13.4059638419874,13.4059496370583
1981-04-01,0.751873104624652,0.751773862927482,9.4252929907427,9.42532713744744,3.38527092946105,3.3853244780832,13.5624370248284,13.5624254784581
1981-05-01,0.619076242107857,0.618985705148096,9.60253408982216,9.60256197649397,6.1880548485091,6.18810709046754,16.4096651804391,16.4096547721096
1981-06-01,0.467218997310273,0.46711762857006,9.28354910727983,9.28356551447798,5.03610295694038,5.03617374645567,14.7868710615305,14.7868568895037
1981-07-01,0.367093043908062,0.367005530125333,9.5666058260361,9.56662377769684,4.87042318960831,4.87047887129622,14.8041220595525,14.8041081791184
1981-08-01,0.166282681273014,0.166212273751253,9.78552374430086,9.78553351784576,5.24671778334886,5.2467652111847,15.1985242089227,15.1985110027817
1981-09-01,0.106277954548346,0.106229614533817,10.0092095700307,10.0092083539681,4.08642701031964,4.08646378598142,14.2019145348987,14.2019017544834
1981-10-01,-0.0322288539859367,-0.0322605446616407,10.3853707733617,10.3853648206702,2.59760339217212,2.59763143483352,12.9507453115479,12.9507357108421
1981-11-01,-0.251718677539406,-0.251760958678529,9.87515690197294,9.87514101753183,0.718924113241961,0.718970870074962,10.3423623376755,10.3423509289283
1981-12-01,-0.154641403421399,-0.154694012034044,9.7004682851022,9.70044355177684,0.572617872359455,0.572679671910345,10.1184447540403,10.1184292116531
1982-01-01,-0.105887880427453,-0.105914269135136,10.177776706625,10.1777513833429,1.48913356204074,1.48917171704919,11.5610223882382,11.561008831257
1982-02-01,-0.0834694617455146,-0.0834950852030087,10.2236803906611,10.223655801673,2.86419986632568,2.86423940227339,13.0044107952413,13.0044001187434
1982-03-01,-0.105186582423036,-0.105229434646218,9.81078144914467,9.81075739315455,2.52441687871692,2.52447124358671,12.2300117454385,12.229999202095
1982-04-01,-0.243103376336776,-0.243158987825167,9.7065585090098,9.70653570707524,2.73738036999086,2.73744414782633,12.2008355026639,12.2008208670764
1982-05-01,-0.130038255241556,-0.130101414831246,9.5198503169252,9.51982696854705,2.14715555526121,2.14722535286581,11.5369676169449,11.5369509065816
1982-06-01,0.129493586463402,0.129445702788085,9.68188641507177,9.68186899602841,2.00812440501133,2.00817459209371,11.8195044065465,11.8194892909102
1982-07-01,-0.118345667017386,-0.118393794666372,9.60208231372791,9.60206065288046,1.13372385617629,1.1337787314302,10.6174605028868,10.6174455896443
1982-08-01,-0.38388571075428,-0.383950662641001,9.03200871191953,9.03196747812298,-0.896766870543705,-0.89668244881026,7.75135613062154,7.75133436667172
1982-09-01,-0.587515983704812,-0.587614498240882,8.39388167616028,8.39380707675999,-1.00207502175572,-1.00193729594604,6.80429067069975,6.80425528257307
1982-10-01,-0.362230123829431,-0.362364549491601,8.06709567780122,8.06700326252803,-0.954374846594517,-0.954188418127089,6.75049070737727,6.75045029490934
1982-11-01,0.139714473984044,0.139516848424225,7.71269241005982,7.71260499625206,-0.486015664567495,-0.485766822127181,7.36639121947637,7.3663550225491
1982-12-01,0.582248761694971,0.582024417746523,7.5098560611782,7.50981275363801,-0.790182037423254,-0.789943870404723,7.30192278544992,7.30189330097981
1983-01-01,0.830285463771486,0.830061556640261,7.53357373832588,7.53356014772938,-1.02207523981677,-1.02186016919607,7.34178396228059,7.34176153517358
1983-02-01,1.07013395673434,1.06990561001822,7.41450816784811,7.41451055765826,-0.861525954191016,-0.861320689473842,7.62311617039143,7.62309547820263
1983-03-01,1.09828947480892,1.09804391083936,7.27004483447484,7.27005557117501,-0.434803846022326,-0.434589470184324,7.93353046326143,7.93351001183005
1983-04-01,1.01250507664876,1.01223823101086,7.25381452809227,7.25382906728326,-0.460059436260462,-0.459828486613834,7.80626016848057,7.80623881168028
1983-05-01,1.17206650514007,1.17178947067061,7.17311939983563,7.17313861353584,-0.547011864320825,-0.546772204319978,7.79817404065488,7.79815587988648
1983-06-01,1.24238252130135,1.24212268934606,7.22751413173965,7.22754659668377,-0.107612530144224,-0.107407489144104,8.36228412289678,8.36226179688573
1983-07-01,1.25242104858802,1.25220808225211,7.51540306701669,7.51544938138811,-0.19091365042202,-0.190770348583346,8.57691046518269,8.57688711505687
1983-08-01,1.31235910493418,1.31218072290473,7.67650432179855,7.67654289670368,-0.173982134884002,-0.173864512438546,8.81488129184873,8.81485910716986
1983-09-01,1.25352477246409,1.25335926899332,7.72458586241237,7.7246188613086,-0.517894080673746,-0.517781319232868,8.46021655420271,8.46019681106905
1983-10-01,1.16873280166941,1.1685721618934,7.83412107073815,7.83415056359597,-0.912436194755907,-0.912322743984271,8.09041767765166,8.0903999815051
1983-11-01,1.24731334600754,1.24715704742967,7.86259502106588,7.8626251659153,-0.88998062517939,-0.889869519433401,8.21992774189403,8.21991269391156
1983-12-01,1.25389843943839,1.25374932363091,7.90597577842761,7.90600336296926,-0.695561289196598,-0.695455884084376,8.46431292866941,8.4642968025158
1984-01-01,1.17317677160106,1.17302650735933,7.93619694807503,7.93622380441427,-0.720863334117827,-0.720755655562031,8.38851038555826,8.38849465621156
1984-02-01,1.28059236544676,1.2804446392086,7.95501305115247,7.95504170706639,-0.648473203818912,-0.648367809410166,8.58713221278032,8.58711853686483
1984-03-01,1.37976620175687,1.37964202272826,8.19359950011168,8.19363272860966,-0.567446049594112,-0.567368165701854,9.00591965227444,9.00590658563607
1984-04-01,1.27659162346438,1.27648391261126,8.45527752475756,8.45531173835238,-0.58288475353571,-0.582823050120124,9.14898439468623,9.14897260084351
1984-05-01,1.27635399600396,1.27627044930751,8.71053579094407,8.71056387341144,-0.824499000160875,-0.82445516397341,9.16239078678716,9.16237915874555
1984-06-01,0.969518296147401,0.969447395635884,8.73756789687658,8.73757920907377,-0.653031969043795,-0.652985387406477,9.05405422398018,9.05404121730318
1984-07-01,0.643931032774341,0.643868326703989,8.92274605436041,8.92274661928455,-0.251087060437465,-0.251037934265689,9.31559002669729,9.31557701172285
1984-08-01,0.594501520924792,0.594424201747863,8.64258015632216,8.64257241827795,0.597937835943768,0.598008218729777,9.83501951319072,9.83500483875559
1984-09-01,0.695914117851584,0.695813082448069,8.34075953590305,8.34075031875385,0.707010300221686,0.707102632235699,9.74368395397632,9.74366603343762
1984-10-01,0.665273038938661,0.665156008223568,8.20837724481979,8.20837070321426,0.236119020415851,0.236222537142513,9.1097693041743,9.10974924858034
1984-11-01,0.82931745190702,0.829177565731787,7.88999296585735,7.88998188921777,-0.698048779048342,-0.697920533307519,8.02126163871603,8.02123892164203
1984-12-01,1.11151341287375,1.11136754456717,7.72600061359115,7.72599226237581,-1.42578805152821,-1.42565644816475,7.41172597493668,7.41170335877824
1985-01-01,1.20097635773427,1.20083039295241,7.681981433896,7.68198175985605,-1.78218327344772,-1.78205736002078,7.10077451818254,7.10075479278768
1985-02-01,1.4644662023855,1.46431569992909,7.56477670766173,7.5647890358834,-1.35066572703257,-1.35054260641931,7.67857718301466,7.67856212939319
1985-03-01,1.59455399851474,1.59441182499415,7.47986769092781,7.47987894404079,-1.18792456952994,-1.18781389495845,7.8864971199126,7.88647687407649
1985-04-01,1.53926163973298,1.53912125513374,7.43142460524972,7.4314321676672,-1.62574058198074,-1.62562761627068,7.34494566300196,7.34492580653025
1985-05-01,1.58202956005631,1.58186467261365,7.16223897170348,7.16223389927549,-1.75887715132948,-1.75872619458576,6.9853913804303,6.98537237730338
1985-06-01,1.57229598245653,1.57207450631002,6.77244119376016,6.77243304151787,-1.85907314579467,-1.85885883459281,6.48566403042202,6.48564871323508
1985-07-01,1.75299668561716,1.75276006591326,6.75206677744454,6.75207202521825,-1.8889675532918,-1.88874231884145,6.6160959097699,6.61608977229006
1985-08-01,1.83991040107908,1.83966577746523,6.61097867221389,6.61099229766245,-1.78568642633643,-1.78546637555782,6.66520264695654,6.66519169956985
1985-09-01,1.87655058919645,1.87630796409917,6.57061754310989,6.57063131359835,-1.83822787582497,-1.83801471915022,6.60894025648137,6.60892455854729
1985-10-01,1.80627131951532,1.80602143220621,6.5858376870007,6.58585043310625,-1.68074337033139,-1.68052085082128,6.71136563618463,6.71135101449118
1985-11-01,1.71418890067986,1.71389259135607,6.39002117297163,6.39001874455914,-1.20937041756666,-1.20908376685959,6.89483965608483,6.89482756905562
1985-12-01,1.57952283933605,1.57913884125995,6.12962393610906,6.12959486662645,-0.848105031384892,-0.84770539355853,6.86104174406022,6.86102831432786
1986-01-01,1.44011109123271,1.43966113020987,6.07608905886252,6.07604975467699,-0.693412501622157,-0.692939519454813,6.82278764847307,6.82277136543204
1986-02-01,1.27304827075087,1.27248432328383,5.78868104198326,5.78862448256745,-0.208461334113283,-0.207859852670987,6.85326797862084,6.8532489531803
1986-03-01,0.987264899874244,0.986430440612782,5.19342839759713,5.19333486644322,0.20322997150518,0.20414189976064,6.38392326897656,6.38390720681664
1986-04-01,0.988442886463647,0.987300525799684,4.71578292482505,4.71567419493503,0.114320338132064,0.115616871691286,5.81854614942076,5.818591592426
1986-05-01,1.2704301382106,1.26934488053789,4.74448582691803,4.74447798875884,-0.238096550262756,-0.236914050395067,5.77681941486587,5.77690881890166
1986-06-01,1.37393794041226,1.372931022687,4.80268082497466,4.8027350874295,-0.369346671271448,-0.368345006488312,5.80727209411547,5.8073211036282
1986-07-01,1.36278941274334,1.36169228526537,4.61950543320501,4.61954703793972,-0.469688077468206,-0.468576971908412,5.51260676848014,5.51266235129669
1986-08-01,1.46715423059904,1.46597801287622,4.5199945060985,4.52004004735651,-0.700099419936696,-0.698832516165737,5.28704931676084,5.28718554406699
1986-09-01,1.60327666862568,1.60226349513937,4.71529001567215,4.71541217224775,-1.40068763474055,-1.39961658235675,4.91787904955727,4.91805908503036
1986-10-01,1.58792654167154,1.58692963823451,4.78029762582673,4.78043262828965,-1.43046463340238,-1.42942626257236,4.93775953409588,4.9379360039518
1986-11-01,1.5390789672005,1.53799219604412,4.66905665268067,4.66916916525556,-1.04970205934546,-1.04852809383542,5.1584335605357,5.15863326746426
1986-12-01,1.43184872349015,1.43063615378648,4.56165929706094,4.56175425296538,-0.604750493361781,-0.603426361138967,5.38875752718931,5.38896404561289
1987-01-01,1.37669159439869,1.37540542805282,4.50664231269335,4.50675336671481,-0.62311287338993,-0.621729170407281,5.26022103370211,5.26042962436035
1987-02-01,1.41315004129872,1.41182417555634,4.4734082504454,4.47351770218698,-0.467840641498359,-0.466442699369984,5.41871765024576,5.41889917837333
1987-03-01,1.33790113891175,1.33654440300285,4.46498004216333,4.46509200923515,-0.403635483315627,-0.402235737272413,5.39924569775945,5.39940067496558
1987-04-01,1.40091084963273,1.39978206910003,4.80160767397689,4.8017619541627,-0.925414879631637,-0.924413433033625,5.27710364397799,5.2771305902291
1987-05-01,1.28502030023513,1.28404945578404,5.02526877589417,5.02539346398429,-1.19069945675016,-1.18994492417241,5.11958961937914,5.11949799559593
1987-06-01,1.1044166198704,1.10349386721385,5.1262471122728,5.12630770926746,-1.10681256691756,-1.10601674128926,5.12385116522564,5.12378483519206
1987-07-01,1.20480039739623,1.20393778161415,5.30025034248744,5.30029368669067,-1.30561441753991,-1.30481704312847,5.19943632234376,5.19941442517635
1987-08-01,1.30152069333412,1.30075796858724,5.49884809976038,5.49891092909288,-1.23222562989335,-1.23152729164861,5.56814316320116,5.56814160603151
1987-09-01,1.33401196615465,1.33339107887752,5.81435651714299,5.81441354854244,-1.26236287836278,-1.26185117276076,5.88600560493487,5.8859534546592
1987-10-01,1.23288817440001,1.23232321027434,5.82587305623205,5.82590255673123,-1.53621384812971,-1.53574893239298,5.52254738250236,5.52247683461258
1987-11-01,1.08222576380221,1.08162035100612,5.64566637832784,5.64565811273382,-1.59449160870567,-1.59393068002539,5.13340053342438,5.13334778371455
1987-12-01,1.10111347634116,1.10048555278086,5.70565884429509,5.70561061931689,-1.57354572723783,-1.5729333155758,5.23322659339842,5.23316285652195
1988-01-01,1.04261732827684,1.04196229505858,5.65491088821946,5.65482975995137,-1.33311778946059,-1.33243784083854,5.36441042703571,5.3643542141714
1988-02-01,1.03374889903029,1.0329957637277,5.48058961772349,5.48047998197074,-1.19127898550396,-1.19044744344745,5.32305953124982,5.32302830225099
1988-03-01,1.18251225969091,1.18174575288118,5.47558269262214,5.47549107978958,-1.29782263203841,-1.29698706067087,5.36027232027464,5.36024977199988
1988-04-01,1.3049625230696,1.304280835546,5.60486372477528,5.60480621349959,-1.38450289755816,-1.38379491248934,5.52532335028672,5.52529213655624
1988-05-01,1.40628971914333,1.40568200711089,5.69754073185722,5.69750051214557,-1.23782887700809,-1.23722631410055,5.86600157399247,5.8659562051559
1988-06-01,1.28098129173952,1.28034424785524,5.56519910246278,5.56514395807266,-0.770763267511579,-0.770126247431724,6.07541712669073,6.07536195849618
1988-07-01,1.24569584092695,1.24507650654061,5.67882170515063,5.6787495510241,-0.579627699061902,-0.57899843481324,6.34488984701568,6.34482762275147
1988-08-01,1.20599021095586,1.20539058275636,5.71648395746589,5.71640815753753,-0.25626303883603,-0.255662096656983,6.66621112958571,6.66613664363691
1988-09-01,1.12556129120725,1.12491771269421,5.59471897682601,5.5946300922433,0.166164368179649,0.166826469419827,6.8864446362129,6.88637427435734
1988-10-01,1.11198206027295,1.11127742851989,5.52092129318003,5.52080958393671,0.43087830879458,0.431628481152302,7.06378166224757,7.0637154936089
1988-11-01,1.14099629139338,1.14026843069162,5.51302326897753,5.51293269155547,0.81949723866894,0.820250722545281,7.47351679903984,7.47345184479237
1988-12-01,1.08715480190461,1.08639992237636,5.39550521109076,5.39542910065418,1.24736417592695,1.24809855570941,7.73002418892233,7.72992757873995
1989-01-01,1.07599834772542,1.07523867145444,5.34585467938723,5.34579373325926,1.47853959122863,1.47926879852465,7.90039261834127,7.90030120323835
1989-02-01,1.08406140165949,1.08329846878987,5.33424460988502,5.33419888700087,1.75198077731481,1.75270244827311,8.17028678885932,8.17019980406385
1989-03-01,1.03936449549115,1.03860584471697,5.32243947376073,5.32240189660751,2.05478112312376,2.05547555835294,8.41658509237565,8.41648329967742
1989-04-01,0.971189694505469,0.970426885921982,5.3327144337232,5.33266841522073,1.95567871404207,1.95638753140506,8.25958284227073,8.25948283254777
1989-05-01,1.00133418912225,1.00051878603896,5.27033805767797,5.27026654271965,1.84878410858884,1.84958185453458,8.12045635538906,8.12036718329319
1989-06-01,1.05489958834429,1.05392505903221,4.97816739456043,4.97806704240189,1.92634360389256,1.92734020953715,7.95941058679728,7.95933231097125
1989-07-01,1.27574973466677,1.27464200885276,4.84053979750255,4.84042531396025,1.69765327745433,1.69884472543872,7.81394280962365,7.81391204825172
1989-08-01,1.304068869091,1.30288930682743,4.66757172844227,4.66750201541849,1.81412192411568,1.81531847581804,7.78576252164895,7.78570979806396
1989-09-01,1.33796609915047,1.33677588103834,4.56642867806342,4.56639012590555,1.64796491459582,1.64910821835491,7.55235969180971,7.5522742252988
1989-10-01,1.3812607084061,1.38004271574769,4.49547677042453,4.49544778214767,1.57461280947401,1.57579365118312,7.45135028830465,7.45128414907848
1989-11-01,1.44769252629229,1.4464297435527,4.45707436042332,4.45707284925854,1.63984104775999,1.64109698333593,7.5446079344756,7.54459957614716
1989-12-01,1.48808833043759,1.4867662420981,4.35559703446625,4.35561405108138,1.65068871609036,1.65198569951353,7.4943740809942,7.494365992693
1990-01-01,1.54282844693571,1.54162096787337,4.5333276804088,4.53340164971256,1.34393943796867,1.34505164455281,7.42009556531317,7.42007426213874
1990-02-01,1.53767005036508,1.53659048052125,4.69952380700164,4.69963357528011,1.22153388451139,1.22247254944501,7.45872774187811,7.45869660524637
1990-03-01,1.51152288268884,1.51049715357674,4.71608490326468,4.71619039792873,1.3429895382636,1.34386278015065,7.57059732421713,7.57055033165611
1990-04-01,1.43427049412389,1.43331879468129,4.86281790627545,4.86292281275864,1.09732243685216,1.09810765512788,7.3944108372515,7.39434926256782
1990-05-01,1.36048596306514,1.35957507329758,4.98347549311833,4.98356177024183,1.03925696259697,1.04002797811395,7.38321841878044,7.38316482165336
1990-06-01,1.33448642345632,1.33354113570146,4.95204024849772,4.95210017162767,1.13404335706122,1.13489240190483,7.42057002901525,7.42053370923396
1990-07-01,1.36230021053979,1.36134860874351,5.04475530125281,5.04480580163069,0.964191012594777,0.965071603742705,7.37124652438738,7.3712260141169
1990-08-01,1.4905787248385,1.48973607950111,5.31453031116961,5.3145893704227,0.401362843443824,0.402138728643944,7.20647187945193,7.20646417856775
1990-09-01,1.55555994871903,1.55480163349101,5.48055673966852,5.48061568627383,0.105688367839762,0.106371310774028,7.14180505622732,7.14178863053887
1990-10-01,1.36133734910363,1.3605861224833,5.57828760042276,5.57833435531019,0.0326341052018094,0.0333249046229008,6.9722590547282,6.9722453824164
1990-11-01,1.2667452247405,1.2659110926306,5.44322166821581,5.44323933824429,0.194510889413385,0.195337487134669,6.9044777823697,6.90448791800957
1990-12-01,1.15013738037414,1.1491882137097,5.27583416526362,5.27583668365384,0.153102899530387,0.154068504778556,6.57907444516815,6.5790934021421
1991-01-01,1.09387253197939,1.09293195059359,5.4117185730661,5.4117504890622,-0.514201741325828,-0.513257543073672,5.99138936371966,5.99142489658211
1991-02-01,1.07969785780405,1.0787127934922,5.31971489283341,5.31975923872768,-0.688502101450323,-0.687486526712229,5.71091064918714,5.71098550550764
1991-03-01,1.21416451378136,1.21322143979171,5.2889831101379,5.28906053271348,-0.924628750047972,-0.923684320716173,5.57851887387129,5.57859765178901
1991-04-01,1.19342942529094,1.19250946341859,5.27882086889307,5.27891595563596,-1.17644536919384,-1.1755529932103,5.29580492499018,5.29587242584425
1991-05-01,1.30826413055339,1.30738504507396,5.29804338396731,5.29814444523991,-1.4984727258324,-1.49761072348135,5.1078347886883,5.10791876683251
1991-06-01,1.38200341375119,1.38116698319209,5.2890703300045,5.2891699466111,-1.50204920276952,-1.50124910380961,5.16902454098617,5.16908782599359
1991-07-01,1.39043477653152,1.38962075044751,5.32527404323479,5.32538646733144,-1.53991856270483,-1.53914703188649,5.17579025706148,5.17586018589246
1991-08-01,1.47860402323395,1.47776084709539,5.25353648112504,5.25363719458376,-1.65856869227749,-1.65771058888215,5.0735718120815,5.073687452797
1991-09-01,1.53653710366483,1.53563888656303,5.08011232394352,5.0802254354935,-1.60978836756305,-1.60880751311476,5.0068610600453,5.00705680894176
1991-10-01,1.54365414040551,1.54275024155953,5.05240843194662,5.05256958192809,-1.7543945373005,-1.75337970930137,4.84166803505163,4.84194011418626
1991-11-01,2.40482838078307,2.40400697638873,4.18027360291365,4.18031177335439,-2.17366341249269,-2.17255398033085,4.41143857120402,4.41176476941227
1991-12-01,2.36260536160129,2.36205020566069,4.25003352009968,4.25022564847256,-2.60634110792531,-2.6054854087934,4.00629777377567,4.00679044533984
1992-01-01,2.32966793099819,2.32935650799472,4.32174096461226,4.32215384470324,-2.97487552210329,-2.97433262662238,3.67653337350716,3.67717772607558
1992-02-01,2.62253916112818,2.62177182876221,3.84581457651931,3.84589125863304,-3.01155004458692,-3.01049582788305,3.45680369306057,3.45716725951219
1992-03-01,2.4845934124278,2.48390050323058,4.00991264663719,4.01009695811521,-2.85453091669948,-2.85361061888334,3.63997514236551,3.64038684246246
1992-04-01,2.42703407836794,2.42644615708339,4.26429793106974,4.26460601884054,-3.3046568048965,-3.30394224045344,3.38667520454118,3.38710993547049
1992-05-01,2.54404296107436,2.54367715248936,4.15400985724067,4.15412433103556,-3.38262308205377,-3.38195605920402,3.31542973626127,3.3158454243209
1992-06-01,2.44387491105884,2.44358690793552,4.25081307017305,4.25099707507178,-3.26874388051673,-3.26808955271146,3.42594410071517,3.42649443029583
1992-07-01,2.3118478612127,2.31187710444773,4.41306795626734,4.41354517871222,-3.58627728375648,-3.5860924662844,3.13863853372356,3.13932981687555
1992-08-01,2.58123003887614,2.58198497634977,3.92973595159225,3.92995790379558,-3.4184881641347,-3.4186556218857,3.09247782633369,3.09328725825965
1992-09-01,2.53796129750984,2.53958714178263,4.03055930113963,4.03126632738824,-3.62414348596705,-3.62569159629854,2.94437711268241,2.94516187287232
1992-10-01,2.44079059159181,2.44290903118394,4.16691612414127,4.1679717122198,-3.77945036136136,-3.78226650083099,2.82825635437172,2.82861424257275
1992-11-01,2.68709718550636,2.68812352853206,3.76544577066298,3.76558549353427,-3.54394718086613,-3.54426016103651,2.9085957753032,2.90944886102982
1992-12-01,2.52356350594066,2.52394445480968,3.75789052636117,3.75790338813278,-3.32282665027568,-3.32237357485334,2.95862738202615,2.95947426808912
1993-01-01,2.40780695105994,2.40816239873583,3.84763964426722,3.84790498455145,-3.46439874203364,-3.46436832176549,2.79104785329351,2.79169906152179
1993-02-01,2.14681638994576,2.14566862642478,3.38727572217248,3.38743459867825,-2.98684357405834,-2.98508302475912,2.5472485380599,2.54802020034391
1993-03-01,2.20930280030455,2.20928000458071,3.49766687843264,3.49836172111955,-2.85259336710084,-2.85265811325125,2.85437631163634,2.85498361244901
1993-04-01,2.25687562889875,2.25770872323285,3.5645882757252,3.56587292900312,-2.98608233769199,-2.98753423306486,2.83538156693197,2.83604741917111
1993-05-01,2.01153453014544,2.01340540991221,3.81249552977406,3.81290995496206,-2.89791500367824,-2.89913933452999,2.92611505624126,2.92717603034427
1993-06-01,1.79951410761322,1.80046326254011,3.61889850552723,3.61935620734632,-2.43646439627014,-2.4361095697659,2.98194821687031,2.98370990012053
1993-07-01,1.7212863740204,1.72175865799881,3.44567685603444,3.44618060499948,-2.25086602472578,-2.25042359987787,2.91609720532906,2.91751566312043
1993-08-01,1.77435583224155,1.77498555026418,3.30075374479518,3.30094336963995,-2.18744030265975,-2.18705391094577,2.88766927437697,2.88887500895836
1993-09-01,1.62809893186804,1.62847409295512,3.10328980937926,3.10372146929912,-1.88051699280809,-1.87964293740139,2.85087174843921,2.85255262485285
1993-10-01,1.57941254566944,1.57972085636673,3.0606448428451,3.06142215563809,-1.73073855641941,-1.73020028688935,2.90931883209513,2.91094272511547
1993-11-01,1.53539097968126,1.53652537677987,3.44133341191758,3.44163854647397,-2.04055932438723,-2.04106445477322,2.93616506721161,2.93709946848061
1993-12-01,1.56922717241181,1.56979863080662,3.37714356872448,3.37744375394732,-2.0879486698062,-2.08748476662844,2.85842207133008,2.8597576181255
1994-01-01,1.58150774876301,1.58175880226605,3.3276331665935,3.32807826604354,-2.13140273651231,-2.13093622130347,2.7777381788442,2.77890084700612
1994-02-01,1.5611877972102,1.55995107869302,3.20547818565047,3.20550903145716,-1.89828681954094,-1.89629226763494,2.86837916331973,2.86916784251524
1994-03-01,1.80485787598345,1.80409315885651,3.41346051454213,3.41378633635737,-2.08688674228011,-2.08594559494344,3.13143164824547,3.13193390027044
1994-04-01,1.83390958917721,1.83304689715859,3.6023024819847,3.60257998273455,-2.23915983631845,-2.23810010254446,3.19705223484346,3.19752677734868
1994-05-01,1.89845294171753,1.89734027443196,3.50483817692367,3.50486531053989,-1.76929808374215,-1.76790892689529,3.63399303489906,3.63429665807657
1994-06-01,1.76818521507121,1.76698896286971,3.57363644348336,3.57365945352852,-1.70481243713967,-1.70341746218502,3.63700922141491,3.63723095421321
1994-07-01,1.71472333288918,1.71353637717137,3.80228504222461,3.80235394585056,-1.68847529959797,-1.6871627432371,3.82853307551582,3.82872757978483
1994-08-01,1.90523710222994,1.90395363176051,3.48722892151636,3.48722944429875,-1.40822938870729,-1.40680314001553,3.984236635039,3.98437993604373
1994-09-01,1.89323660844324,1.89202142148484,3.69235984077323,3.69240796985888,-1.4574552506613,-1.45615309295611,4.12814119855517,4.12827629838761
1994-10-01,1.79003698158315,1.78887726540309,3.93563240417416,3.9357129793178,-1.2985414081914,-1.29737878686896,4.42712797756591,4.42721145785193
1994-11-01,2.02270378118811,2.02153913230567,3.6202546453542,3.62025844221793,-0.92925287906434,-0.928102530736864,4.71370554747797,4.71369504378675
1994-12-01,1.51163124235686,1.51035160830151,3.58037501304585,3.58031969627586,-0.108226448721327,-0.107021137040199,4.98377980668138,4.98365016753717
1995-01-01,1.34396685128623,1.34265238891982,3.80670911490383,3.8066527194181,-0.0851666189606762,-0.083895166086928,5.06550934722939,5.06540994225099
1995-02-01,1.61285693317677,1.61133091434051,3.46511567427682,3.46507519892257,0.144581179983343,0.146083718670144,5.22255378743693,5.22248983193323
1995-03-01,1.55191268706887,1.55035350705017,3.58796424432592,3.58793488828075,0.189207073249784,0.190822711720006,5.32908400464457,5.32911110705092
1995-04-01,1.44302221438498,1.44140817417415,3.72326584214465,3.72327013760541,0.166282028473494,0.167990958195465,5.33257008500312,5.33266926997502
1995-05-01,1.51578663627778,1.51393697847857,3.40676290648716,3.40674784051089,0.535043913652825,0.537107070415536,5.45759345641776,5.45779188940499
1995-06-01,1.35397221249192,1.35192619332147,3.32597590483249,3.3259548584898,0.68389849011098,0.686306630592085,5.36384660743539,5.36418768240335
1995-07-01,1.3774444744073,1.37532864284799,3.3669248656995,3.36701755337156,0.545908316009198,0.548387364205828,5.29027765611599,5.29073356042538
1995-08-01,1.6032378402077,1.6012549735467,3.23099569666791,3.23101476310773,0.366577910161206,0.368930360778103,5.20081144703681,5.20120009743253
1995-09-01,1.43713337450884,1.43504950487102,3.14987584322459,3.14993119602165,0.513258310921115,0.515630353217226,5.10026752865455,5.10061105410989
1995-10-01,1.322871319036,1.32054020866898,3.05769525647614,3.05779072928617,0.725382667789063,0.728018285872222,5.10594924330121,5.10634922382737
1995-11-01,1.4398858605715,1.43747063798475,2.97341622596992,2.97342911536082,0.826672534681301,0.829647607136989,5.23997462122273,5.24054736048256
1995-12-01,1.36377174629792,1.36126855620244,2.86477621613527,2.86489013701825,0.827875789889088,0.830875917902825,5.05642375232228,5.05703461112352
1996-01-01,1.41834963745745,1.41576883284105,2.87541655538527,2.87569267293802,0.630790650838095,0.633903159706928,4.92455684368082,4.925364665486
1996-02-01,1.6157500740296,1.61349911966158,2.89808966625599,2.89815133301462,0.239369366033145,0.24236398068872,4.75320910631874,4.75401443336493
1996-03-01,1.73662764711324,1.73465862830816,3.00139314192762,3.00168411037163,0.0318761929092597,0.034245407244941,4.76989698195011,4.77058814592474
1996-04-01,1.75258891698352,1.75066356642883,3.05687269916744,3.05715968416865,-0.162215449924798,-0.160149844088055,4.64724616622616,4.64767340650942
1996-05-01,1.89100053600839,1.88925436734421,3.02011702110727,3.02016044042285,-0.249159409165494,-0.247161791964975,4.66195814795016,4.66225301580209
1996-06-01,1.86155417922082,1.85984189301446,3.08925966678773,3.08935494469912,-0.255114575385216,-0.253281646912285,4.69569927062333,4.6959151908013
1996-07-01,1.76414483304406,1.76236641646917,3.10742661969549,3.10752856056605,-0.104588242013613,-0.102738762819718,4.76698321072594,4.7671562142155
1996-08-01,1.74899672284675,1.74715653552331,2.99021106274288,2.99021766376941,-0.0332539667654036,-0.0312067574741283,4.70595381882423,4.70616744181859
1996-09-01,1.79781860073385,1.79601246911472,3.08133023987172,3.08139144120025,-0.158969595274669,-0.157020884176482,4.7201792453309,4.72038302613849
1996-10-01,1.70908457140222,1.70717200246076,3.03349060584733,3.03357919674463,-0.0713930012621865,-0.0693311951879156,4.67118217598736,4.67142000401747
1996-11-01,1.61308093809896,1.61101753614157,2.90535101719958,2.90535769786112,0.266856907181787,0.269261355172288,4.78528886248032,4.78563658917498
1996-12-01,1.61311082170586,1.61099257452119,2.86350715913413,2.86357364139569,0.150784804321388,0.15318952740226,4.62740278516138,4.62775574331914
1997-01-01,1.69486229559457,1.69280212756393,2.9723656731944,2.97251355528289,0.027609882329713,0.0298620677385186,4.69483785111868,4.69517775058533
1997-02-01,1.70359556757455,1.7015183926976,2.86233230252279,2.86232794963609,0.116477813368026,0.118813849281456,4.68240568346536,4.68266019161515
1997-03-01,1.79194821668266,1.78997543177796,2.9408633479975,2.94096172031876,0.0426394192985118,0.0447617371612709,4.77545098397868,4.77569888925799
1997-04-01,1.73819771629103,1.73630166725094,3.03618359354975,3.03632802868081,-0.0387443828488074,-0.0368608859793533,4.73563692699197,4.7357688099524
1997-05-01,1.75519244606954,1.75327410349132,2.85478988321015,2.85480280193008,0.0295923054482481,0.0315922869530632,4.63957463472794,4.63966919237446
1997-06-01,1.65382729511658,1.65181318611522,2.80295751717036,2.80296341492052,0.0750309321248127,0.0771793008676627,4.53181574441175,4.5319559019034
1997-07-01,1.57511715532053,1.57288337150572,2.73600015687256,2.73602665751781,0.409340305605249,0.411793048787634,4.72045761779833,4.72070307781116
1997-08-01,1.6468978019308,1.64469199574817,2.79483245723353,2.7948393516743,0.396400981473433,0.398902205919844,4.83813124063776,4.83843355334231
1997-09-01,1.59584732842085,1.5936081951746,2.72644198500417,2.7264959304107,0.313804788857509,0.316236292684599,4.63609410228253,4.6363404182699
1997-10-01,1.55917348085725,1.55674197831687,2.60066904475149,2.60073806780911,0.510829126307915,0.513463392011736,4.67067165191665,4.67094343813772
1997-11-01,1.448607290628,1.4460558263171,2.56573677448155,2.56574276356501,0.868587169505673,0.87148046867383,4.88293123461522,4.88327905855594
1997-12-01,1.42572305220889,1.42297407600496,2.43136855986728,2.4313931499042,1.04364807735582,1.04672374393857,4.90073968943199,4.90109096984772
1998-01-01,1.45443081715517,1.45144073995595,2.32502451699582,2.32510969236107,1.06804895528257,1.07143217660241,4.84750428943356,4.84798260891943
1998-02-01,1.5425538215602,1.54001355081579,2.52969707628522,2.52955814704599,0.964244743638402,0.967497053651946,5.03649564148382,5.03706875151373
1998-03-01,1.51239823953024,1.50977851498748,2.35583946717552,2.35584837363502,0.961824951228482,0.964929207163062,4.83006265793424,4.83055609578556
1998-04-01,1.52372688086445,1.52089848271526,2.22261268962257,2.22267100890779,0.946161838859576,0.949344562522698,4.69250140934659,4.69291405414575
1998-05-01,1.5077789836557,1.50496991627993,2.26381500876028,2.2638227764485,0.965292434083171,0.96850665455925,4.73688642649915,4.73729934728768
1998-06-01,1.47296488586148,1.46996408804296,2.11915692815997,2.11919719191047,1.12161260234724,1.12496564565586,4.71373441636868,4.71412692560929
1998-07-01,1.53115553617355,1.52795233375213,2.00381689860306,2.00392707341264,1.15716374321747,1.16073671755844,4.69213617799409,4.6926161247232
1998-08-01,1.22669739466867,1.22369650378478,2.31904896028496,2.31909335026158,1.14577634058084,1.14931073211625,4.69152269553446,4.69210058616261
1998-09-01,1.19435482903731,1.19102406951247,2.02639132592755,2.02641838752394,1.28083074610286,1.28484876827805,4.50157690106772,4.50229122531446
1998-10-01,1.30966135852346,1.30643701885885,1.83345295695018,1.8338040315224,0.742340606840627,0.746218135307978,3.88545492231427,3.88645918568923
1998-11-01,1.17831635671772,1.17569420808175,2.2463834070235,2.2465145411803,0.883368684024141,0.887205145675877,4.30806844776536,4.30941389493792
1998-12-01,1.23797200520027,1.23500124411896,2.00892165139133,2.00911179453201,1.05197897221958,1.05600592917931,4.29887262881118,4.30011896783028
1999-01-01,1.94187283142553,1.93807074598808,1.28954692590279,1.29031664389332,0.97456404898551,0.978885345145137,4.20598380631383,4.20727273502654
1999-02-01,1.8805187998392,1.87780527456161,1.87352070278495,1.87371727268209,0.649605519443556,0.653184209723664,4.40364502206771,4.40470675696736
1999-03-01,2.20575943386552,2.20298157996541,1.51941795954467,1.51995649025279,0.520306283838836,0.523516387589575,4.24548367724903,4.24645445780777
1999-04-01,2.35958303728992,2.35657179240843,1.25157226954812,1.25219670240481,0.450497595412167,0.453663635473414,4.0616529022502,4.06243213028666
1999-05-01,2.12940092383105,2.127075298313,1.91687586950753,1.9171955023321,0.230197958087722,0.233050278171833,4.2764747514263,4.27732107881694
1999-06-01,2.38350100827023,2.38111026992106,1.74680344257941,1.74720315847266,0.107346230004366,0.109911249717628,4.237650680854,4.23822467811135
1999-07-01,2.54778721257062,2.5452411124865,1.4958311110093,1.4961919166551,0.191965764657438,0.194566655213316,4.23558408823735,4.23599968435491
1999-08-01,2.32003357262831,2.31788955485719,2.02861649673912,2.02878814051842,0.106485564917519,0.108880472128944,4.45513563428495,4.45555816750455
1999-09-01,2.50408705863246,2.50180611022176,1.77976113308243,1.77998620313853,0.11730381179609,0.11966622104247,4.40115200351098,4.40145853440276
1999-10-01,2.70221866311954,2.6999211379893,1.74515265753997,1.74542708747234,0.112079927240692,0.114373634358287,4.5594512479002,4.55972185981992
1999-11-01,2.38918254766658,2.38702297632059,2.00411682906246,2.00422710899352,0.45420908509022,0.456548498006615,4.84750846181926,4.84779858332073
1999-12-01,2.60209023572506,2.59983070116453,1.82474310808125,1.82489656259339,0.50945651948232,0.511745649094755,4.93628986328863,4.93647291285268
2000-01-01,2.75236694928937,2.75017033734803,1.77785146272536,1.77801538011603,0.436562461976576,0.438674996254279,4.96678087399131,4.96686071371833
2000-02-01,2.35336208721081,2.35135239361639,2.12082728213705,2.12084866360448,0.74262704039858,0.744681058748455,5.21681640974644,5.21688211596933
2000-03-01,2.26400329673653,2.26173309004143,1.88632271982358,1.88636462283595,1.17357184937872,1.17587297167291,5.32389786593883,5.32397068455028
2000-04-01,2.09878981306168,2.09615885303395,1.76267835719114,1.7627395972017,1.46074815675959,1.46336611369395,5.32221632701241,5.3222645639296
2000-05-01,1.85349533646386,1.85104659306209,2.26567584341808,2.26572413446514,1.31201137002589,1.31438822267601,5.43118254990782,5.43115895020324
2000-06-01,1.87312258185689,1.87041853457698,1.90804020502993,1.90807046303253,1.54056060837876,1.543182799286,5.32172339526558,5.32167179689551
2000-07-01,2.06252408939342,2.05951231648985,1.79586021640983,1.79595607486517,1.79786153070877,1.80087297458459,5.65624583651201,5.65634136593961
2000-08-01,1.77869940669929,1.77575685066635,2.11972076617496,2.11980821276241,2.02597840329532,2.02902972523362,5.92439857616958,5.92459478866238
2000-09-01,2.03831487897842,2.03515245240434,1.91619784205494,1.91637219276361,1.91368124628357,1.91689302975953,5.86819396731693,5.86841767492747
2000-10-01,2.16100355327964,2.15767678283466,1.80828522888687,1.80856995729403,2.09482063440045,2.09811463014783,6.06410941656697,6.06436137027652
2000-11-01,1.90266229641143,1.8995958040013,2.17197206363616,2.1721376076219,2.12576313354125,2.1290344714842,6.20039749358884,6.2007678831074
2000-12-01,1.96541132931887,1.9619445108993,1.7427447744585,1.74304187652603,2.12511346812108,2.1287466801205,5.83326957189846,5.83373306754582
2001-01-01,2.27695428577766,2.27325756533378,1.65609546288572,1.65682046305523,1.27175513372637,1.2756794918554,5.20480488238975,5.20575752024441
2001-02-01,2.04202334116779,2.03938210041691,2.12390312977129,2.12427858615841,0.839829927255457,0.843267796618695,5.00575639819454,5.00692848319401
2001-03-01,2.10709388640869,2.10433657300969,1.84015003724983,1.84106860678168,0.538677104165283,0.54190554617169,4.48592102782381,4.48731072596306
2001-04-01,2.37900563667265,2.37672975219741,1.77712478918345,1.7786723827787,-0.31114030758612,-0.30884211586899,3.84499011826997,3.84656001910712
2001-05-01,2.23074783793243,2.22999632180754,2.25209828992086,2.25288809859929,-0.964758361132189,-0.963176783701139,3.5180877667211,3.51970763670569
2001-06-01,2.35623456780152,2.35500602277241,2.05955563548314,2.06069261595339,-1.06507795675354,-1.06324849970228,3.35071224653112,3.35245013902352
2001-07-01,2.51944576652596,2.5177979450498,1.87415093384574,1.87557641666758,-0.994983723631598,-0.992992493580429,3.3986129767401,3.40038186813695
2001-08-01,2.23844362557315,2.23783060914957,2.20348563513175,2.20429485553223,-1.10901137463861,-1.10740457269498,3.33291788606629,3.33472089198682
2001-09-01,2.54454053023867,2.54479454003043,1.88187846591497,1.88402596486542,-1.77788615987231,-1.77851056468438,2.64853283628133,2.65030994021147
2001-10-01,2.7656554917159,2.76674825718713,1.63774554976769,1.64094338487408,-2.22371283369821,-2.22899434448958,2.17968820778537,2.17869729757163
2001-11-01,2.54801124851949,2.55173591974897,2.02798784840673,2.02977879765538,-2.70821326778453,-2.72380572517473,1.86778582914169,1.85770899222961
2001-12-01,3.13599216615941,3.13669503850741,1.65511043294215,1.65518525485274,-3.31614082363195,-3.33259745965239,1.47496177546961,1.45928283370776
2002-01-01,3.3380984100444,3.33828385829329,1.40178562017787,1.40253489105081,-3.32407605778231,-3.33470190364184,1.41580797243996,1.40611684570225
2002-02-01,2.67674268895924,2.67783423619822,2.01248075998487,2.01309108566193,-3.19638706638193,-3.20908540665863,1.49283638256218,1.48183991520153
2002-03-01,2.87098176760776,2.87089169776901,1.83950780376136,1.83971178549014,-3.26145791084683,-3.27299985519691,1.44903166052229,1.43760362806224
2002-04-01,2.78635972557719,2.78596780694373,1.86792855645748,1.8683663655507,-3.32392620597986,-3.33541835117731,1.3303620760548,1.31891582131712
2002-05-01,2.55914351689085,2.55848953738923,2.198625914976,2.19886532128435,-3.30677150494015,-3.3236212133901,1.4509979269267,1.43373364528348
2002-06-01,2.69307026740996,2.69345101563323,1.8863808824183,1.88803807633735,-3.0850769654448,-3.09128208511243,1.49437418438346,1.49020700685815
2002-07-01,2.85716820422344,2.85826659174303,1.76906523969471,1.77157054937889,-3.00362975504094,-3.01327923009604,1.62260368887722,1.61655791102589
2002-08-01,2.41772779445541,2.42320945233383,2.18163698843765,2.18368517673752,-2.81761365250768,-2.8338648565945,1.78175113038538,1.77302977247684
2002-09-01,2.15651732615648,2.16580942562737,1.98371703413564,1.99059477684051,-2.27554992133682,-2.29849598814946,1.8646844389553,1.85790821431842
2002-10-01,2.30609843284221,2.31538211936419,1.937616535069,1.94418673791779,-2.4242702983416,-2.46396675524709,1.8194446695696,1.79560210203489
2002-11-01,2.25978129862205,2.27073982847158,2.0688378440789,2.07144257377316,-2.9227548861133,-2.98038880357343,1.40586425658765,1.36179359867131
2002-12-01,2.41859148727254,2.42715569140557,1.89724687265608,1.89951911008935,-2.98470171036895,-3.03815671325816,1.33113664955966,1.28851808823675
2003-01-01,2.52271129968052,2.52917276033151,1.86888487536226,1.87000251194979,-3.06428197618807,-3.12545035012259,1.32731419885471,1.27372492215871
2003-02-01,2.20218685810904,2.21016003073147,2.19013075592856,2.19151154303347,-2.99014307318847,-3.04380970364047,1.40217454084913,1.35786187012448
2003-03-01,2.10182608079501,2.11161205295402,2.11593823135559,2.11993267002114,-2.85228687968885,-2.91447845327471,1.36547743246176,1.31706626970046
2003-04-01,2.26916686721327,2.27664685849157,2.03406922884701,2.03624185573732,-2.96300816575424,-3.03145430543239,1.34022793030604,1.28143440879651
2003-05-01,1.80616652546517,1.82262113007084,2.14909210744927,2.1530539855267,-2.5613154695898,-2.64095213954184,1.39394316332464,1.3347229760557
2003-06-01,1.68337612025443,1.70208492177686,1.95271299247279,1.96026141420247,-2.38902634655936,-2.50426563264125,1.24706276616786,1.15808070333808
2003-07-01,2.24964695398054,2.25144054136426,2.02616392415727,2.01796025075968,-3.19307035257188,-3.30378895583486,1.08274052556593,0.965611836289079
2003-08-01,2.50533304817122,2.49570839967924,2.24924359231151,2.2443698689526,-3.72972926716774,-3.81347907019733,1.02484737331499,0.926599198434507
2003-09-01,2.48215630403226,2.48086833356856,2.1696138952229,2.1670301545981,-3.59593379178699,-3.69739978621065,1.05583640746817,0.950498701956006
2003-10-01,2.39858106067328,2.39955762567146,2.19499653055442,2.1921043100749,-3.55454133807171,-3.65018098316313,1.03903625315598,0.941480952583227
2003-11-01,2.16674931233433,2.16817886036457,2.27558447157651,2.27531229349787,-3.45401606393196,-3.50089965060899,0.988317719978878,0.942591503253456
2003-12-01,2.13939328846284,2.13956921874464,2.18729273735381,2.1854676936911,-3.41880002374593,-3.47995771827598,0.907886002070722,0.845079194159764
2004-01-01,2.01490588734795,2.01557167079956,2.19789957413501,2.19640916683547,-3.29157437081519,-3.36313035165267,0.921231090667776,0.848850485982355
2004-02-01,1.72910969516647,1.73849313046601,2.29372476279854,2.28807778424447,-3.16125712671583,-3.41661123981474,0.861577331249171,0.609959674895741
2004-03-01,1.45139412754997,1.45078627219799,2.53632673991351,2.51743006865854,-2.99109187371447,-3.27745181428631,0.996628993749009,0.690764526570224
2004-04-01,1.77741862573247,1.76502168541413,2.45531080400552,2.44707365888228,-3.3477913865068,-3.36011676221318,0.884938043231188,0.851978582083225
2004-05-01,1.8842182515768,1.87369755226115,2.42341337245026,2.42049724619717,-3.48343986068216,-3.48080868410809,0.824191763344902,0.813386114350228
2004-06-01,1.74458787988622,1.74316078367755,2.39870492761571,2.40232268411514,-3.10460045448158,-3.09956667279152,1.03869235302035,1.04591679500117
2004-07-01,1.55304363816198,1.55370163716467,2.34994970430572,2.35290000814524,-2.75661303689632,-2.77375454667968,1.14638030557139,1.13284709863023
2004-08-01,1.4026293116931,1.40453357200946,2.38162286731193,2.38445173067748,-2.39503225866111,-2.41210341998197,1.38921992034393,1.37688188270497
2004-09-01,1.24478600391916,1.24847796323055,2.30364420826879,2.30916990672525,-1.94668259562874,-1.96175622044243,1.6017476165592,1.59589164951337
2004-10-01,1.09513377235203,1.09940959760695,2.38787619756142,2.39315273416497,-1.77840477760244,-1.79881435196963,1.70460519231101,1.69374797980229
2004-11-01,0.913311241918554,0.917247911874894,2.49985388489471,2.50337891079723,-1.43847285886436,-1.4503378943254,1.9746922679489,1.97028892834672
2004-12-01,0.7202539452675,0.72304118714007,2.58508801969699,2.58963298823166,-1.22713446882446,-1.23627593305207,2.07820749614003,2.07639824231966
2005-01-01,0.582485041238441,0.583756754633759,2.46175598232634,2.46639934934436,-0.86458039056907,-0.86887542220005,2.17966063299571,2.18128068177806
2005-02-01,0.436153983309488,0.435248244298857,2.49380081655572,2.49608243701654,-0.535468358289422,-0.537150960049485,2.39448644157578,2.39417972126591
2005-03-01,0.43966193483448,0.438867384014216,2.6443223456815,2.64682527447629,-0.657120325339973,-0.65823927349462,2.42686395517601,2.42745338499589
2005-04-01,0.289525823593497,0.287764156174614,2.62686125349693,2.6288903514074,-0.432914708082168,-0.431308023548475,2.48347236900826,2.48534648403354
2005-05-01,0.164676810264766,0.16222193328026,2.44114808820967,2.44276181951333,-0.0213493475792011,-0.0189012292601493,2.58447555089524,2.58608252353344
2005-06-01,0.0770520951755162,0.0737432675764347,2.26003479230077,2.26233750863788,0.38060034297907,0.384134902737897,2.71768723045536,2.72021567895221
2005-07-01,0.240769677535869,0.236986910084542,2.14031502302098,2.14281436500272,0.547257590720058,0.550944637541093,2.92834229127691,2.93074591262835
2005-08-01,0.233077287978149,0.229492191328542,2.31926634838764,2.32094692778314,0.628880822519142,0.632653084245744,3.18122445888493,3.18309220335743
2005-09-01,0.12384071656402,0.120544083746599,2.44439470331369,2.44600530918508,0.554991361268022,0.558256680867717,3.12322678114573,3.1248060737994
2005-10-01,0.284077876081667,0.280235916757177,2.44959891398671,2.45107157510266,0.654661620251113,0.658488508125568,3.38833841031949,3.3897959999854
2005-11-01,0.414004935683589,0.409971965152659,2.33224599134172,2.33324059752543,0.911396842104321,0.915691609585841,3.65764776912963,3.65890417226392
2005-12-01,0.426481130003118,0.422233640095753,2.10668912887129,2.10796689445853,1.1323740675611,1.13682057580805,3.66554432643551,3.66702111036233
2006-01-01,0.357082988815857,0.352688722071996,2.24938153035096,2.25071092790679,1.43400267611014,1.43856289003597,4.04046719527696,4.04196254001476
2006-02-01,0.454716285472277,0.450486774954634,2.47559806864171,2.47645750938308,1.39315501999979,1.39746295264357,4.32346937411378,4.32440723698128
2006-03-01,0.510685800977661,0.506532175964639,2.4494246749603,2.45044649579114,1.34034280153485,1.34466023597275,4.30045327747281,4.30163890772852
2006-04-01,0.756514704020305,0.75247333303739,2.4520584183198,2.45303839983562,1.16701246390807,1.17109690814152,4.37558558624818,4.37660864101452
2006-05-01,0.878028710552387,0.87434830535014,2.4723868531801,2.47296276441599,1.14996191827119,1.15377685620283,4.50037748200367,4.50108792596896
2006-06-01,0.858466393464362,0.85471145425464,2.37239360581162,2.37307824098218,1.36107026543423,1.36488165946508,4.59193026471021,4.5926713547019
2006-07-01,0.857909552679724,0.853976079171062,2.34000389981958,2.34074159167531,1.57340043567833,1.57738627291115,4.77131388817763,4.77210394375752
2006-08-01,0.729527491562288,0.725502339548699,2.41180526437528,2.41241633878244,1.73231561913762,1.73657129241623,4.87364837507519,4.87448997074736
2006-09-01,0.71772006910025,0.713390246615419,2.19698533856897,2.19791106856525,1.84249130285562,1.84692679812022,4.75719671052483,4.75822811330089
2006-10-01,0.779627240602191,0.775055080337579,2.09253060254512,2.09363277579226,2.00545662036476,2.01017015983496,4.87761446351207,4.8788580159648
2006-11-01,0.630757745803598,0.626228325171217,2.20003607918978,2.20093176378654,2.14125959868792,2.14621637429247,4.9720534236813,4.97337646325022
2006-12-01,0.613540845648894,0.609050153650827,2.18700574048981,2.18810703307907,2.00253803393732,2.00710907654684,4.80308462007602,4.80426626327674
2007-01-01,0.781616603845785,0.776957561413771,2.17084085213471,2.17198304559648,1.92563771462625,1.93041356989261,4.87809517060674,4.87935417690287
2007-02-01,0.864171073755489,0.860003559536418,2.30633675278923,2.30706425770084,1.86710761493054,1.87151738173998,5.03761544147526,5.03858519897723
2007-03-01,0.684173571042001,0.680035678986578,2.39016954893319,2.39116869340562,1.83841560067651,1.84260075494053,4.9127587206517,4.91380512733273
2007-04-01,0.72537984056995,0.721224157481549,2.39720465685736,2.39828476414772,1.69824529281167,1.70234740849875,4.82082979023899,4.82185633012802
2007-05-01,0.765187931254465,0.761057698434814,2.26056737031817,2.26130882796128,1.62341254323512,1.62774224696193,4.64916784480776,4.65010877335803
2007-06-01,1.1032564042387,1.09914659057913,2.08760968518412,2.08865429483135,1.24386490258373,1.24810205297197,4.43473099200655,4.43590293838245
2007-07-01,1.20065723104217,1.19674558467908,2.06939008861839,2.07037815032616,1.46528885353018,1.46935194760872,4.73533617319073,4.73647568261397
2007-08-01,1.11012889558967,1.10650144659481,2.04512264758437,2.04606693270551,1.10972685850003,1.11364188049086,4.26497840167408,4.26621025979118
2007-09-01,1.02447679813521,1.02119926957798,1.98487150955331,1.9864679038951,0.901686426661205,0.904897176754141,3.91103473434973,3.91256435022723
2007-10-01,1.00382353793446,1.00096555148736,2.12369860986251,2.12555158772025,0.777450289129303,0.780103128490655,3.90497243692627,3.90662026769826
2007-11-01,0.785389504537569,0.783661782665288,2.35064236472964,2.35226960678043,0.191667591607952,0.193061335888859,3.32769946087516,3.32899272533458
2007-12-01,0.883478670790252,0.883251759126109,2.31834190179872,2.32181240292777,-0.087720276140893,-0.0891483125761903,3.11410029644808,3.11591584947769
2008-01-01,0.55903472182868,0.56013152764282,2.77019000285637,2.77478262393804,-0.325929436114226,-0.329137029044629,3.00329528857083,3.00577712253623
2008-02-01,0.931569703018559,0.935696853027742,2.74007453357411,2.74133341247218,-1.26776662231139,-1.27764935585498,2.40387761428128,2.39938090964494
2008-03-01,0.48822365908622,0.50242147885372,3.08803307477491,3.09801301580037,-2.00731835435463,-2.05980316510158,1.5689383795065,1.54063132955251
2008-04-01,0.247830428624758,0.264036742299129,3.18011124308924,3.19246721709741,-2.02089050148254,-2.12289636400058,1.40705117023146,1.33360759539596
2008-05-01,0.572805108679265,0.583489848559274,2.78333585497169,2.78593643568562,-1.68293485367474,-1.70584398781194,1.67320610997622,1.66358229643296
2008-06-01,0.421258835813627,0.427145484865549,3.05084524112102,3.05320672255467,-1.74345665980258,-1.76700669489819,1.72864741713207,1.71334551252203
2008-07-01,0.217852008197976,0.222182321455476,3.14670592988472,3.1501023681418,-1.85189421266232,-1.87130580379443,1.51266372542038,1.50097888580285
2008-08-01,0.575630375530746,0.581028460294725,2.63338206735591,2.63514701249975,-1.54694674553255,-1.56100230704256,1.6620656973541,1.65517316575192
2008-09-01,0.624607954531538,0.632056645575239,2.42622406227651,2.4311180432472,-1.90759853974408,-1.95455029880248,1.14323347706396,1.10862439001995
2008-10-01,2.0125392134008,2.00659505078432,1.79312564912568,1.7831745238216,-2.94383551382362,-3.09114985141033,0.861829348702865,0.698619723195588
2008-11-01,2.26288870431948,2.26352497016631,1.91070136398799,1.91573271191594,-3.5381199368287,-3.37407821549189,0.635470131478764,0.80517946659036
2008-12-01,2.26683763085216,2.2824757593902,0.756500817204245,0.78296231069923,-2.68596878075383,-2.55350597557115,0.337369667302572,0.511932094518273
2009-01-01,2.37649799356251,2.37886737060184,0.745794967005135,0.768263822333334,-2.84303512775145,-2.80614246878093,0.279257832816194,0.34098872415425
2009-02-01,1.80456306774144,1.8091950531057,1.87544423357231,1.88531786721841,-3.11994514501305,-2.99921103305359,0.5600621563007,0.695301887270523
2009-03-01,1.63964616825168,1.641881313433,1.67906429436988,1.69155490304595,-2.92680761600741,-2.91134220068921,0.391902846614155,0.422094015789741
2009-04-01,1.48161710764861,1.47882898643476,1.78636570761949,1.79769112438953,-3.05126587789938,-3.03764177664832,0.21671693736872,0.238878334175977
2009-05-01,1.63106249061961,1.6271104512277,2.24643790328254,2.25028042677586,-3.68300643550689,-3.67422322636977,0.194493958395263,0.203167651633791
2009-06-01,1.94301741462705,1.935116083325,2.41239521066722,2.41698791014805,-4.28272716430728,-4.19673569939589,0.0726854609869833,0.155368294077157
2009-07-01,1.94771479626121,1.93797660140955,2.31307102532804,2.30778290392919,-4.12578585548303,-4.24916531150652,0.134999966106211,-0.00340580616778
2009-08-01,1.85304849824052,1.85082250769891,2.37785422890907,2.37889254909851,-4.14768216386391,-4.17034162123893,0.0832205632856745,0.059373435558488
2009-09-01,1.71909861742979,1.70956048178421,2.33020256768652,2.31954208699863,-4.02881838887642,-4.19848007897746,0.0204827962398825,-0.169377510194622
2009-10-01,1.53177949695431,1.5194472279777,2.43301310086114,2.41560564617476,-4.04322068536071,-4.22217953024343,-0.0784280875452585,-0.287126656090968
2009-11-01,1.61273593448649,1.54695985237647,2.42033900111541,2.39540464479438,-4.18382050889946,-4.76631726871863,-0.150745573297568,-0.823952771547789
2009-12-01,1.5661561219283,1.51240147896684,2.71556468405757,2.66633921770385,-4.37926317682348,-4.93445665662228,-0.0975423708376132,-0.755715959951586
2010-01-01,1.94246034191572,1.94179595111386,2.38779280900195,2.39397007385876,-4.3691342921923,-4.33410082484336,-0.0388811412746312,0.00166520012926108
2010-02-01,1.85148477348806,1.853340892365,2.29932797393667,2.26500964452253,-4.31259352886607,-5.09119516393552,-0.161780781441343,-0.97284462704799
2010-03-01,1.95050315362203,1.92361002149326,2.31381952468715,2.25471623101144,-4.26963701235905,-4.83134781432624,-0.00531433404987128,-0.653021561821543
2010-04-01,1.93176421538636,1.89434600310869,2.39361993565422,2.3425245810003,-4.27646431529087,-4.65444329722304,0.0489198357497198,-0.417572713114052
2010-05-01,1.69269629242659,1.68111517713419,2.28385827855321,2.27367505679603,-3.81545043436303,-4.00313528095852,0.161104136616774,-0.0483450470282986
2010-06-01,1.62135650295745,1.63478329945922,2.07384822817557,2.09483558545517,-3.51946881180295,-3.46048125898068,0.175735919330067,0.269137625933711
2010-07-01,1.56226291610925,1.5737428608997,1.9558115773701,1.96144572578831,-3.28799133006293,-3.39584158723139,0.230083163416427,0.139346999456623
2010-08-01,1.20279321802475,1.21776532923448,2.03118641125682,2.03385097030509,-2.946301337891,-3.12676315695694,0.287678291390568,0.124853142582624
2010-09-01,1.08302489025607,1.09015941647265,2.02474991946728,2.01218590747811,-2.8524360417463,-3.16172477797813,0.25533876797705,-0.059379454027368
2010-10-01,0.732047210835576,0.731065838930132,2.36266217684152,2.31360868192778,-2.87034826409704,-3.56596311322404,0.224361123580049,-0.521288592366127
2010-11-01,0.873999809180585,0.868922128604722,2.36040568409664,2.3297816762389,-2.99210755388676,-3.62786257332038,0.242297939390468,-0.429158768476755
2010-12-01,1.51204488381046,1.50403246692987,2.42000141264256,2.42053754561314,-3.73068697045763,-3.68081654628963,0.201359325995392,0.24375346625338
2011-01-01,1.56392325109804,1.54758678936684,2.6406125171269,2.60019783081752,-4.04832644953944,-4.43698297117112,0.156209318685507,-0.289198350986766
2011-02-01,1.47121296092502,1.48923808201243,2.42020364807279,2.35372918345321,-4.16653246505158,-5.71287541206511,-0.275115856053772,-1.86990814659947
2011-03-01,1.23890276100469,1.18861790647749,2.73378494318315,2.58988282417645,-4.72425142219508,-6.1309655117818,-0.751563718007249,-2.35246478112786
2011-04-01,1.14229679314399,1.06634365395085,2.82363027568955,2.68767655761332,-5.24475519810239,-6.33474536126231,-1.27882812926885,-2.58072514969814
2011-05-01,1.01135007046266,0.953901742878767,2.58614432524636,2.52036850121015,-5.27675246230094,-6.28774218354522,-1.67925806659192,-2.81347193945631
2011-06-01,0.973663062469271,0.943456681271318,2.53170714242343,2.46361608555219,-5.0636213402995,-6.01914871651549,-1.55825113540679,-2.61207594969198
2011-07-01,0.928841043135919,0.910845133490779,2.70644576411709,2.64742041325295,-4.90557994851559,-5.7296253731028,-1.27029314126258,-2.17135982635907
2011-08-01,0.277251632122854,0.277726156738058,2.54203410258173,2.51493312201986,-3.86554940045265,-4.83306039377678,-1.04626366574806,-2.04040111501886
2011-09-01,-0.185168433079647,-0.175097008969922,2.43142157785954,2.39403634339847,-3.45851127828794,-4.37024014314596,-1.21225813350805,-2.15130080871741
2011-10-01,-0.123399989912665,-0.118156393278766,2.41160056310976,2.37552512695655,-3.0108330961331,-3.71041492540079,-0.722632522935996,-1.453046191723
2011-11-01,-0.478204756783865,-0.462673485088654,2.46686114697663,2.44504572632752,-3.09486978537882,-3.82729379164166,-1.10621339518605,-1.84492155040279
2011-12-01,-0.612536680958481,-0.599198063533384,2.52684941824481,2.49687177388104,-2.81847344858585,-3.55019250846717,-0.904160711299523,-1.65251879811952
2012-01-01,-0.778565642595505,-0.766441937508705,2.64407037757453,2.61241068345269,-3.10156102708121,-3.71906550467843,-1.23605629210219,-1.87309675873445
2012-02-01,-0.953783508688572,-0.935109348018775,2.74160549251149,2.72851570415534,-3.45417875080017,-3.81847430331395,-1.66635676697725,-2.02506794717738
2012-03-01,-0.907215702753343,-0.901106748525053,2.84033964104202,2.83518887320367,-3.77660930406615,-4.03402484359125,-1.84348536577748,-2.09994271891263
2012-04-01,-1.04012833513392,-1.02388112876802,2.78805980953487,2.78576792651527,-3.49171267515727,-3.93347066187332,-1.74378120075631,-2.17158386412607
2012-05-01,-1.41403890736512,-1.39347483526738,2.55546787904233,2.55287742728806,-3.09351044235974,-3.72230082532864,-1.95208147068253,-2.56289823330796
2012-06-01,-1.69334396365522,-1.6760385531359,2.59105078332443,2.5883795531425,-1.38687220207897,-2.14967622175624,-0.489165382409767,-1.23733522174964
2012-07-01,-1.94584302570444,-1.91252644278079,2.73653490448679,2.69373756396733,-0.678020291979946,-1.73983237319627,0.112671586802399,-0.958621252009724
2012-08-01,-1.85599792788599,-1.84230202115119,2.69777470645059,2.62240144606282,-0.891515999874676,-2.22556315544779,-0.049739221310083,-1.44546373053617
2012-09-01,-1.92430541849403,-1.94337704300551,3.08429719633265,2.96584208963116,-1.11798386205935,-2.48139395292226,0.0420079157792626,-1.45892890629662
2012-10-01,-1.91813052903305,-1.93998096240351,3.18800265565721,3.10334717372889,-1.12834062046531,-2.17536076415075,0.141531506158854,-1.01199455282538
2012-11-01,-2.07151653333749,-2.09649794037913,2.84490035407153,2.74200209380311,-0.80196732961855,-2.6239007481207,-0.0285835088845075,-1.97839659469672
2012-12-01,-2.04615245982598,-2.07488460513171,3.13091494252937,3.02132363090298,-1.05281810210051,-2.40230558847158,0.0319443806028845,-1.45586656270031
2013-01-01,-1.72724723199302,-1.77011000092077,3.28458290543899,3.16119107467774,-1.56754430649584,-2.74396831732036,-0.0102086330498805,-1.35288724356339
2013-02-01,-1.65705925477974,-1.58856106078957,3.03765764745556,2.93330574906863,-1.67437007887691,-3.77955773025962,-0.293771686201094,-2.43481304198056
2013-03-01,-1.71573437320932,-1.71247624979175,3.31422732626489,3.14769443014639,-2.34411889402068,-4.38206435555442,-0.745625940965104,-2.94684617519978
2013-04-01,-1.87728344541756,-1.89402460551273,3.21729932403986,3.07251224586226,-2.17576246177564,-4.0481712920789,-0.835746583153344,-2.86968365172937
2013-05-01,-1.52092602154806,-1.52048423355208,2.65445994012325,2.57962534688132,-2.92718985620908,-4.44692389918782,-1.79365593763389,-3.38778278585858
2013-06-01,-0.522866447471837,-0.548950797282366,2.44379644683444,2.37018857249263,-2.98211207101152,-3.81507436928784,-1.06118207164891,-1.99383659407757
2013-07-01,0.0487975153549572,0.0245679325822096,2.45745504935314,2.40143074185579,-4.14410557314993,-4.67417298567267,-1.63785300844184,-2.24817431123468
2013-08-01,0.384718996827192,0.371302036087862,2.30927758836336,2.28565431803561,-4.94648727937084,-5.33916513848804,-2.25249069418029,-2.68220878436456
2013-09-01,0.566323415733287,0.557156714521088,2.32943921442744,2.30814130469757,-4.90117805967177,-5.23957981974593,-2.00541542951105,-2.37428180052727
2013-10-01,0.344333938157609,0.343647796808008,2.45414163321009,2.43706330442889,-4.72504611938132,-5.13419216107439,-1.92657054801361,-2.35348105983749
2013-11-01,0.521684411350227,0.526819965110043,2.3366908449723,2.32728484045189,-5.42321570724703,-5.758617817318,-2.5648404509245,-2.90451301175607
2013-12-01,0.849974812544119,0.853180210186908,2.36312976912217,2.35210970447391,-5.61708820728024,-5.86649997500172,-2.40398362561395,-2.6612100603409
2014-01-01,0.698018629357782,0.701130220644676,2.43863534384746,2.43000443364936,-5.56444847283938,-5.79136344297469,-2.42779449963413,-2.66022878868066
2014-02-01,0.3874012293942,0.395224333062359,2.29150657744554,2.28849118915373,-6.46861363802531,-6.68518128320831,-3.78970583118557,-4.00146576099223
2014-03-01,0.338123216760627,0.343281493357418,2.29753394550606,2.29360226369635,-6.10870938560609,-6.31403771352512,-3.47305222333941,-3.67715395647135
2014-04-01,0.293498102679678,0.2971647271437,2.23524001947597,2.22992786020118,-5.92323134069787,-6.08973098290602,-3.39449321854222,-3.56263839556114
2014-05-01,0.0247349697593985,0.0279028163304805,2.20812891098762,2.20513555121095,-5.91898513418486,-6.07949327430793,-3.68612125343784,-3.8464549067665
2014-06-01,-0.0393026028490169,-0.0374218781088625,2.25095022094154,2.24759457729947,-5.52817479241977,-5.70275816262551,-3.31652717432725,-3.49258546343491
2014-07-01,-0.216888555037053,-0.215030745013972,2.28284643202914,2.27886673526139,-4.87386630700635,-5.0628402561917,-2.80790843001426,-2.99900426594428
2014-08-01,-0.356886421192982,-0.355160519215612,2.20080700420781,2.19842999114117,-4.37110033204214,-4.55049401275432,-2.52717974902731,-2.70722454082876
2014-09-01,-0.124853662784407,-0.127431036728022,2.03171762243115,2.02835510678494,-4.02259863716099,-4.10820816678829,-2.11573467751425,-2.20728409673137
2014-10-01,-0.241057763195798,-0.244186254134592,1.91067727563579,1.90807724217,-3.82800036007747,-3.92669218729601,-2.15838084763747,-2.26280119926061
2014-11-01,-0.231341038288723,-0.234462353412517,1.9775193746328,1.97619343560581,-3.39147732682625,-3.49620599807322,-1.64529899048217,-1.75447491587992
2014-12-01,-0.320271259711199,-0.327841044245752,1.71633303560267,1.70755064584847,-2.45311445597632,-2.6450481243578,-1.05705268008485,-1.26533852275508
2015-01-01,-0.818620809173394,-0.829201293052949,1.67602377751393,1.66306462301167,-2.20284695252395,-2.41299794753662,-1.34544398418341,-1.5791346175779
2015-02-01,-0.703804277616124,-0.715968899864672,2.03880191800142,2.03720868205167,-1.79555740665108,-1.6893710000062,-0.460559766265779,-0.368131217819206
2015-03-01,-0.805792989916852,-0.808608043722359,1.97502895895643,1.99200356197328,-2.14725421812201,-2.06355656425636,-0.978018249082436,-0.880161046005435
2015-04-01,-1.09962461561671,-1.09292755246339,2.06266296201346,2.07229224845235,-2.43891750381115,-2.50394279969634,-1.4758791574144,-1.52457810370737
2015-05-01,-0.714153317533525,-0.712920131331244,2.01094688252632,2.01463610943648,-2.72900102715939,-2.72464853477337,-1.43220746216659,-1.42293255666813
2015-06-01,-0.405400968878848,-0.404894663820427,1.92800570778584,1.93544776269058,-2.9219882670753,-2.91273827799388,-1.39938352816831,-1.38218517912373
2015-07-01,-0.333646483878655,-0.334899036735255,1.84075715531902,1.84207317246875,-2.65223045874361,-2.72578334035785,-1.14511978730325,-1.21860920462435
2015-08-01,-0.290432994762945,-0.303076814269223,1.82937710386347,1.82635245937019,-1.32529819810625,-1.38344861003283,0.213645910994271,0.139827035068138
2015-09-01,-0.256932934596925,-0.253242378568753,1.58679311696457,1.61187363314122,-1.50639989953885,-1.32041854745298,-0.176539717171207,0.0382127071194809
2015-10-01,-0.393344968795162,-0.382600179672869,1.56766240585381,1.59928786491945,-1.65798908328281,-1.46228898930376,-0.483671646224162,-0.245601304057181
2015-11-01,-0.251985122868869,-0.243832702778542,1.76246447259359,1.78235718001581,-1.19527788350678,-0.915298630697298,0.315201466217943,0.623225846539965
2015-12-01,-0.372158038063863,-0.372477255188762,1.56235843173983,1.57853132263755,-1.14385478161383,-1.0415108771827,0.0463456120621327,0.164543190266088
2016-01-01,-0.578797072353993,-0.582412811076205,1.52300851018819,1.51812436234802,-0.902300247730712,-1.0146866967565,0.0419111901034854,-0.0789751454846876
2016-02-01,-0.793634984532787,-0.775152824624034,1.75740551539277,1.78519977749874,-0.618315499511132,-0.290112780686563,0.345455031348851,0.719934172188142
2016-03-01,-1.02812489270165,-1.02561449430258,1.84151960400587,1.8405151071249,-0.682681874122155,-0.760147686495768,0.130712837182066,0.0547529263265475
2016-04-01,-1.25899129573617,-1.27602575197352,1.901086034768,1.87007708305259,-0.638152543271386,-0.957649981797992,0.00394219576044796,-0.363598650718925
2016-05-01,-1.31216128609008,-1.33778743353098,1.944056507002,1.92482258592853,-0.5552031418273,-0.795305915148359,0.0766920790846196,-0.208270762750804
2016-06-01,-1.4905914735432,-1.53758324096566,1.84375132320287,1.78974554858505,-0.291317199220345,-0.761750105258961,0.0618426504393203,-0.509587797639572
2016-07-01,-1.73853294370264,-1.81042251578062,1.81154275358163,1.72983557083926,0.0430366134831021,-0.590865124747928,0.116046423362092,-0.671452069689288
2016-08-01,-1.69582557724568,-1.72957557681472,1.80119759137448,1.79892448299547,0.0742081715842925,0.0243525535747865,0.179580185713097,0.0937014597555363
2016-09-01,-1.66736607110371,-1.69477314263722,1.75882518200748,1.74828964025515,0.00554395913584304,-0.114106742063424,0.0970030700396132,-0.060590244445493
2016-10-01,-1.62384756807938,-1.66164406023684,1.90203123723572,1.8668287365613,-0.196721890138515,-0.497134609980326,0.0814617790178231,-0.291949933655864
2016-11-01,-1.06238322937086,-1.10009930587283,2.01238373407202,1.99378799441837,-0.717615981412097,-0.944658682905709,0.232384523289071,-0.0509699943601668
2016-12-01,-0.56185999026108,-0.607865388302894,2.05367056422045,2.01583692756598,-1.23240351169532,-1.53107409875322,0.259407062264044,-0.123102559490133
2017-01-01,-0.679116812011762,-0.749528983255963,2.17653042121734,2.10590302252267,-1.23146763503386,-1.74045741982811,0.265945974171709,-0.384083380561404
2017-02-01,-0.756177023038547,-0.793394715120627,2.27033608283822,2.2404047474228,-1.2364086463691,-1.67745188330481,0.277750413430579,-0.23044185100263
2017-03-01,-0.71699954715127,-0.784519708919001,2.2480834790183,2.17985172527647,-0.981671896447903,-1.54450536001383,0.549412035419124,-0.149173343656355
2017-04-01,-0.896708349720241,-0.970919763885823,2.1692317648735,2.10001371245536,-0.591707837138374,-1.126107848238,0.680815578014883,0.00298610033153276
2017-05-01,-0.897950132268523,-0.939139510846307,2.10841998265086,2.09279243927779,-0.38386879836534,-0.602817063179894,0.826601052016998,0.550835865251587
2017-06-01,-1.05381734054,-1.06422787615817,1.96055173173466,1.96639756010238,0.0206301976434003,-0.0543490829697208,0.92736458883806,0.847820600974494
2017-07-01,-0.893055815443068,-0.898670192895722,1.94055206964647,1.94175978209971,-0.0354326166304778,-0.121023409644294,1.01206363757293,0.922066179559696
2017-08-01,-1.02451272647682,-1.02834256284392,1.99093497376376,1.99567524955317,0.0376272250037342,0.0110935232287366,1.00404947229067,0.978426209937981
2017-09-01,-1.15079932672799,-1.15283095149336,2.00902109795852,2.01283347584174,0.102465174211396,0.0492027954074176,0.960686945441927,0.909205319755792
2017-10-01,-1.06833375589255,-1.07427192498999,1.99068094965613,1.99131940296495,0.0167278367704522,-0.0403457763424237,0.939075030534026,0.876701701632535
2017-11-01,-1.1565893505106,-1.15960500075025,1.99228991616944,1.99737303009787,0.252656349334473,0.241002447054943,1.08835691499331,1.07877047640256
2017-12-01,-1.22509286102064,-1.22890653741422,1.94844475340695,1.95474252762723,0.4032004365453,0.387370665373067,1.12655232893161,1.11320665558608
2018-01-01,-1.1916884107239,-1.19749717524162,2.05721610350694,2.05872260620941,0.275732704771069,0.23855837929832,1.14126039755411,1.09978381026611
2018-02-01,-0.838699803934507,-0.847575288968342,2.14713697446065,2.14705799497975,0.00886509173283918,-0.0304969052399584,1.31730226225898,1.26898580077145
2018-03-01,-0.921184193772048,-0.924899963412867,2.16583339049632,2.16991411788765,0.180801023430606,0.169100970293406,1.42545022015488,1.41411512476819
2018-04-01,-0.986960360828751,-0.990702732546203,2.13276726149118,2.13778946647385,0.317210027500209,0.311024851186174,1.46301692816263,1.45811158511382
2018-05-01,-0.905413026841815,-0.910106617124473,2.14082149413339,2.14427601272095,0.329141464303319,0.319306889712739,1.5645499315949,1.55347628530921
2018-06-01,-1.00278718164309,-1.00668704867536,2.08859712679876,2.09378657749047,0.512148275581,0.510999932244664,1.59795822073667,1.59809946105977
2018-07-01,-1.09938336256235,-1.10360296599229,2.04386842111986,2.04979051063316,0.703962936157635,0.703511894688732,1.64844799471515,1.6496994393296
2018-08-01,-1.11308580732356,-1.11776420221459,2.04508288549197,2.05012025710764,0.830639003745084,0.827810532056044,1.7626360819135,1.76016658694909
2018-09-01,-1.03339790057616,-1.03778050427586,2.01727007923532,2.02254824538884,0.81280844632682,0.811842809277059,1.79668062498598,1.79661055039004
2018-10-01,-0.819660181733212,-0.824302002133794,1.98478536533931,1.98958839987746,0.755835270843673,0.755883993656758,1.92096045444977,1.92117039140042
2018-11-01,-0.749813336283883,-0.754562453165555,1.9441080367646,1.94858265767166,0.903157320474717,0.90428061712048,2.09745202095544,2.09830082162659
2018-12-01,-0.900035953249738,-0.9045002482525,1.71125626598468,1.71722005730099,1.36737502431423,1.37271190373515,2.17859533704917,2.18543171278364
2019-01-01,-1.05711394742518,-1.06059093130071,1.76998090948155,1.77561475587126,1.49656244152732,1.4985801523162,2.20942940358369,2.21360397688675
2019-02-01,-1.08773383200045,-1.09287602916727,2.01881343492464,2.02316561321166,1.37764080903614,1.37592597315608,2.30872041196034,2.30621555720048
2019-03-01,-1.29695968664,-1.30004654447648,2.06280737033619,2.06762076618388,1.50960081176882,1.51176312157441,2.27544849546501,2.27933734328181
2019-04-01,-1.34928605699344,-1.35305458718996,2.09118102729441,2.09608031270618,1.51735545124126,1.51903093644784,2.25925042154222,2.26205666196406
2019-05-01,-1.41047645416645,-1.41440480187117,2.01215148939052,2.01666191607163,1.69192551416902,1.69427156593255,2.2936005493931,2.29652868013301
2019-06-01,-1.63921289568789,-1.64182754946621,1.93153985605715,1.93884756392921,1.91478438613691,1.91535776678612,2.20711134650616,2.21237778124912
2019-07-01,-1.76242370426582,-1.7643559022681,1.92633423055015,1.93752332912993,1.96185194957657,1.95449987707246,2.1257624758609,2.12766730393429
2019-08-01,-2.2669391202135,-2.26671880911043,1.88813072618174,1.89974442733994,2.42752367197176,2.42170135466363,2.04871527794001,2.05472697289314
2019-09-01,-2.33289575301115,-2.33315405533767,1.79089195185603,1.80740944221624,2.43798207399929,2.42020184603762,1.89597827284417,1.89445723291619
2019-10-01,-2.29680890107519,-2.29730704525626,1.70811044238085,1.72244552422808,2.17952262054004,2.15877365998236,1.5908241618457,1.58391213895418
2019-11-01,-2.17450602027325,-2.17933770552729,1.82973318610896,1.83877063398002,1.80154174171911,1.76795014384372,1.45676890755482,1.42738307229645
2019-12-01,-2.1248004442166,-2.12724990874732,1.86426795910126,1.87179911776825,1.66578542518286,1.64210298877042,1.40525294006751,1.38665219779135
2020-01-01,-2.27911155870524,-2.27867447145009,1.93541767297945,1.9436590958525,1.77312877743362,1.75640244962274,1.42943489170782,1.42138707402515
2020-02-01,-2.43312377409653,-2.4378208108103,2.05971232605786,2.06681735230998,1.9846627078575,1.97025160041036,1.61125125981884,1.59924814191004
2020-03-01,-2.81197218571589,-2.81295693523289,1.46737522506442,1.48220012326922,1.70110156986604,1.63140442949363,0.356504609214568,0.300647617529955
2020-04-01,-3.17212524516669,-3.17446587266561,1.34129938880718,1.34176510115998,1.89120819272938,1.55968574561089,0.0603823363698762,-0.273015025894745
2020-05-01,-3.52056672012943,-3.51614004814108,1.77958187979675,1.77921458734637,1.80306937732639,1.38986625093538,0.0620845369937123,-0.347059209859332
2020-06-01,-3.61014718226527,-3.60930464775804,1.89996311300727,1.87644472535759,1.83407366390496,1.23697211196984,0.123889594646958,-0.495887810430611
2020-07-01,-3.97566539611362,-3.99175568411887,2.13278997461575,2.06569173178002,1.90522227756234,1.10141513214479,0.0623468560644719,-0.82464882019407
2020-08-01,-4.11238628063073,-4.18431504919203,2.08069923796661,2.03349897002961,1.97477518872241,0.771550055759953,-0.0569118539417197,-1.37926602340247
2020-09-01,-4.24887213575975,-4.31526473071086,2.31799562856524,2.22542883279525,1.7239405640171,0.616066867725071,-0.206935943177403,-1.47376903019053
2020-10-01,-4.10652618047797,-4.16582773075328,2.48489328508811,2.37448195615079,1.40499808450958,0.484617694199026,-0.216634810880285,-1.30672808040346
2020-11-01,-3.77369900465609,-3.8543401315847,2.17372865032562,2.13153971804091,0.943111238514437,0.0498261606300159,-0.656859115816029,-1.67297425291377
2020-12-01,-3.72534533692691,-3.78469520129659,2.46263662623936,2.39472380109749,0.273110353553553,-0.47243857844266,-0.989598357133999,-1.86240997864175
2021-01-01,-3.58512176730887,-3.62495970826284,2.80677460645488,2.73566959579617,-0.564744555038565,-1.0750321618676,-1.34309171589255,-1.96432227433427
2021-02-01,-2.94223434178638,-2.96827673244469,2.45391811649283,2.43547406952669,-1.9782864618575,-2.1449857259132,-2.46660268715105,-2.6777883888312
2021-03-01,-2.41555049771979,-2.4260406028819,2.78741952667313,2.76932601215919,-4.61855713603219,-4.36400436320026,-4.24668810707884,-4.02071895392297
2021-04-01,-2.30018611193887,-2.31719029445721,2.82003725163171,2.8173915867294,-5.80421353199368,-5.57819201456154,-5.28436239230084,-5.07799072228935
2021-05-01,-2.47443735366346,-2.48154921649689,2.61134973703158,2.61212874026698,-7.9491962334093,-7.69347402833592,-7.81228385004118,-7.56289450456584
2021-06-01,-2.51448064821995,-2.53264319460222,2.56129082730447,2.57104460105817,-7.49077903028047,-7.41768549551486,-7.44396885119594,-7.37928408905892
2021-07-01,-2.91731290844617,-2.93064305705572,2.60946984056518,2.61870961398033,-6.71699197458413,-6.77651938725561,-7.02483504246511,-7.08845283033099
2021-08-01,-3.16681042497215,-3.17818788876085,2.52474189930173,2.52842310336688,-6.23112807350035,-6.39961668473829,-6.87319659917076,-7.04938147013226
2021-09-01,-3.09463804855461,-3.10274675895548,2.59808669367667,2.60116057242244,-5.33097046863609,-5.54961824619134,-5.82752182351403,-6.05120443272438
2021-10-01,-2.94964559227887,-2.95203168839185,2.75052418335271,2.75036414928676,-4.29586956223275,-4.52598950044326,-4.4949909711589,-4.72765703954835
2021-11-01,-3.26869032135334,-3.26392528619134,2.68600823220234,2.68344727109255,-4.71384713118792,-4.86744260104991,-5.29652922033892,-5.4479206161487
2021-12-01,-3.49312515048745,-3.49367430675555,2.60552461114063,2.6058464876231,-3.21513763023744,-3.52297452586072,-4.10273816958425,-4.41080234499318
2022-01-01,-3.20839485403625,-3.20817021804756,2.59013825411414,2.58687779278314,-2.40127751337836,-2.63846424976903,-3.01953411330048,-3.25975667503345
2022-02-01,-2.96876197254118,-2.96523493959058,2.6302905596117,2.61894731541448,-1.19389420376744,-1.64734125613743,-1.53236561669692,-1.99362888031353
2022-03-01,-3.35921251462189,-3.41431914073503,3.06642869688714,2.99166692305726,-1.02321992659806,-1.65837007791741,-1.31600374433281,-2.08102229559518
2022-04-01,-2.65282895147071,-2.80505653977195,2.98538948668982,2.85774936648154,-0.863833426663647,-1.62900434204626,-0.531272891444533,-1.57631151533667
2022-05-01,-2.03098009512484,-2.23065498066655,2.7269543012837,2.62607589060854,-0.660848625317909,-1.41230515360797,0.0351255808409585,-1.01688424366598
2022-06-01,-1.61057293674788,-1.77786817465273,2.60856062099769,2.51528436289857,-0.303588425511109,-0.728140458642136,0.694399258738699,0.00927572960370514
2022-07-01,-1.69352068660457,-1.75439843131833,2.3881411552794,2.37872613253081,0.98269236617677,0.937148918170614,1.6773128348516,1.5614766193831
2022-08-01,-1.92513517386428,-1.94718175428529,2.56046924687293,2.56454941871525,1.56192195953427,1.57727742297958,2.19725603254292,2.19464508740955
2022-09-01,-1.17345582145374,-1.18756008053077,2.19092707480847,2.19624097962544,1.60266267304286,1.6136764500055,2.62013392639759,2.62235734910017
2022-10-01,-0.624022555245366,-0.63260318654835,2.12710420488182,2.12995353037335,1.70637320418434,1.71432855638687,3.2094548538208,3.21167890021187
2022-11-01,-0.749885424697746,-0.75691316455848,2.37327001049002,2.37479305969345,2.26580872627804,2.27293524269312,3.88919331207032,3.89081513782809
2022-12-01,-0.940193134243328,-0.947073685005195,2.12875506993682,2.13012536010234,2.82144518280449,2.8282399756355,4.01000711849798,4.01129165073265
2023-01-01,-0.991789262461888,-0.999204805782753,2.1094267932633,2.11103271770028,3.25158203410144,3.25891518261469,4.36921956490284,4.37074309453222
2023-02-01,-1.0643632881138,-1.07184489234592,2.23222494552825,2.23309968064724,3.18310298103452,3.19056210563143,4.35096463844897,4.35181689393275
2023-03-01,-0.907945022517204,-0.91605932655665,2.35560534442501,2.35706885447193,3.02326774002315,3.03124052423142,4.47092806193096,4.4722500521467
2023-04-01,-0.907342132224364,-0.91516713316944,2.41796007119896,2.41967879674643,3.38154359457947,3.38922173859225,4.89216153355406,4.89373340216924
2023-05-01,-0.707905700272897,-0.715345223128916,2.31854099696918,2.31971650245877,3.57838202037462,3.58598649699182,5.1890173170709,5.19035777632168
2023-06-01,-0.712252205075906,-0.719667062454926,2.15615187116699,2.15768369667546,3.66575117482591,3.67317616984072,5.109650840917,5.11119280406126
2023-07-01,-0.682127422936335,-0.689512906488061,2.12642699437139,2.12781976560185,3.69000212009984,3.6974357318239,5.13430169153489,5.13574259093769
2023-08-01,-0.362401018821975,-0.369961911337944,2.18987509011096,2.19086889577888,3.35192165295489,3.35986565184955,5.17939572424388,5.18077263629048
2023-09-01,-0.0596211640419784,-0.0661999979230483,2.19396693450323,2.19508038819707,3.06129104087186,3.06789475466464,5.1956368113331,5.19677514493867
2023-10-01,0.587784506283043,0.58183597823225,2.21043647583835,2.21156670744555,2.45449189955125,2.46050458658449,5.25271288167264,5.25390727226229
2023-11-01,0.444166219646049,0.439223149420133,2.20171841345642,2.20240389979358,2.64319517513181,2.64830778176411,5.28907980823427,5.28993483097782
2023-12-01,0.125559138236986,0.120202456722255,2.1720043548911,2.17311155301551,3.03178181913464,3.03720379299716,5.32934531226272,5.33051780273493
2024-01-01,0.16334713242739,0.15745737767205,2.29875826953898,2.30043235522629,2.87400668406624,2.87994828505016,5.33611208603261,5.33783801794849
2024-02-01,-0.0229213571759156,-0.0295272237103167,2.17064913326127,2.17138371059069,2.88429074434091,2.89114275489787,5.03201852042627,5.03299924177825
2024-03-01,0.046423488113631,0.0401492238737727,2.35944350259927,2.36079312770059,2.79240592463613,2.79855037266914,5.19827291534903,5.1994927242435
2024-04-01,0.30459713692452,0.298484452537549,2.36771400674751,2.36919166075136,2.47365230947013,2.47986090409893,5.14596345314216,5.14753701738784
2024-05-01,0.297789162292219,0.292336990169452,2.28659353445422,2.28741903239833,2.58900673859393,2.59477842580312,5.17338943534038,5.1745344483709
2024-06-01,0.172447444369104,0.166913535779143,2.2198555529406,2.22098519115069,2.83660293431907,2.84226121917741,5.22890593162877,5.23015994610724
2024-07-01,0.23035556324879,0.224628940335659,2.26146374782254,2.26291325239325,2.76223651939437,2.76805288049895,5.2540558304657,5.25559507322786
2024-08-01,0.192071544818045,0.186176185306105,2.20000784630882,2.20126270218156,2.80594468986683,2.81232365830665,5.19802408099369,5.19976254579431
2024-09-01,0.186194918034147,0.180385038883316,2.27427896221331,2.27671537628251,2.47164142831088,2.47752123720734,4.93211530855835,4.93462165237317
2024-10-01,0.343870725307886,0.338779880916623,2.36174153226316,2.36471229291072,1.88535011136837,1.89041422779885,4.59096236893941,4.5939064016262
2024-11-01,0.480198167245977,0.4757907780572,2.27216220227595,2.27348826759091,1.56446356861898,1.56939549549637,4.3168239381409,4.31867454114448
2024-12-01,0.563594275323322,0.559089102967699,2.24756382644287,2.24928284058878,1.34079887313423,1.34555686374164,4.15195697490042,4.15392880729812
2025-01-01,0.802114885002586,0.79806189032202,2.34412816820427,2.34593037609105,0.916831114699963,0.920981676367561,4.06307416790682,4.06497394278063
2025-02-01,0.39970061213962,0.395331019205278,2.32402783811287,2.32460554679784,1.17002991596132,1.1746991032298,3.89375836621381,3.89463566923291
2025-03-01,0.446488377746203,0.441998697757077,2.48721791439658,2.48861114449612,1.15609467387077,1.16038943765689,4.08980096601355,4.09099927991009
2025-04-01,0.694859828421478,0.690933177231686,2.48899505029876,2.49060249124882,1.02411299576819,1.02772091507234,4.20796787448843,4.20925658355284
2025-05-01,0.826254151304626,0.823013257987831,2.42401557413229,2.42497464319789,0.994928632605044,0.99814113514566,4.24519835804196,4.24612903633138
2025-06-01,0.808800846755946,0.80554179113245,2.42737053124236,2.42901332164585,1.06184451895074,1.06495880923962,4.29801589694904,4.29951392201792
2025-07-01,0.737765919500486,0.734882216080011,2.54837503860414,2.550098702305,1.04313249070403,1.04582164929862,4.32927344880865,4.33080256768363
2025-08-01,0.677494310679113,0.674800776177941,2.47882959777028,2.47980749985782,1.01986354508199,1.02260007163607,4.17618745353139,4.17720834767183
2025-09-01,0.518931648284212,0.516127254626289,2.55325618634691,2.55523846329095,0.927249286190384,0.929798648669498,3.99943712082151,4.00116436658674
2025-10-01,0.527656471784211,0.524684519611024,2.46963036031255,2.47205317160145,0.87894424411984,0.881774976380443,3.8762310762166,3.87851266759292
2025-11-01,0.579356537126375,0.576606917043248,2.32229554849485,2.32392782504082,0.902109244932877,0.905241521697357,3.8037613305541,3.80577626378143
2025-12-01,0.690153475304575,0.68764756943332,2.26789081300742,2.27066967248836,0.658699961629171,0.661012701659696,3.61674424994116,3.61932994358137
2026-01-01,0.699311920017216,0.697281486480635,2.36222260769134,2.36493721716718,0.506332775077109,0.508160413134067,3.56786730278567,3.57037911678188
2026-02-01,0.413005737880555,0.409661893912057,2.30184343013907,2.30218004134749,0.699762778324179,0.703696914570231,3.4146119463438,3.41553884982978
2026-03-01,0.504762733563743,0.501630554597787,2.466288761897,2.46822861097649,0.546421659422352,0.548845427715164,3.51747315488309,3.51870459328944
2026-04-01,0.558123560875799,0.555276052266371,2.49565627221368,2.49784913063659,0.450937315465998,0.453486228720476,3.50471714855548,3.50661141162344
2026-05-01,0.669701560899088,0.667013001424285,2.44671704125625,2.44803760529389,0.303982822002691,0.306747473595715,3.42040142415803,3.42179808031389
2026-06-01,0.700466909129649,0.697076092185009,2.2540177340481,2.2558199147291,0.55990487707822,0.563412855535425,3.51438952025597,3.51630886244954
2026-07-01,0.851229210184387,0.84781278478812,2.09780692698353,2.09975519904536,0.646590985575104,0.65009020271871,3.59562712274302,3.5976581865522
2026-08-01,1.02146346544544,1.01840138222029,2.20285886086201,2.20428715387814,0.681010402615956,0.685099047430906,3.90533272892341,3.90778758352933
