"date","nominal_5y_estimate","nominal_5y_p025","nominal_5y_p16","nominal_5y_median","nominal_5y_p84","nominal_5y_p975","nominal_10y_estimate","nominal_10y_p025","nominal_10y_p16","nominal_10y_median","nominal_10y_p84","nominal_10y_p975","real_5y_estimate","real_5y_p025","real_5y_p16","real_5y_median","real_5y_p84","real_5y_p975","real_10y_estimate","real_10y_p025","real_10y_p16","real_10y_median","real_10y_p84","real_10y_p975","inflation_5y_estimate","inflation_5y_p025","inflation_5y_p16","inflation_5y_median","inflation_5y_p84","inflation_5y_p975","inflation_10y_estimate","inflation_10y_p025","inflation_10y_p16","inflation_10y_median","inflation_10y_p84","inflation_10y_p975"
1968-10-01,0.495472423476312,-0.691542848434295,0.0514685441110056,0.518624439898971,1.0275206630902,1.92182241537794,1.18950067606558,-0.420797166171756,0.613719871938956,1.2168423130478,1.84881695545282,2.99121296452142,0.600063614258991,-0.291781940255589,0.311428809290174,0.671313420553574,1.10847542486343,1.93935117130566,1.10767356870949,-0.0349686616698555,0.740105055583391,1.21521374310404,1.75772498755187,2.76677901236866,-0.0631644246355534,-0.913752810988824,-0.369634456741619,-0.120473968463044,0.119772991324903,0.483332862650244,0.2164469028179,-0.786327343622533,-0.161979173138726,0.12726243537258,0.395317259889637,0.842746892910987
1968-11-01,0.649551185773555,-0.560891721384663,0.206247369167196,0.668290212258566,1.15173165942127,1.99034811632517,1.35627823170659,-0.263820928739698,0.783771496818691,1.37817212926072,1.98098433204701,3.05257430840727,0.697785857061122,-0.178042614144872,0.423325201924062,0.774731989799875,1.18256165632721,2.14039643447472,1.21723237388368,0.0523979322810774,0.854315809467389,1.31117234438091,1.82133909736188,2.96030323618687,-0.00650073890122397,-0.972233713650193,-0.331733688299196,-0.0829540808727511,0.148357415099327,0.51118109995785,0.274532135414324,-0.78342700127888,-0.103022709595478,0.171719828552369,0.433305850810905,0.884674106919096
1968-12-01,0.927438396536528,0.0684945078918648,0.597241522023005,0.939001490045766,1.32953759473593,2.07790979163313,1.66856791947575,0.575299685348476,1.254406502455,1.67240169055132,2.16592216719246,3.17426838114449,0.871988483382094,0.180210019349572,0.675646405978436,0.957759074025561,1.36815410660703,2.27793982715105,1.42147029606449,0.554617277385729,1.19518920081995,1.51755599068468,2.0078097930813,3.08878402066888,0.0980530351817778,-0.948786389320488,-0.235255293034073,0.0205687747633796,0.205710427090803,0.600852208552977,0.384997218683052,-0.733231255315807,-0.00560926718640855,0.282914724532072,0.501411186926101,0.944335569280862
1969-01-01,0.999897131733817,0.133803758818991,0.669741924234352,1.0221610879719,1.38856929924104,2.12615150827674,1.71373037603018,0.55612377815701,1.28067088290669,1.72980081111548,2.20073327534797,3.18094484124489,0.925205878284713,0.255527864794865,0.726645342968527,1.01806638107076,1.4214069075259,2.37055715685546,1.45031457210415,0.624138881521543,1.17255306064454,1.55755568554125,2.0516890672662,3.11821623017613,0.117386006532654,-0.902085759089123,-0.22178418805168,0.0359967156073631,0.223495943410586,0.609696797154473,0.401399730222803,-0.734046899591523,0.0026621025505945,0.297647553019268,0.515509655341793,0.947585479029618
1969-02-01,1.19646523031288,0.230037822908981,0.854523511454947,1.20444361295385,1.58774008103886,2.34505984597127,1.83374601140606,0.577099874646098,1.39436826216816,1.84240563369671,2.34012982491809,3.31015006138944,1.07093355030639,0.351558505328606,0.887873552897389,1.15498340341949,1.60610636949449,2.57555719387022,1.52678779468499,0.608218343181863,1.28982146218533,1.62835871915541,2.11051214120278,3.26583476661292,0.168476229739655,-0.923704395462739,-0.202941825785099,0.0759829279956475,0.264974999797912,0.63139608199403,0.445240582824854,-0.668913541119385,0.0198282967203248,0.334150103523788,0.567811588033667,0.991341334108308
1969-03-01,1.35474530282437,0.429983268349465,1.04894748586692,1.3668561707894,1.72207246516415,2.42521730603856,1.90724648461311,0.709215771917206,1.51472834291513,1.9131995049605,2.37852640895904,3.30380425524424,1.19370938507106,0.547484807823131,1.03300704362308,1.28482026746799,1.69156628083082,2.75724549754055,1.57275118432321,0.79518658591692,1.34673960679356,1.66989813369895,2.15926664043572,3.3311701319874,0.204148413668433,-0.89996618515561,-0.177144409313166,0.111044716439633,0.291533679726974,0.667224775692482,0.472734036956318,-0.680461518737472,0.0605231437662974,0.362923596661088,0.576012785720953,0.993855825352066
1969-04-01,1.16966035059132,0.274840793067266,0.879998377664571,1.19239392612869,1.57094633101222,2.3125321183773,1.78132687715568,0.677889497726138,1.40650677874571,1.79915718813831,2.24276019261169,3.21161701875484,1.05898270730729,0.381126600293224,0.877481221629701,1.1583834061993,1.59326973685191,2.54966586930277,1.49201516820738,0.676899992581008,1.27597879951778,1.59479794572505,2.05201925769033,3.17007459180897,0.153497914356062,-0.912901568735299,-0.203653910846377,0.068259564921196,0.2462891031759,0.626490430857177,0.427034676696186,-0.688882093994373,0.0363512011657403,0.325653275404642,0.525544351607226,0.988812069805071
1969-05-01,1.44114534624854,0.554686584343335,1.11991172087856,1.45127525137131,1.83807285049038,2.55933742600303,1.97749112730941,0.802028881958612,1.5663293233591,1.98264685291965,2.46357867360619,3.40024302094379,1.25441699587778,0.578166580485879,1.08911341381138,1.34696482001586,1.78819417408993,2.83073102940005,1.61829252521974,0.763532918335124,1.39560326103938,1.71612888671668,2.23358125536749,3.32473739175218,0.230011609244299,-0.893451818466475,-0.153359227502323,0.131181866435611,0.313424288644291,0.698360429038137,0.497856910954433,-0.66941765907986,0.082059552155052,0.387291396036817,0.59998937306791,1.05478175580851
1969-06-01,1.6390294105437,0.805566454999907,1.34172150571147,1.66430164674246,2.03420475515076,2.76408148425774,2.06327437380949,0.967444445459779,1.68958551879347,2.08733965998633,2.58288842623336,3.51777529881489,1.4090292486878,0.802389090555793,1.26607520291958,1.51457396960695,1.95662963099529,3.02107680401507,1.67175370794442,0.883210811483645,1.46406855357033,1.7852366656495,2.29732735176137,3.43672990913032,0.273487900967367,-0.902686738053753,-0.124142178129956,0.177626190654387,0.360877627428055,0.727950594432498,0.530026847105527,-0.654737512630385,0.113916223589418,0.422686478389733,0.631667702341668,1.09084222402674
1969-07-01,1.87246131272812,1.03071680492422,1.55788171891545,1.89358829202166,2.24769961993574,3.00498976460179,2.15721458672896,1.06379347885175,1.76578643190072,2.18449709508915,2.63231632688881,3.58354664990304,1.5925143368815,0.962508663377846,1.44918969953453,1.7196061754138,2.17707294655837,3.32091390622263,1.7297283517106,0.984901905248784,1.52665282341368,1.84274732218461,2.33347088823588,3.52519487265729,0.323634775929037,-0.93182396696648,-0.099953651234774,0.214152891650151,0.399634168037616,0.799823206332367,0.565645683367316,-0.628064413070007,0.152142538175009,0.452462494860477,0.664837244900013,1.12863242607563
1969-08-01,1.96332680930232,1.12942443579575,1.67262185940666,1.98433048357441,2.36906673013706,3.19350847457836,2.20118005980616,1.11401546724217,1.84829854008818,2.23435507914152,2.68569724582593,3.66594550722535,1.66192354654669,1.07101689690244,1.51441419508452,1.7887425227604,2.24598304245005,3.46811917520977,1.7569860684333,1.01620180205743,1.56218243461792,1.87927610742254,2.37645244944334,3.48059677350209,0.345177601756239,-0.953315334698659,-0.0866391167639289,0.235000609300109,0.41591745706145,0.820787819087885,0.582315156716209,-0.619333115183404,0.163370190877318,0.468013072023349,0.67733114695575,1.14821424109726
1969-09-01,2.2183537642494,1.35335295833051,1.89610974782178,2.24079927450471,2.62795911919445,3.37715316898112,2.45794320214601,1.33400465965108,2.05966124967294,2.49260879021038,2.97313212312967,4.02325022521402,1.83295080058112,1.20772182322954,1.68632004313181,1.97284146951979,2.46847128355458,3.65228776176055,1.9263438410669,1.12874671846461,1.73099906134153,2.05234932887396,2.5776879276899,3.85225353005165,0.429639363246759,-0.921811656774088,-0.0409518180551989,0.306140185746425,0.500123710092785,0.888889611630072,0.671661204938188,-0.610025072058073,0.22306754962493,0.552019423387589,0.768382675196569,1.21790016981485
1969-10-01,2.07880106471267,1.22019232245827,1.78266558974861,2.09471002026189,2.48696024078322,3.34470084880094,2.39311655945211,1.26677247748246,2.00324604023335,2.41424255185947,2.88702700755333,3.95375880980955,1.72542535479371,1.07930636898179,1.59427463789165,1.85169036757837,2.34753392657119,3.51814935988607,1.8859402769541,1.06912843918059,1.68282021289049,2.00213425853725,2.53534330646326,3.79487439131046,0.397499410736883,-0.923975186733198,-0.0571729329184427,0.279018876609374,0.472342557084316,0.877416075781298,0.647270258119587,-0.614319278217465,0.202641989673114,0.524662563982952,0.749145568846736,1.19711591708635
1969-11-01,2.01861845986951,1.12583578898848,1.70574109314056,2.03942156955933,2.43574660319204,3.19226582831856,2.31963004897291,1.16289579448729,1.94605713188678,2.34153602474669,2.80351045389676,3.78038544721156,1.68793662901578,1.02895882750645,1.53647186356947,1.8236836157809,2.29782250180317,3.38142559610471,1.83735283006107,1.0449938711898,1.63317517511473,1.96126908493816,2.49101859677287,3.66819587896048,0.374691513334289,-0.942713612875756,-0.0790974515216842,0.257604747438171,0.451209051877671,0.825488510622127,0.621812324574136,-0.628132902981456,0.177378332444776,0.501272521166352,0.723009262794259,1.15899715561687
1969-12-01,1.92324494525604,1.06936166494776,1.59761096815586,1.94059465861626,2.33782182985405,3.1403734216666,2.34088765616298,1.19069618265856,1.96137869020621,2.36015329746582,2.83703131161934,3.94515568819748,1.60178118877404,0.984845538007775,1.4591506393222,1.72767579605211,2.21747038882984,3.32837848837928,1.85485719609737,1.04120433371469,1.65581755258576,1.97327025304511,2.53948750529394,3.67470908912679,0.365520202599788,-0.92368076865833,-0.0745091139134057,0.250670649021674,0.448567673754149,0.843499028401864,0.626406985635965,-0.642456585534858,0.167082591747444,0.508851947837738,0.730049198239,1.18172757469673
1970-01-01,1.9663307113675,1.01494976249685,1.66456247191218,1.99053013055785,2.404766842343,3.27259027575712,2.44300685679508,1.22779175304457,2.04342591233065,2.46693458954735,2.9797854787803,4.05517824315331,1.61941365737672,0.996556565197553,1.47645777662124,1.75617616512034,2.23355892674961,3.50513750905701,1.9237896559322,1.08066278687848,1.7208858641508,2.04296671478893,2.589073322139,3.90550634018905,0.391109648914668,-0.905911492073072,-0.0512696685101956,0.27468960039397,0.473684753323531,0.861275371438169,0.660406637501644,-0.630111574903042,0.196382759999282,0.537264592492858,0.763639138651406,1.21723978287015
1970-02-01,1.97868247184477,1.11500085410656,1.6605952136968,1.98758970962143,2.40375008958743,3.22836555478929,2.46825429648197,1.28914541442225,2.05824112331156,2.47075541574849,3.00079465330843,4.05853008223929,1.62497013614209,0.984950711321858,1.48732338024565,1.7420068366699,2.24575409366058,3.40617816896592,1.94053881944007,1.13321151332966,1.73832354139873,2.05923768445947,2.60593604096197,3.80805066607835,0.39792476473459,-0.9133080592393,-0.0436623252413001,0.28444316027014,0.473480184285822,0.889491069632294,0.669070910363177,-0.65546505457692,0.200614036426041,0.544613611457304,0.763044781330948,1.22776116023143
1970-03-01,1.71716908209567,0.858222210316629,1.40966409693766,1.74444238006427,2.10129258046349,2.89652976776012,2.26465117507675,1.13453734902546,1.87101673047187,2.29224864310828,2.74885064745068,3.78706932967833,1.43764696365473,0.798085726048283,1.28289554522943,1.56582342072113,2.0020337577299,3.15959164640701,1.80759189552801,1.02323796164912,1.61338820034657,1.93045723383979,2.43752411001939,3.66718788846537,0.323441530651169,-0.92826238046685,-0.0868939778306662,0.212816847152675,0.408069817758023,0.782738195634894,0.597673831636439,-0.678386863981008,0.15740858915059,0.480223664400487,0.700309370140985,1.15463891442957
1970-04-01,1.9479907225396,1.09203493381957,1.63310599215859,1.96702504364721,2.36697028936076,3.13976486149578,2.47875851612054,1.34367507546198,2.08453487616653,2.49185496423205,3.00858579639451,3.9568806363656,1.59587427883759,0.954893713137961,1.45490710171241,1.72318527368025,2.20029003736444,3.33597613688265,1.94829843252947,1.13206961005814,1.75176717032808,2.07520861486956,2.61152557235693,3.86557908161583,0.396330407468304,-0.928329030885091,-0.048943495870755,0.277448282880029,0.475167773913716,0.87031570994314,0.672032294652964,-0.653652333595962,0.200514178679158,0.540326117703077,0.770822481198765,1.21479003947689
1970-05-01,2.35475498393881,1.46502439358821,2.04585202005486,2.3736369516014,2.80049612063553,3.56673435283647,2.75921888224042,1.57797141578476,2.37748673990724,2.7814828515963,3.28587098209844,4.35056701438744,1.89355498205166,1.26428277473723,1.76743174844344,2.03418876816401,2.52778097958772,3.78780836685082,2.13024329017429,1.31423919439435,1.93891905264482,2.26990202370461,2.8209840613752,4.10257626475522,0.505724081657263,-0.884900885916701,0.00450704472214988,0.372289521950126,0.580020005777468,0.960918131434296,0.771263856802426,-0.638820905703672,0.27786930549594,0.635667014781301,0.877953528517396,1.31530953902408
1970-06-01,2.39863795659583,1.42652968634219,2.09325355382314,2.40890999813993,2.81434356662259,3.70827439436565,2.77429781896239,1.53132710179216,2.39013881702953,2.78966769999246,3.28623579477816,4.31687419534247,1.92810247670674,1.2620285150624,1.79876080753715,2.07658183754459,2.54869747280712,3.7981918812378,2.13919853474578,1.29122295867731,1.95191614717883,2.271472590582,2.81183598765221,4.16409555914266,0.515092926678836,-0.890732360166855,0.00372908021152343,0.381507007905542,0.586057822064061,0.980800857392149,0.777388377368698,-0.649143448187988,0.277160522638769,0.638756076407951,0.873033002046799,1.33772812365627
1970-07-01,2.23290003011988,1.33806640934905,1.90709665635034,2.25058658827476,2.6340146576654,3.50266618837495,2.66719048864489,1.49473526996162,2.2579766747907,2.68344431465201,3.1396442223782,4.25703457065553,1.80524243371373,1.1764599515789,1.6744064327611,1.94677582659959,2.42052989940765,3.737315204618,2.06990382631219,1.24517657042897,1.87458873394955,2.19530804511834,2.77242249624612,4.03739706657722,0.472100359496143,-0.933247490725015,-0.0162351371873057,0.347350601904215,0.538505366881162,0.934726063853519,0.739343185863184,-0.644815574250271,0.260155502691583,0.609076779772358,0.825920459619036,1.30305177830486
1970-08-01,2.12570959252887,1.24673560997404,1.79399349487003,2.13961541080926,2.54071575845449,3.41234143358192,2.6301287936525,1.49136416707888,2.21009845764611,2.64004689888141,3.14929515287248,4.20088840159865,1.71983637339964,1.09989254845906,1.57236720423491,1.86511488751779,2.37352171251701,3.59141573265281,2.04740269964893,1.23748039077838,1.8342488439882,2.18124084967809,2.73723743713978,4.00096291356848,0.450258488777943,-0.906323503231212,-0.0220316749164033,0.325580077232454,0.52303172795618,0.928752933358161,0.724857483644326,-0.658993971547518,0.241647048330887,0.594877185231773,0.819140757767969,1.32212760289896
1970-09-01,1.96317069379777,1.10941157483011,1.65482645025797,1.9719962983667,2.37633004196107,3.19510475838394,2.51143492922945,1.3443828101277,2.11720616603601,2.53114300228349,3.01128778152028,4.10550921626892,1.60210002806461,0.949532992405244,1.47940658789636,1.72551368931211,2.20252647354714,3.44925573768053,1.9701149017397,1.12756199015311,1.77247139690533,2.09986589378554,2.62729801322175,3.93935312900429,0.405316556805645,-0.923172807403406,-0.0427434438074307,0.290580598828011,0.485325730926622,0.876172894563994,0.683115993923696,-0.654254773037705,0.215053591296503,0.558082783773689,0.791251260338186,1.24505045550936
1970-10-01,1.92063042520472,1.02003066407729,1.60117448716605,1.941214371404,2.32369146736115,3.14607001928006,2.4645128777106,1.24206628196441,2.05975481081332,2.48059992935298,2.97431007915295,4.06060612560526,1.57430028964211,0.925385395139288,1.43674852330355,1.70583651562108,2.17198895244699,3.37006793342866,1.93892405267415,1.14394710046204,1.74469338953704,2.06626192649855,2.61612224963751,3.86942812738918,0.39051631587281,-0.943271734953509,-0.0558732954181815,0.271205822054893,0.465285948167369,0.86554663007762,0.667163128574982,-0.654346389084725,0.198056951244671,0.543752686193523,0.763739572442752,1.23602010470035
1970-11-01,1.54476718209504,0.674027592081776,1.25160443995207,1.56967043824374,1.95255305426146,2.73821973995609,2.19265650525677,1.04470087866239,1.80915884136005,2.21201195902651,2.70157821821069,3.69438803548096,1.3019542221967,0.634321879334915,1.1557917916517,1.40761768674153,1.87478566600337,2.9839401659851,1.76237166399423,0.931240558795587,1.55101566964213,1.86844414153551,2.39172941101485,3.59939697374794,0.286554803265641,-0.891433633897207,-0.118059752300396,0.186507139320916,0.374529903484965,0.733995674991302,0.570969158291179,-0.662465854072752,0.130809205360961,0.45559819303596,0.673242351162207,1.12721361769672
1970-12-01,1.26676088790404,0.425918036577313,0.97744775966775,1.29592562400288,1.63396269308325,2.40794284957673,1.96213602558116,0.827806126644462,1.57388567497152,1.97623601301736,2.45833919298552,3.49427717533082,1.10691978351511,0.436021348581873,0.955535571712889,1.20676302608388,1.63569355109157,2.63784188387064,1.61216599151139,0.796517086659929,1.39874508549329,1.72509522413344,2.20325351645403,3.33294621268963,0.203075859976336,-0.923912462086978,-0.169343359011041,0.115763508057287,0.2914911319628,0.678914264033562,0.489558505854555,-0.686426022598362,0.0754283063634985,0.380299454270928,0.592029190069975,1.04142355072333
1971-01-01,1.26812622624857,0.4427707999762,0.96532712442874,1.28323657161246,1.64551833387012,2.3761857738183,2.01961839551535,0.898470268042526,1.62864824875108,2.02689202318521,2.50268505915019,3.48246406032361,1.09648686374674,0.460649080852628,0.935704067203274,1.19463602772449,1.63008104028177,2.68729686742823,1.65120960665323,0.867876171876342,1.45502465501792,1.75907079413994,2.25271997911933,3.47468350866109,0.214967792431133,-0.936725857726405,-0.161378806228411,0.125691463709632,0.310309522537686,0.685465245088562,0.508613889257687,-0.70393114467826,0.0781588642789826,0.392155606976465,0.606653498726746,1.06304391688771
1971-02-01,1.14363406479744,0.281787867766262,0.83687627460594,1.16244181890048,1.53077169643972,2.27911069235236,1.98666173878209,0.817072096461807,1.58006388983158,1.99592381953272,2.47919513858443,3.48320163951908,0.995131700838529,0.321552557826119,0.831867934042007,1.09385922104806,1.48380931116545,2.49254071246019,1.63196355353416,0.78475455195771,1.40682845525093,1.73832417674005,2.2477749218511,3.39983727326845,0.191662844831961,-0.896199836117915,-0.175357133606834,0.103246125245901,0.278738887965284,0.6543181743931,0.495105406365391,-0.704605400377575,0.0722563006225075,0.380562327176941,0.593332045982388,1.04150957582061
1971-03-01,0.877291109500533,0.000161432796562028,0.608275750885031,0.881641373983637,1.22309215659541,2.00097483261463,1.72672923541827,0.567048340153481,1.34590031546472,1.73457590974604,2.19931066232735,3.19184003770415,0.81709951813776,0.142237684644766,0.639394230283617,0.892028687882054,1.31784969714631,2.18078497764501,1.46244777515026,0.609935625993697,1.22712885796374,1.5575992021681,2.04701394367874,3.08059749389579,0.102532918634631,-0.937897039215613,-0.237255084793196,0.0276370715782515,0.202554542976079,0.576721979943547,0.40307857397703,-0.769717509043487,0.00324506945608371,0.300484661667037,0.504408774337389,0.946041222070897
1971-04-01,1.35071143528912,0.487290665178663,1.05206527771891,1.35437260924901,1.73169868678297,2.53428266812158,2.04441564260575,0.919473480128912,1.6622021152843,2.05508992863165,2.52930238331919,3.55841743705889,1.16217424938104,0.505412797472036,1.00895070029727,1.25392854212204,1.67486478526049,2.67432586498976,1.66561483778363,0.8580433963646,1.45904579880782,1.76930570987234,2.27112756348267,3.41205728629168,0.231826543204048,-0.896080128252343,-0.144686222193795,0.139683338552697,0.325434504548766,0.720806590743559,0.5188002934976,-0.695299386236089,0.0962455539644664,0.404521270094299,0.619653999900445,1.05179464753831
1971-05-01,1.91581835064992,1.04024120479394,1.58671620287483,1.93232981595701,2.30411132806979,3.02021462733161,2.40812973960688,1.24316558842746,2.01641231501309,2.42159230203261,2.87357563554232,3.9081224255689,1.57866500071325,0.972535467942805,1.43547638104302,1.68931483041308,2.17379333716175,3.3032688522201,1.89869415849223,1.11841445185873,1.69787093904116,2.01220923000439,2.53646199527071,3.80160654681791,0.381251785457373,-0.903063168064527,-0.0595019505239055,0.268482894848109,0.4483646521868,0.826522823862756,0.650551330691936,-0.622414372297432,0.189138663902128,0.529021624695604,0.744091332321342,1.20449336584114
1971-06-01,1.94557048350554,1.05668235472747,1.62591237559347,1.95678248030233,2.33391699574851,3.0873723238976,2.41427942341798,1.24227086845873,2.0209814696715,2.42702456504285,2.8904202721889,3.93110213284969,1.60424833738127,0.952168726935473,1.46818425079474,1.7223587734935,2.17546662710078,3.38400895171304,1.9027434863916,1.08734567622609,1.70905269868699,2.01953121575121,2.52250243550389,3.81751083943064,0.385441163403551,-0.913479495805912,-0.0663770425033111,0.269687330944264,0.460031718538893,0.863829029456214,0.652561730532879,-0.63864079690607,0.190858849084449,0.527645337640296,0.745172696565819,1.20398700349682
1971-07-01,1.98394344831694,1.10986048369162,1.66496720180759,1.99902304916614,2.37966424018791,3.15841924142667,2.467530990621,1.26734212742761,2.06352991372364,2.4873520409567,2.96992031434052,3.98490664258851,1.62763699300163,0.966875870348184,1.49626543355973,1.75522383772516,2.21304706637918,3.38904092193005,1.93877075542064,1.11544809831284,1.74137213059789,2.07525503082695,2.58001569794842,3.85798100601037,0.400503995966819,-0.91134523441316,-0.0426604745452947,0.28108107455679,0.475639957081178,0.875618532798265,0.670124443988634,-0.643825390190389,0.2032027461435,0.544673290312402,0.76351519425652,1.21010702160973
1971-08-01,2.15586260079305,1.18113666810124,1.83976071168227,2.17547798626833,2.55993317210209,3.37714948502468,2.49081012944168,1.32012897472726,2.10295221614217,2.50772218796144,2.96123100554908,3.9400953132122,1.76729836371631,1.04933036469103,1.62491117092342,1.89800993245247,2.39489953225206,3.57802274976013,1.94746438027599,1.14280844772132,1.7424029626985,2.0742486099473,2.58425198365518,3.78254706044509,0.432897459164914,-0.926650972801276,-0.0376336343175043,0.306704295110481,0.503249315870115,0.879952069771148,0.684296565798044,-0.619245414415478,0.217562125345524,0.553736425474786,0.781731431325596,1.20293745976622
1971-09-01,1.80407618356597,0.863076235786247,1.47400159272942,1.80086992733104,2.20209669807626,3.0284328121934,2.17538093401227,1.05408043442343,1.77642753546761,2.16576616032417,2.64239302065391,3.62526742433473,1.5282348802893,0.865076886445105,1.37575610808256,1.64104160709851,2.07882074499872,3.13868640459822,1.74242808719732,0.97013742731425,1.54712628732953,1.85210588400911,2.32670141992054,3.38099495404481,0.319511061827665,-0.969251185487914,-0.109241960423419,0.210209239253822,0.405050759088154,0.800866982455606,0.571887460325229,-0.675567869277416,0.135710487303527,0.455779908948374,0.679507305328541,1.12067027809608
1971-10-01,1.61884464437474,0.713307096699337,1.29154926991946,1.6174668401423,2.00915164564801,2.82852597474634,2.05271938039993,0.928820150224277,1.66691060024576,2.05035581373789,2.51642181636048,3.4891382442654,1.3921122565065,0.737785018851197,1.23619318285204,1.4987377286364,1.94075703796113,2.93808114334124,1.66360256461646,0.893711792352657,1.45735967520906,1.76521886182239,2.22580995914693,3.22526959233088,0.270069148654582,-0.98471932523277,-0.14697813028499,0.168802013198404,0.359620638286777,0.731730209000953,0.52753478651149,-0.680921057021368,0.0934318081559124,0.416190148425566,0.62963043721619,1.08599127767999
1971-11-01,1.51605820625933,0.554940932964637,1.17270442440637,1.51365693880692,1.9104338188193,2.72591949849918,2.00925205998014,0.864468717696941,1.60160709487383,1.99496344386156,2.45928446438538,3.41068646705321,1.31183226185943,0.61391382375672,1.14500443268949,1.41648959629153,1.84100706729593,2.81692022133404,1.63675821306323,0.830678770646027,1.43161127428631,1.73152437904397,2.19269130276791,3.2020406945784,0.247426333246145,-0.981713877182807,-0.167188527484274,0.1503308318628,0.333845105820642,0.734824523435534,0.510994577314167,-0.70113490856786,0.0799159578003132,0.397072500898601,0.621475742118994,1.08496230413685
1971-12-01,1.50934572518022,0.602172676652438,1.16120887167467,1.50794671924514,1.89791489299021,2.72945965796179,2.01285508349836,0.899053125741008,1.60586479508469,2.00044768239886,2.4722530994284,3.44047263281396,1.30575877724383,0.617093486798887,1.13475232875412,1.40605979249543,1.85456345233089,2.83301918023607,1.63948302346693,0.858408668995359,1.43077446987409,1.7321725339404,2.20428923301579,3.17596272425628,0.246806090059573,-0.980842311595957,-0.166629005192951,0.143672452382347,0.336352914250669,0.734988138177025,0.51200109631839,-0.737395044490695,0.0780947881644268,0.398126363512933,0.61964128236455,1.06937072929682
1972-01-01,1.71606972511764,0.78891703098263,1.3836631002762,1.70626232253481,2.1018345493327,2.94018339245791,2.15329647138467,1.00314527473671,1.7371082162443,2.1399509735235,2.60546920843581,3.60885450987532,1.45553538278084,0.795189523863643,1.29645385718035,1.56250433884048,2.03770306281587,2.97869576221736,1.72866164615888,0.930226233504775,1.52782551379079,1.82870197831089,2.30849369343626,3.31491935539317,0.304104762721184,-0.971922638438786,-0.130666244644782,0.199288138819731,0.389383683387324,0.804871286193839,0.563840799748412,-0.696385437268821,0.11971426720973,0.44557796388087,0.66877987485032,1.14026677085142
1972-02-01,1.9341127035662,1.00789562270954,1.57318845358363,1.93473562504541,2.32081996712944,3.17156534920583,2.29833890518929,1.15675315341576,1.87602667322965,2.28752643149156,2.73880807819033,3.71922013632578,1.61470501590657,0.993791336065066,1.47051577736,1.73050793373579,2.19056693089922,3.1338436153701,1.82111986929118,1.05661301643077,1.62252621880949,1.93306746970518,2.40816896725012,3.4365679427814,0.363359831299347,-0.971819107050588,-0.0994531015035081,0.245379171927433,0.43673449028482,0.868810466084461,0.616991345264916,-0.65745032227654,0.163992438330212,0.49833844134192,0.720885739024744,1.19536573295795
1972-03-01,1.95348624209996,0.985685201651701,1.62937563521108,1.94871881374075,2.35973661331174,3.1818022430328,2.279829149384,1.13875174726138,1.87830325672947,2.27104104004513,2.73759025087748,3.72589838508387,1.6360838436393,0.998738090518858,1.47331362924075,1.75673539173406,2.22291048794949,3.24896890763868,1.80864260936226,1.01371542339825,1.60644111731147,1.91843506594777,2.40963153112083,3.41404677658192,0.361326451884984,-0.967978161343175,-0.102862284203603,0.24544809049138,0.443953143659002,0.871866531276326,0.610598911589901,-0.663886699579831,0.152484949585016,0.486544477996911,0.717274320875879,1.19010660809129
1972-04-01,2.30528654575715,1.37034727392594,1.97303735741302,2.30069449250867,2.68989645418809,3.47410433176754,2.48793621182853,1.33225674375034,2.08001865320072,2.47543637307593,2.94217739220653,3.93135790012312,1.89831862699768,1.24006239157505,1.75245006321099,2.01955741958781,2.51160859460379,3.60408387671322,1.9404940929329,1.16010692871611,1.74143524440986,2.0486767438708,2.54344415617016,3.57838376046593,0.451411568424969,-0.959539681667116,-0.0543926294006863,0.321963606838943,0.527670591413177,0.939084532665911,0.68741539616518,-0.625005280250596,0.215507954296665,0.560239986879753,0.798140240346732,1.25639315125196
1972-05-01,1.98741973593001,1.05476065042191,1.66153297018494,1.98803917702805,2.38334428689936,3.22494756087899,2.28162219644108,1.18494787606616,1.88478592260174,2.27457447304061,2.74355139865238,3.73780810749148,1.66500293193532,1.04666057958693,1.5323542971349,1.78544955841819,2.24287680224508,3.32254647457862,1.80873633623517,1.03085610904682,1.62001165862961,1.92465457433125,2.40515199947261,3.42739711875455,0.366362659637179,-0.988233517599938,-0.0948863651032684,0.248031638725814,0.442937703336852,0.858704103377742,0.612107876477065,-0.674089610214521,0.156200493247593,0.493114312567375,0.712625880031514,1.19043317727518
1972-06-01,1.95094603078812,1.01178728193578,1.61637998138423,1.95050271398523,2.31413223550132,3.14521936674596,2.24506584100217,1.10328598106206,1.84106823038901,2.23839524450115,2.69027095423366,3.65850790312155,1.64128429087492,0.975034258914202,1.49321363660048,1.7656140852266,2.20856051194108,3.30278525691704,1.7852198898648,0.995493571245549,1.59059494444824,1.8880261359531,2.34961061527923,3.37783248349733,0.353520357011907,-0.976922148477763,-0.0998048966570198,0.240059392401604,0.429602570736174,0.853245338356113,0.598798798320747,-0.684102514241395,0.156239500169463,0.475811769274929,0.700890959908311,1.16463443960449
1972-07-01,2.07167822432398,1.14950728014749,1.73690325886072,2.07999525562176,2.43334683363829,3.31998018461794,2.3052270688908,1.21449245064927,1.90786410098698,2.30579747966365,2.74210639429462,3.75990388884767,1.73299247528388,1.10425528988644,1.5788810517857,1.85711132155041,2.32292360119625,3.4452850044204,1.82252309348659,1.08189868645024,1.62562411030275,1.93757592973618,2.4040984787004,3.45384126522441,0.382709566508722,-1.00331336678107,-0.0857707685612653,0.265525036861994,0.459180478186717,0.877632207284877,0.621677493736865,-0.643568907704135,0.171887019078448,0.504892172223544,0.718226537314483,1.20118036437859
1972-08-01,2.06500985667997,1.11160568474628,1.73032742301232,2.06164839098856,2.42492489005969,3.31301821240396,2.32602408118779,1.20201376624725,1.92145218595368,2.31903500102965,2.77276992383346,3.828080481471,1.72361851163711,1.09101279698853,1.57945319491864,1.83660646364049,2.29129453096555,3.36692430820972,1.83729471738158,1.04282809718932,1.64051296879762,1.94221327042146,2.42049196461883,3.45148169653045,0.385442928216243,-0.988530932443821,-0.089489043446175,0.265730511480238,0.462679560892917,0.881684235642575,0.62804851362497,-0.667621664623148,0.174127453243282,0.507949500829233,0.73061633274119,1.20053739693822
1972-09-01,1.91605388796359,0.969931380090734,1.5836179717471,1.91168902158876,2.31251030990632,3.1655255332019,2.25384400685306,1.1305109596189,1.84556399365414,2.24296142456678,2.70591583717126,3.71388733869484,1.61147758586062,0.983462160375213,1.46009924081783,1.7303713815921,2.2040517254826,3.29101571790024,1.79364416051637,1.01394989979853,1.59113528226933,1.89470389593437,2.3722013827816,3.43163675562488,0.348444419505589,-0.970690333819005,-0.109325991931432,0.233491670695151,0.429051058220901,0.83790200229721,0.599537664311899,-0.676257544805073,0.156452650545112,0.478282161287303,0.706275579850654,1.15136042224155
1972-10-01,1.90255640506656,0.957356041428757,1.56364783805949,1.90747002108774,2.29548904359386,3.17686672882874,2.21882701963383,1.0865078024864,1.81684053207776,2.20439807587751,2.65989954731467,3.66517658620339,1.60645822949706,0.921748025752059,1.46334310339438,1.72525388929826,2.18030596152658,3.25428238727237,1.76997778717896,0.969168384537876,1.5771656878608,1.87810501144726,2.35460492435003,3.38899170073998,0.339895410952306,-0.98420420939611,-0.108678585599884,0.227930552756363,0.424941035078979,0.845795065682364,0.587786238496313,-0.669484627338201,0.142238675639401,0.472484761172296,0.695317538542925,1.17149642845555
1972-11-01,1.73580909114833,0.802479443418373,1.42336504515783,1.7325579000364,2.13327807057954,2.96054143797515,2.10797303515486,0.97375395401448,1.72237216067302,2.10055748521346,2.56638973021897,3.52126281521206,1.48438687147261,0.821020052726546,1.34277440829716,1.59511176227745,2.03624921021974,3.00273532565539,1.69895221344229,0.910514514253277,1.50119088141275,1.79458771693493,2.26148572504279,3.25770953903634,0.294963808291824,-0.98889929401088,-0.140237131106666,0.188905147343483,0.381694516468446,0.793047561683892,0.547534924057565,-0.706143306414389,0.102490804661607,0.432711228898682,0.651589545918674,1.13019999475768
1972-12-01,1.59602458349388,0.711456032656678,1.27771120187959,1.59886645891874,1.99437355956177,2.88466541024442,2.01205535460438,0.889565729621076,1.62400681444831,2.0059362850609,2.47448187152782,3.46502936319928,1.38347773721546,0.742762965633155,1.22800093268838,1.48948235558578,1.94139738810842,2.94041437363779,1.63773169117853,0.876277616560334,1.43649128892893,1.73526859624729,2.21223251881295,3.16116245863766,0.255894214112462,-0.98258825745177,-0.158135567608921,0.158420118209204,0.349669471590992,0.758580604586954,0.512498239395784,-0.696109923430201,0.0869066382252565,0.401061749814986,0.62165610889879,1.08777008837469
1973-01-01,1.63820106513645,0.735738581993256,1.310605116263,1.63335492347809,2.026839607816,2.90756444795589,2.00652765862516,0.871088029279734,1.61249058279083,1.99660193831864,2.45184901152228,3.49305793817066,1.42204945084925,0.740706278285517,1.26376451224796,1.52246719319456,1.97944215198811,2.97691550898885,1.63323133387481,0.822590470282223,1.42796746338447,1.72671414979911,2.20042149508184,3.16113711805862,0.259523398025522,-0.996892308879514,-0.156266699348713,0.158295004191614,0.34121689458242,0.756811561301426,0.511149280066303,-0.714723511019088,0.0835500643311877,0.397024780456438,0.61263844535145,1.07161496647467
1973-02-01,1.8062190166448,0.870170612809335,1.45849008095433,1.79321912175766,2.20187332531238,3.11244270261542,2.11175113207902,0.967963480918745,1.70440188613527,2.0944745897314,2.56952738747215,3.58875124097468,1.54721368272356,0.88599337248181,1.39240066837579,1.65060942220522,2.09186615205563,3.09355569122726,1.70076089739906,0.906097690613068,1.49968187821925,1.79233756907966,2.26943558565245,3.23143126898824,0.302630486325885,-0.9798613370773,-0.136125178638439,0.191378631753977,0.391197274414597,0.784298607708162,0.5492302931827,-0.693698803742182,0.114420921850549,0.432338890725473,0.661600106376073,1.11131998637366
1973-03-01,1.79978916876619,0.911283098119755,1.46901314866181,1.81153082185368,2.2019768747734,3.02700955145485,2.05954412183278,0.989272070928823,1.66512544987346,2.06024598400933,2.52987785039994,3.52960579452889,1.5534007783879,0.893250839208121,1.39503179901738,1.66453037789452,2.12705810534615,3.10457011661675,1.66587460576798,0.897485554622511,1.46559035848545,1.7695066578845,2.22288831994415,3.23061683429753,0.289941150715014,-0.987776763239726,-0.144643993547604,0.185604708115772,0.372159606118225,0.790416982626738,0.531286953198011,-0.686329068481196,0.111428098292833,0.419917481589028,0.633791951308772,1.11298120766745
1973-04-01,1.59062203747927,0.696386081202623,1.27148291041163,1.59307948045863,1.96854048930768,2.91438066395024,1.9040148386121,0.82354584712681,1.50838096566423,1.89580144487895,2.37127804053169,3.41070002369548,1.40402293740147,0.737943262121438,1.23247148856946,1.50182309448141,1.97502609490957,2.93328884351394,1.56544177550626,0.825113360084831,1.3636455979786,1.65912370112311,2.12828956040904,3.04331840596727,0.229865806140577,-1.0028229833983,-0.180519481711388,0.132917395418219,0.318124424460893,0.731662379099553,0.475545615448765,-0.716625961350472,0.0593521699481633,0.371972671072949,0.585323425404166,1.06734467784086
1973-05-01,1.55351376861264,0.608914925335842,1.24161958055774,1.5573635926821,1.9651062065633,2.92349828515665,1.89194792004581,0.73580616661208,1.51145519306872,1.88497698729142,2.37091442629227,3.35070847563388,1.37470090957558,0.644525012777741,1.22169546517025,1.47987923750631,1.91546796334629,2.91118542525688,1.55802687031726,0.747052104254307,1.35102812636039,1.65158277369067,2.1033403143491,3.0703000688191,0.222110250404988,-1.02682267036116,-0.176495604007176,0.125931410314701,0.312714401755498,0.705755699951465,0.47115997619855,-0.733655731258618,0.0703439984427018,0.369977822452817,0.58174380317923,1.03690082472875
1973-06-01,1.03993427750922,0.164135314770147,0.724828691428011,1.03182331786965,1.4302037532702,2.31253909930375,1.54506681546563,0.434304339319617,1.17818190817264,1.53777792955269,2.01232569768415,3.02874945970996,0.999421445298646,0.335263314752306,0.808382475623021,1.08154585447418,1.50540747740173,2.4535180723652,1.33457876336406,0.527200928912119,1.11395502269697,1.42128701455383,1.86887933982395,2.78583965074708,0.0832609379512739,-0.984682731497382,-0.271086167461831,0.00644776537684416,0.191473293919063,0.573775559389306,0.34673064853282,-0.767558558986072,-0.0264458540568262,0.259363333616157,0.457544389658987,0.928729213224773
1973-07-01,1.19489740143028,0.294732291086908,0.88402730295782,1.19773254029549,1.60043697987826,2.50544485641217,1.6294387769815,0.503857559722605,1.25964070371065,1.61817732292072,2.09869911355064,3.12199690747184,1.11742371709995,0.430713525239649,0.933168327719733,1.20768741206605,1.61844634045391,2.54694240482009,1.38794251984824,0.572548598700454,1.15447950565449,1.47581463219355,1.93358614044485,2.87412474519388,0.120540052704229,-1.03100811295051,-0.244397016507191,0.0402360408586851,0.225844215832026,0.602363798471662,0.378089286486149,-0.759522994893715,-0.00171128762060239,0.284293971536672,0.494363386350232,0.95413705348426
1973-08-01,0.978967940926481,0.0605826930777106,0.659853200222364,0.981841086826395,1.37948520985278,2.32219759927632,1.47369148421382,0.322810151995034,1.09207582212503,1.4725777466635,1.9426941169556,3.0185386614331,0.961718731319211,0.224204576822408,0.785113092499579,1.04645613570757,1.43984849547559,2.32885635601743,1.28600787363462,0.460416977229748,1.0535388377871,1.36692070922524,1.8074571220791,2.72967950899593,0.0602895509581432,-0.968208418771472,-0.278332758981934,-0.0133018018842856,0.176761783303301,0.554451973215593,0.32427655719407,-0.809714680565219,-0.0532176517253873,0.240349094315674,0.44116457813745,0.885047531571331
1973-09-01,0.60777996734757,-0.331605900467018,0.303621450458541,0.615218989104363,1.01798855697392,1.87014838764622,1.21977778302836,0.128884794717458,0.850494933813638,1.21354114331186,1.69166956940726,2.7574163580456,0.690537445282109,-0.0392068977090668,0.470526507713508,0.752341854464955,1.16937392656329,2.01640129087417,1.12213545630135,0.273027146433253,0.87610194624851,1.19479295347089,1.6126487632914,2.58035652834696,-0.0402120977832258,-0.963780932918773,-0.348302551717406,-0.0950622268937534,0.0836741466149696,0.475185931916799,0.233369049145017,-0.818487778894963,-0.123135390008553,0.154508101564723,0.354612742337093,0.804313071161032
1973-10-01,0.752601682139764,-0.152880568943292,0.446955736624691,0.756476874456615,1.13340152533502,2.02467613282317,1.31344919873637,0.190475898089608,0.941434762088323,1.3119860147815,1.77784375504647,2.85144268605916,0.797905962471917,0.0656975486581308,0.608376888219761,0.875868644453517,1.26694858377921,2.15703043310001,1.18265182142915,0.329618960137352,0.954647381629328,1.26246675049525,1.68462894644409,2.62391456661644,-0.00275617275110433,-0.960012540665529,-0.322520339727626,-0.068200888861325,0.117309256724706,0.500095063749275,0.266682704096618,-0.805426006391315,-0.0916655947553619,0.183040086206908,0.386850086940871,0.84540806445572
1973-11-01,0.560079802843438,-0.347872749591727,0.270309936568326,0.569367828399405,0.964954896665243,1.80193180972117,1.18524816992661,0.0813597994438267,0.810715831950845,1.18448942843845,1.65317195626358,2.69225614178498,0.656366194059065,-0.11510981867878,0.450448876418056,0.719430270160739,1.1241202665559,1.96902956417649,1.09980727942665,0.220819625768167,0.867500049726819,1.17760669035017,1.6008212643065,2.52212906041873,-0.0538790949777507,-0.97206884327837,-0.355551913260249,-0.105333535774465,0.0739622951741852,0.470483930603383,0.221045912705266,-0.822089342307494,-0.139401376605114,0.146971848112897,0.3489037776323,0.806977273059942
1973-12-01,0.584554984821548,-0.361720567099036,0.280578597900822,0.591692921986191,0.994770609875979,1.84365580194872,1.2022858635818,0.0665337610829728,0.824201982990345,1.19593255657251,1.66521982439669,2.72128907125536,0.674327773582518,-0.112216729742807,0.472363869955299,0.735265380314562,1.1588521657753,2.00876434467102,1.11086329167757,0.211975365438852,0.882424788070777,1.18374234333452,1.62984098067601,2.54444976341958,-0.0473851339133181,-0.952470438689535,-0.347843897945434,-0.101281673564117,0.083603031084552,0.474843989345757,0.227070221483463,-0.82508071063802,-0.126701476439959,0.151819881928584,0.350594802790866,0.805236161886259
1974-01-01,0.425679513157531,-0.482766603580768,0.0958286803746486,0.432172945874551,0.83375487701867,1.73440944552371,1.12517615561043,-0.00177261327785849,0.721073366671143,1.12599078616996,1.59154682864321,2.69555684084707,0.55118934465958,-0.206249998996805,0.323034434358251,0.610932351121614,0.990368742446743,1.84802187452165,1.06047588457634,0.224797597141545,0.814710084135877,1.13622457381619,1.56000546701013,2.49739805082425,-0.08297604463583,-0.960342178848667,-0.364692194570357,-0.127893608962235,0.0464430497861243,0.44002261197593,0.20103927479792,-0.829335747741545,-0.151717483060147,0.125792508041751,0.322991048549005,0.782412376075656
1974-02-01,0.477729870802752,-0.486581409393321,0.158903741737948,0.47990118544042,0.882300521918209,1.79097188379125,1.18223581984907,0.0313489307821077,0.790533345852275,1.17741776409688,1.65118345774851,2.77173275646881,0.584879132180659,-0.205481803175649,0.366044341450114,0.651521142703635,1.03625062601553,1.91121101780185,1.09727936284571,0.234498096361508,0.85133626644218,1.17287484537841,1.59739310165374,2.53807896333913,-0.0644801727409747,-0.976219942397694,-0.360315126968252,-0.117424203219414,0.0688818540089576,0.458672630264199,0.221932364615312,-0.84338453559966,-0.140868018788671,0.138918422581626,0.347922714017621,0.791700412583458
1974-03-01,0.564793391777449,-0.393977057453833,0.246478291778114,0.572058340811868,0.990855420604065,1.83684738712096,1.23640272420401,0.0700661023259658,0.841345481648246,1.23375840036506,1.71607678092951,2.75186132920639,0.64936299400781,-0.164556695643265,0.438639860281356,0.70890290929144,1.10155020010933,1.94695940050851,1.13153911362813,0.234433025975689,0.886558503782482,1.2058002862807,1.6480199068371,2.5768673579132,-0.0416342158965095,-0.965010176304475,-0.350907504236925,-0.0947968989323021,0.0808768262246281,0.461128002411588,0.242158263952106,-0.817843864111203,-0.120292436856987,0.163873056896214,0.364001750581177,0.818778052112705
1974-04-01,0.994879787592742,0.0503104691698131,0.644883099000573,1.00022366227046,1.37451380132375,2.29150103960488,1.49818729365477,0.344736652651249,1.08906245400204,1.49712069369785,1.9554489589979,3.03408947705175,0.97120269218885,0.204702381345133,0.763257143391316,1.05626099468566,1.45800146942907,2.35051847988047,1.29948846878742,0.421070847469063,1.05539658841244,1.3799624092315,1.81909558157783,2.78280150594703,0.0670591637177424,-0.940024522910358,-0.27473085513798,-0.00319982879738983,0.176189576296769,0.554046205184183,0.336623609280289,-0.782583019242525,-0.0352370585734955,0.249795771255946,0.4584162635805,0.918765592286703
1974-05-01,1.35534999550574,0.367163792166196,1.00598077938993,1.35110845569314,1.77140193939416,2.64171426632298,1.71334704142789,0.547970580307177,1.30025279505762,1.70940006714263,2.18486290707717,3.27812033516115,1.24205587574711,0.535903473893779,1.05282078427983,1.33590977818069,1.76102957773438,2.71459817147801,1.4380223506599,0.593038874310192,1.20739977348705,1.53057374903018,1.97873641493448,2.94742148862413,0.156898134604792,-1.0300295574102,-0.2214935403138,0.071722181491125,0.253600840843309,0.636640918332607,0.413503092248183,-0.747744575843957,0.0210361743048841,0.317949742719749,0.524194526096194,0.981266044962498
1974-06-01,1.4758356337317,0.578397849578539,1.16393973878333,1.47789665960536,1.87067589935477,2.78541539914531,1.79690782569424,0.689916867833692,1.40995373205449,1.79438144578983,2.26768530858826,3.34312081523897,1.33003874436895,0.629450560081649,1.16645050235755,1.43828471286436,1.85289477634605,2.8571693051436,1.49250918175046,0.66707989127611,1.27108002051818,1.57979905093905,2.03448606804233,3.02938560056774,0.189447287458433,-1.01739348768024,-0.207126586066488,0.0989734226539283,0.282934622986774,0.677015417739663,0.442658023237529,-0.735340451461779,0.0482449398944083,0.344427577261174,0.552095744613302,1.00862306254445
1974-07-01,2.07414793690564,1.1372747276122,1.7347143080549,2.07051111785171,2.49195985453162,3.4022868324876,2.1809297108158,1.00404288265912,1.77391907837741,2.17920744608357,2.66099299267814,3.69172046084944,1.77367044521023,1.08706860794813,1.61178793061463,1.89898489195628,2.37022216581225,3.45284275637341,1.74102083552092,0.925721698157907,1.52862944373555,1.84962576417572,2.34601547302974,3.36586064478441,0.344482672646959,-0.988109525616935,-0.107150006462031,0.226478444651814,0.426200506553176,0.832281716733663,0.578727403932803,-0.664004041588995,0.148171119063576,0.468281428961972,0.683941962900226,1.15431528994514
1974-08-01,1.3449990248819,0.430684900273448,1.01923277799565,1.33738218279027,1.7601793355583,2.74025807086494,1.77307026376908,0.636656344927273,1.38234103452738,1.75822966070353,2.24726710208209,3.39669412525138,1.22063773441824,0.543756669772667,1.03569294920979,1.31656364002537,1.74760818627985,2.73819280534736,1.47812317295937,0.671450715598574,1.23857757115039,1.56462105078641,2.03049726839983,3.02085345965994,0.168168895436561,-1.03690510028522,-0.216858808399237,0.0846019938907887,0.262597581120576,0.65029868357164,0.434038496482617,-0.754500779862806,0.0246902743632217,0.338046400534965,0.547917641345595,1.01734970112968
1974-09-01,1.51590668391013,0.53217701103387,1.17931163565863,1.51662333350869,1.93099756139132,2.84688085859826,1.89719404598386,0.695567155810828,1.49190687746254,1.89296165911847,2.3744835709642,3.48103733886422,1.34455413619632,0.647326580634311,1.1753922415209,1.45034137361319,1.91502814466256,2.89139209778105,1.55904086696378,0.7228411654919,1.32759772183539,1.64902370386728,2.14854446674928,3.10503666581983,0.215224779086055,-0.997110953473754,-0.18330692889376,0.122148682561321,0.311226712342863,0.714650923851106,0.477474539977997,-0.73979848395044,0.0537374943795946,0.373514802378658,0.588347655178267,1.0542548838735
1974-10-01,1.58227819573436,0.634419677318193,1.25169682582516,1.58732026353513,1.99548308567201,2.88621231452201,1.91328371979621,0.783269314662123,1.51369098127306,1.91426287286579,2.39987243065121,3.44415528256717,1.39890893000653,0.72702975999178,1.22645652268101,1.5032485832286,1.95881122238447,2.96663787782861,1.56933201407062,0.765642383170855,1.35681181033364,1.66621911287379,2.15285904178889,3.16155069706278,0.227137730036442,-1.00017827609946,-0.179654907998792,0.128163382304929,0.323863804693752,0.721959719246805,0.482784421607968,-0.718208557898202,0.0631129544458887,0.382776073429556,0.592509960022458,1.04612895949737
1974-11-01,1.19940117456787,0.242659736640603,0.873228020592394,1.19630680987999,1.61048872963953,2.52232663594573,1.67435088583416,0.529957985219546,1.26723195911446,1.65380787468222,2.14922346346148,3.21836740687923,1.11345290119614,0.427663664528516,0.929794016932356,1.21341201237891,1.62771128879914,2.58854360978443,1.41517880550337,0.576356246174656,1.18082418452704,1.5033550552901,1.95941741610202,2.90161275829034,0.12944480616493,-0.987043939418335,-0.239051823342647,0.0478895715927874,0.232179828501573,0.619557648300985,0.397609977741563,-0.746150412753309,0.00993339270703176,0.301356281197752,0.508605673108887,0.988709878191251
1974-12-01,0.988892384036854,0.0825502950865232,0.662541547405629,0.982436837436847,1.4080187580022,2.31995087861081,1.54814497856332,0.452873984535762,1.15688834458359,1.52676954847331,2.02953615532793,3.11641004925908,0.95539330388334,0.233616939858881,0.76055881781599,1.03596678258247,1.44209755048911,2.38009211825021,1.33445204826947,0.494513436784307,1.10397640179493,1.42050229556322,1.85681343385354,2.86856647522157,0.0767595240982612,-1.02056834218301,-0.267324805465278,0.0057493475976389,0.191388240616641,0.571098081978252,0.351773177929569,-0.795528369311546,-0.0345404640606294,0.260901294620521,0.465549809988764,0.922535111383998
1975-01-01,1.49504386926807,0.572001867801622,1.16951317250508,1.48920023393672,1.87974161669162,2.77384768238093,1.89477622578664,0.765725695799924,1.49717338653065,1.88922952477336,2.35226645001699,3.44656541750635,1.32589213944096,0.62354082005799,1.15442817197892,1.41719769068132,1.86120646319815,2.92663532198463,1.55917195477588,0.732864146072769,1.33993826364271,1.64876291779198,2.13042146496499,3.11182973608402,0.21277933504978,-1.0008991606979,-0.188007551256507,0.118243933791108,0.303309730279676,0.681440380554847,0.474401696348972,-0.739186503312784,0.0574940400776405,0.369349727881778,0.58240087273898,1.03767913762445
1975-02-01,1.44239183832507,0.498223847843311,1.11623294809677,1.43702510906786,1.83186865822639,2.77761829494551,1.9118323832576,0.739240205105403,1.50214701813544,1.90519588228247,2.38770311023717,3.48989622816985,1.27627084328024,0.563836560775956,1.10246100762764,1.3756071599088,1.81855652277365,2.81452766769185,1.57176492490091,0.725376280075799,1.33949057441597,1.66600133753974,2.13337561718299,3.17479391982355,0.209741200405079,-0.999517760166319,-0.19216416357382,0.114556572843249,0.305775356838941,0.696696728946543,0.479284461338041,-0.715141116926954,0.0602980527346993,0.372673135401463,0.587434059303762,1.06544631592565
1975-03-01,1.58090752678147,0.640388810503455,1.23588349851073,1.57907273630731,1.99752148166863,2.89038023486236,2.03612762317639,0.857163599492784,1.61145231422359,2.02712532371076,2.526445208839,3.61628370155218,1.37161193073752,0.707779317910129,1.20552692912518,1.48150997851115,1.92882372848455,2.92908091490398,1.65324961034682,0.822233156641793,1.42951712272689,1.76386193614939,2.23146309408125,3.28183143441829,0.253088132985291,-0.986362243216091,-0.156747180796243,0.153188117696405,0.346840569653089,0.737705021194617,0.522585328048642,-0.737667555906938,0.0845411086046522,0.412637579958049,0.632886079232956,1.10555556828925
1975-04-01,2.36420952104522,1.40867594891655,1.98680709552328,2.36688309877578,2.7544458690994,3.7030515517568,2.55245830146601,1.3828730011591,2.11857878229352,2.5520435766113,3.02747152166997,4.13358141294432,1.9499999030982,1.28221092946746,1.80659240328049,2.09662274466144,2.56965260610369,3.7445694264723,1.98749275747523,1.17372997582872,1.77141099852721,2.10732320863366,2.61666332364662,3.7199349278843,0.458556790403536,-0.950710469659824,-0.0474266693900028,0.327746193278719,0.530079315051479,0.93630729126652,0.70564857267348,-0.606895723186467,0.227303315496515,0.577416186207684,0.812031919508894,1.28041614002584
1975-05-01,2.31443254605635,1.31993911226679,1.96237659002781,2.30716317798518,2.71546527592821,3.71068204433689,2.51957499193159,1.30858061239073,2.09731928017607,2.50704265277465,2.97908268430137,4.08492540755967,1.91310887982126,1.22455567320067,1.7613867380299,2.04446029377267,2.5404859108995,3.70183614423069,1.96592849065935,1.13714447162766,1.75487122377545,2.07948212900084,2.58303572468776,3.67160633377204,0.445645322364293,-0.987923674370734,-0.0607565040774946,0.313912858463709,0.521439279827753,0.927371336347599,0.694280492054745,-0.601512040366831,0.21888562322425,0.563840199158046,0.788337012517537,1.27743276293375
1975-06-01,2.02024407436835,1.07327484207459,1.66294498602563,2.01023875608821,2.44536683464224,3.38930524265002,2.31747197922191,1.17718939329232,1.89294543243634,2.30836069933686,2.80793464160357,3.87802079682787,1.69759840044957,0.994824593571448,1.53588869741437,1.82115119788553,2.28055737559627,3.44136993021358,1.83486843788585,0.993123300700157,1.61847678332211,1.9449642571445,2.44501095727977,3.50455860841105,0.366761769794173,-1.0040839487379,-0.100104626930145,0.248368585344231,0.44773438094448,0.871600859126778,0.622816911273347,-0.624441725280377,0.166872440614696,0.499615152632314,0.729698122328966,1.20182699940961
1975-07-01,2.09745208311967,1.09313062163976,1.74678697181463,2.09108504972037,2.50581450651121,3.50464115382513,2.34897846429947,1.13507519548748,1.93655611025895,2.33572199146994,2.83556946440654,3.92249882815917,1.75862639398187,1.06836230433695,1.60223280975326,1.88012549134238,2.34982825979914,3.46306788555672,1.85497925704202,1.04609351745405,1.63627878373232,1.96523352821001,2.45225836562706,3.50884646744663,0.382979481489679,-0.986129380338708,-0.0876109975853734,0.260883907472127,0.464898200081026,0.900273986861919,0.634122002850384,-0.660605036632724,0.177026916082204,0.509620969041689,0.738973869894664,1.22521923150633
1975-08-01,2.38054803876771,1.41775796491352,2.02185448077325,2.3719724989315,2.79214237725392,3.75380985113379,2.54098431157561,1.36606120727032,2.11658678022944,2.52718094573782,3.02291691815095,4.14259272570613,1.96672054917258,1.26708745559743,1.81670521296021,2.11094628278105,2.58495268232533,3.78886297810212,1.97963100219555,1.14498750131585,1.77187294778046,2.09391357481323,2.59208616725832,3.71111033052083,0.458160093650895,-0.980922090723516,-0.052911281393879,0.327551799722185,0.530388172823266,0.946964598601971,0.70186609736479,-0.635112090767085,0.226472786120037,0.573019740570792,0.801696298202187,1.29355886666326
1975-09-01,2.49223752320235,1.54874779126903,2.1327620206839,2.49369996339181,2.93080862011331,3.83154562560522,2.63084783548027,1.46324221043688,2.21094676750853,2.62692513505258,3.11196446806045,4.20091428363221,2.04607829711704,1.37640982648764,1.89724048811073,2.18947466231975,2.70085427553881,3.87653031201971,2.03839330560268,1.23920045297162,1.83055147249015,2.1581644480087,2.67144488779023,3.75388587826418,0.4905654632518,-0.972045944278213,-0.0297605835693873,0.351254405066635,0.562137190214669,0.985678259608958,0.733235478754792,-0.598507441607437,0.245498898812907,0.60594454687204,0.829844147921795,1.31948291376276
1975-10-01,2.26595586555791,1.27193896747426,1.91364542720095,2.25022428150895,2.6750831766822,3.71357042032287,2.51790312958143,1.32006103181211,2.09471068417967,2.50191232006232,3.00116595879374,4.1295803845143,1.87149035959898,1.23313199873791,1.71369466850554,2.00050971055047,2.49336026671333,3.66639149547996,1.9662952934064,1.1539482393072,1.76149416466502,2.07371158230318,2.60539891401708,3.67328816014753,0.438778903848924,-0.993672405055841,-0.0568028114341606,0.31113231766128,0.513162156093049,0.923096183228727,0.692414643279924,-0.627644485994906,0.209712919704059,0.565330868876195,0.796826687738426,1.28903287182498
1975-11-01,2.21427172592768,1.21868442773015,1.85864707961261,2.20591983754141,2.60817747715898,3.59064498804329,2.52520809034009,1.30155757288614,2.09181204101826,2.50778045637031,2.99966072014344,4.15411235537283,1.8246009455356,1.10321026486757,1.66826241822631,1.95883636595127,2.45214241734915,3.60706513600645,1.97246066110894,1.16212460898751,1.75490241849326,2.08711604778749,2.60980352180553,3.72124542578451,0.43398591601885,-0.973062978783935,-0.0572505231709052,0.312062238912836,0.511136494755069,0.935018986900966,0.693770107706378,-0.606573836870312,0.208015003752307,0.564260890814436,0.797634322464546,1.27191772271524
1975-12-01,2.29480301192401,1.32985112545225,1.92240789634307,2.29276696482063,2.70042158122935,3.79963494610298,2.56865947363579,1.36929441828147,2.13635310553515,2.55916734697114,3.0442362739845,4.19237700331926,1.88533559832092,1.19180149990243,1.73542393297172,2.02012792926074,2.51954509190226,3.74498967442263,2.00046929882881,1.17947221836834,1.78792755199341,2.11231566893974,2.62736293158819,3.75245921687618,0.453819356739371,-0.954261783044121,-0.049428819582763,0.321241465403173,0.533290554001941,0.966166866188809,0.709181155599409,-0.620788801705937,0.225099274031824,0.572840577557032,0.805658907775348,1.29735799726537
1976-01-01,2.20802866870704,1.21311518258305,1.82458924661108,2.20154864406922,2.62760928217887,3.62861914274878,2.55157056447075,1.35331760079684,2.10344731127721,2.53546730056556,3.02460420447885,4.12933809658032,1.81238623425677,1.13027834320266,1.65308577118676,1.93468737674411,2.42182468167931,3.53886369745847,1.99069377552782,1.149893039484,1.7791752341265,2.09917018137713,2.61209361090297,3.72343204856593,0.439974079191319,-0.963930557941746,-0.0501563103826761,0.307562759814155,0.516560748009813,0.941701094033549,0.702028663071427,-0.632703875054574,0.212872428787549,0.572216805029183,0.807166206130719,1.27954134047125
1976-02-01,2.290200561109,1.27379803816979,1.92938889684384,2.2874920584483,2.7056007272483,3.70049482688578,2.61749567995327,1.41924294435672,2.18424892543107,2.61016435328779,3.11478635127777,4.25487234700965,1.87016387388491,1.19144390607979,1.71839459508148,2.00811196474696,2.49962766202495,3.68333063852653,2.03390322001328,1.22391216156977,1.82770790222616,2.15787466407907,2.66882848841283,3.81381157482761,0.464433733065691,-0.96045488557952,-0.0390666238989466,0.32868755968357,0.54228549342608,0.963426124421026,0.72490945533379,-0.624943639164351,0.227978484520833,0.589485630904281,0.825161048039693,1.3338582685991
1976-03-01,2.38509303203005,1.34979763845287,1.99926796660026,2.36483847080494,2.79471005479194,3.73497386801843,2.65095965397645,1.43378427013262,2.19216786449586,2.62602254081007,3.13339876695341,4.24719842886619,1.94561347915378,1.23829384414118,1.79253202446626,2.07797731504244,2.58173826637959,3.74076621555667,2.05453854223435,1.24166307061907,1.83749990187394,2.17188001291406,2.6978266874389,3.80863364734775,0.483921856728569,-0.974853068985653,-0.0372638845934358,0.34622302551739,0.558022321631275,0.968819251806366,0.737632677951324,-0.607643090269735,0.238593565592686,0.600033391447514,0.832381524133327,1.32124657117199
1976-04-01,2.20729816936525,1.24913637853894,1.85277838083041,2.19844073620922,2.60107639206823,3.57526008445114,2.53292787556781,1.34458507778128,2.10401079332924,2.51324344162783,2.99329634524159,4.12591740084899,1.81433976502154,1.12894656443746,1.66887573757838,1.94211921180173,2.44268307883556,3.5312012812637,1.97805807446152,1.18403335908122,1.76789631315206,2.09031119554476,2.59459377757533,3.6598541833652,0.437272848229996,-0.956288043214813,-0.0584295335662965,0.308528842251573,0.509484917502505,0.926142387133407,0.695836255600408,-0.62554267783163,0.200910280720534,0.567269924581961,0.795524098314875,1.26680478040272
1976-05-01,2.39974585867688,1.40523615190377,2.0379511896675,2.38931306850129,2.81661928895186,3.75462075266807,2.65919508949252,1.4347687210313,2.23540741892711,2.641077088362,3.10853590095723,4.26771970292462,1.95701347115528,1.26341127498928,1.80824921116056,2.09570525402969,2.57197149704879,3.79402361208101,2.05995886413754,1.23160114783224,1.84893169436087,2.17978569335007,2.67626757429524,3.81289214588592,0.487176601386618,-0.952453776329673,-0.0396553191751205,0.356958781177016,0.562801378809552,0.98515977072501,0.740456317332654,-0.614043363766745,0.247670655369741,0.605972083648385,0.845037590112776,1.32492163904906
1976-06-01,2.30495944647876,1.30493060548493,1.94818955248431,2.30300057483027,2.7104990959774,3.68467436780442,2.58925823898264,1.37372229242253,2.16288496622895,2.57859818100049,3.0510521484845,4.22524723538259,1.88875947586274,1.22559070678949,1.74060857171142,2.02518164196985,2.52247120078179,3.70910325180013,2.01452488531936,1.19516451488729,1.80773221787622,2.13860649019736,2.63274574880148,3.73821099780009,0.460570089307843,-0.951034745156534,-0.050305911560864,0.327558074543175,0.533512386163369,0.944867405207597,0.715776873740324,-0.614786273714143,0.226698076654783,0.581568826579373,0.813458063936077,1.29321486028889
1976-07-01,2.19476067949765,1.26042695153376,1.83434215303411,2.17954629649457,2.59269518026971,3.58424872916547,2.53484806906106,1.36138709056928,2.1114050566584,2.51259061657949,2.9983085090248,4.07203592659658,1.80396924493945,1.12958353752704,1.64764928461473,1.92536182163332,2.42114102967161,3.52376798164441,1.979876774586,1.1586364958004,1.76225098046828,2.08732320216388,2.60913162198599,3.66326272181742,0.435102962345599,-0.958269691779762,-0.0622173421547463,0.302437108082432,0.513841319249691,0.942865691116063,0.696027428382999,-0.623102975819168,0.218336144707153,0.561658431803741,0.805528035227808,1.30728298679589
1976-08-01,2.0177503527505,1.00019004033841,1.6578323919839,2.02040170805775,2.4279418104065,3.3778192232884,2.43877326819454,1.21943991146613,2.01523167878707,2.42747579578761,2.91813294450444,4.01882804844173,1.66915471601525,0.986279649936689,1.50056452361012,1.78686167448161,2.29352215374402,3.40758552787767,1.91844495589319,1.10397706646229,1.7099461280302,2.02487570556434,2.55950912937994,3.6169517095692,0.392801908509257,-0.970994859439782,-0.079175659493337,0.266004620616557,0.473578083818335,0.881556624213798,0.661319743703425,-0.654072679682236,0.183745088909787,0.530639220036469,0.766405902853034,1.25841767035071
1976-09-01,1.84364357343873,0.893412236257602,1.49475730926745,1.8458572283968,2.24959354676024,3.16484318610594,2.33461824125816,1.17715654946944,1.9133645326521,2.32593353056333,2.80948729620225,3.91174041028528,1.53831197081587,0.838656139473319,1.37671997541652,1.66239621645992,2.13396729092161,3.18534997704944,1.85149568515692,1.01878539461827,1.63695103016212,1.96365812558694,2.47768174257411,3.5183836129121,0.349414774811772,-0.957191547208763,-0.0994378826001575,0.234660300431108,0.437242427400007,0.851552003348849,0.623960879623014,-0.656538621097855,0.158214169405914,0.498831897235929,0.726861851464499,1.22237578672628
1976-10-01,1.5239842365139,0.56521516128575,1.17901679042754,1.52111494688433,1.94704830964553,2.88570169010245,2.13588456195458,0.955151716711923,1.71914904028871,2.11909955056467,2.63333101100341,3.75406154790986,1.30008864195836,0.563621706496792,1.12354800217239,1.40302519989767,1.87026502142271,2.88882226054816,1.72338899976769,0.873191587837735,1.50152630936186,1.82417727569319,2.32061389226992,3.36308194054251,0.267728496577243,-0.979243348368642,-0.148761078656379,0.16573018032479,0.359170514718525,0.759515612393594,0.553011694289546,-0.713220472568472,0.104504114597721,0.435938275609071,0.659352578940115,1.16354662686698
1976-11-01,1.43845366448624,0.485401106779852,1.09863359555376,1.43890468252888,1.83591522990015,2.76251955877367,2.07679487273881,0.896531724199489,1.66304609269638,2.06595131943494,2.55322050148571,3.61472535296403,1.23733669395166,0.520712404750374,1.07339974092489,1.33805771075652,1.78191810459559,2.81461391803103,1.68518962070642,0.825969339413958,1.4614534884786,1.78613922590005,2.27399164994934,3.3332596789096,0.244843484730121,-0.98156075292973,-0.168971269709744,0.144068318154851,0.337598400918388,0.745372732330245,0.531945897111744,-0.739395053629275,0.080573351459866,0.417613062047503,0.64023713801904,1.14629721886614
1976-12-01,1.31937940076914,0.428730504262038,1.00650870092568,1.32094833929291,1.70689031590163,2.64966736534745,1.94851220099819,0.835554124683641,1.54340435025599,1.92969593417947,2.40129848840633,3.52918749836384,1.15913444399564,0.493954279226449,0.995810188764727,1.25719910676398,1.66824446847542,2.66547148236449,1.60087222823495,0.807805211967976,1.38726940358379,1.70454958080374,2.17306196724461,3.19888258243646,0.203665967845478,-1.01473369255212,-0.191283053742933,0.110613569240189,0.302444066541071,0.695976275822463,0.487205842382843,-0.756923072923102,0.0640484325684524,0.377650768616813,0.592185332399981,1.07655698410618
1977-01-01,1.70901110639751,0.75474371047306,1.35878848321449,1.69942484496733,2.11489210819801,3.04978605345637,2.21143542645968,1.02683332873207,1.78188438468584,2.20166580540627,2.69113661046481,3.77224672420216,1.4449458749947,0.746188945937256,1.28583510909487,1.55502370521242,2.00867772026469,3.0652192247668,1.77066726479246,0.961624097803509,1.55959381440977,1.8759232645392,2.36669565895073,3.43923071896974,0.307942367407441,-0.981083101927147,-0.1320627310818,0.199456332646169,0.392864851391937,0.787884617052774,0.5810394996354,-0.690783006146003,0.12411702794221,0.462145646822736,0.693155238973281,1.16567593739855
1977-02-01,1.84269610459259,0.871783641086394,1.49850065751465,1.83533051784404,2.23341547246952,3.22417985154089,2.30891922145249,1.12269417019992,1.89305473851813,2.30245199167754,2.77108384953023,3.91342192375857,1.54205483805696,0.873990896708923,1.36591218516009,1.65690992815664,2.10429963921564,3.19368157905938,1.83391179813498,1.01723044791186,1.61582374061167,1.94372370752215,2.43768251430911,3.5143003460158,0.3446713867035,-0.961607470067169,-0.109199078288432,0.226234351261355,0.428452901113338,0.834209868257,0.615597343552601,-0.668838506014927,0.151400371392718,0.488907905258606,0.717553542188693,1.20575940359124
1977-03-01,1.88153576340524,0.940239230961678,1.53141252571727,1.87459342137461,2.28970755464132,3.17432313954632,2.34124253983897,1.16920288418423,1.92570845723533,2.33037199346887,2.80779565929992,3.95734804757119,1.56961691706863,0.893626227394904,1.40845660610221,1.67721981267383,2.16984621370713,3.23739983168101,1.85494332403638,1.05286266260069,1.64217267586084,1.96075015365549,2.46675916297927,3.56096671918045,0.355996318469881,-0.959522663250684,-0.089235143359946,0.235332795648988,0.439115303196697,0.870296855650611,0.62702140210084,-0.663494409475111,0.16683386255781,0.500839090892263,0.727316717721736,1.228097532642
1977-04-01,1.7714258995019,0.802169866672306,1.4185205838421,1.75425267178533,2.16146475541074,3.11064530557598,2.26570023632496,1.057410651235,1.84312461039693,2.23878982834095,2.74102991092325,3.83847880726491,1.48909120459375,0.768925986937948,1.33204483422339,1.59343458503569,2.06766615669436,3.10788198341646,1.80596293422629,0.965391402445555,1.58422345801954,1.90345612201041,2.40577344616119,3.44183375895425,0.326314758444572,-0.965186614006616,-0.110837321789462,0.211369943243628,0.415599948721948,0.812029193160782,0.600291652231711,-0.696277023500808,0.138972067035484,0.47162598127654,0.706946237992541,1.19228716068884
1977-05-01,1.74625351820505,0.813487362568047,1.3960237088038,1.73335123120071,2.1507234514586,3.04962541495712,2.25238809342122,1.06838410942019,1.83260384050899,2.23652530156391,2.71451932154604,3.78747651056115,1.47006899950835,0.793283082643219,1.29789185535091,1.58552302313722,2.05201280821329,3.12963811766364,1.79763269472887,0.98968069075699,1.58768288078873,1.90043966857919,2.40703090270988,3.42584262735263,0.320163934351511,-0.963730294886201,-0.124075753243187,0.208108284916272,0.403420037259365,0.821520386315073,0.595317612449229,-0.677768091328434,0.13493768148336,0.473539105877429,0.694761082536556,1.20775978041562
1977-06-01,1.55576841945258,0.59473000344389,1.21934396033725,1.55438011042546,1.95098330331639,2.90350163527806,2.10916395408727,0.946912813818698,1.70579076060704,2.10545007141268,2.59049823208348,3.67655164481593,1.33306958058129,0.649647637484708,1.17279700314079,1.44172904256228,1.86105475639472,2.93351602236221,1.70452120157537,0.886259116965004,1.4892840268843,1.80816433355362,2.28054007217407,3.34731056121088,0.266481264572053,-0.983259464939188,-0.146493709653273,0.1631385932848,0.360061431860882,0.780347560137514,0.544770940908468,-0.722400550344779,0.101967452692576,0.425741173761234,0.655059902743667,1.14797339774064
1977-07-01,1.57655166321927,0.568919100166915,1.2271396540181,1.58277114764411,1.98084328587283,2.92977743410945,2.12425445333889,0.899027519608283,1.70510525965946,2.12040730786406,2.60563682138423,3.74411736333634,1.34801843683569,0.624113071375834,1.16831516556797,1.45384291111332,1.9061059086635,2.92935008508192,1.71441495153983,0.873287484885124,1.4857088938405,1.81570601781568,2.30939033246563,3.33426026612439,0.272339410695077,-0.977367760747597,-0.150973354415659,0.169707776135915,0.366666880809175,0.77574906404319,0.549998186195613,-0.726355845147931,0.106427227137622,0.432512872621653,0.657805600416453,1.16019323829349
1977-08-01,1.73314532461952,0.771468010880657,1.38570337185727,1.73646961777841,2.12757869721914,3.00729554488893,2.19875509936937,1.00787630357784,1.78430570041935,2.19245421749902,2.65524434380115,3.69268421910384,1.46915475366623,0.779958210872941,1.30258760420351,1.57748793133744,2.0379022981103,3.06036756082117,1.76169096187403,0.94084907582609,1.55070856744256,1.86549057165542,2.35107037092915,3.37236052680805,0.307895077169229,-0.998581435601937,-0.132013962106507,0.19864573569304,0.399324667180865,0.836621603531693,0.577163079803045,-0.707056234077896,0.126998938061827,0.459578016441153,0.692548087450909,1.17597604083325
1977-09-01,1.62305739709773,0.684894350497794,1.30373662966109,1.61894549018771,2.03179356325488,2.99188368424632,2.10524598859809,0.954794282508075,1.71099147671109,2.09618133540815,2.58702205004935,3.68399631033973,1.39241068861649,0.712808976926775,1.22738684213516,1.49627231206342,1.95385747379493,3.03566615320177,1.70059399055488,0.878753305174813,1.49457830527418,1.80207304672756,2.29491626149831,3.29259678331616,0.274436333874907,-0.976768643733688,-0.141204171903995,0.172804517234171,0.364079369715057,0.784577163792025,0.544402705412644,-0.717214136127078,0.102617132477428,0.429449347175155,0.648694168624101,1.15509634057592
1977-10-01,1.771652184965,0.81735774927405,1.42859354206387,1.77152309891904,2.15996128024857,3.07028515443285,2.19982673211601,1.02921957836907,1.80139345150271,2.18656368144285,2.65250543246133,3.7182838334586,1.502819461587,0.761525417999775,1.34271777724633,1.62028873278417,2.08685309666859,3.15806647638161,1.76166079940385,0.93435425712666,1.54826532241771,1.86401021060324,2.3593875584377,3.42181905148644,0.312764691644442,-0.973762067593751,-0.128174221734549,0.201429985873725,0.394890764531737,0.813955029979221,0.578126971689356,-0.688804612337584,0.127874772949962,0.458775879788864,0.686988536548047,1.15364043085891
1977-11-01,1.81816257223761,0.83770415737691,1.47012712434284,1.81245829674193,2.20176055436425,3.13941953518429,2.23698324057289,1.07114830641925,1.81868988825739,2.22515966114747,2.71595579080874,3.7955768699512,1.5358744330395,0.845516186587783,1.36690651824918,1.64927366644378,2.10461934799959,3.13681670925587,1.78587089338659,0.963612424136494,1.58337572108786,1.89722236549055,2.38253585090127,3.40164231606196,0.326268595963209,-0.985198143881297,-0.119785859964016,0.211740308662955,0.407756539138107,0.828493740531767,0.591212504368192,-0.692073638609329,0.128200686619025,0.469457283750098,0.695750544664523,1.17550042575083
1977-12-01,1.88143037505425,0.915708664307393,1.54904981830659,1.88714058254091,2.30059091462155,3.19648077798293,2.29510488878806,1.11382456998055,1.88641104917593,2.28797418264714,2.77002496695077,3.83783154943871,1.57960229012298,0.9091920310751,1.4322953047979,1.70569758178918,2.19389052124582,3.24735654441764,1.82389786646039,0.998983222475741,1.61949084076299,1.94327877292253,2.43367856323564,3.46772000843346,0.345890317834038,-0.972658616368515,-0.104158947110651,0.233442634554101,0.427605361622084,0.839455698795235,0.611590259401677,-0.684942295064002,0.156812903815509,0.486989533060556,0.721277302485365,1.20629438239569
1978-01-01,1.89913478276422,0.980246513466423,1.53038691219636,1.89381196153224,2.2645197510032,3.22167474497291,2.32946655143354,1.15109797126167,1.89194404788829,2.3125668007705,2.78300764771072,3.86763608916749,1.58884715909352,0.893274242170302,1.42097224951918,1.70824354181027,2.17635251460627,3.22265763740404,1.84675558403819,1.0173240027087,1.6233032919341,1.9590349580343,2.46064451348609,3.55495237171952,0.354420251489103,-0.965773593809938,-0.105032376547217,0.237989103504362,0.437231433196027,0.835337762398747,0.623393682034178,-0.648535730990114,0.159713889676883,0.496711111728396,0.730025465372916,1.22303803827383
1978-02-01,1.92422706012796,0.933505355253538,1.57179777555411,1.92527962862025,2.34921980164486,3.31138282351599,2.35465610709643,1.1387718782141,1.92930515685517,2.34434281081753,2.84619773311741,3.92555363584843,1.60586066459501,0.907218868447061,1.4468771664936,1.73132012810969,2.19329537938259,3.33444408381325,1.86326507476984,1.03828703783389,1.64171559957494,1.97573428795055,2.45994840164656,3.55950485238839,0.362530710663235,-0.971524035048939,-0.0977769866041143,0.246933903741762,0.44224912737462,0.879486552293596,0.632196109505029,-0.681864467353554,0.166173640268683,0.507105483071784,0.738128177322629,1.21627455964827
1978-03-01,2.03903279364379,1.07393499425545,1.69221401011437,2.03982608382358,2.45309021160739,3.40164797661965,2.42429962302654,1.25207873278015,2.00507703414969,2.41202424819112,2.91300214504321,3.98429869306626,1.6917410468649,1.02314280730997,1.53019454664237,1.82676093632034,2.32544245990547,3.40410169920732,1.90819736216624,1.07698869040424,1.70136418141978,2.02682119095606,2.53332118683167,3.63112802127911,0.391512421899595,-0.967879117150038,-0.0769559824303526,0.275041873369351,0.47191112090467,0.904931326925271,0.656977151337302,-0.638632961413547,0.183275795085204,0.530383050295912,0.768004288604163,1.26557402928884
1978-04-01,2.23653410310927,1.27879985036515,1.89214220347376,2.23265430655337,2.64776539436817,3.57060539712856,2.54671433047621,1.35543723149844,2.13503279593412,2.53721739713712,3.03140310460158,4.11143708380478,1.83905092083625,1.16614529666849,1.68548584702678,1.96201834816548,2.47247765093092,3.65721704699451,1.98729736636603,1.17837190124391,1.77229638017935,2.10291627696462,2.60661881845642,3.7661581978818,0.441809335363838,-0.959093394860272,-0.0568977882353803,0.314282683046429,0.524944924237271,0.932519968386752,0.700446458753605,-0.612503673832558,0.220483117600615,0.56979376882076,0.809484014432894,1.29178899284788
1978-05-01,2.42840566204055,1.45308094470366,2.06607465985078,2.42464811824463,2.82814062687077,3.76191572643802,2.65540687677877,1.44317055662799,2.22509380590701,2.6397305891464,3.13165934153633,4.27548060984316,1.98443947829481,1.28214375509213,1.8293484492808,2.13423312523353,2.60801610737036,3.79522814363433,2.0571342205136,1.23811427393102,1.84755992392322,2.18280204051185,2.68075039239025,3.83166375720144,0.488384002334232,-0.978614291193131,-0.034025615187646,0.350589711087508,0.56031566995353,0.982954021739107,0.739391053553494,-0.608180577213989,0.246784162015696,0.606103777052052,0.83872461437616,1.33558151469398
1978-06-01,2.42663969087869,1.47619682911588,2.05861665542147,2.43191526741261,2.8518773778287,3.82147369213821,2.65951883818164,1.49213968704003,2.22819212339237,2.64602046945493,3.14569859717418,4.25758528139381,1.98255655186874,1.31491727212043,1.83262363855507,2.12449090723007,2.62649384062315,3.81590027644237,2.0599900641981,1.24512537339989,1.83374748921927,2.17621599296006,2.69474925368841,3.83069421640114,0.488500448568337,-0.967658131293298,-0.0268375530335315,0.351426629701477,0.563088339678306,0.979417571762975,0.740704367797215,-0.600096378743707,0.24037153220213,0.606143398059299,0.843572854148534,1.32935627339769
1978-07-01,2.45905331454256,1.44744436257423,2.09527306785944,2.45426795345106,2.84874592587657,3.91350494503181,2.68497805165389,1.47603468546552,2.25039248690826,2.67469522885107,3.15371462859356,4.32739443148356,2.00624078516427,1.32821604324711,1.86817159708638,2.14537620168855,2.65566558689695,3.85840972282502,2.0765641983018,1.2438882088161,1.86941028545545,2.19580052419483,2.71806602565185,3.82538038581777,0.497245815122664,-0.983818450076186,-0.0302429611043432,0.357523036822806,0.570217965942642,0.999252705598338,0.74968064164985,-0.62434369973634,0.255658424663144,0.614626842060894,0.85153064024773,1.33259720191097
1978-08-01,2.25386527312465,1.31518065972977,1.90892360044921,2.25458694456828,2.65514735038214,3.57640195657567,2.50829315251924,1.33456831443695,2.09041857383331,2.49613564682019,2.96365060968407,4.11027601686716,1.86280714640242,1.19473419299136,1.72073606833673,1.9957772971152,2.46165850505381,3.64799201367362,1.96057198975133,1.14155840917636,1.75090863248813,2.078234051022,2.57789532787033,3.68871857733788,0.43536282346586,-0.973896623557325,-0.0549585940313529,0.307586318470791,0.513992730314126,0.951568873607154,0.688465868235782,-0.634491867254384,0.21673891354115,0.562056138396257,0.792913107516346,1.28563703845819
1978-09-01,1.83682584889133,0.852028331729462,1.48692517764882,1.82455703519359,2.24508393886026,3.21570698907095,2.2371515996156,1.05309296002297,1.82559287491183,2.21568768697222,2.71252539216953,3.804476523197,1.55430417018758,0.881940889199891,1.40034737377116,1.65830840595873,2.14851054016512,3.19522566167296,1.7848087222251,0.949834073897081,1.57737629934427,1.88659248905511,2.40117247100201,3.40569191741261,0.326639707455854,-0.975192700243326,-0.117561447030584,0.213044405441571,0.40826810957976,0.827796151687205,0.592735514579257,-0.685859586564101,0.136827196941949,0.472135951091132,0.69815297465626,1.19877435348793
1978-10-01,1.97367440241821,0.993381321958665,1.62553427973481,1.9660069964586,2.37890313438046,3.3649799042094,2.32295201003303,1.11144533874757,1.88298209508054,2.31332302630732,2.80697174575404,3.89822800056093,1.65656573723272,0.947311928444982,1.49189892745413,1.78335261346526,2.2637470535023,3.38543953840005,1.84017064673762,1.02637421491394,1.61700690952517,1.95049932002206,2.45064549205423,3.48709998268763,0.361305220945731,-0.982178898431426,-0.0958744663290017,0.242086253096578,0.443368022666228,0.859726430306002,0.623330121191407,-0.652087237118691,0.165855620624623,0.500065650424425,0.731869820735677,1.23541753373174
1978-11-01,2.10006876623913,1.13711071535454,1.76568589256501,2.09674497378502,2.52659944151209,3.47164615325402,2.35426263168684,1.15623923037634,1.95225393464306,2.342889769078,2.84712600160889,3.95425208635148,1.76059719821333,1.08636303589109,1.60598774294025,1.88776472416091,2.37263868687622,3.44258877593725,1.85885606139497,1.02188426502516,1.65004554826739,1.9745829559533,2.46689772812093,3.55458305902025,0.383689663176431,-0.983087644166851,-0.0880215508357702,0.266222118818048,0.456922980788401,0.880946030061258,0.635683206656585,-0.645223185595908,0.181891261160765,0.514273488045809,0.736194154361499,1.21787763261792
1978-12-01,2.10645323741324,1.1477528957636,1.77497164312578,2.09989370563687,2.50534059744933,3.52544049903008,2.37348704388497,1.19722438161705,1.95710984888875,2.35464266832994,2.85192604207151,3.99746195231283,1.76260053176483,1.11757465311031,1.60582920561197,1.88282646330558,2.36614175689687,3.56688627184365,1.8716060736905,1.07731710131641,1.64286723088379,1.97853171546916,2.49117606285638,3.56594618239223,0.388105987599922,-0.9652587687069,-0.0796430821448708,0.268582104526397,0.471024842526015,0.888559931303082,0.642361075322814,-0.641474916912376,0.186060903543362,0.518473506580786,0.746131011475695,1.234048549973
1979-01-01,2.04878919889455,1.04406921648452,1.71418999251415,2.05011654496023,2.46162286246055,3.46290160164645,2.33157271185111,1.13379654177311,1.92184879054071,2.32397292701373,2.81602655760488,3.95922145673475,1.7210792316216,1.0464423756237,1.57555811824814,1.85302455409707,2.32628117567646,3.38557901061165,1.84400236213704,1.03465250827298,1.62825722818593,1.95535504271362,2.45793141285683,3.54805976977741,0.371954669651023,-0.96794857804035,-0.0895676555729278,0.251008536273179,0.451534596820666,0.859978560578083,0.628045193303416,-0.650719575418232,0.175588524750845,0.5071523407838,0.737913664157565,1.23595751078624
1979-02-01,1.74324050270851,0.791671806338919,1.39419804848622,1.74177980105843,2.13606164656176,3.1529365696774,2.15842895656545,0.931616430891155,1.73445192531042,2.14046436745651,2.63316186854445,3.74912794591505,1.48969806036397,0.784135073237737,1.33044875097481,1.60071806675556,2.07973330462555,3.16279060124604,1.73210161636508,0.888066180695474,1.51115542452881,1.83243209848696,2.33023111002961,3.36417241508843,0.297713852059739,-0.973602361953688,-0.140474213396916,0.191117290515072,0.383078508617928,0.812134512756455,0.566832702892807,-0.688637877404936,0.115211733724234,0.451829377497502,0.66849751027389,1.17727049120031
1979-03-01,1.63441388111414,0.696342586477956,1.30400821673732,1.63472343193298,2.04850963761942,3.0794732463472,2.10343477857202,0.946129955139744,1.68273863649227,2.09813588130649,2.60767287025949,3.82785822048383,1.40603096751025,0.709518235008096,1.25424784504244,1.51148883636646,1.9574660500971,3.06651054121835,1.69659125999379,0.876851651651423,1.47202344948178,1.79828875716925,2.29042135233147,3.33216708624009,0.272552869030589,-0.968894799462531,-0.14917977966828,0.168210988516695,0.36515676658183,0.765694643392813,0.547459500751269,-0.716178140914082,0.106087667557885,0.431723143810316,0.649864424647495,1.14794799207639
1979-04-01,1.59334595666953,0.640485855577761,1.2605260348673,1.58725795890688,1.98874461608305,2.97417030678212,2.08841307743041,0.917956891705261,1.67403414765478,2.07880913876774,2.57715830578011,3.7303750982963,1.37348857044931,0.6761855080594,1.20576384662317,1.47889011027468,1.93488621682764,2.9732727037995,1.68678335384095,0.886234325818951,1.46577525328132,1.78683916114795,2.30110832583193,3.33756253841015,0.264045245847705,-0.985353561795196,-0.151647609375972,0.160936611206321,0.35776055110653,0.747831587469533,0.542390111361748,-0.725968569561083,0.0967496381196244,0.425511387823272,0.65115782771029,1.17459584093812
1979-05-01,1.46688468678622,0.542693542335741,1.12963614722243,1.46243238480913,1.86726686829439,2.78358692257896,2.01332912631246,0.850343522236093,1.60524469039704,1.99883735668848,2.50784985304214,3.59861684960633,1.27837962546538,0.599583599907353,1.1044062210234,1.37452003067227,1.82704175125736,2.8614283043077,1.63801921078893,0.825232198598458,1.41535422620683,1.73526312361362,2.23895059716333,3.21067893485765,0.232676346680534,-0.984422378021724,-0.180090627187064,0.135320355103486,0.324742633196366,0.724044994268131,0.516088243921982,-0.739890094392358,0.0769071446033219,0.402571302916995,0.61907539810118,1.12046068043457
1979-06-01,1.32631143038387,0.424912974626638,0.989850894689534,1.31561948471458,1.74412102404631,2.68864484102488,1.90578651797567,0.769025329404915,1.48667014460262,1.88597795703932,2.39990750108878,3.49838595927138,1.17733947291814,0.481566497783431,1.00160907405647,1.2646834014101,1.72143808058389,2.74761013468357,1.56788778148521,0.73888869393891,1.34566751721604,1.66801947150269,2.15775573534483,3.23192500743389,0.193041462254049,-0.990694164506306,-0.199229384839208,0.102609324120425,0.286900222976207,0.701922980983036,0.478406876146677,-0.738214387433169,0.0542279203714274,0.372671274433339,0.58825097070457,1.10821990820547
1979-07-01,1.15543063605197,0.206973084129397,0.803640583060662,1.17480575959722,1.57172502509181,2.55154808648826,1.80720240140103,0.620660994829642,1.36383355574895,1.81722204497031,2.28661463476126,3.38768349687926,1.04812005791229,0.348269041279207,0.856794916349706,1.15185782264593,1.58416990126817,2.53164814029802,1.50416048247689,0.663834662307717,1.27359401245727,1.60607787785784,2.09236251900674,3.07849620331461,0.151345295122733,-0.998913553209234,-0.219468778596654,0.0697672788866918,0.255535950458571,0.666063367108043,0.443550738391578,-0.761369526694302,0.022581807694149,0.341107855817173,0.557230467887448,1.06002026737657
1979-08-01,1.20387826994692,0.284304124049688,0.851908843457951,1.20914955427006,1.63391424382128,2.53747938471741,1.83863983930083,0.667888396897793,1.41227305829712,1.83992016567473,2.33626936409662,3.45873197041302,1.08407140280158,0.356204801745319,0.895032839423908,1.17185312065709,1.62093103070861,2.53061704021555,1.52446768108589,0.661802147707676,1.28429946569905,1.61766870983914,2.09682171945362,3.11768564780416,0.163880920385882,-0.994169784091401,-0.215304161099729,0.0754049656396862,0.267945467845111,0.682842584594547,0.454747498335818,-0.761614035597963,0.0296850997420475,0.347381506273755,0.562529389979109,1.05384905531515
1979-09-01,1.30459577650502,0.332781714255238,0.99155016392258,1.31148346920395,1.71849688683513,2.70459043238226,1.8885624141954,0.665761752100395,1.4862610208598,1.88093132958255,2.37952354914475,3.52561914601851,1.16201172437242,0.462104069471205,0.986068142405782,1.26220205806931,1.68426728609304,2.72813641216963,1.55608455952503,0.757283797486664,1.32405564037178,1.6557755461769,2.14375351525613,3.17672219530748,0.186727272629397,-1.00834614009725,-0.199867083483447,0.102893855742523,0.283999696818611,0.673004299993888,0.473112356077001,-0.743261672796425,0.0531299134137286,0.367730984647817,0.583183349380341,1.06551647362521
1979-10-01,1.52292933805296,0.553084811149676,1.1655752992179,1.51944756555865,1.94531917406398,2.85695098654777,2.10502604714432,0.886179568686174,1.67011102256606,2.09213890305201,2.59078556253154,3.71283060776639,1.30958697328215,0.614158950441591,1.14485317304246,1.41358809022094,1.85907370915707,2.88658272080983,1.69783494099255,0.86718314502278,1.46838409206086,1.797773484951,2.30241947459208,3.3445333486156,0.257701430140487,-0.978834786290417,-0.154385012002431,0.154847432975116,0.349854870527347,0.765172315293871,0.548664175555066,-0.714277689889696,0.0961179207520454,0.431835615431527,0.662124410651232,1.16350844952525
1979-11-01,1.5427171264519,0.541426341360479,1.20330939807194,1.54024397765467,1.95846841541947,2.92467586261388,2.15753694245946,0.902240063784262,1.7236692536968,2.14103337847863,2.62264754573536,3.75717080684512,1.31691524407509,0.591540990264442,1.15167794263886,1.4223703924934,1.8786187865903,2.95492883667282,1.73227903418514,0.884160325688033,1.51330792487803,1.84023766946861,2.33809942076097,3.44920259206331,0.270218937593067,-0.985021147426035,-0.141928893322013,0.168710581107081,0.357321617937819,0.787327338558142,0.567068333831265,-0.726791803656127,0.117750061241936,0.444321974970618,0.671751616817626,1.17973492371905
1979-12-01,0.80865366012055,-0.129671130402863,0.47563423555138,0.814625584349476,1.22834276017774,2.15729468487803,1.67019600893654,0.462027247518959,1.24814904246492,1.67432617472836,2.17155696293275,3.29661097409805,0.774188734520819,0.0438049314560047,0.575861160030511,0.856137754655948,1.25049350695802,2.20685055753277,1.41439355044254,0.568200123729995,1.18406669870145,1.5118229101873,1.97602290319363,3.03515956037763,0.07878545390969,-0.915087450958522,-0.267539822307907,0.00569348006157436,0.192788769010147,0.586410322928621,0.397402781585916,-0.800306697971662,-0.0208706202397581,0.297558735492471,0.514913622554889,1.00928731674929
1980-01-01,0.880070965782297,-0.0593568245231672,0.529990963636131,0.870576571388383,1.27103609183154,2.20660498030963,1.78159510033907,0.566507673200199,1.35267489631471,1.7714721340294,2.26897722624155,3.39462986311376,0.814824265615559,0.0714719120104005,0.605251075889809,0.894048350662887,1.31424577354799,2.25890041236233,1.48777489940747,0.640746766826835,1.25361288396468,1.58686105192346,2.08506278771131,3.1143161274035,0.109659851315784,-0.916743385457572,-0.239246762667781,0.0331685592513762,0.223478727723183,0.62126749422731,0.435866556210696,-0.784717165164623,0.00744447044436189,0.326524703367061,0.547405908647862,1.05817263669801
1980-02-01,1.89496308810131,0.879329299366724,1.5231596995552,1.89109907875263,2.30469193197009,3.25860005075774,2.5593601088766,1.28620986818522,2.08659020315415,2.54903753895433,3.04800741939404,4.20841645130144,1.54659632992293,0.832619334344462,1.3795888076194,1.6690067216763,2.1506196570369,3.26215188181001,1.99581261986509,1.14141387481093,1.75936738365643,2.11821089056992,2.65634631011055,3.85952376864449,0.392941596560571,-0.932877664093127,-0.0794754173056599,0.272903508857972,0.476164528205309,0.909456945832741,0.706281242023044,-0.660119463320711,0.199122733937484,0.56577797682842,0.811203402565215,1.32985844157332
1980-03-01,1.71568425721234,0.75270010849945,1.36313900635369,1.70986012520477,2.14001831787427,3.04212389067578,2.30341342740855,1.05493917154928,1.86764555082366,2.29578422036576,2.8054243071576,3.95519321165212,1.44091421606691,0.737019056177505,1.26318508636966,1.56034594180251,2.00687236487009,3.12457719617578,1.8244130022361,0.998187976886894,1.59422872761862,1.92960247939295,2.46605711794589,3.56545373385325,0.319327138707969,-0.949895819399659,-0.111781717078751,0.207794316104833,0.399901304332849,0.812076034371553,0.621465983772022,-0.676284343747558,0.156545818367816,0.491299685397035,0.725657961534005,1.2315845275825
1980-04-01,0.842489144187425,-0.113572786238395,0.488503040460141,0.846583979608145,1.28621993079049,2.15677968562094,1.69835549170163,0.47967592625723,1.25827111927281,1.69426849175868,2.19497469595381,3.39491957917848,0.799773355189658,0.0581378878903585,0.593067462444937,0.895590192990351,1.29735229620905,2.27261292932847,1.42925769207415,0.549377669802172,1.17878845671131,1.52799202817457,2.01583957378748,3.01157022719411,0.0871833129297759,-0.912252909388925,-0.253127007258875,0.00766811337302425,0.208577649489468,0.598904859553453,0.411290387607907,-0.795260967630476,-0.0143435373909275,0.30487663969564,0.53198634529397,1.03156791874484
1980-05-01,1.33580373953427,0.381226083166537,0.990522984328366,1.33444526876901,1.7624130588913,2.66835673824427,2.02724336223211,0.805352346672592,1.56616191307114,2.0227555201278,2.52016764795332,3.66615312702125,1.16434384205093,0.456233367314026,0.980195137073826,1.26508774973579,1.70158305002558,2.71049373219352,1.64447527033822,0.825826998056823,1.39678197958338,1.74733421844097,2.25791635533884,3.25379530535985,0.215873290521254,-1.01037036769631,-0.177865290526079,0.121696348777474,0.316063709837568,0.739954923515972,0.524895599477065,-0.76434014591318,0.0899599375467282,0.413552324163332,0.638287065531227,1.15108734899211
1980-06-01,1.91476189583922,0.949052782578887,1.55549001551924,1.91707521913463,2.33933217763175,3.26938186890347,2.37783305064168,1.16828688491802,1.94164663044625,2.37118017612223,2.86901104983653,4.00969231044972,1.59852496842905,0.929106849110372,1.44119105614514,1.72222882711096,2.18733233249155,3.30185572261719,1.87328085953214,1.03988939120625,1.65916892016026,1.99138917389945,2.50470931138674,3.6334543567199,0.360654457665838,-0.950904793843121,-0.102973785282231,0.246114191881951,0.444063981327933,0.868380014275828,0.646527845158484,-0.638232872659773,0.177042243872229,0.522647650377003,0.757057723154199,1.25177128462372
1980-07-01,1.72671160102945,0.713587009970053,1.35753703753028,1.71122316109526,2.13533415524858,3.19421944741767,2.3465821309683,1.07481171035838,1.888584501019,2.32486046621071,2.82748641410786,4.02059915351564,1.44090447670389,0.753872571947765,1.26170690747435,1.55640601552391,2.00662544012836,3.09176425758614,1.85582508925288,1.00576973029866,1.62921713451403,1.97296191517153,2.47542246998862,3.61916748598681,0.330256194491385,-0.952054825684682,-0.110741797807279,0.219137877517915,0.411024031301783,0.837300515189875,0.633003858041777,-0.654435423887639,0.157870165900073,0.507493556308568,0.735803098570513,1.24981195773864
1980-08-01,2.27914113827607,1.25124773724782,1.9011410207268,2.28281444231798,2.68993489807222,3.71855325490089,2.77233185200439,1.45372106783993,2.3097766512408,2.76300624726826,3.26422893512211,4.53514419944243,1.83845820587042,1.14840620829124,1.66658330956612,1.98575306751777,2.47221548175975,3.64607657552142,2.13443930832792,1.2953836066156,1.89708121383926,2.26743701012254,2.79484641773502,4.00450644365882,0.485236179225203,-0.940661498754005,-0.0282655766624299,0.348469483385281,0.562191458124831,1.00614753255326,0.780505959677963,-0.646500443475257,0.253187457228323,0.63863354417636,0.882621282652814,1.39470442996579
1980-09-01,2.49363026416377,1.46983982174962,2.12185543794453,2.48817999778172,2.91958729627352,3.89932600790537,2.90500493607332,1.64695823074294,2.44537800700069,2.89562447914618,3.40598236915182,4.56102442763618,1.99926789177711,1.29824185678139,1.84461193004482,2.15026090891998,2.66212241764743,3.91834689538467,2.22036014110434,1.37299700366988,1.98818802312179,2.35332361553406,2.86686511765732,4.1278910913212,0.538936674315369,-0.970067885035053,0.0028457078202225,0.396367732487888,0.611436080278837,1.03599068770307,0.827307727866184,-0.628649455769859,0.291010053696243,0.683007444962202,0.924592600113987,1.43746454932791
1980-10-01,1.94666987774567,0.933756231935076,1.58809676620944,1.95869087430031,2.36498696038923,3.38104814021148,2.56379775859105,1.28558176631618,2.11634890741779,2.54846369757342,3.05696709457049,4.21287038159354,1.59063685049148,0.909281719464796,1.42411564054654,1.72176885309562,2.20724406714515,3.36231684420149,1.99793717077611,1.13761392217599,1.76712774662252,2.12145841816736,2.64494571198713,3.7706765382572,0.400593982659912,-0.938662989562355,-0.0667482703852221,0.275910313253829,0.477998690081299,0.919801784208842,0.708523798312633,-0.649910410083353,0.203700129049644,0.569470842743604,0.813893643285857,1.33862248125791
1980-11-01,1.55633151142531,0.548229865011311,1.17780959584807,1.54100468713714,1.99286099847298,2.9325801076939,2.38910264946892,1.09904201992249,1.91278515909739,2.3642016975933,2.90079603344509,4.07845328961526,1.2859046968083,0.547447183974624,1.10224347260871,1.39503102951717,1.8641745109743,2.8887602732827,1.88552162306116,1.03289160600179,1.64609861131215,2.00087379338612,2.51196632520555,3.66930079893018,0.315010310972588,-0.950900623909876,-0.110672823100859,0.199844044612522,0.409751342343287,0.8297359030671,0.646421549396788,-0.695718848490183,0.157170720931339,0.505079149577254,0.75820871191115,1.26039741032082
1980-12-01,0.725125757892586,-0.248912171745723,0.360184634614491,0.728521335992454,1.14934561023449,2.08138459427985,1.87493324264303,0.59718871080343,1.3994503339261,1.86262536432281,2.36138380704984,3.51110835925111,0.663358706409382,-0.123026730656698,0.437522744472675,0.753520914796951,1.14251620623384,2.13928145015948,1.55127204969911,0.681033867803545,1.30962975896575,1.66579558062859,2.12799920494447,3.21006836488134,0.106341470041142,-0.90283953728753,-0.244205035023566,0.025129553202511,0.223868164284946,0.63604189880419,0.46649274127455,-0.803309402019211,0.0145698334658139,0.346925502727453,0.582251976860021,1.09628013548443
1981-01-01,0.190067763204797,-0.770099750487911,-0.177608013405597,0.191797358300088,0.595174404372373,1.52573439954164,1.57717777563036,0.311101942629138,1.11298816045122,1.56895107224461,2.05491152107186,3.18010938582455,0.256207278484643,-0.574053848777622,0.0114959341291641,0.315494328039817,0.709430564549756,1.62439921902939,1.35870899612116,0.470271148943912,1.0898030976305,1.44847309784013,1.93538809037176,2.95062056239606,-0.0215742946498856,-0.919658437974505,-0.326355561824163,-0.0810441905225624,0.11515878646193,0.527175852733789,0.36133616534491,-0.855993372308958,-0.0796880999477987,0.245400078991034,0.485631390199697,1.01098027237291
1981-02-01,0.769007409908547,-0.194058521130881,0.376204286916892,0.749713980520441,1.17673489966212,2.09598510926861,2.04117234356425,0.732438131865074,1.53086668936618,2.01738914938292,2.53766452460333,3.72808719593254,0.669598911053103,-0.0982308100831151,0.433635570814829,0.745428552206918,1.15744468534636,2.15578856729959,1.6631581052563,0.782084078454046,1.40936721208505,1.77247144076209,2.26806819016791,3.46401309529407,0.144006727651393,-0.892232097073614,-0.222871097662649,0.0566261022361111,0.260647887590241,0.660945550812221,0.521036988514354,-0.766380044089526,0.0466828578488547,0.394195531238222,0.63908571342661,1.16610304227552
1981-03-01,1.61233416631547,0.57076841623244,1.22613621306253,1.58829097851928,2.05860207824611,3.01795134519922,2.62014073719408,1.28820546771351,2.12853756406753,2.58841124167252,3.14568985856842,4.33704391468222,1.28999375646464,0.581363909671294,1.10646081852238,1.39802300339748,1.87883092520218,2.94041964205872,2.04158188560238,1.15158542577369,1.80107101009156,2.15844086639853,2.70540845587706,3.9045377045028,0.366949667835901,-0.918658166482665,-0.0840251421051565,0.243309536209728,0.459269647836901,0.923314633315543,0.721632517231821,-0.706202673733193,0.186574603160346,0.574134098734645,0.829126111337538,1.36205625862116
1981-04-01,2.02423919857531,0.953525461791958,1.61757715409056,2.0133588729544,2.47720515976953,3.47821140028901,2.91107547235349,1.57948846654017,2.39488871114835,2.88048542256416,3.4270696564142,4.66153552183171,1.59175193875703,0.891393598032531,1.39700013595956,1.71419258897478,2.2039028524848,3.4445435569708,2.23150538582599,1.33935024611614,1.9846509352571,2.36160824222477,2.94619510095785,4.27391210900834,0.477105101542789,-0.932484718685459,-0.0190600993099866,0.337919483101413,0.562692523142238,1.00929542253307,0.822687250277346,-0.687407105715041,0.258193883339323,0.663210969207573,0.920279022882157,1.43880264858679
1981-05-01,1.37494107193011,0.383326952137071,0.999874209862539,1.37210934461149,1.78309402342644,2.72426999008311,2.43820455526388,1.1714251489701,1.94876449009247,2.41671396904862,2.91732876997785,4.17175958724386,1.1194499135501,0.422906874499478,0.929249139757429,1.22270061668408,1.67373755590955,2.73064442949422,1.92146791489961,1.06022116925159,1.69159118560018,2.03388024229818,2.55038569559149,3.71144205317232,0.30010498467674,-0.926185778976381,-0.124891678456841,0.193327641250828,0.395186420363837,0.833482662088801,0.659809355722557,-0.707505814688674,0.147546787585716,0.51985450371141,0.76285264987879,1.2769533248896
1981-06-01,1.57481575732,0.525161293563189,1.17429511854533,1.56960747101744,2.00037669327838,3.00831026914091,2.50511292415701,1.1818469532638,2.02081185160933,2.48562519223356,2.99777278828342,4.22012918042352,1.2797637641483,0.537534737898753,1.08841639074478,1.38983620583441,1.85405560024546,2.94814858698081,1.9637452087862,1.0851180709803,1.71736045522281,2.08108969856771,2.61695390352076,3.79941115258578,0.339656676762651,-0.932032699449398,-0.101912677115407,0.225497834395734,0.426882232490288,0.88153763394702,0.684367856814479,-0.688911298386884,0.170877291530103,0.541375150150318,0.79349677415735,1.30263510678155
1981-07-01,2.22369159740068,1.18156730692878,1.79342136573323,2.20483642359388,2.6669194409465,3.68092478926163,2.97310647653835,1.65794282042288,2.44890419114416,2.94740871507267,3.48966352998314,4.63308458903352,1.75339342770484,1.00758028428712,1.55785237023793,1.89047201195318,2.41267780297258,3.60020054107201,2.26929966284775,1.35228860568435,2.02953888591591,2.39992290263615,2.96875853908882,4.19034408269453,0.514917785782951,-0.92816409288987,-0.00454741826656362,0.374905710138485,0.59345735595981,1.03989835329797,0.846901872610285,-0.673016320206156,0.28399207672626,0.693525955046203,0.94928303499152,1.47078532859162
1981-08-01,2.74657394652347,1.69904975718544,2.32025129215211,2.7275773314741,3.17029200079511,4.22387668080875,3.31936247115276,1.97109737579549,2.80218267153779,3.29098685286667,3.81015106517214,5.02659787739885,2.14108442789662,1.42780881223754,1.97279541416444,2.28905191877243,2.84191996745271,4.19455695012057,2.49443779398961,1.60075397488375,2.25464182102951,2.63525172066881,3.21085110836838,4.53611813660327,0.650115101111993,-0.976428460882986,0.0572788334809534,0.484452237260316,0.715296549964688,1.15981068614117,0.968058957466139,-0.622226080448999,0.376520628768169,0.801825789522133,1.06096733205017,1.58961271197413
1981-09-01,3.45918305186809,2.37063355419473,3.00226401587895,3.43900003130938,3.91840448097141,5.09607881121702,3.83582368523249,2.43430140817744,3.30094588986371,3.8029613120667,4.35966212512641,5.65034735155782,2.66065079689651,1.89485576596029,2.50348398996171,2.85072769263302,3.4509964933757,4.91367419339253,2.83196641025745,1.88121417286001,2.60888773140752,3.00096346646776,3.63345915759244,5.05295456749338,0.84316271033527,-1.0155140517234,0.173886803841652,0.649729732809615,0.902250471033643,1.35066623272764,1.14704806914324,-0.564707554373169,0.50434190379345,0.961701486615114,1.23583488461087,1.75193466408449
1981-10-01,3.46624722128062,2.3800100663785,3.01444309576864,3.44332286016547,3.93403609795443,5.08391660519917,3.85016041769681,2.47270017844751,3.29834341525273,3.81988184265317,4.38384440809373,5.71532340004552,2.6646465499752,1.92153780345454,2.49302494797852,2.85899849406774,3.44843452622906,4.87681950682286,2.84070787266837,1.95621125888462,2.60393800637327,3.00517138381545,3.63178443237252,5.08948147057264,0.846231344628334,-0.999882855865297,0.177565576171595,0.658300228466385,0.904272596920347,1.39199452266329,1.15265463449512,-0.553329404268678,0.494444926421199,0.965314895489286,1.2379459521261,1.78913239854923
1981-11-01,3.02006653859162,1.94697315187962,2.61119047223522,3.01632682281357,3.43817062628457,4.55063156838536,3.41961162669785,2.05620946877952,2.90712916137196,3.39379058998411,3.91384342742714,5.17914179137241,2.35959684772229,1.63647879692584,2.19516546493114,2.53175840818055,3.08214591198753,4.49672313279475,2.55691587732133,1.68039708486506,2.32447364830951,2.70568923285573,3.27815740646651,4.56311988431163,0.70509193958456,-0.967912439101792,0.092638465553551,0.535344480964532,0.763528148637967,1.21712335723328,1.00579026324533,-0.605394844128544,0.411599824859068,0.837811738960867,1.09397072017692,1.61088984787165
1981-12-01,3.57238355546692,2.48528545271993,3.11282965165121,3.56175971697367,4.01334272012594,5.13607195689642,3.81513142726653,2.44120107113364,3.2820848319315,3.78724343080789,4.33020132662303,5.68108051881791,2.76261041696164,2.03581732703859,2.59910706348525,2.95616576892823,3.5494376532249,5.02653087258013,2.81609164303102,1.93321043423057,2.56938956441123,2.97829654648473,3.61436602089036,4.98048318629631,0.854402630322517,-1.00070417953687,0.182135284407186,0.665229731628725,0.908877412627067,1.36059641989269,1.14217848381376,-0.556485644406516,0.49147804376775,0.965989273927541,1.21859193375712,1.75918141049531
1982-01-01,3.63441565066919,2.53143453582059,3.19667431112567,3.62521711344172,4.07518155522281,5.27651985951784,3.92685369616142,2.52223533278619,3.41409127504264,3.90116169567917,4.43399483916737,5.80400781324764,2.7956169334032,2.08702290060331,2.64868414518418,2.99146503395192,3.57792670028111,5.18225584612513,2.89006535983644,1.99374819177958,2.66018440480836,3.05544228169852,3.68974652143589,5.11534780712426,0.883429572089475,-1.02709891698777,0.195884902719861,0.692787734189865,0.93677009011957,1.40564354264816,1.17997788418039,-0.523436818114939,0.528000457386855,0.994995438311428,1.26370558989495,1.79353165240566
1982-02-01,2.90311954742199,1.81093313230181,2.46748259046398,2.89725334802129,3.31770897081086,4.45327575031271,3.41917405534709,2.05160541090205,2.90379619311171,3.39367070822694,3.9233504792575,5.24479366237984,2.25854296540725,1.51550565491078,2.10946720831557,2.42418624730168,2.98422391037274,4.3864342824214,2.55829289369396,1.64195871863782,2.32406368194588,2.70904602129837,3.29732645975973,4.59102074913571,0.68920294502528,-0.969116558960617,0.0871154635701599,0.523182048245008,0.758958603071955,1.18910911508383,1.00403498571565,-0.604124087453189,0.403099049775381,0.838138805460855,1.09847844251299,1.64284149633301
1982-03-01,2.89892103026827,1.84489895468108,2.49389041574366,2.89163616909822,3.3148603553906,4.4821835319421,3.36274262088662,2.00713338423298,2.85818353206295,3.3443108747256,3.86660641206945,5.14937045286551,2.26519540740545,1.53785848847923,2.09802972915696,2.42440619675736,2.9866613994209,4.33911112231685,2.52077229583776,1.65833715796425,2.28135705456438,2.67255722359035,3.2560751374601,4.5322056116377,0.678348436202055,-0.970959493481971,0.0788366059327707,0.512962701076591,0.746661493814147,1.1781262165941,0.985073451860188,-0.607127562486077,0.378240627373355,0.818492464912685,1.07317273747532,1.56983563285037
1982-04-01,3.0284677188215,1.92600082636936,2.60184395216881,3.01564365008271,3.48542295086003,4.54759277824037,3.40816000411095,2.0722209217182,2.90034075287644,3.38154010381443,3.92365703119822,5.1910128566272,2.36885409125793,1.68366838987189,2.20933026830034,2.53255816181333,3.11545635355096,4.40889955725947,2.54930998957235,1.67167982751531,2.31705879097846,2.69351358648691,3.29039307254651,4.65764247330633,0.70423611416106,-0.971476850743594,0.0934919807832472,0.53679032409559,0.774501774246619,1.22238189173914,1.00192772993747,-0.600431687252102,0.410453526741921,0.832706826223821,1.09602748968338,1.61123330311007
1982-05-01,3.07419390744305,2.03710380494921,2.64994257833595,3.05960571811527,3.52057424548538,4.57290573739669,3.4470185701203,2.12032250564198,2.93619755429,3.42072590140824,3.94108134953392,5.2083781751714,2.40073381636863,1.69250835964228,2.24253427308039,2.57032815699728,3.11329913358574,4.5037382993803,2.57537065414739,1.68070982116863,2.3527953969301,2.7218517621148,3.32295744287701,4.64018436049933,0.718082433727385,-0.973221109180034,0.104710863198516,0.551776757282764,0.78454062154304,1.2061215244745,1.01472321952566,-0.598781873190673,0.422659842947441,0.851360246878439,1.09664002195625,1.60608750132719
1982-06-01,3.36158171846321,2.27615708608215,2.93977962910097,3.34968064695023,3.82351949475479,4.9453891359902,3.73424235223233,2.35987168199233,3.21201049310556,3.70640966674283,4.26160803207272,5.55412475292997,2.59498922957314,1.8768935308093,2.44501759886289,2.7852271868264,3.36300675167946,4.86910147314842,2.76534351721749,1.86445730500612,2.53253677963788,2.92063470710198,3.54144397983355,4.87358636289222,0.811221086133104,-0.988193347703344,0.15488171711553,0.62890437901706,0.87190428823168,1.31248711013419,1.11205852353783,-0.552113245847352,0.482453745196988,0.928742367736867,1.19037372660492,1.72443484421123
1982-07-01,3.66618551654726,2.5361084652115,3.2191939897141,3.64991066229727,4.13972433392195,5.27034502963729,3.87923182226625,2.52702639199612,3.34919976041811,3.85146444128869,4.42397851971774,5.82934616276003,2.83153781439569,2.13670976540548,2.67708478409154,3.02886085752696,3.63936845650492,5.19785512325945,2.85817390307909,1.96966031600068,2.61724599498165,3.02642385801196,3.64795365927175,5.02549689373713,0.87927809307066,-1.03205426792464,0.19401606399269,0.681820130535285,0.939634462927923,1.40618535801056,1.16420074233559,-0.539476281042378,0.510534084036404,0.983720050901061,1.25310023094302,1.803649114065
1982-08-01,4.31585603938154,3.21560132449393,3.85985010622954,4.28725660599071,4.76933334469078,6.00696728057128,4.20727347290934,2.85427222912748,3.69091753946911,4.17293382895962,4.73256841829678,6.2101963818459,3.33163742912309,2.60893534069399,3.185258294444,3.53572333441322,4.21730945909398,5.83918534973666,3.06993502813564,2.14007245580202,2.84869042351713,3.24047645654161,3.87881487963411,5.33952703287733,1.02886627117063,-1.13356336848871,0.272584015424999,0.810572766078203,1.07749901536639,1.53235912195236,1.28045178787742,-0.504612658834298,0.605993253632749,1.08702449364071,1.35285314936448,1.87360676101451
1982-09-01,4.57919497716414,3.48967933686876,4.12941396721998,4.56388324568549,5.050814802798,6.21202612635401,4.26882536468048,2.95908938981943,3.76221387627955,4.24366545483498,4.78730412529817,6.20927285825319,3.54742528228115,2.82002940051806,3.41379792143458,3.77972937313232,4.45695146434058,5.99892691718878,3.10770049471818,2.26342702906153,2.90708629237682,3.27828326251205,3.93441151384819,5.33474589270585,1.07645084614434,-1.14003242972263,0.294318498296589,0.858458960537849,1.12682092857671,1.59774741606466,1.30416625709045,-0.487681278127107,0.631971014634479,1.12266948611754,1.37545647323734,1.89476551355265
1982-10-01,3.47613816700449,2.4536193657666,3.06396041657037,3.47616027658985,3.93897348326687,5.09839783757698,3.50550889164201,2.18216376782466,3.03516628312294,3.48773720988708,4.00504956360686,5.24979334341939,2.73637705210186,2.00128128895431,2.59323051532152,2.93234397244755,3.5027306888579,5.02237141283055,2.61004042191246,1.7451292270016,2.38534813179476,2.76342061963539,3.33383114128986,4.65879491586626,0.784396595746489,-0.993284467763915,0.139055819825765,0.608196627305509,0.841447411534197,1.2736277134721,1.03822870578354,-0.553096906114691,0.444735335364783,0.87478090932119,1.13396996686742,1.63035530691787
1982-11-01,2.83365237501142,1.8171134360012,2.43844652681937,2.82585891551436,3.25290899375788,4.41229533632666,3.13391084274391,1.86273220532585,2.65268830089248,3.10747369861209,3.62539664179388,4.84366444386145,2.24948915984676,1.57510267813503,2.11048877964928,2.40330855385851,2.94111264092571,4.29210872597827,2.37058804694899,1.53377029660693,2.16358845423706,2.50496930175768,3.08985697919323,4.30583291733963,0.628752828247016,-1.00704401636026,0.0488850210370964,0.47943792438582,0.695301707521607,1.12978188008227,0.906000520465056,-0.619022661411536,0.351994396543368,0.746095304293258,0.999457368799462,1.48522952030381
1982-12-01,2.7861143879374,1.76636043277227,2.36645348696089,2.78065472593538,3.25879521214662,4.32873690419977,3.18633364606409,1.90676035050492,2.69371435743047,3.16325169006788,3.68544514285281,4.98029773243388,2.19748318408111,1.55070614446347,2.03608942651918,2.34811751587559,2.91938893656224,4.24585376189342,2.40794151103163,1.53006197940023,2.17702313799925,2.53499893936641,3.12170799418541,4.34972648959784,0.633227579531213,-0.981453305743578,0.0487733624252004,0.4740042232301,0.698438622763849,1.12827836681254,0.921204101130982,-0.621259090863052,0.351496124495229,0.758307220281208,1.0129682795148,1.51613879709641
1983-01-01,2.45501012242037,1.45579222481642,2.0683937912051,2.44475413776397,2.90600945130172,4.02229452336823,3.01609880582829,1.72515728141626,2.53560030040731,2.98898140163986,3.506271925969,4.75061429417867,1.94276817852212,1.27002621623337,1.77211960954883,2.09138731913195,2.63627191484423,3.85794356326646,2.29861398831514,1.46821699626814,2.06798461778737,2.42890618348484,2.99651452609767,4.20378072829833,0.556818422480192,-0.948365036139492,0.0129568787190551,0.408332599291077,0.634125908383746,1.070387674917,0.860309097340343,-0.643125229889602,0.299142819356606,0.707773912252884,0.957370792254616,1.46454070670502
1983-02-01,2.550757862479,1.52832531757822,2.15709224977491,2.53478648520615,2.98567332605238,4.06662233439452,3.1295839814167,1.81775026537926,2.64318413965399,3.10025193970726,3.63669947007474,4.84025485356043,2.00365906700794,1.32072669140476,1.85087648671847,2.15633274007702,2.67268771782508,3.95801980146014,2.37446127883776,1.45742935230196,2.14697243331251,2.50615013969212,3.0726707000172,4.3916786278713,0.591689730630551,-0.980157856904943,0.0388034883724177,0.443584329338404,0.658731957727475,1.10829603367096,0.898040785615366,-0.644497908445868,0.331046298956267,0.73703610958638,0.99412621560071,1.48447719644372
1983-03-01,2.28491443178505,1.29860646887865,1.89333385027421,2.2746527328773,2.71266102599855,3.81525824355836,2.93147581566548,1.6753217023783,2.44516393485315,2.90847714897307,3.42826616316406,4.66655391678673,1.81087283514321,1.08451641951164,1.66467059570947,1.95300032187038,2.4526909390789,3.63582733301044,2.24502641913293,1.35985453284549,2.01166582245675,2.37621861227832,2.94284366011801,4.13989393559859,0.518607166496266,-0.941880243331496,-0.00188259704226544,0.377306282719143,0.594468857946101,1.02863786017618,0.829267953148398,-0.66228955979488,0.278041707873296,0.675879303525188,0.928803733357741,1.41438934190209
1983-04-01,2.25681070092071,1.25929988357738,1.84124523362675,2.24895146338953,2.6930141028179,3.66003730953414,2.88843072040176,1.63577663629846,2.39539797211636,2.86471097990174,3.39561401639009,4.5758869833456,1.79482196114587,1.09865198291036,1.61764723882345,1.93729535027251,2.44124037052526,3.66282784408291,2.21622707707659,1.36648497869697,1.97226738636402,2.34430433698851,2.87695065233611,4.14504681795461,0.506546223106738,-0.920542104614282,-0.0110631325380761,0.361960370703632,0.583057147775159,1.01005691756389,0.814969424361275,-0.654648225862711,0.269355533458962,0.662805693058051,0.910283005286497,1.3926009171908
1983-05-01,2.18797836130684,1.14215868058533,1.78685022048515,2.17781171809234,2.60841467871169,3.67079253702598,2.86986144011677,1.55727039397812,2.38886247421046,2.85112168293689,3.34897430627638,4.582920365463,1.73841892218435,1.04412291171509,1.57251583210087,1.8728045826677,2.38460549979107,3.56606750925897,2.2052005265519,1.3544308833861,1.97964285291306,2.33206326161426,2.88406494058417,4.1088678392701,0.494114494431076,-0.934542491219219,-0.0122362843804994,0.357261331838001,0.577305058082913,1.01328225657708,0.807453853168721,-0.657771979171664,0.259283021321137,0.655376822081537,0.909363072699348,1.40999897868279
1983-06-01,2.42867271173971,1.38014885495917,2.03390028949814,2.41710061683343,2.85723745279518,3.9677513748049,3.06407242796278,1.75683059397221,2.57701597871046,3.03615629907759,3.56360963076721,4.83213737445081,1.90993114414261,1.1982040414127,1.75013891912522,2.05592563303277,2.58106725429445,3.85993315019422,2.33273012940973,1.48275148764291,2.10350712053557,2.4688928426082,3.03987545292774,4.33889171506807,0.56332625188442,-0.952724516359081,0.0237988747606527,0.419480082455911,0.644896651367633,1.07302602974843,0.874253235699719,-0.661862204281104,0.316028899548874,0.717301326530194,0.973668561374765,1.47264294996951
1983-07-01,2.69439918873513,1.6420429611616,2.28039708707884,2.67456930769031,3.12980499435134,4.24021174773668,3.28833168274736,1.96119715527716,2.77721355945272,3.25113925974198,3.79980816420446,5.04713372977163,2.09780177278778,1.36952637348582,1.93083419824426,2.25619703929463,2.80090296992203,4.15511352690057,2.47976493649583,1.58213198317098,2.2515180895313,2.6272638114345,3.20018783484339,4.4822506532118,0.641205422616273,-0.974965575732186,0.0561650658709078,0.479952249837799,0.711638059936856,1.16527534798663,0.951598181507281,-0.627911943241311,0.363964383275045,0.786389688031416,1.04884039285446,1.57575961771079
1983-08-01,2.85630098190365,1.79060288303863,2.4304222620184,2.83657554577267,3.29382183004332,4.36551077981556,3.43679874213752,2.06277605785898,2.92458965996667,3.4014308905552,3.94519186563592,5.22576045788951,2.2099508742591,1.47533907208351,2.05906779698119,2.37045999062958,2.91249531830737,4.31602715409188,2.57749176550273,1.70139782377308,2.33998362984358,2.72011668679505,3.30792822114194,4.68095471672935,0.690968051755663,-0.955795041797215,0.078272376924109,0.52165591380697,0.75642154462968,1.18163784978417,1.00240537356267,-0.613110001075558,0.394279822384393,0.831827687204605,1.08583920139757,1.63012143167372
1983-09-01,2.79527488732321,1.75050415505486,2.37465211990473,2.78251839578119,3.23534774648678,4.347696551603,3.38454937482446,2.05885043423906,2.87469821876386,3.35521818750458,3.8987510513559,5.19176143570999,2.16714617543994,1.43097655726637,2.01020843691653,2.31998782229955,2.88484215119693,4.2390476837168,2.54294017672772,1.64900351555741,2.29829614072216,2.68062084863727,3.2764111260381,4.62363665463131,0.672743694389651,-0.961659899733234,0.0769421880914766,0.508681143846074,0.735486444058299,1.17276722493352,0.984688620807642,-0.620845270936224,0.379108745750066,0.813359533042287,1.07586904643555,1.5817365843898
1983-10-01,2.75800787236923,1.70711677902259,2.30831580915292,2.75182609936813,3.21770639062304,4.3491817629972,3.34982272365969,1.99663205402527,2.81942784217063,3.32261414741802,3.87862522875147,5.15393452877845,2.1416995325418,1.43226285733402,1.9641042558205,2.30209074360194,2.85551537517839,4.14774462158079,2.51972245433222,1.64192419150744,2.29659579763753,2.66642511955397,3.26520552423017,4.59879575644882,0.66092128725048,-0.968069405147429,0.0699774025757332,0.500666051172616,0.729790465227892,1.16737382972315,0.973166277354864,-0.63569984266939,0.374184016717312,0.805470191922544,1.06875416741041,1.56586552140347
1983-11-01,2.76006832281623,1.70565647909414,2.32531223064068,2.74611165845355,3.2138584285339,4.36760223368316,3.37414794699239,2.0253859989412,2.86300849662556,3.34984936719177,3.88762152369388,5.1913796792755,2.13879769156528,1.42739233362967,1.9605774868258,2.29062824768915,2.83990691024311,4.2025269856553,2.53626294887432,1.62219576902842,2.29597581499219,2.67586842065838,3.28148587702759,4.58562643132421,0.66588532206819,-0.961632294090061,0.068598614542731,0.504638605433935,0.738324039091193,1.15121077388727,0.980973269586707,-0.629150299140232,0.379058373184397,0.813191423869434,1.07151218949611,1.56568856070095
1983-12-01,2.7688189656796,1.71368935786719,2.35721703481127,2.74171464318322,3.21004672432586,4.39751674393663,3.38705037324267,2.03330512204177,2.88324127266169,3.35219163108951,3.89955620963846,5.19036641287389,2.14397279110231,1.42600228512397,1.98205584353259,2.30842674540988,2.82368788027612,4.17839006392853,2.54480541639599,1.62151773428093,2.3148877957039,2.69784491610837,3.26228058780534,4.50805578515757,0.66946185536913,-0.964996251681047,0.0684788369252548,0.508228355035905,0.741524318786035,1.16017606477164,0.985341402243649,-0.620317159514442,0.378355416552988,0.818834897408867,1.07230400632219,1.5769421577188
1984-01-01,2.64261592434449,1.61592196406046,2.22167799351344,2.6226559564692,3.09156193521895,4.19500672712803,3.28104389522939,1.94657673533518,2.77270689757795,3.24789751382247,3.79312251233048,5.14826993940987,2.05493395910583,1.30447707919535,1.88815329785393,2.20419161436044,2.74463783875746,4.05576546358531,2.4749212163556,1.5748888368043,2.245183385939,2.61266255456439,3.20164737031458,4.46385528670985,0.632291608194139,-0.975454036020092,0.059494670092752,0.478647456001933,0.703097043311859,1.12464957930294,0.949183863746153,-0.643186228158059,0.356492880390201,0.783498826109411,1.03983687457492,1.55055198687927
1984-02-01,2.62836474501292,1.57523784534492,2.21424641587131,2.61034452151919,3.0874426283502,4.17051513177004,3.29985338598007,1.96117588708935,2.79071082442609,3.27436339236282,3.81123136877414,5.06258830452358,2.03890110392404,1.31126194644373,1.87263884874833,2.19147713387735,2.73455107665137,4.02661877342593,2.48806220180176,1.5841951973596,2.2616930573913,2.6334757222901,3.21513889489456,4.58927672096318,0.634075158588034,-0.960505761925477,0.0568932806378086,0.474921351367115,0.706839653038783,1.11578509286751,0.954877161596347,-0.631670561986967,0.358058541311774,0.790055864235439,1.05045082185878,1.56761208599722
1984-03-01,2.77833789359823,1.67849918533893,2.33781503265436,2.76508342878606,3.24759706516829,4.38358067711289,3.45864870656751,2.06085592531251,2.93464570644745,3.4349919582747,3.99661290191596,5.31097404269012,2.13880549547215,1.40608126121098,1.96710731977892,2.29499404236778,2.85985737386818,4.27312760274221,2.59293432507437,1.69721669794714,2.3666835314093,2.73279987882352,3.33478938226691,4.72758239589022,0.684152820102384,-0.953185254390396,0.0774616665233412,0.517891636286276,0.752238750340512,1.19665295137838,1.00886441217128,-0.622128122004883,0.401008207869815,0.834737125935348,1.09372394197706,1.65288123593625
1984-04-01,2.93640951580639,1.80795479961253,2.49806090794778,2.92248560383236,3.37521489631983,4.6343522729219,3.57556926619927,2.14885496687251,3.04550329383033,3.54726228333493,4.09070185410857,5.45756678582947,2.25396513004391,1.47551556659166,2.08277936000639,2.41518118200961,3.00248155598335,4.36838189226428,2.66891109363693,1.71414027022352,2.42299271186444,2.82806373869672,3.47124726174231,4.84137423625521,0.727069004707275,-0.946279971182598,0.102304882200898,0.553283196538601,0.795257224695457,1.21627498066252,1.04983040902552,-0.614438522636133,0.420297292842037,0.871441406132191,1.13477688887603,1.6564375455462
1984-05-01,3.54546973413537,2.43464852250159,3.07331370644089,3.51602799655621,4.04849490992294,5.20757900839731,4.03717388909809,2.60799201416727,3.46326621468188,3.99464485066623,4.61563054719921,5.98397030305003,2.69421051864636,1.95077232221556,2.52964077551751,2.87803235637405,3.50776075928034,5.08068283948137,2.97106276602901,2.04327141219358,2.72356910385563,3.13337491822998,3.78487715437776,5.27954001596929,0.895892776732946,-1.00357526413842,0.207133126216154,0.696951483533199,0.951738067526895,1.39375524337021,1.20934661075735,-0.555161008752914,0.541921450050622,1.01848922991675,1.28561692832241,1.81686811864769
1984-06-01,3.97701682079297,2.86166647080717,3.51190052013333,3.95272682662809,4.45817024314656,5.67960951341768,4.26988266855605,2.85328115821946,3.71610260917024,4.23184896959278,4.81177182612554,6.27073755559186,3.02425138270068,2.31857224313901,2.87569860126452,3.22459259626661,3.90047578692912,5.52345289386521,3.12091740079959,2.18269021820291,2.88068013506059,3.29886190209259,3.9464995753237,5.40688295890345,0.997403149370308,-1.05713920300481,0.263815969727409,0.793030872023015,1.0536174136039,1.53746731481718,1.2922060608327,-0.53982090405834,0.607637616341648,1.08982780528529,1.36745615706704,1.93634751043383
1984-07-01,3.72799561260055,2.58844777103227,3.25649611608536,3.70573683534695,4.18791856035455,5.4118335596361,4.03377018949889,2.59420288773657,3.47981258535949,3.98587642657529,4.56019186904122,5.99492404559531,2.85399135573171,2.09190115909834,2.68989409353095,3.03974243199278,3.65256262518785,5.24524353874573,2.96424887113988,2.01431236638014,2.72042625826047,3.12321910879841,3.76080769862503,5.21167176912012,0.918638417360752,-1.0195295960853,0.212524430672298,0.722654154776666,0.97694927141654,1.41994085029306,1.21271609889336,-0.521880237980664,0.54771493112081,1.02164526476991,1.29054546400986,1.831078807952
1984-08-01,3.12987803204849,2.06247533840229,2.72207194091476,3.10749608551129,3.57903101122076,4.72797240588588,3.5647062814327,2.18968949055116,3.0421933338174,3.53830226363357,4.08043416156901,5.33027582708032,2.42469607427058,1.67854261600566,2.26880095756704,2.59624461156904,3.16740562357182,4.53441193734304,2.65682571638162,1.73347449894076,2.42640611903905,2.801944027827,3.42615537884869,4.75205300358043,0.749805714681407,-0.95935968463826,0.125848755703011,0.578528669903339,0.818450244361141,1.24589351206456,1.05098167718621,-0.578519221099683,0.436753055659924,0.877999245696583,1.1384906630735,1.62987801095478
1984-09-01,3.11235971267595,2.02782410389933,2.66026684632554,3.09783465830885,3.54842464054123,4.73565882242492,3.54238507144713,2.18574931245131,3.01617508985786,3.5178277415176,4.06378715471289,5.39083685076846,2.41328057553824,1.68223801831784,2.24498474160853,2.57849110258237,3.16862610949966,4.61283847531673,2.64264453797719,1.77484451326274,2.40353620258648,2.78560190060375,3.37950166551526,4.76877952767827,0.743701884660418,-0.962503930746708,0.117479523216577,0.569513223859334,0.810435851524214,1.23301803389477,1.04282310937138,-0.581390251775703,0.429337644148629,0.870835974294611,1.13211912046341,1.67586459464559
1984-10-01,3.04052121500668,1.92170948020054,2.60846190351451,3.02932153717177,3.49225659550701,4.64496191224635,3.46843063716825,2.08543562321285,2.93993352522055,3.43176170644362,3.95229182438571,5.26115151427203,2.36498166368917,1.65433129067261,2.20462602912337,2.52573682291986,3.105225770623,4.52070652187395,2.59389307720172,1.66534121799649,2.36021324663661,2.73962664771164,3.32045465379972,4.59802577816369,0.720159083215139,-0.974571067967203,0.0933292934874083,0.551898917781538,0.78648208379183,1.23204895224488,1.01758311291195,-0.615620838485318,0.414183815845882,0.850495382960579,1.1090231720997,1.61662542092804
1984-11-01,2.95549137164217,1.92802503996291,2.53896646946058,2.93841457543229,3.39783550702826,4.55551416720382,3.41187751232641,2.07494969350703,2.91125913451706,3.38056951662898,3.9438614343431,5.15577005814919,2.30146871266808,1.6077258155571,2.14047291024833,2.46487623574821,3.02713575572805,4.41878663729898,2.55776288267969,1.65877265443794,2.31631919768792,2.70698902210975,3.27689583943731,4.60262847153996,0.698639349407495,-0.969632924105997,0.0843212340381747,0.533789141861685,0.768479561286643,1.19112476346844,0.997138088634198,-0.599298396224916,0.392604392187163,0.831096825237839,1.08912265032774,1.5807988375761
1984-12-01,3.02792961684067,1.95180510494036,2.6003825599508,3.01806080911809,3.47689398057942,4.62317561612135,3.51426969187353,2.16328715119915,2.99250157274153,3.48629818817495,4.03687223540483,5.37003659737917,2.3441849083475,1.63828644337758,2.18163324565988,2.50840575408736,3.07812077242533,4.50658541321867,2.62663964884118,1.74148136201085,2.39207094134652,2.77315160752341,3.38618841437163,4.75616745785478,0.728368414225553,-0.956598822153466,0.1168182226263,0.559881549274593,0.790402041892727,1.22889826535805,1.03071811805784,-0.608023744873676,0.421310191163614,0.860849733909912,1.12045648072379,1.62763760347079
1985-01-01,3.00670460503409,1.92644587970603,2.56706716600052,2.99644458144196,3.44822688523456,4.66241616004269,3.5163525391159,2.1908850358543,2.9922440639447,3.48506088633358,4.03505948673879,5.44109163258216,2.32522983782101,1.58990863877468,2.16050594017206,2.48057845815423,3.06629819356078,4.55981036572994,2.62862425690537,1.72460274022862,2.38726865791965,2.77653058539199,3.38132614757968,4.79336749300731,0.726098973704572,-0.962137210678149,0.111028883477954,0.555523837712274,0.792470582318177,1.21844268134701,1.03082884461683,-0.611203010318887,0.414443512099895,0.860162264629457,1.12431653592695,1.66322450777537
1985-02-01,2.84275741669425,1.77028176599477,2.40552700741091,2.82275552745909,3.2745543734073,4.43102219056544,3.45203654189155,2.08348400427417,2.93284087180115,3.41362802424073,3.97278251675644,5.26978802245539,2.19497847504632,1.44823311392147,2.02702061579583,2.35020551868444,2.90522664260882,4.33121251105371,2.5884612298809,1.65324196853137,2.35339637458405,2.72977686171436,3.31257345957141,4.63298006547971,0.692397967763293,-0.958785819699481,0.0855200839003946,0.524101410587604,0.757089045020504,1.21429340645461,1.00669350037479,-0.617960591237173,0.392611653798884,0.83612088711033,1.09154262106207,1.61262762242154
1985-03-01,3.14687600047617,2.0598039834846,2.68756071933645,3.12097629381048,3.63244203176255,4.83422233796705,3.6900418826265,2.29808097619373,3.14773157079173,3.64677832130315,4.20669643283464,5.59306647109831,2.41292740158367,1.69840930176796,2.2438713434121,2.58368479220255,3.17273207311182,4.6232090055848,2.7449577746405,1.87321681023608,2.51845674069096,2.89507815187695,3.50843916663582,4.93047471973678,0.778579882619053,-0.946195525991704,0.142142509010535,0.600042463766526,0.83649072112423,1.3094380310045,1.08827175568682,-0.588240424612455,0.449852830776844,0.907350385092878,1.17817315521883,1.70681314262764
1985-04-01,2.94734576108733,1.81969739191564,2.51927835379776,2.92155985467236,3.39898782912677,4.58885837695496,3.52919413871306,2.13408436708606,2.99991486444563,3.48744033128616,4.04901001888787,5.3713096650601,2.27064402608705,1.54772641516972,2.10954197098503,2.43077660542109,2.99451943179481,4.51019747341226,2.63929585323018,1.71420084008155,2.39687830752372,2.79038608450268,3.38377409924187,4.76094155494508,0.721326053975062,-0.956287407154413,0.104643532448942,0.552523603835534,0.782094758692148,1.21973723760103,1.03303969961072,-0.616602998457732,0.409060482561581,0.859395708381915,1.11233358171156,1.63862242689307
1985-05-01,2.61607512979653,1.61705643515451,2.21136263110149,2.59903125616228,3.04880063434946,4.13096938652885,3.2736088158582,1.96591659808012,2.77948922968047,3.24420859712477,3.77581589014658,5.06910838035075,2.0318638340576,1.32644401502637,1.87489732724551,2.18189132660006,2.7280736197552,4.02968945098393,2.47217291899906,1.57765564498728,2.23739405962714,2.60777494433336,3.18221599486302,4.48071190775877,0.628816513566381,-0.973261876848569,0.0557016071144314,0.472896196192565,0.700640985438099,1.13556940354426,0.944492689717906,-0.652416842228251,0.352972358380833,0.772027815313846,1.03049781238686,1.54583246745884
1985-06-01,2.38294606193114,1.36968533472855,1.96354370292163,2.35825392070318,2.81839063187524,3.92900581486398,3.06050014521722,1.76569694298481,2.55635288609799,3.0322099159095,3.55946842975834,4.76160468155205,1.86995341883912,1.1661188418906,1.69580692830208,2.00806895345026,2.55404197509984,3.81312794080464,2.33225821995421,1.43562356176004,2.10345666552328,2.46387739901968,3.03457468759902,4.28713088989017,0.557568326478235,-0.937540945051114,0.015722054575518,0.407099303647098,0.625874348590833,1.07160634102542,0.871166764305857,-0.673510369163398,0.304043167065124,0.709589417368687,0.962963287717471,1.47451138538619
1985-07-01,2.3938796010352,1.34086161773792,1.95552470113926,2.38449767694519,2.81486922605086,3.88443579688416,3.11077695591064,1.78373789578815,2.58622152727719,3.07780015310359,3.61958133823903,4.83134481759761,1.86960615614,1.16582563765347,1.6848472064742,2.01644578562308,2.53747945100473,3.77779728032494,2.36648212450248,1.46437179193129,2.12950223745807,2.50093455517018,3.06606135189362,4.29006547667387,0.568857302920895,-0.971685167473858,0.0288800375500959,0.415777230959982,0.645031860832668,1.08085525052487,0.887287916676157,-0.664807130149481,0.313595775805281,0.723450323188026,0.985196606792471,1.48158469365294
1985-08-01,2.51379457745332,1.47977265650304,2.11981164857694,2.49933540903552,2.94127681441789,4.00349672469633,3.20083379970648,1.8729082140524,2.69672167002219,3.17531962231081,3.70226753462225,4.94878722408432,1.95604146255746,1.23991463961647,1.79164114616117,2.1006353005132,2.63231258519772,3.90924189131686,2.42580046007663,1.54027641494187,2.19567261128531,2.56359967599207,3.15640402312607,4.4540609201874,0.602348914216459,-0.963160112321558,0.0356109946074237,0.449027983733748,0.676558547974547,1.10190780041447,0.918071509488389,-0.657453888141278,0.327794124931702,0.750379159633984,1.01280916077785,1.50459007076978
1985-09-01,2.56104605341135,1.49752548128897,2.13314176292094,2.53507064817464,2.98850927452571,4.09492536777838,3.23868834561595,1.89345622891917,2.72384892265291,3.20502976135487,3.74423083530096,5.05414974500989,1.98966498406081,1.30144152948248,1.81247679155793,2.11694879828161,2.66242574018885,3.96857867683489,2.45076036922949,1.58229680995341,2.2160369581836,2.58236656835001,3.16266485853219,4.45124732090041,0.615981857686825,-0.972795121783502,0.0469434788406956,0.461460420129714,0.684781160292929,1.11188810014696,0.930987331522493,-0.64279828035347,0.343260667551513,0.765524782139317,1.01867400155227,1.5657006822846
1985-10-01,2.40428250226212,1.37251804409831,1.98171526059487,2.39186099325424,2.80891023671502,3.88339351409526,3.1119731511584,1.79563852826405,2.61632542542189,3.08238893995783,3.59840488012108,4.84276926098022,1.87810270382868,1.13417102807721,1.72796798917324,2.02081355748004,2.53411017166887,3.83236803902609,2.36743693422327,1.48463455874827,2.1323219030218,2.49302201734719,3.0563638829066,4.35137404647404,0.570762953378898,-0.979623779925034,0.0221154294128044,0.422937872152855,0.647997788272379,1.08534843977691,0.887525238868418,-0.672862014910114,0.315281928773974,0.726032949781741,0.984020110020335,1.49598142252775
1985-11-01,2.05432174764404,1.021799623013,1.67791575158446,2.04297859417477,2.48062055075131,3.53102508516125,2.81838937831647,1.50261519985099,2.36005453594207,2.79248428726496,3.3105326419394,4.50458675800258,1.63074404909241,0.92677444509755,1.45098252143094,1.75303012001182,2.24665681795648,3.3836968160888,2.17463226372287,1.30820202624369,1.94396827796911,2.29865687712315,2.85041458200323,4.0219912430342,0.468103142793487,-0.927246719041356,-0.027046035813048,0.333780372764609,0.549383533420534,0.96834018190872,0.78653559077499,-0.684833629717006,0.248866712477006,0.635832038976237,0.887369934522645,1.38209073861919
1985-12-01,1.78336248207366,0.72402680996018,1.40074766056213,1.7795493622106,2.17844841213424,3.18139399267978,2.56291621722434,1.29742158891199,2.10670432823262,2.5472478008232,3.03692084719222,4.23800319080188,1.44464403958885,0.713063818844951,1.25378906810515,1.55711400807406,2.03536914051428,3.1386762610906,2.00639810944661,1.14490645654575,1.77967946847313,2.11818212111423,2.64241878527296,3.78504340146604,0.3831570849539,-0.932398189211209,-0.0716095252679659,0.260243362890688,0.475100302010369,0.905021925700223,0.698986516027412,-0.668164764128504,0.19103391338272,0.554354592430564,0.805142067970714,1.28822309794753
1986-01-01,1.82957213783536,0.851866412435477,1.4675280475205,1.82542553174164,2.23774146907981,3.2347432563532,2.55508005339588,1.30649569914168,2.10191199991927,2.52928668449312,3.03689085487672,4.24749441679404,1.4863064828591,0.752824572317486,1.31444395139953,1.60454172398425,2.09436697126985,3.18000713422972,2.00015176314302,1.17713786524268,1.77425319364469,2.12219481459208,2.64351826045741,3.75152771159407,0.38769212302174,-0.936366592554637,-0.0735532291435219,0.266784555920635,0.468142870401726,0.921041312373357,0.697291238292093,-0.668920514413346,0.195372940137721,0.557744106769435,0.800650390105788,1.31727414848666
1986-02-01,1.71705293966478,0.782368502251534,1.37031591534809,1.70139989828594,2.12635479715175,3.04283330840723,2.40100084454478,1.16987001216113,1.95566770967413,2.37398530993614,2.87621079590033,4.0179722554384,1.41825001203852,0.715062784750177,1.24432082586701,1.52945271100988,2.00306577221838,3.06193386995935,1.89793921459058,1.03986793575534,1.66485153537944,2.00727825297771,2.52589306086002,3.57296514555027,0.343129829894168,-0.951690880554563,-0.100409089228035,0.22694728701155,0.42906233282834,0.830620930407549,0.645013788732949,-0.670816842125605,0.161189330620341,0.507452359885757,0.746942590118235,1.2449267633733
1986-03-01,1.57579663347087,0.6130552925248,1.23133450079026,1.57560908609411,1.97131050119069,2.91582874685521,2.16236971591813,0.942627776896421,1.74051780512973,2.14236117526945,2.62728370823116,3.71970897687518,1.34162208871107,0.632810465827666,1.17780607702289,1.45110521270149,1.89824053853076,2.96700235934315,1.73940807195838,0.937242653016865,1.52045493902654,1.84665075262287,2.32015461633554,3.3870035438451,0.278214083661811,-0.974475307619767,-0.139797149399779,0.170707485252294,0.365808797972874,0.774998327812122,0.563781462884243,-0.704419899187804,0.111609280279018,0.442416408156864,0.670703148065432,1.17785327215598
1986-04-01,1.62838119240229,0.681041095153605,1.28767969591495,1.61842747715534,2.0471039801069,2.95211823517681,2.14556588053662,0.984077707435264,1.7411525795881,2.12521018607604,2.63084315012413,3.69712738551113,1.38971616466349,0.728427326309459,1.22897022569372,1.49685294422287,1.94978913898524,2.98945356014073,1.72753532936849,0.922248605887276,1.50604772473432,1.83461396571124,2.32147099216481,3.34466388044282,0.28257254643691,-0.968862096879012,-0.13703878811613,0.174498869703889,0.372994303072589,0.786850036454451,0.55828352819097,-0.722134067376148,0.112315231249726,0.44060316537033,0.669546886648903,1.15861982076179
1986-05-01,1.96130319221585,0.974361686765326,1.59820012236714,1.96305079113697,2.36405560137257,3.28643418385134,2.45152747613399,1.2463149474843,2.02995641958486,2.43990104412358,2.93276661944045,3.98975369477507,1.61834351757375,0.916271926124973,1.45292222035279,1.73193178159034,2.21381589491144,3.31805987529493,1.92863354989743,1.08029002738299,1.71567710311507,2.0480868784316,2.54261752577161,3.62222008737442,0.38720152814385,-0.949489913941472,-0.0790038041054092,0.264302564707164,0.466633851277541,0.890657479215897,0.664223015522287,-0.647002985041905,0.18353917841863,0.532592876642939,0.772962761942903,1.26383501882414
1986-06-01,2.02074405834008,1.05587221377612,1.66560005659197,2.01066875538254,2.43931825235083,3.42321899292162,2.52573769874361,1.32367510867306,2.0906820021602,2.5102490265446,3.01184398513385,4.08815978298712,1.65550926766762,0.940316839573724,1.48954357071998,1.77983685582909,2.26159555783019,3.44645665982901,1.97793427494237,1.16622745201588,1.75321660128917,2.09908315768912,2.60751242391268,3.73122557556618,0.409543598486808,-0.990995563983526,-0.0631794278926172,0.285456108731349,0.492155692212041,0.935692605031419,0.689424671388724,-0.635127443514433,0.193459367492211,0.552151079553799,0.789094997093115,1.29780154713652
1986-07-01,1.75006002690796,0.78684048895366,1.39552296683499,1.73811373962748,2.16986064561347,3.13423480213768,2.3109945355311,1.11468108736922,1.8761780887105,2.28909216866939,2.79858396008431,3.89679033252313,1.46216790999282,0.743389104421819,1.30037041128494,1.57777972023431,2.03234241321408,3.12400817158795,1.83762472853449,0.98325140502475,1.62038917072084,1.9485937896289,2.44477240286065,3.52695681498387,0.331986523536362,-0.966728699075617,-0.11339068594818,0.21577804319583,0.413842814941317,0.836361867856316,0.614428767826577,-0.691602491622376,0.145583020277816,0.488456717082665,0.723628371060951,1.22258733039616
1986-08-01,1.5486315758025,0.624078345876138,1.21817214814475,1.54929304036614,1.95677739895203,2.89131406647186,2.18304387085982,1.01425273370441,1.75423504562385,2.16760265685644,2.65367334241777,3.74252733585952,1.3121902858794,0.620174384658481,1.14398876352827,1.41173633057152,1.89088302511596,2.93980493550597,1.75503918821586,0.929332749807858,1.53061949341837,1.8563529821585,2.358742754249,3.4277214350497,0.28037490371284,-0.968198400885184,-0.1446140689149,0.177430062280645,0.364687163161137,0.782795812908305,0.568828472936752,-0.69707081707546,0.122147320491213,0.445629664181494,0.669056947017515,1.1714017208142
1986-09-01,1.70491393268132,0.760176752255247,1.35446395879054,1.6888980858497,2.10395182259692,3.08697427583981,2.34885844105157,1.16716484495352,1.92474598923432,2.33507309112968,2.82396764249521,4.00238067785616,1.41549702981384,0.738906857149323,1.245974027825,1.52043814621387,1.97739514885391,3.01620042747501,1.86429979828278,1.02367459094842,1.64183241360688,1.97155013699118,2.47676925399787,3.57312145630886,0.333549324499786,-0.950042704514744,-0.113889590345791,0.221273482412311,0.416044035373724,0.8259725815612,0.626030923343752,-0.668331488101064,0.152776849957893,0.496711709526046,0.726114577348276,1.227897369675
1986-10-01,1.57033693721404,0.652053870882318,1.2373747539672,1.56533711897422,1.97114662036773,2.95672031435051,2.25788500634077,1.07981878126236,1.82127808845499,2.24478575586596,2.72759922627736,3.84740167735061,1.31671037974455,0.619809736798429,1.14718559400842,1.43080847826539,1.88301931195269,2.93876237410296,1.80519237243924,0.957894963386889,1.58667775455069,1.90864762490475,2.41589310608029,3.50417832102404,0.297676509913799,-0.95680271728204,-0.133928326755892,0.190146318129149,0.391606513631566,0.81765981426663,0.594023964241333,-0.697664987079015,0.123936144208553,0.468696296420323,0.705917019202123,1.17435940394354
1986-11-01,1.40857283101801,0.459955146032074,1.08005989464852,1.408874407112,1.80025999558298,2.71535700164207,2.11897781475364,0.911213104373091,1.7025553304332,2.1022797066843,2.59111281847012,3.64517112048914,1.20348634610361,0.524707975463434,1.03901755572784,1.30578072635026,1.74796278042859,2.80900781905022,1.71432426724759,0.893755853168112,1.49883758546621,1.82212196677608,2.3216528847133,3.36856598066427,0.248972795773874,-0.97276599369222,-0.15550302261042,0.151949211776008,0.335023566530079,0.741809964152636,0.545564223556913,-0.728813611462583,0.0922041467149866,0.426878287061936,0.646737073164556,1.1533536420858
1986-12-01,1.27325129892708,0.32909830746283,0.946808522024849,1.27692165314174,1.68285062123679,2.59156464213492,1.98521803718915,0.792749383761764,1.57382932726014,1.98166740504329,2.46300157282241,3.51707970101918,1.11239096923376,0.414244769354729,0.935115470948403,1.2078591661914,1.62571079824566,2.62134209785363,1.62647797456063,0.766714672016243,1.40109590519314,1.72474252505951,2.21235715134955,3.23135216743705,0.204560190819356,-0.996576987682867,-0.194983439316428,0.119470044285868,0.299310779839212,0.71215904909299,0.499103474596521,-0.765196055854107,0.059039090319226,0.387011211768148,0.607804813996653,1.11984639755342
1987-01-01,1.32406370030476,0.386903094006692,0.981722284713864,1.33281881801277,1.71690589852777,2.63691161061618,2.00147088700082,0.841736082055158,1.57602339620061,1.99420884257028,2.46334670630967,3.51575315820498,1.15324294613484,0.445651723268841,0.971801659553529,1.25451860743889,1.70681290062802,2.6584895385185,1.63649751908819,0.777143354953292,1.40850999787421,1.74284984077302,2.23001261262559,3.22310133041087,0.214514673835608,-0.971656601856599,-0.176377815361633,0.124137127527723,0.314757460032806,0.711580512146229,0.505225770074891,-0.724208685993289,0.0777454802621957,0.394092537789915,0.620690332130894,1.10470826890385
1987-02-01,1.38894118249032,0.449236276846439,1.04699469378159,1.38511650076754,1.78455733467881,2.70848582973735,2.05219786465386,0.876147882880245,1.62809101323914,2.02884403909255,2.52197386095306,3.58348818347754,1.19942319325903,0.520585950254329,1.03886953620443,1.29053567468221,1.72789776125509,2.7684194475878,1.66961699249129,0.870278416106486,1.4460070514073,1.76499860970588,2.26528969968414,3.31961529036685,0.233289218481416,-0.971697146875578,-0.16532553388285,0.142022620024252,0.320456945381674,0.732321513347877,0.522986118942489,-0.737189601392407,0.0732916775036218,0.409287488426847,0.632982882242513,1.10639378931082
1987-03-01,1.4181666109134,0.541317072220896,1.09481449750715,1.41683127312312,1.81745612833668,2.73855659209996,2.05363798633831,0.914858018018264,1.64481875022449,2.04625710215206,2.53469916794646,3.56655175705309,1.22456509772868,0.566637215707835,1.06635937464728,1.32199405982179,1.78903894559866,2.76289991719137,1.66996014889657,0.873850418601752,1.44647053366928,1.76726719808786,2.26462414426335,3.31031778529567,0.237363290099677,-0.979174891100538,-0.168876253070741,0.140781957994334,0.335654933401821,0.739421331580353,0.523960936537184,-0.735455705173094,0.0867285975782835,0.405549359830204,0.631290421592135,1.11723943670274
1987-04-01,1.9915020412257,1.05074648877676,1.62788340409894,1.98934639163022,2.40105850361232,3.28902091055812,2.51106941893286,1.32124571296417,2.06834358721433,2.49801016409313,2.98579078703159,4.07946061829264,1.63288421880308,0.918040059872439,1.4761271784413,1.75009330244058,2.24301642961463,3.42357458977402,1.96850348206259,1.14053598550954,1.76473140106793,2.08668342588407,2.60380497093679,3.74410540906025,0.402909738472279,-0.952331380128495,-0.0644397978243544,0.279595223069872,0.486187282564196,0.920579891275577,0.684181636152637,-0.645983363145431,0.19450738202644,0.55365746511126,0.783718795034033,1.29046584530169
1987-05-01,2.64010565441554,1.64308411467152,2.28365420080864,2.63684002510236,3.05913689612104,4.1111446411289,2.9666699734132,1.74303500184828,2.53179507644414,2.96079295371514,3.45547840704294,4.64777447834094,2.10757161569214,1.38747964561794,1.96457370652077,2.26454841238999,2.77844211725782,4.03013277617349,2.26491948130674,1.39861858911083,2.04937604675525,2.3987887944371,2.95847260298506,4.11911141317064,0.57712829372756,-0.979575674223897,0.0147527584321869,0.433546140085727,0.646257105078026,1.0759498388704,0.844085223076843,-0.634557681123302,0.307844264508822,0.694962753478378,0.941883269264,1.43294803098171
1987-06-01,2.44097208225859,1.47270091027567,2.09080972166842,2.43340515479195,2.86912718650431,3.82039752723118,2.79401625815722,1.58815116530984,2.3675679008044,2.78002821983318,3.28376999359673,4.45813767789105,1.96867766821494,1.3060859489122,1.83287156445185,2.11469146968774,2.61338341291681,3.8379533215197,2.1512154713438,1.32250958518658,1.93784224271428,2.28005062959353,2.81017819167295,3.9709265769312,0.516794295097744,-0.947367870144024,-0.0124882763908232,0.376921753564112,0.588188150532527,1.0253408601393,0.784773311141989,-0.633021674568309,0.264365997296538,0.643856225260036,0.88188878629996,1.3878181062005
1987-07-01,2.22777550137999,1.21225546548265,1.86737586389277,2.22170911467096,2.65633795128282,3.64359663438167,2.68849544820856,1.40923132302839,2.25234379652433,2.66622964375987,3.18671051447195,4.338936811562,1.80459565923362,1.09203580522099,1.65661085161516,1.9488530690899,2.43320611107217,3.62786677225206,2.08374587003004,1.23426141744749,1.87093854009245,2.20682988607341,2.7290037646857,3.92206742981683,0.467610517654564,-0.929981573752818,-0.0415763429632212,0.335599729170063,0.541928687203358,0.977220497255532,0.746735148302126,-0.641192959327642,0.242559349999153,0.608968397750042,0.841868608169536,1.34471790265957
1987-08-01,2.19360675997393,1.22749058047965,1.82046684177318,2.17800956666467,2.60953816101949,3.65081941446012,2.71113164473018,1.47015618507172,2.26841747315697,2.68545661874034,3.18966683986815,4.33155956273744,1.77099394457571,1.07900201261104,1.62422418334531,1.89136094953336,2.40774632890815,3.59448030652832,2.09978534207407,1.278621444545,1.87554841130338,2.21561829803141,2.75186536830563,3.93800368845068,0.467059809198524,-0.927798106165911,-0.0343219394400654,0.335257503603974,0.543086864188432,0.956046956826754,0.753528563024295,-0.645818636306647,0.238834846236634,0.609832850965565,0.855970614065634,1.35297551648902
1987-09-01,2.52593758526514,1.48832785865825,2.15733740291362,2.52016514955693,2.94929608035708,4.05079673539422,2.99061356230849,1.70142396540244,2.5404571978014,2.97509487290465,3.48673421126597,4.76703764363257,2.00593657265863,1.33557818419895,1.85649814214788,2.15652383834427,2.66373494587547,3.99059511987714,2.28308457199886,1.40820782825277,2.06870422908646,2.41758113615295,2.97968075562581,4.19506421568942,0.564561585078054,-0.996649479461847,0.0178155115812875,0.418890904448459,0.641202584238936,1.05341572606409,0.85012881734404,-0.64270312820676,0.300441031734192,0.697138856295096,0.955357013568192,1.44584516496902
1987-10-01,2.86912605598841,1.81750168764049,2.47774706276234,2.85947208496712,3.28117973950331,4.34448653627874,3.20982448024655,1.88891544821409,2.74022357107846,3.18716833033337,3.71277740148393,4.96971852326034,2.26139246138827,1.56493584400799,2.11682479970994,2.41725905270815,2.98327645026091,4.22429312862487,2.42534879721611,1.54770228060775,2.20323020936784,2.56530835538656,3.1305554730283,4.37248077969064,0.652366882055628,-0.979183111004942,0.0651575343640398,0.491594625472432,0.72111481537212,1.16307059494654,0.927224355172837,-0.626438548333372,0.35810860083607,0.765877112190871,1.01972022173911,1.52473878481549
1987-11-01,2.52323118813194,1.55561305379956,2.13705492157149,2.51273502735664,2.93743908792693,3.92076626780152,2.90709290935499,1.703454131472,2.45110791303138,2.89119674047318,3.38928019011318,4.57028500265997,2.01937826636343,1.33653600443777,1.8724164677277,2.17258859700438,2.68423587207885,3.93863160311136,2.2260809202044,1.35615963999905,2.00124193779394,2.35685794114263,2.88737911730773,4.0852596891815,0.548397016873872,-0.967333552580903,0.00676890885017824,0.404654453182117,0.62109075944302,1.04088298583209,0.823327344982472,-0.632400300287249,0.28795417035885,0.678482032114164,0.918640142464783,1.40899389427713
1987-12-01,2.5567663564649,1.55436125611129,2.17596371463638,2.54002670030334,2.99571941483159,4.04535433265512,2.94256985644136,1.70495174265388,2.47135230722861,2.92260003642531,3.45047746902132,4.65765799746935,2.04175669689853,1.31352699490447,1.88928424144173,2.18518226079716,2.71582031244673,3.92257519608288,2.2495400201716,1.34798999260877,2.02028253918621,2.37477401242125,2.92635056692127,4.12415288253067,0.55956554632325,-0.970537355243608,0.0101393114208042,0.416896056514157,0.636501156556436,1.05356953352841,0.835417865260049,-0.630449227934766,0.301280106472339,0.683483373536231,0.936915385436114,1.42109917846565
1988-01-01,2.24711141234435,1.24311953147336,1.87388991867436,2.25267206353719,2.66604254926927,3.68773996725938,2.70352311751244,1.46004630187433,2.24753890414079,2.68948787742932,3.20657130285647,4.32092442703639,1.81935675152554,1.1245903723482,1.67568955280316,1.95835243095936,2.44620094673812,3.62511373647439,2.09308552330844,1.25242103219757,1.87625443577046,2.2134307056576,2.72702502725585,3.89717933443191,0.472200430167435,-0.953637952151026,-0.0321160182175277,0.337504572972547,0.548460627864975,0.971354045535324,0.752482803477197,-0.636700034708654,0.242472788512341,0.613595496940198,0.851362255202231,1.36181774979945
1988-02-01,1.90377970927387,0.916432990263385,1.56692644091934,1.90165033851597,2.30629441168208,3.25114136172102,2.43873943055985,1.20474096685909,2.01751795830333,2.4252521776197,2.92142534592097,4.08375335529154,1.57257417007229,0.906620168128321,1.41339622993611,1.69217683071578,2.15481387669756,3.33702321243614,1.9200999392582,1.11840638329346,1.69872900878986,2.03592712460412,2.5430250921506,3.6701553220761,0.375479829669759,-0.956678918777943,-0.0844575949346706,0.254704269210924,0.458412880121449,0.86354115299264,0.660206044616863,-0.66218263887738,0.18216090152428,0.528289030058482,0.763620690446028,1.25176758411675
1988-03-01,1.96104483750952,0.982687266350395,1.62068250626047,1.95481890617652,2.36076065037962,3.33871982537377,2.51510864312518,1.31049482558954,2.08901458654812,2.498463029305,2.98762150489191,4.18992935156996,1.60727267531294,0.920001661271345,1.45610218491947,1.73042632878139,2.20999458537363,3.32372157346633,1.97100210633758,1.09836429149553,1.75423772267085,2.08527543236122,2.60548029623344,3.75541444640233,0.398102970708414,-0.938572334450636,-0.0758921797425621,0.279518515650923,0.475881264236955,0.92293768867817,0.685922936910123,-0.65876769290158,0.198299235188987,0.553541087940059,0.786356630311225,1.28415459811505
1988-04-01,2.08580469436702,1.09488530948838,1.72385894006533,2.06236080492519,2.49266941560112,3.47091326463872,2.64819369779501,1.4081628019016,2.20672791406499,2.62533160188964,3.14580135139687,4.30643734370371,1.68986594378806,1.02085021821128,1.52846800305175,1.81474642474978,2.30825094339324,3.42075010478021,2.0589907841525,1.20405886268052,1.82855748373786,2.17794215505841,2.70562866677857,3.91368619774314,0.44035721594021,-0.96615638944384,-0.0429877471496661,0.312163154225718,0.518350360280234,0.9535702432682,0.731358056502928,-0.635284156659464,0.225449485667109,0.588341562335581,0.833643418276012,1.35742726953592
1988-05-01,2.21675642107891,1.24211450521205,1.85163911652324,2.21670382599523,2.64080056023934,3.60068111854854,2.77645053017383,1.53759868144171,2.31937002315108,2.7647861810976,3.29148695355267,4.4771079241636,1.77879308251435,1.07596730608826,1.64920778997038,1.92229672947562,2.42130335590174,3.66231152346929,2.14366270262833,1.27008313984715,1.92146121378794,2.27334100216849,2.81878947089131,4.01943324507528,0.482445755414969,-0.927672061154539,-0.0229185834467805,0.350929443318131,0.556848273254526,0.989325707019374,0.775190028606224,-0.662443097903714,0.248567237626195,0.63392926561897,0.877117047414062,1.38312496802006
1988-06-01,2.15550703619981,1.16030297902385,1.79398343649382,2.14249900235233,2.55369590881427,3.53698683230964,2.68689457229144,1.46380931427227,2.25950373295875,2.67141622131855,3.17121393209696,4.30923622605757,1.74286013105023,1.02447400725548,1.58209819390317,1.8697488938638,2.3872451521826,3.51375262216644,2.08402619094152,1.24281070094529,1.87468768699374,2.20335905268265,2.73555740916731,4.00844821919317,0.457087469277824,-0.959367170220261,-0.0313951057231424,0.324790361272746,0.530368908787023,0.954275633489781,0.745038949908944,-0.649213861138579,0.235679346368835,0.605457669022648,0.840605881971852,1.33974608636384
1988-07-01,2.16624282285391,1.17087143715661,1.80960931029724,2.15242183450786,2.58616572566719,3.49860546806492,2.69906756999781,1.44710988737095,2.26281285413431,2.67706540815676,3.19689445445618,4.31987496226464,1.750086929335,1.07065695498073,1.59265552472317,1.88399406874665,2.39546803480208,3.55555540512021,2.09194037041558,1.25877411017321,1.87232744238943,2.20766823995032,2.75072244691497,3.93669039821483,0.460607465543084,-0.933318359690244,-0.0353661358951931,0.328002959434208,0.542675867479954,0.973613024381056,0.749337499482137,-0.648225086652511,0.240552079702045,0.6056313829292,0.855527270484816,1.35757918536249
1988-08-01,2.28201486436278,1.34301375260396,1.9118526210701,2.26524261140692,2.7079191901564,3.67751754644225,2.77546870303518,1.53896135286647,2.30567610249651,2.7556084110488,3.27142877151415,4.43975223806072,1.83588677832459,1.16358526450894,1.68133007127941,1.97043089831316,2.46479343841977,3.68647946336602,2.14157694101999,1.30312114621706,1.92146148705889,2.26845407681173,2.79686170470557,3.93560669899992,0.490613307327086,-0.937031873293157,-0.0234279299301494,0.351146881581729,0.562086591930055,0.9996384937769,0.776175101732181,-0.635959788787793,0.253031999262923,0.626419825658277,0.874053386814071,1.36705439508642
1988-09-01,2.06163787778126,1.08868470288601,1.70202295028793,2.05868048531011,2.47650348261828,3.46075754195144,2.58585081120503,1.37430681661892,2.15401900497204,2.57427056565166,3.06802878220726,4.21554514287382,1.68126908072327,0.990793896701746,1.53059870211356,1.81108175402623,2.31994436460571,3.44725361666505,2.01706085580499,1.18859284213276,1.80482061060393,2.13495725471982,2.67011266573391,3.82004732852376,0.424768037859944,-0.943791152812072,-0.052648617333514,0.299331527938804,0.511018089070977,0.942114673240036,0.71073949619668,-0.650540292312563,0.21960498985857,0.576549182032014,0.81944738419216,1.32022417376303
1988-10-01,1.87608317645774,0.896353374002599,1.51354061579285,1.86993475504901,2.29638743446072,3.31938639297427,2.44304219663401,1.20038603250444,2.0030568758116,2.43828943630932,2.93360744878878,4.16595951999832,1.54787777467834,0.846805510577123,1.37640499402249,1.67314707505332,2.13114206866688,3.27930791228262,1.92373298697785,1.10257444101619,1.69917843217202,2.0378154591902,2.54489286763738,3.65593345003322,0.372527903202847,-0.949697251982578,-0.0860180475327243,0.251796260277463,0.459845387709493,0.883878202139715,0.661019364212607,-0.648300343352557,0.176307624594929,0.530015203524432,0.77215493265378,1.25863655503833
1988-11-01,1.92081195583125,0.933301677732836,1.56037694745936,1.91452934471909,2.32701909316364,3.25582505260459,2.48084329400019,1.23527016534714,2.03900196922903,2.47432747902974,2.96719139355574,4.11820011663678,1.579330909991,0.871084783107571,1.42058703790982,1.70018627444536,2.17748953854245,3.28596115850804,1.94860278548805,1.12384623041642,1.72236391430125,2.06074754121067,2.58047401687693,3.68964494334978,0.385832094604203,-0.94506846729347,-0.0808399620649499,0.268284568864097,0.470059739936637,0.901551009931511,0.674030248288719,-0.64517714682393,0.192117742943116,0.542536682570674,0.776892838287965,1.28322979424506
1988-12-01,2.17947950347518,1.22895841908426,1.82736460423345,2.16469044269079,2.59957995490679,3.51328827946466,2.63658978181657,1.38965237006596,2.19166507070228,2.60777741834774,3.12844738898382,4.24050949248278,1.77344313241468,1.1208151904519,1.6176384917202,1.90314622835356,2.40005536605243,3.66832800057521,2.04954192901273,1.26047853142882,1.82780506959665,2.16738031268985,2.69024956244297,3.89312905897139,0.45045731527242,-0.974430944711291,-0.0407016598173813,0.320477347517892,0.522330746509082,0.948860112575026,0.728930043242084,-0.634160039967378,0.224933671985496,0.591054039087422,0.826031155076321,1.33469487092307
1989-01-01,2.17906789734226,1.17880058210922,1.81755896218089,2.17668469965232,2.60134985704784,3.5247281035522,2.62781350441611,1.37088355568896,2.17862107265883,2.62000913802466,3.11214345240794,4.21572714670208,1.77472540446111,1.0984620858238,1.61856280014988,1.91677761118086,2.40850677053233,3.57029196109335,2.04364980317141,1.20633410472432,1.82206500552297,2.16304655406831,2.69045074892106,3.85461819940064,0.448758315962694,-0.939547169974928,-0.0451125148267167,0.320597240618594,0.530552034693357,0.952600676849238,0.725997737507748,-0.635743015802393,0.228358262169288,0.588780761309017,0.832988766415507,1.33875571835668
1989-02-01,2.19284949981437,1.23091215574278,1.82401520798188,2.1843014690534,2.59797286556432,3.55908762396333,2.63816307891131,1.45007691111953,2.19367851709166,2.62680345905131,3.12693886040337,4.22117431938112,1.7846693149318,1.0789622691112,1.63722521831801,1.92285796574626,2.42782318309784,3.56341695211401,2.05045704386137,1.19871774219122,1.8299661021355,2.17062819599027,2.69377906937282,3.81947666493132,0.452602901455348,-0.938711117454457,-0.0415698836917054,0.32121238712375,0.525442429892492,0.951138651428933,0.7295575889644,-0.63004269125265,0.236955907703701,0.591556793776588,0.82550257161351,1.31548139117014
1989-03-01,2.36015952236328,1.36817704023453,1.9895302334353,2.3477899603708,2.78109634654887,3.78658392525638,2.74385733347841,1.50570511714302,2.2923663718856,2.72692302370201,3.22677601307547,4.38469162470546,1.90939636149702,1.21624268737772,1.76421564626698,2.05407201852244,2.54783477995006,3.79539507808294,2.11903145181709,1.24021507169157,1.89680015612241,2.24367642854123,2.77869600358172,3.984263207528,0.495232466488471,-0.940855198695611,-0.0261958562132034,0.356931965264569,0.576942695869489,0.978828611786506,0.766774629789585,-0.621046447795462,0.259382875579335,0.624866808746298,0.867464582687426,1.34817232439617
1989-04-01,2.24544515813998,1.2334974567278,1.87448384442025,2.24006026051093,2.65630899344716,3.62097090994271,2.64745183093311,1.41362517279711,2.20116580764967,2.63191469347405,3.13107772372578,4.29090343069108,1.82862833275047,1.10347120260451,1.67226894390649,1.96631573638553,2.47850912250398,3.58900847737677,2.05565689329307,1.19995369294517,1.83094928337568,2.18017192910754,2.69176675564271,3.80965874917935,0.461241881647491,-0.95693105365462,-0.0381681205274836,0.326587280035802,0.537955022860227,0.963072083537447,0.733554153585206,-0.625488748244103,0.235191069511198,0.595018445936043,0.838788874411488,1.33438585677944
1989-05-01,1.97211479469956,1.00317749636731,1.62583634266252,1.9777501138476,2.38368334975868,3.24084637529961,2.45485291460273,1.25014596052918,2.02901619905639,2.44007606829262,2.94728126324621,4.05709770844338,1.62870875953424,0.939303023149832,1.47469187379522,1.75492073241104,2.21789810803693,3.32050191298397,1.93021851048782,1.11746743296194,1.70641337936412,2.05015014645228,2.56812945408989,3.67009422534793,0.387727464721311,-0.971453078501053,-0.0815156095832851,0.265873456005291,0.466779205937035,0.898059453787917,0.666096569269041,-0.65160768484695,0.181356621329088,0.535009966951592,0.771223990511492,1.25462116366724
1989-06-01,1.60968874355013,0.628758190401075,1.26676937161588,1.60389696656987,2.00498470014952,2.9499420696164,2.1787282023382,0.974367421490592,1.74648603543389,2.1655397952558,2.64575019239316,3.7319682597358,1.36751694606985,0.648312749579392,1.20720557746536,1.4749571659612,1.90493646564086,2.99177808008339,1.75027538002419,0.923209590150845,1.53680693428899,1.85115655279798,2.35267370603854,3.37875600684543,0.28626882525117,-0.983342814304051,-0.132901427186217,0.180437424751695,0.375765561243213,0.777481380095765,0.569245399740075,-0.701381360255664,0.115413453649318,0.44706176007301,0.678909396288862,1.1685064706241
1989-07-01,1.22827603618573,0.248440292509987,0.895056466673122,1.22043080108465,1.62236942103045,2.58245110042718,1.9480236173936,0.742947353829228,1.53481468398939,1.92791749403781,2.41924280126263,3.56978453942018,1.08119144449361,0.349093887678047,0.898427391008806,1.17569101860214,1.61876297891526,2.62976381833685,1.60159283099887,0.781198867156844,1.36984481811767,1.69188895590765,2.19128014919263,3.24729113152374,0.190968188596572,-0.981731000996909,-0.209222081510036,0.0992403027734696,0.292254811392075,0.713765050211624,0.486922057206835,-0.759426908289917,0.0437065554321399,0.371369689894306,0.599745241181047,1.09251734486197
1989-08-01,1.53636942070775,0.613397031879891,1.18997136801048,1.53817716918998,1.94404424770371,2.92534629510203,2.15205833918837,0.980896680580963,1.73282017745606,2.1414122595419,2.63095017713775,3.79540246797773,1.30830309674155,0.614565243354797,1.12303521619552,1.41320123984532,1.88368479726389,2.91824716783444,1.73418756523409,0.902250263815888,1.50421730836541,1.84285645456272,2.33374153784246,3.38625024765057,0.272103985017686,-0.964638587737742,-0.151652229395741,0.169131959667139,0.363176537151675,0.760377548845745,0.558638606322271,-0.699845490091537,0.107326581756988,0.442959018628104,0.666351273299616,1.17756079154062
1989-09-01,1.78114225255871,0.755753737249928,1.4276806570425,1.78000339794147,2.18289461078499,3.11851736349085,2.32090342663054,1.09090227402717,1.89369546981074,2.31035461630821,2.79580420813999,3.8554298416277,1.48743098609026,0.793936884833964,1.31641241104149,1.6096010965988,2.07688675012726,3.11536104542996,1.84403491392823,1.02207651982471,1.62810584086358,1.95690834228611,2.46606106892638,3.53142931117977,0.337874282765122,-0.954102498494107,-0.109859894837024,0.222486855400786,0.420620539813109,0.83389259663164,0.617925827185491,-0.664487329644547,0.14734517541725,0.490709126098618,0.71897047639104,1.20187249988785
1989-10-01,1.64834373176782,0.712462832480029,1.29398529837442,1.65044757035672,2.06734358921451,3.00348929926868,2.22971361305381,1.04135546701131,1.80341061426476,2.22777277029947,2.72651523763004,3.82770972570101,1.38985527123878,0.702131036351548,1.21982052290206,1.50355354358238,1.97605463971586,3.03596254031408,1.78488641970866,0.97594154680524,1.55878163138962,1.89308742763663,2.39543820808242,3.47389959683924,0.302563416669309,-0.970030494829325,-0.129183098382571,0.197841060905368,0.38885534056118,0.826901692306454,0.585690135404934,-0.690485455796171,0.131978688212166,0.466384224626848,0.690728837310053,1.20403420292623
1989-11-01,1.41671057525966,0.452565387284228,1.07692623639309,1.41274229654681,1.81971352538727,2.71430085132406,2.07837087992329,0.893701890384265,1.64261923998205,2.06284892562276,2.5524343048297,3.6276741458078,1.21838824448845,0.521784813117039,1.04510047016138,1.32362003364492,1.77058827034046,2.80217155242908,1.68692490331179,0.855471300599681,1.4636315337576,1.78475034741719,2.27241456842821,3.37218031675635,0.242255309979175,-0.972079501960873,-0.171548216756098,0.149853510147429,0.335072586766238,0.756631070266737,0.532041477609769,-0.739472063617775,0.0893039133328869,0.415288019522397,0.636128495546032,1.13667963083486
1989-12-01,1.45002843147277,0.493414064373256,1.1082953631195,1.45250707222344,1.87144010829173,2.82023052648083,2.09990449761968,0.874362024671736,1.68089723481009,2.09459740570531,2.58029641342707,3.7136481069716,1.24285280357515,0.546627368563814,1.0745278570102,1.34459185823756,1.7820566357339,2.94304289897704,1.70100750255339,0.864709673319241,1.48011772905433,1.80110182883463,2.29685905758737,3.41312453878878,0.251111747407576,-0.969623265418442,-0.155533773201347,0.152391220731429,0.334821320532336,0.760197294159127,0.539493689539562,-0.721041303436462,0.0889637927069035,0.418012964439114,0.636342290536533,1.12201465570024
1990-01-01,1.68082163645951,0.719376549861736,1.34088629210792,1.67583732427607,2.10159676492361,3.00800227974032,2.29604758021214,1.08208066447276,1.85930660235786,2.28184845366604,2.77940177714129,3.83837981757173,1.40494511363311,0.710864786525045,1.239657487167,1.51306795776114,1.99708855525553,3.06814020073292,1.82934459523658,0.988692552006417,1.60606288446561,1.94020867131642,2.45494270169253,3.54167522238964,0.320028664083985,-0.964730054772143,-0.116482631698197,0.209323774925516,0.409289746868948,0.835736252039801,0.607941356365326,-0.673168307550953,0.142541806297007,0.479381679034135,0.715212562980277,1.22756532646084
1990-02-01,1.85669537492548,0.907578521609606,1.49807065221128,1.85553812499942,2.25161318703232,3.21729809737661,2.43810856137552,1.24963220862733,2.01610771399684,2.43170597036137,2.91613604803433,4.04042419958674,1.53016412998057,0.883024993986372,1.36905389967842,1.64949961238306,2.13462287869467,3.19938897502134,1.92216318619823,1.12632206707501,1.70396648037776,2.0452573483261,2.54860898196225,3.73407582144979,0.370807202354662,-0.948192216956763,-0.0853471073323704,0.246686343831524,0.454611691532127,0.883606438488592,0.657550658789495,-0.654398604242944,0.176064530327862,0.522008682155362,0.766244331722209,1.25026237276501
1990-03-01,1.98234824846028,1.00517901438182,1.62737400486859,1.9821816108328,2.41029968079167,3.35408299882839,2.52231728519178,1.29701788954977,2.08767627580057,2.50660738464947,3.01545130061734,4.12382656701848,1.62286635050685,0.925054871223728,1.46057683852868,1.75177534675107,2.25411645539388,3.31505296442997,1.97685772053754,1.13080280395047,1.76558319604392,2.09150566502277,2.6121210031011,3.76407541892755,0.403814957240981,-0.954551248360547,-0.0658825639683192,0.28032923956409,0.480018895611622,0.916124642587181,0.687189468321792,-0.654530824755667,0.195472225254987,0.5516351738675,0.786815753133223,1.28842717974855
1990-04-01,2.17454394914883,1.19227335099904,1.7990359217806,2.17513922694978,2.60547642043872,3.55323760315148,2.65603571026718,1.45569637627885,2.20895016644947,2.64226305474253,3.16682675586073,4.27366586004132,1.76398172860761,1.05294195597318,1.59596690848761,1.89452622637089,2.39678764344772,3.61472383343791,2.0637036473002,1.23013328707254,1.84956176632342,2.19062043162924,2.70959459090242,3.90618591505924,0.454976281147466,-0.944886757860797,-0.0428726174618642,0.325332944524978,0.534167766161258,0.954819651219964,0.734272818795081,-0.640425710666814,0.228719166473097,0.596573319938702,0.835262676308891,1.3312582174032
1990-05-01,2.1044240071724,1.11765339663102,1.73471404107589,2.10571094188016,2.5198793446211,3.45464512895723,2.60265628455727,1.39254575536566,2.18004733952866,2.59378756725425,3.09302467148701,4.1987064003191,1.71382078071226,1.02473530378363,1.55044566104118,1.8447196357378,2.32417529654456,3.46629782105273,2.02861984134308,1.17555338411655,1.81817046834364,2.15291601587969,2.68651064416529,3.78764974744274,0.43499050796109,-0.944982979634252,-0.0539808815488093,0.30947833283072,0.511274092084233,0.946546917456665,0.715890645517742,-0.648632699641342,0.221404031310798,0.576693979763198,0.81222117239088,1.31622709115819
1990-06-01,1.82466505189286,0.854755970627106,1.46205544866041,1.82458836890443,2.21393761999121,3.23902828447343,2.39537509559721,1.19064880639025,1.96856037625135,2.38134742741036,2.88661849258682,4.00266413397821,1.51136923814409,0.852455971557925,1.35057608609564,1.62935178045316,2.12013744847004,3.17404680175931,1.89331741671432,1.06619414229945,1.68425461294225,2.00115336169961,2.51563408198253,3.55482072264289,0.357553955140391,-0.954282387619499,-0.0859174307920236,0.237460783190418,0.44080207309713,0.847616581804187,0.643541882896497,-0.671532960042931,0.16273385143489,0.512411418374473,0.748394561854578,1.25596333605748
1990-07-01,1.69741722605217,0.777153150524657,1.3428129615682,1.69303633846929,2.12519093287424,3.13399951064632,2.32320531906706,1.15145931276031,1.88739290525843,2.30535415835788,2.80478146371964,3.95173233608926,1.41513232604304,0.718090551644001,1.24513983509414,1.52591580860415,1.96490367135589,3.08750277364721,1.84670306044651,1.00611317596761,1.6251728669405,1.95736196778975,2.47215605312575,3.57868195399256,0.326505075603871,-0.950191613646681,-0.113952248973214,0.215685154658602,0.411019494345679,0.832884230626856,0.617964169475192,-0.657298605685165,0.154799162210277,0.48952696281153,0.73127795857565,1.25342812668187
1990-08-01,1.66224273115534,0.706792605663389,1.30516851317385,1.65849376484135,2.06419012405793,3.04265719453002,2.36087186968624,1.11035938051789,1.91364156980329,2.34570219585601,2.84284874270452,3.96750999000015,1.37755824132698,0.687111496010427,1.20467843089956,1.48177490377336,1.95316314274789,2.99863507559944,1.87267680134374,1.05781700109901,1.64706519989304,1.99164773069094,2.49614814795286,3.59102610436886,0.328964529200631,-0.954446975747175,-0.108131785214061,0.21383796908437,0.415656116665583,0.843714201620352,0.630012918161231,-0.659091393021295,0.149225787652285,0.500143446232608,0.738747793264521,1.24423550099636
1990-09-01,1.66852393084955,0.688396114360521,1.295675349826,1.65406804640587,2.07582290008567,2.98951954687101,2.40056231916206,1.15228383409459,1.95086543258102,2.38278917791536,2.89020283842323,4.02110611092235,1.37548716096603,0.669730198627347,1.19590096897748,1.48984692395588,1.95774060946705,3.05683310522243,1.89931604627769,1.04684641030492,1.66285313538928,2.01585629635016,2.53379737452057,3.64061921413444,0.33735940840501,-0.943973259785837,-0.10790630231287,0.222166007064733,0.421180147089304,0.855113852072477,0.643261824488642,-0.66647295730627,0.153908545068584,0.508706829907096,0.747146564326338,1.25627112059905
1990-10-01,1.55857441019047,0.589772017737585,1.19914613506091,1.54815358137592,1.96371508483241,2.82640886550483,2.28657091547339,1.02919752175079,1.82968987085156,2.27852066255474,2.76600600084259,3.89089743796032,1.3025538741381,0.569822011048805,1.11709936659747,1.410697556662,1.85573652833095,2.93118638997428,1.82368928035106,0.972151658817849,1.59301719149151,1.93168299372659,2.4582863524397,3.51025327972436,0.300275048241124,-0.965621000783953,-0.126034489232998,0.193929679106887,0.393625106810868,0.795307989581112,0.604647369513287,-0.685801204926931,0.131949799529692,0.47702665526761,0.716087835403703,1.20295934997686
1990-11-01,1.40213747551374,0.493864517783594,1.06720236415518,1.40248317694883,1.80045812087325,2.73829908684951,2.13735031971621,0.966789201860547,1.70004468205307,2.12758037541089,2.61704829160913,3.6939431342275,1.19577811676292,0.495761250190193,1.01619995499641,1.30060072291584,1.74055549606189,2.76527716199884,1.72557149890332,0.912410191768252,1.50539174146483,1.83039609296718,2.33408154678118,3.37784404020266,0.250482373550802,-0.962790069799617,-0.164096640306687,0.146398761676095,0.348334947625237,0.754907374051752,0.553140603154338,-0.714156889927453,0.102168815774078,0.427288459687941,0.661337894226044,1.14439172005403
1990-12-01,1.4104553670227,0.410531523202132,1.07956508614623,1.40832547224511,1.83266751204172,2.73592629406195,2.09559118431577,0.859361744111167,1.67116683320773,2.07453351174635,2.5843336771807,3.62073521960959,1.21110463609317,0.523189614277084,1.04761746568308,1.30695669223728,1.77299241326093,2.84163081590333,1.69730869295526,0.883452227060907,1.47099415042191,1.8006646501933,2.30793675260695,3.31839595120394,0.243380852770527,-0.962964794267862,-0.166597489156545,0.147661342963415,0.330892620917053,0.762483849573733,0.53928366898152,-0.704223457116091,0.0864498837428997,0.423292305078518,0.647701638921089,1.14210379226224
1991-01-01,1.56237376224029,0.625465160229432,1.21193557737212,1.55586007165225,1.9714622072482,3.02849675059143,2.20469424127006,1.0238889531884,1.77723484371821,2.1896343127634,2.69121339756549,3.81604726721554,1.32185759672736,0.611913791163523,1.15207029374807,1.43154428364178,1.87468965747516,2.91045509631678,1.76809920945109,0.908735410279834,1.5421259722523,1.8665585073741,2.37269954135544,3.49039487744888,0.284628075100676,-0.97062525021765,-0.142271238898727,0.183161199269301,0.377692585913611,0.793934068032335,0.577816877255411,-0.682930810732428,0.121030517876975,0.456131186519554,0.685711549668687,1.19688204443625
1991-02-01,1.5031817985484,0.524655968809264,1.15736668052779,1.50740321284168,1.90466308495293,2.8300338906595,2.14893627142097,0.925695870565244,1.69813833550804,2.13377703386575,2.62602336191805,3.65893110527227,1.281265279588,0.573604603140445,1.10319414310956,1.3953482982965,1.82608442024138,2.86079794034096,1.73155322178051,0.872913830168397,1.50983090772158,1.84299090564356,2.33426962383543,3.36340973990972,0.265946897015491,-0.955476512670437,-0.162848804621143,0.165383672836681,0.357734319298947,0.78603088902427,0.558397735621997,-0.726485148954142,0.104460401094417,0.436366505543454,0.667767224107638,1.15250151873675
1991-03-01,1.80214696823173,0.797704805289885,1.42744602336455,1.79560802840007,2.20845714228733,3.15321586698184,2.3890580547264,1.16624904350007,1.93200469311677,2.37549086796198,2.86179094259608,3.90603803984656,1.4935815480995,0.783892089232136,1.32017214599864,1.61160074847295,2.08341451368406,3.14172310534659,1.88878127420671,1.06830623419224,1.66867399484362,2.00742630424916,2.50833232620887,3.63841564842902,0.352796440524243,-0.952823830647797,-0.0935911607700505,0.235511306097964,0.43976261988852,0.834864279988291,0.641818064964561,-0.66770713202638,0.167555763900067,0.509180674867595,0.745286349137483,1.24538805236616
1991-04-01,1.83948809562853,0.861082844629783,1.48515202727678,1.82348336464882,2.2470789370862,3.28323153664063,2.40926379549634,1.19213324227179,1.9747647747301,2.38136014448374,2.90719651506668,4.06493103970594,1.52200060410682,0.824385842511374,1.35301587293451,1.63713083065117,2.109481905554,3.19257723727483,1.90172409183833,1.06283685009766,1.68913903876064,2.00995166953105,2.52391479800073,3.64210225263854,0.361725115915366,-0.953176403239322,-0.0910642874639825,0.24524709357189,0.448069672269311,0.869624399440359,0.649079923787571,-0.664323626993791,0.168180702770389,0.520653215794068,0.752385850204676,1.26028083926796
1991-05-01,1.83994805868668,0.886632053901055,1.48949711693301,1.83175068555877,2.25944752198943,3.1896035150898,2.43988373454913,1.21645332337372,2.00140160393778,2.42357432246514,2.92451034785999,4.02233893803663,1.51634501031708,0.838402952267603,1.36196428332873,1.62995623904538,2.09641603023093,3.16044122472219,1.9225723058868,1.08540916040641,1.70481054373934,2.03599392454281,2.56082570579236,3.65052840827929,0.367865078332747,-0.938320071599273,-0.0929485740826468,0.250383076938441,0.450189496020596,0.869860285795179,0.659020304536766,-0.645047501554899,0.173340077423264,0.526618423911431,0.763950207884978,1.29038781625781
1991-06-01,2.00983722850696,1.01407199916403,1.64954131139452,2.00098364195177,2.42592309769533,3.38830284465883,2.57682780605849,1.38131048690876,2.14464505081773,2.55821990287289,3.07391059867636,4.18249289240859,1.63704433060245,0.93402398984625,1.48788307329843,1.76114419604098,2.23626234506491,3.37919846101059,2.01235259489698,1.15205543665594,1.789527163857,2.13555147729115,2.65423211332855,3.7916271753609,0.417152520771619,-0.957070128525656,-0.0595175316887215,0.293018672377772,0.500274898053116,0.917025996325697,0.706445647502329,-0.643122795213022,0.205520777946801,0.567651123436002,0.81143492370037,1.30333927236716
1991-07-01,1.93997598628397,0.947027524862246,1.57217375963022,1.91499790848917,2.34792645495127,3.31123506556536,2.53379847015065,1.30194003758595,2.0921185592972,2.50642296606362,2.99759999046912,4.13210399591269,1.58486134933229,0.890488852022585,1.40507236566899,1.7023159514136,2.18328105755167,3.32894226346222,1.98446095636167,1.1193136393716,1.75818411616795,2.09459592269673,2.61666003097855,3.77083887118722,0.399447984303495,-0.953329731233245,-0.0760773644928526,0.277206303062992,0.488167443276283,0.89531578133774,0.69127307172147,-0.664398569568141,0.188662962131638,0.553617994343611,0.793810552810842,1.29911392779256
1991-08-01,1.53565971793881,0.582428721946691,1.18613497916578,1.52398359389762,1.96039992263527,2.86585254005103,2.26149621503778,1.01388404126469,1.81895799539661,2.24975219390134,2.75047589736933,3.84368049242352,1.28688369331312,0.567985920276068,1.13401030724065,1.39070234358213,1.85284844223168,2.86520844871671,1.80766057633724,0.976488165335917,1.59905194087239,1.90940732621302,2.41585748314447,3.49939369745419,0.292896861362347,-0.972514839954427,-0.13122246190292,0.191264017994763,0.384807656873449,0.797640982781547,0.595400008033366,-0.684370497094223,0.128504016659028,0.471047364628003,0.698991827811991,1.18868553960381
1991-09-01,1.37863635596493,0.456547004835144,1.01609827394375,1.37478827362088,1.79112087871743,2.73766606741446,2.14473154596087,0.980174185564619,1.71027939527642,2.12834576650403,2.63854839485618,3.70036364920075,1.17313600380889,0.498972971635655,0.99152964211398,1.27742130146263,1.73159418426185,2.7623255852771,1.73182676215652,0.893126663570637,1.50075539116834,1.83688901816249,2.31560092711687,3.40889966238553,0.249485066934106,-0.973882429867168,-0.168567257336881,0.146238576108061,0.34671293194311,0.746941185785714,0.554203563811981,-0.722293412432408,0.0925946824302689,0.433912835837042,0.664458673944142,1.17549416434267
1991-10-01,1.23542694458163,0.276895337737734,0.894569883364448,1.22517235965494,1.64851084961625,2.50425640932781,2.04215924467855,0.854834053928595,1.61428358097753,2.02275126037581,2.5238441671018,3.55143530794565,1.06895164982665,0.339441280254164,0.882555107864631,1.16299150499198,1.62588920319796,2.58658555365955,1.66515930798789,0.822875542755956,1.436883023084,1.76540488335314,2.26398583780388,3.29752717558384,0.210331905008634,-0.988037513261213,-0.184356310805698,0.111244710154512,0.313113585579118,0.730799803444786,0.518087635255755,-0.757044523891085,0.0678003018349498,0.40123401864235,0.638614884144579,1.13251124753955
1991-11-01,1.35397798370007,0.478047519626043,1.06346722755943,1.3666098315562,1.78635317548849,2.6665262215854,2.23474401200163,1.11543369520375,1.86414853118833,2.24026389200548,2.74859712464631,3.79388682734308,1.13168144213992,0.467171521824574,0.970644287415136,1.23941543439235,1.71844245995671,2.83014083052249,1.79521497574599,0.99652146232241,1.59504163143705,1.90965666880305,2.43004144281906,3.60914240818211,0.266239350874549,-0.933042309101272,-0.130526023905662,0.171951233190273,0.352916685684498,0.754230658131407,0.581264567101237,-0.678169716545759,0.122523084955508,0.45809311921306,0.691545602837287,1.16073395950091
1991-12-01,1.09037179037538,0.206561039907814,0.781584334728232,1.09365274192472,1.49368970051108,2.35050617030992,2.04626867721956,0.920125643279394,1.65997798609351,2.04203616540165,2.53627584868177,3.58569593902386,0.940363283128883,0.264610405942865,0.774535443757837,1.03225846456133,1.47275870037232,2.51557217657664,1.67274288679447,0.881245769334426,1.46333759128254,1.78734113976852,2.27703027053072,3.44403015784799,0.19367415672264,-0.943761939558657,-0.176864195417959,0.109668456454673,0.289439565813962,0.692970474627868,0.514855572148731,-0.707319462393866,0.0662863104439166,0.398357524673439,0.622417831659624,1.09346218126138
1992-01-01,1.21989348780365,0.293565658003126,0.885635404335659,1.22139924654767,1.64141830305621,2.56329395914048,2.13811416458285,0.955395083674768,1.70955254547305,2.138088783414,2.63312163781504,3.75132848975712,1.03474372353651,0.318480789198464,0.848642903993422,1.1349437881313,1.57465928820735,2.59179864360237,1.73222456359838,0.899380641785813,1.5192337916319,1.84764149474696,2.35896101893198,3.49327553263047,0.228924443921303,-0.950728856291912,-0.157272769380956,0.135837586758433,0.327336589476822,0.750174054188384,0.547403451722809,-0.731924714543012,0.0855764768899673,0.423560276172968,0.651933936628791,1.13983931408056
1992-02-01,1.74691579546688,1.12145806455739,1.53025012084722,1.74965095413908,2.02965148050979,2.64347070767663,2.52620394227506,1.50318334886043,2.17252383752659,2.52902170636181,2.95821737447806,3.95342647476409,1.41400195540043,0.924910632477738,1.31313535885617,1.52806484719612,1.94329346111008,3.01750799007601,1.9850945659899,1.23210130953595,1.81459627584463,2.11085333449276,2.61111350402013,3.78875019687829,0.37711581983893,-0.894207300897847,-0.0472033131005101,0.269340837515598,0.442314648515328,0.810720992605044,0.683445687615382,-0.67481417182538,0.211425440982466,0.552743152536787,0.767314334462222,1.22654373055909
1992-03-01,1.94047416945404,1.04372196080416,1.61783122895881,1.94559453564148,2.33353234534794,3.15848395093447,2.64837900673374,1.49836147784212,2.24351237879955,2.64887322422053,3.13356273012943,4.1595064155157,1.55861251476246,0.909378488795908,1.42782852756562,1.68295190384673,2.14552691772605,3.33109650840173,2.0639838949063,1.24188292605788,1.86573292099614,2.19002505131701,2.72288860675966,3.95614166890815,0.426209581265163,-0.917670374019114,-0.0409934888018117,0.308494132431595,0.499279152317566,0.909697666200333,0.72688775089515,-0.664251840699807,0.232817665445397,0.592382308914518,0.815901676913803,1.29789850899856
1992-04-01,1.75150491695938,0.815398557868824,1.41186657335918,1.74927640777419,2.14705663666236,3.03342465049243,2.53100756481168,1.35661900993258,2.1120811386425,2.51986246154384,3.00922991291799,4.11147919020437,1.41837415264094,0.780892940386792,1.27580557128941,1.53601820631612,2.00266997046301,3.0905054746115,1.98796967416393,1.16257626512682,1.77783351228808,2.1064931224667,2.64215308560367,3.82451240557996,0.377359276892949,-0.917064078379143,-0.0636497951843991,0.262804569532057,0.458009994470756,0.861235070015421,0.685338714053971,-0.667840105511757,0.195597453677972,0.549618245856917,0.779613395912066,1.25380775722936
1992-05-01,1.6600044497399,0.763782939780786,1.34371400906314,1.67498463501748,2.07200015556724,3.0125358381256,2.48205920151759,1.33603417845637,2.08277864152861,2.48935430395125,2.98280583924009,4.0996650794743,1.34825240484905,0.716934558710014,1.20430225560655,1.46848586482062,1.95777775132771,3.1108163996082,1.95680012619819,1.17489761296249,1.76412538680038,2.08331945433582,2.60914655269375,3.91478460400132,0.355914786827677,-0.918916874488142,-0.0720102652014683,0.244819927246426,0.435589709595665,0.833697443089912,0.667528865262482,-0.672821082720931,0.184080208788078,0.535642156141681,0.763964154453706,1.23991191214906
1992-06-01,1.42636381300007,0.529383513009955,1.10462883605001,1.43608899516283,1.84727798049632,2.7573419487046,2.30369458501547,1.17159454508553,1.92151459315717,2.30728452455957,2.78415579634294,3.89293928454635,1.18096416095709,0.504931557201518,1.02563827705647,1.28706255761653,1.73996031390769,2.81736629645909,1.84042262153015,1.00993902816578,1.64591569024707,1.9584481984767,2.46249647235295,3.64908549541743,0.289366983501777,-0.94812315657588,-0.116993280930785,0.187444547082616,0.379516750136164,0.773236616138883,0.605170824767235,-0.694885291008571,0.131090942735006,0.47657869456152,0.707841351947997,1.2058059782769
1992-07-01,0.951987612809705,0.0516874684001742,0.626207165224382,0.953389630003643,1.35886086334376,2.27708926456188,1.95479158411954,0.792672446757244,1.5431269866162,1.94480107703672,2.43545932502248,3.56439846386147,0.839055858093493,0.14945037152691,0.657427474502786,0.925915746280132,1.35854792889102,2.31402297299122,1.61362330004425,0.807110010815375,1.39331512638908,1.71408908851452,2.19747619700919,3.31775983297395,0.156369614112743,-0.934550939640828,-0.202323434102224,0.0754014184427589,0.260891537565804,0.646625745840377,0.482293598080943,-0.745182103654989,0.0446879185603705,0.368089110200256,0.588753556367814,1.10991035201059
1992-08-01,0.920818414403088,0.0508123079113515,0.624715499545361,0.933835570640212,1.32695732598381,2.19161728293279,1.94159367992528,0.832142750664082,1.56716482019506,1.94942742007841,2.42413518940237,3.45792808832403,0.813729051890715,0.115860786870384,0.64830927806477,0.900049745089663,1.3534281081072,2.35577272845484,1.60629510059284,0.818177344099042,1.40570510000978,1.71406322626927,2.21906158632342,3.38696375562061,0.150359048168208,-0.949313567107141,-0.201616112083365,0.0720654508544525,0.254277750985765,0.630493224655229,0.476313501204167,-0.73600746762989,0.0503040584754801,0.366653494780994,0.578824471257174,1.05239816002361
1992-09-01,0.714442724017982,-0.16294621805876,0.409610243231628,0.722660064226219,1.11017373282182,1.98073305764452,1.79668977316605,0.671836926201752,1.40297079528995,1.79781843980846,2.29228028303102,3.35324759769856,0.664313839752726,-0.0245593750813408,0.458838546744173,0.744054384570314,1.15924069074434,2.12861777697698,1.51281949661118,0.690492755579704,1.30839347401472,1.61070186632281,2.10086056661115,3.25984029421444,0.093088661918295,-0.914439781459236,-0.239690938218277,0.0223431262409724,0.204402922565866,0.588750001034115,0.424517791169483,-0.781239567432633,0.00852025406793899,0.315230089078495,0.533449964865001,1.01643411549788
1992-10-01,0.91888267328297,-0.00618679899215453,0.59227197541387,0.917649559906078,1.32531259171682,2.21357337079941,1.93371868161142,0.776909484357267,1.52756796539307,1.92962843722229,2.40015716280305,3.51902985040916,0.81421430658861,0.112992653153333,0.625398330295717,0.902672128200617,1.31632947358362,2.25111070283968,1.60065682429774,0.796460770741222,1.38113116549547,1.70768894976421,2.18471966675932,3.31638570350368,0.147951160840183,-0.90884836889771,-0.211518295872034,0.0654561041001319,0.256360800470091,0.649106563976511,0.474059926264692,-0.766348069206266,0.0374965809915194,0.359749092665494,0.592417954770548,1.05778691822983
1992-11-01,1.41462501647199,0.51577565105648,1.10473076093695,1.42083870924558,1.83013591899764,2.63226131911613,2.29766041475208,1.15683204011876,1.92463728966933,2.3052993946377,2.80969918549562,3.82219336076771,1.17047069761093,0.477476619896505,1.00952326757038,1.2755362051376,1.75684169789487,2.86125946520599,1.83698473927188,1.03919304981859,1.63907885199476,1.96144849310369,2.4868400953243,3.68031624036411,0.288010124552163,-0.9290402128289,-0.111465543676857,0.18697588292418,0.375959395208621,0.754884981181554,0.602552675617098,-0.672607375257777,0.139053834086794,0.476087508861603,0.701192875646508,1.19247434758864
1992-12-01,1.46278172768359,0.49401849873925,1.14274635660499,1.46503380038442,1.88609299831975,2.80066144792969,2.29065734709181,1.11973528708971,1.88987334277802,2.29769490798406,2.76796427334032,3.84412425534149,1.21351367809988,0.52655410083102,1.03169863769214,1.32453032808816,1.77151586735509,2.84452132157393,1.83091000969633,1.02451281946459,1.62109961192389,1.95325659647648,2.45986794335451,3.60349129260643,0.293121409414636,-0.949879970210228,-0.116845893517374,0.188123635504919,0.384309705442735,0.776273614892234,0.601450809869015,-0.673963615039977,0.132637061395444,0.473906980124761,0.707284548000722,1.21081088932334
1993-01-01,1.28097568359106,0.32938218966513,0.952522715298875,1.28030980414936,1.68920286027882,2.53993509902861,2.14447895080347,0.964927789091425,1.73337518053574,2.14060853209175,2.616640703349,3.72000801993693,1.08515457880207,0.362926248036181,0.904176118378132,1.1803405663956,1.63399919884783,2.65952849260863,1.73556902423269,0.88507330372453,1.5277419795223,1.84412956598078,2.35786240370354,3.46583047043274,0.239420498346253,-0.956060027392984,-0.15959979126901,0.144208927888355,0.329909918590605,0.730726234552956,0.550170652401962,-0.689954850460534,0.0955157863311495,0.427044539186056,0.650097572005601,1.16602181093343
1993-02-01,1.37943602132184,0.800304441422421,1.17409887620803,1.39113615282769,1.66477864010118,2.2245370370386,2.09561863869116,1.15949677197495,1.77389799685364,2.10553836686666,2.54820320651529,3.46920014530213,1.17820738604782,0.707513237813038,1.07730044800753,1.27607943242224,1.65547488850891,2.58884269702359,1.69940907957807,0.980383629736485,1.531811371269,1.81109397871404,2.28052798600489,3.36498192078143,0.244611754787008,-0.953214919397015,-0.131718358112809,0.156283381537934,0.320088925149208,0.68172310639234,0.536605273529158,-0.689195490538494,0.117898243126155,0.428254264523736,0.625460481651368,1.06519536358573
1993-03-01,0.966445355671446,0.152590028343495,0.689686874409506,0.967306241847813,1.31571234582855,2.1159625295997,1.8324468771104,0.757863797248441,1.46744661199722,1.830692126237,2.2766196044648,3.3109985195034,0.874383619427996,0.214977118546483,0.728418510036725,0.953034370278989,1.35050140926251,2.26788072216815,1.53148870093376,0.765216853849354,1.34491358599301,1.62590483915242,2.10132810515457,3.16344610606681,0.134843975829462,-0.971273821510665,-0.218093323388055,0.0543674613870034,0.229843090505444,0.600774762903876,0.440671252210638,-0.758265159212207,0.0156288372970295,0.334207877624101,0.546569400402905,1.02680662433661
1993-04-01,0.83064455220314,-0.0266405096290898,0.523106511693705,0.834728163309012,1.22822377607434,2.08823641882339,1.75576054844728,0.640126531080697,1.36785686340949,1.75955600012607,2.22919241639806,3.27589230886876,0.772576652936032,0.0934183967734095,0.592005472721712,0.854882914502455,1.26682291838569,2.14437316309112,1.48294910659612,0.684205804554182,1.28641019107264,1.57705537740299,2.03630056330696,3.11011626889895,0.100670341007585,-0.920846098248686,-0.241872300840244,0.0269678371748595,0.208282990883576,0.570596500754678,0.412410962949499,-0.78265349672207,-0.0016030099539844,0.309559538596148,0.526339478478281,1.00162126063122
1993-05-01,0.792087399051246,-0.0263431545449223,0.525977430738339,0.812414169741923,1.17648079742789,2.02750326835771,1.6983571169276,0.645735067657494,1.34737738910587,1.70832426251345,2.16774600717336,3.22348128669124,0.751329674574838,0.11641948346039,0.57815115924589,0.842314846313008,1.25982154042322,2.23075212948749,1.44457281819259,0.653488992837368,1.24172768202417,1.54286783570477,2.02709753771106,3.09877459322322,0.0833167986289069,-0.965912025289419,-0.251870660155236,0.0170167220686886,0.189585780090574,0.557719786881444,0.393094564285044,-0.770255453164688,0.00443008887631313,0.290631099647785,0.501132612396561,0.967159896934097
1993-06-01,0.967556677177634,0.100742317019013,0.687362573284157,0.979543070570085,1.35163960480663,2.21645821303946,1.74903254141476,0.669064532922255,1.39140187998167,1.76169045165289,2.20618249563315,3.25956448170375,0.892618728757639,0.205534025397031,0.728085065533273,0.976137669096504,1.39274758360149,2.33471559359486,1.47466436107936,0.694498688116095,1.28104234533228,1.56950117507171,2.04188185164637,3.06372446631969,0.117544568934206,-0.96707503583086,-0.232433971944874,0.0427210203122225,0.219777466971026,0.592962677627592,0.41320046495149,-0.759171002256187,0.003832858434663,0.308532186839172,0.518736392834998,0.976794771899305
1993-07-01,0.987218735959793,0.0921425964232094,0.693363373573608,0.990777163803772,1.37731222445337,2.24732503220915,1.72433575495198,0.622402909530617,1.3614229914285,1.72749674576175,2.19502899959879,3.23171151210457,0.914293230790806,0.189309336732171,0.749628739654582,0.995953410567209,1.41895239436234,2.33398586857841,1.45757623721893,0.665225627452514,1.25605920508382,1.55441609020183,2.01147501375189,3.04207025681844,0.115357266637655,-0.950785912495853,-0.231666902135003,0.0394525267032468,0.220122629871133,0.599511079739164,0.40504290531072,-0.760067030190666,0.00552783246200712,0.305180838929563,0.518928077593095,0.984804106625507
1993-08-01,0.985525183243861,0.151419713515407,0.703325343403154,1.00016604046865,1.36798079644673,2.2310705038604,1.71917566661705,0.676140688722285,1.36954836084293,1.73085871098769,2.18959647001448,3.23477773399316,0.913487877778891,0.266129625386289,0.74840831640172,0.999730843686494,1.43025211174559,2.40586939903203,1.45422263384316,0.685926516110549,1.2647892175395,1.5507182876199,2.01850864212056,3.05860759008331,0.114385320376601,-0.983643358838926,-0.236129681593816,0.0426515637350057,0.215740264684068,0.59277187650003,0.403087454167664,-0.758711724394547,0.0148964263915045,0.30646867790246,0.514169150830688,0.95570848233563
1993-09-01,0.891736002339726,0.0752713871611596,0.604302524433625,0.905676682031304,1.26552157266608,2.06904536795684,1.59552380085576,0.579390405879494,1.24399836206413,1.6067052922692,2.06058696699079,3.03691956563287,0.857460382975249,0.183793038279628,0.687718750005781,0.944926146408336,1.33902180572096,2.2170277032965,1.37331727407213,0.592682617200632,1.18012862783393,1.46521598788361,1.91154726405449,2.91148971001288,0.0760506954828209,-0.996668945796342,-0.25894490463773,0.00311096472199839,0.185098893299137,0.544323244010368,0.358988800826076,-0.785361188140213,-0.0200163374085035,0.264984777871805,0.474242997635312,0.917528068006985
1993-10-01,0.870963301667749,0.03575388163918,0.608205585926564,0.879064593288018,1.2722173208707,2.01753343438482,1.56500062343537,0.519792769689411,1.21615419554835,1.57268389794288,2.0199155767795,2.99212811194018,0.845781041414218,0.160465461230806,0.670709559231147,0.927482582802731,1.33346346790896,2.21599335796151,1.35333406662776,0.576371310011912,1.15642205450087,1.45082696501271,1.90118693978167,2.85980260118247,0.066829390391219,-0.998454914736071,-0.266256112952292,0.000652972554506231,0.175195852038525,0.553686754699791,0.348077267081745,-0.776387854325056,-0.0242359535303849,0.256471914243106,0.464098720935404,0.917604731137778
1993-11-01,1.0370396756488,0.224691577700969,0.765422967021716,1.05846845882788,1.41722861607404,2.25277982987004,1.71467057254892,0.683682652086521,1.37602216175001,1.73255935721682,2.17619601129796,3.23316364541662,0.959436841180177,0.288554299156051,0.805060207230184,1.05197595114686,1.48180808573947,2.47532979936642,1.44970982567132,0.680522762844505,1.2513950412047,1.54862147329808,2.01901340640709,3.10019952109877,0.119991966685925,-0.983397479848239,-0.226309498071182,0.0435364602378412,0.221862004019914,0.599875127086057,0.402770542289206,-0.753718249751824,0.0179790971538077,0.301904736026353,0.508318611771504,0.963654857439891
1993-12-01,1.13997692200427,0.260219339234442,0.859741191787951,1.14684920709695,1.53395005591286,2.38764770766031,1.78824617058335,0.716975616952267,1.425111715377,1.79988378183001,2.25362675460685,3.31499832320029,1.03320728158236,0.336564189301869,0.87574359704394,1.11919008049617,1.5524156472178,2.51881609131975,1.49679220789627,0.736368078591498,1.30528559155752,1.59297236918202,2.06336087099792,3.07925886487781,0.14935543621028,-0.992638921823157,-0.208863014043952,0.0661530532684004,0.245698847376684,0.601833142955509,0.429559667630763,-0.754092349839179,0.0314589915066272,0.329035814969179,0.541402057272972,1.01154100891364
1994-01-01,1.15008889759911,0.289178717206817,0.848480460789011,1.16346401394984,1.5383304052602,2.43017473626802,1.79267503465785,0.69755870703699,1.41587867993311,1.79383062660083,2.24814671099644,3.30986574150305,1.04081991503885,0.333644722080128,0.8804031405315,1.12745084369778,1.55048472661445,2.52768374433621,1.49947327601805,0.707879174349207,1.2916174059027,1.59172155848104,2.0668186303932,3.08464359330442,0.151830195681509,-0.989258865944526,-0.21891669447852,0.0707009909245566,0.248387201431059,0.637469689093544,0.431260270575895,-0.745852247627143,0.0231592930758414,0.329999378427506,0.539550820408984,1.02258798779687
1994-02-01,1.48765708926288,0.935646791413522,1.29542912340767,1.49438878748504,1.76549322208924,2.30550143666212,2.01150605693976,1.1240810084781,1.70350235559016,2.02194058270964,2.43215339788527,3.37060512305474,1.28787587398785,0.859221787808992,1.20117011888731,1.37967409372626,1.77886811722027,2.70479064941083,1.63880452823683,0.9583025126467,1.48226849695529,1.7408883594471,2.1981505238308,3.2793328130713,0.242984147426066,-0.934590091193551,-0.141596600081066,0.158439653475091,0.316825951672535,0.665447689894226,0.511516403225085,-0.68453943095312,0.106587423815464,0.409009033012355,0.609343522369266,1.04930414556493
1994-03-01,1.74318227165669,0.93613620517502,1.45747947280284,1.75269093828682,2.09743092136237,2.90160825171662,2.27244908892172,1.19414585130763,1.91244140403637,2.28237573971126,2.70953756569259,3.73367740726572,1.4583551619517,0.846336711375575,1.33613780549765,1.56732548564841,1.97517629183356,3.09301992417767,1.81066571272071,1.03428858346467,1.62172693905995,1.92254437226384,2.40482680473473,3.52275730671904,0.32867798043665,-0.925008658410034,-0.0938715986895965,0.224603008465112,0.406521170828999,0.788810180794407,0.602295997987838,-0.65204456975798,0.154212768712966,0.47939822857216,0.697703312350777,1.17704793443047
1994-04-01,2.14994337879117,1.26819039827928,1.81411222374942,2.14455238787581,2.52283008698211,3.43674951869185,2.58807509317478,1.43755459223606,2.19032472497472,2.58287274342969,3.04173247079631,4.15129926366564,1.74943372191047,1.10679662322748,1.61825944227838,1.87657051154151,2.35285043973225,3.38875254414152,2.01630770588814,1.23254113713181,1.82950341416912,2.13725151691206,2.6592921466487,3.81260029484677,0.444888974568312,-0.933689238815306,-0.0398281323823757,0.322536573138851,0.519387768643348,0.934200620610714,0.713396504990256,-0.639007143513995,0.24038161882419,0.578631902195821,0.812238682523969,1.30255155757353
1994-05-01,2.2535874594589,1.35373620153737,1.95322897401482,2.26876600352941,2.66822946455426,3.57559782180888,2.66510757506686,1.56231521935354,2.29748656461984,2.67664969510637,3.15436540711253,4.23769740358365,1.82425152756852,1.22798516736431,1.69617556932119,1.95901833296439,2.47699836773676,3.7683638189845,2.0668044096606,1.31894624523353,1.88612453661767,2.19546907667379,2.72261222520191,3.95286225126899,0.473809097556326,-0.982275594173985,-0.0226224210705197,0.347045517679007,0.549933120321141,0.956543561829237,0.740166050349543,-0.626825379733601,0.257443962678237,0.608883620446473,0.834912773976534,1.30108389504283
1994-06-01,2.17663571882179,1.29011545562519,1.83631305959155,2.19371303160147,2.58480151243492,3.53270117160406,2.58759458374061,1.47566601293863,2.20268936422295,2.59590891945564,3.07504220016019,4.16357229958629,1.77303993460095,1.15076655235946,1.6353767644735,1.90028248604342,2.41315835920787,3.6819111731822,2.01566717555916,1.22099666104934,1.82435019648051,2.13656052864997,2.6511766837609,3.88374663448072,0.447975083311654,-0.94411477400938,-0.0331158874041079,0.32081674481033,0.52238510527172,0.941550487492703,0.71345367382903,-0.626879449659975,0.242720474003801,0.579562105511493,0.814412913015929,1.28859788160504
1994-07-01,2.19376573057797,1.28170833600124,1.85319815488256,2.19550783866072,2.60214810362986,3.56065853647091,2.613643691246,1.46732637310846,2.19856337614814,2.6077231357554,3.07254277775612,4.21309529846573,1.7840591538887,1.14743720397021,1.63892706775447,1.91934946212215,2.40995696689414,3.56251074578933,2.03347724641108,1.22598773519843,1.8450505309377,2.16162960540611,2.65354448641761,3.85686267528881,0.454099373799798,-0.946310711767468,-0.0324521535123611,0.328072348537944,0.52813470417561,0.947922200383854,0.721801550017849,-0.63616569960445,0.234438518852074,0.589790135678729,0.824153542086412,1.29891246471322
1994-08-01,2.19578740287425,1.32626417630188,1.89289809814854,2.20136918116854,2.59777904536113,3.49284666438155,2.62378100910183,1.52499723521768,2.25158584242157,2.62503586713061,3.09996409548016,4.17565372443834,1.78260066977332,1.14780607654168,1.65745659220564,1.92067104653651,2.42977343127081,3.67449209982323,2.04031023105075,1.25592939944267,1.85816835963249,2.16932930050209,2.7042149804611,3.90970160868009,0.457596233597445,-0.958960665412348,-0.0337592704153584,0.332473629505329,0.525205163094958,0.923715819310639,0.725217692858667,-0.636157190096632,0.247778874548733,0.597212024176719,0.819873564857758,1.30517402161128
1994-09-01,2.24562056459679,1.30279844184676,1.91104418580854,2.2540023779241,2.67205032126421,3.57934416153133,2.68032830096463,1.54477558880996,2.28551986269067,2.68516666725118,3.19373389213015,4.2283234833476,1.81580813308383,1.15590352565199,1.67800649456163,1.95352514815529,2.45928869215527,3.68285267774943,2.07811643738044,1.28021787035774,1.88784813122192,2.20343330284332,2.73169636551156,3.95454250719589,0.474266872001047,-0.96214433192217,-0.0189365571685696,0.344936809196854,0.544115051588712,0.970540616231769,0.744161183888333,-0.631539925938001,0.25616916671947,0.610609245361183,0.837556944372354,1.3228214545671
1994-10-01,2.35255701060672,1.40248610927327,2.01026308725782,2.35545588215347,2.78490699325497,3.72702645079533,2.75931551807243,1.57501304495346,2.3471693767047,2.75478433135741,3.24957789711516,4.31970535357509,1.89432234228265,1.24206477217368,1.74881643541654,2.03835940742375,2.556356862026,3.77520307623302,2.12985690767295,1.30346519241234,1.9308447499368,2.25348273080577,2.79771300509874,4.00983621369866,0.502750814779453,-0.959653982889791,-0.0123984369829931,0.369699691503547,0.575409384494403,0.988431785053056,0.771553057370335,-0.634752417232404,0.270397929034589,0.631806694677393,0.867333060385868,1.33510069712997
1994-11-01,2.61023748004783,1.72034471375123,2.29135875552003,2.61612723903226,3.05610895421963,3.96685726039088,2.95974571126771,1.84193398906587,2.57962517695996,2.96091438718212,3.4587595475771,4.53372832785075,2.07759629436188,1.4362070623771,1.95472457397785,2.23369316735103,2.76671038328903,4.15858242945497,2.26097113794856,1.49049037554555,2.08024019853412,2.40518394097801,2.95067695596556,4.29676672144653,0.577340776727552,-0.980018282229692,0.0367246705680649,0.437297585547855,0.643529309654893,1.04274448145398,0.84143568954685,-0.606987760993328,0.328843409768596,0.700809350978793,0.930663502232952,1.40665893448775
1994-12-01,2.84321116821259,1.9125343046353,2.48351520744041,2.84483531200087,3.26053299090367,4.22725313356196,2.99338340502426,1.86672482937842,2.5882419757105,2.99652799276809,3.48106304765975,4.53470002549328,2.27265504883384,1.63186209406942,2.1426122717175,2.42485612518695,2.97736027915634,4.31369832680783,2.27774369043361,1.51435594798347,2.10070520483003,2.42118269825497,2.9514989515414,4.2453911858798,0.615370657639376,-0.987679060567122,0.0518626388990637,0.46663279273479,0.673920931984357,1.0937916277532,0.857863116854048,-0.603245024214131,0.338364418824407,0.71406625991987,0.950663034740273,1.43307816963937
1995-01-01,2.71360806895381,1.7841369665045,2.35911184831743,2.70599012629923,3.13188050490377,4.07685979916898,2.88889297929045,1.73906080773509,2.48927680294294,2.8896559444484,3.36793743269939,4.48462896473159,2.18181162987333,1.54418282808588,2.04825609310754,2.33817910721254,2.83529142810449,4.16258250093924,2.20962111996296,1.42178048863907,2.01990078018779,2.34251632933126,2.87615247441218,4.09049105128398,0.576489663073019,-1.00372615775547,0.0275622104597928,0.436055658880643,0.639471976412758,1.05324501654741,0.821113455908687,-0.610794058147574,0.316511014628137,0.680409875944744,0.921858570053776,1.40757501926005
1995-02-01,2.3395543491136,1.7192275335056,2.12681129901625,2.35601022927108,2.62383405422238,3.2375249702832,2.65055568487923,1.6827456170655,2.32740999747076,2.66215195285947,3.0731364862166,3.99158011325064,1.90274469313893,1.4428124118297,1.83266390981472,2.03032349297463,2.49589646925854,3.77260638108818,2.05559219935432,1.3501174190982,1.90986268689453,2.18084106597144,2.67511297490339,3.86711980658071,0.481261290735193,-0.978788711210412,-0.0189507018463317,0.363696735638789,0.537831943842386,0.912649597444063,0.736371155693037,-0.6224914357799,0.277931738577074,0.610141825511315,0.820093611826089,1.25613050313015
1995-03-01,1.95788213639497,1.13925583240274,1.67075423555824,1.97319581373481,2.32246616883167,3.11519186577915,2.38264989898682,1.32155459200793,2.01292603261827,2.39538425680008,2.83203715233656,3.84583857096298,1.62513836852894,1.01067979990534,1.49529378844538,1.74782536074015,2.2086556259288,3.34122176157079,1.88202383607785,1.12511098798865,1.69950564975138,1.99901019129992,2.51192300969518,3.5982021744646,0.376846856696935,-0.940620877113672,-0.0767613526056924,0.267003292306959,0.451406282285565,0.849540340452501,0.641261333661483,-0.63663428713316,0.187502691421984,0.521831787408058,0.736251644254863,1.1944462068954
1995-04-01,1.7282963237426,0.857077302781904,1.41294898526561,1.73530257942131,2.1311682879064,2.98220491772526,2.21122323623838,1.10654559090883,1.80545625970383,2.20548681077543,2.67841371828525,3.74887540725927,1.46047968061128,0.828145667042952,1.30683318678734,1.57620681385885,2.02717112984849,3.07898806306914,1.77064635380295,1.00554141593594,1.56885656633316,1.88720208769462,2.3743141210107,3.45578984498822,0.311676525656202,-0.961881349716875,-0.11862063759298,0.20695420496621,0.396833920554667,0.776157006765734,0.580642529037007,-0.656358604232041,0.141827059333595,0.463195487826641,0.681411227137823,1.16798055975082
1995-05-01,1.38853063228968,0.524078596502035,1.1117811216464,1.39873306126419,1.78582079120052,2.62293957316697,1.95313967059097,0.903618066443059,1.60865704492976,1.95964347346411,2.43813865805216,3.46511037630002,1.21629735276284,0.568737039324349,1.0633630206854,1.32236492975186,1.76276211551488,2.78808089924132,1.6032258894274,0.834853263738578,1.4181850427382,1.70648404100505,2.18382657912906,3.26184580850026,0.215581338448428,-0.971492578586226,-0.164486805125743,0.12856273809129,0.296571789741659,0.683419411094994,0.488836261160339,-0.699228235452317,0.0826383694687326,0.383901225068235,0.589733058784383,1.03881433098646
1995-06-01,1.09107476374399,0.267524954696022,0.796012765196105,1.09498148251609,1.48548592404706,2.31864819464457,1.69716186952186,0.672555839705411,1.33717813175557,1.69801778935516,2.15735473980471,3.17574075650626,1.01005450278972,0.338576896646036,0.837729913674117,1.10289729591664,1.54452552694344,2.50874668817261,1.43687386211626,0.667526056733158,1.22689089582196,1.53382988409801,2.0109586496984,3.00492376362386,0.123700302650828,-0.9875930388114,-0.220445476951344,0.0485957444458229,0.222118772538782,0.589152056227544,0.397613688704774,-0.756692079866422,0.0188735964587562,0.299276787094685,0.507928525583655,0.960747050982485
1995-07-01,1.18673185869664,0.34183845008809,0.898166009822147,1.19112845754276,1.58054125229815,2.4605896344068,1.77473617041799,0.712483378395349,1.42962025999268,1.77414077490391,2.24437040246867,3.29123072088507,1.0772856715471,0.417030916958882,0.904672328554148,1.16965118676994,1.5993502690588,2.59419162865995,1.4870445027209,0.726047902514868,1.28223460331395,1.58070318721307,2.04761178115891,3.08741174009472,0.152335225001426,-0.994491699436044,-0.217210097099605,0.070007935773897,0.248919743603944,0.636377418726637,0.425494162899118,-0.737002477640784,0.0276501912137033,0.326889133908362,0.531898057624459,1.0029403290877
1995-08-01,1.42160898685528,0.585237672805664,1.13945252990858,1.4374481213132,1.82439121183723,2.68080758252505,1.97704537042456,0.920402629419074,1.62443265200985,1.98952148585165,2.45446837864248,3.50122026620252,1.23948403120944,0.579675152542494,1.08881711500607,1.34128323257004,1.78707164772062,2.86448295924108,1.61858658236023,0.843016801166109,1.43255252111389,1.72757163047546,2.20422091002276,3.28527199489151,0.225461836132143,-0.969813711424861,-0.167890942317969,0.133585718439126,0.307879639111624,0.691983654626035,0.49739223740068,-0.698744002623761,0.0840405872685438,0.388812728394273,0.597659665879095,1.06359447058483
1995-09-01,1.33918255318046,0.487025250058169,1.04912993330636,1.35785263212265,1.73791224959285,2.57843801674731,1.87056328020608,0.835675802156517,1.52064757748604,1.88272700004869,2.3405741411322,3.4089340143626,1.18934362690459,0.537101477863653,1.03693035565503,1.29431538579644,1.73151579714737,2.74313380802451,1.548273897191,0.799434570973057,1.36414948031836,1.65492730887629,2.1213544749044,3.16512377592505,0.192875485035258,-0.993108809359889,-0.185602034733181,0.111018398230237,0.286006862349047,0.661512420078367,0.460247056746065,-0.717937066567643,0.0532252789050164,0.361390479563637,0.572033787632689,1.02837164752058
1995-10-01,1.27639362699365,0.406463467794142,0.987659147046275,1.28348622476617,1.66636481339947,2.53559267869497,1.78933474042136,0.726582177061859,1.43271613650698,1.78998506864393,2.25949666348627,3.27448333664073,1.15127188182331,0.471937243817852,0.998642869425456,1.24823731200761,1.68167027030258,2.61300563260814,1.49480139146309,0.74817279310412,1.30904529287037,1.59754286737574,2.04931877654966,3.06240935008435,0.167897186124295,-1.01846416595971,-0.20543438762969,0.0822652098528422,0.261615983042747,0.648264484716901,0.431635301596539,-0.723264371207259,0.0374983891014127,0.332724085056385,0.538675228506354,0.98803389127383
1995-11-01,1.0616621976832,0.218124667001998,0.783948188057088,1.08447651436571,1.4668147781279,2.34377671060096,1.65706982234706,0.63145644734957,1.31467791846184,1.66910140770727,2.12928696798438,3.13308601843956,0.991856091715377,0.353887427311584,0.833541850707247,1.08848576591471,1.52153109558976,2.49277265770086,1.4106538103055,0.656307097748458,1.2191530383462,1.5100464565191,1.97223399357609,3.00936351898901,0.112199708375223,-0.988653253035079,-0.235225887500449,0.0393299030068582,0.214686689585235,0.576427960370195,0.383037196159698,-0.745599157399985,0.00252777553692943,0.289894858215519,0.495159446456198,0.93816001863363
1995-12-01,1.04325075114654,0.184908811049952,0.785111575073012,1.05790999787883,1.41735570040054,2.26473405598232,1.61408143115523,0.57237646713691,1.28124667527304,1.62335433880983,2.06773932942599,3.0552220564545,0.984601168544018,0.325261488074969,0.832516725878434,1.06445095828343,1.49296108215386,2.47686424568929,1.38216273700357,0.63460566233805,1.1901585313359,1.47164051721507,1.93423138044782,2.92463484045729,0.100798585113427,-0.994089553622708,-0.240633347346733,0.0280894544845947,0.196790925023421,0.581828923978923,0.367805575503881,-0.780697231224008,-0.00823787477172903,0.276389874384145,0.474266932347807,0.920946030676822
1996-01-01,0.919720256236812,0.049978298574188,0.609802363150199,0.928059887307044,1.29224506849676,2.15489447633605,1.54168701572542,0.509289854711606,1.18099355384646,1.54899054634485,1.99678961396046,2.966348321367,0.892486492931421,0.196951855068297,0.704035375470719,0.965016498650187,1.38295570150096,2.28839311162252,1.33641049874938,0.590278399076739,1.13002390899965,1.41963752071612,1.8702989487566,2.83991348827173,0.069137060559343,-1.00010233702503,-0.267403718979005,-0.00219226090287612,0.181547095188822,0.549771549550081,0.340954902884147,-0.788447048094139,-0.0377687043079919,0.247122547112748,0.451199570024357,0.892471849902647
1996-02-01,0.942551182883631,0.378746015904472,0.757994688421641,0.9556579455738,1.20423687331436,1.84713279162778,1.60603621106227,0.702482823764326,1.30889817563932,1.61101994751335,2.01567383221999,2.90214474064105,0.898685000376907,0.417557012830247,0.781384559409656,0.971620303350721,1.32242229507809,2.19125280601511,1.3790782395972,0.685608597298037,1.21495535007589,1.4674550344281,1.89521869289959,2.87668427345291,0.0860096088582167,-0.995646800903209,-0.24650442581653,0.0207876959444795,0.175081241529227,0.534342069562214,0.363609967491537,-0.77988970215594,-0.00789136642061681,0.279985402120974,0.461397901837414,0.875548365838872
1996-03-01,1.40450185648978,0.606095140288256,1.13823067208982,1.42093562309559,1.75485790921346,2.52320572877976,1.96942595485562,0.93222742450122,1.6333986395282,1.98189863145264,2.40880442346071,3.38728966782137,1.22513111480233,0.611604550990002,1.08575936796564,1.32708804163516,1.72874688570584,2.76687113025131,1.61359511797708,0.863584411008736,1.4291163657939,1.72069463905553,2.16701398857803,3.23957722575402,0.222607524930663,-0.978559719924096,-0.164910071626674,0.131865673719298,0.305868922191361,0.675958149038848,0.494668855778208,-0.726459057301438,0.0770626791394007,0.390501133538319,0.59215476291027,1.03676504362576
1996-04-01,1.70992925449055,0.866848262719657,1.37570713766947,1.72058103366013,2.1031426379227,2.96431160376092,2.19420260424702,1.13995185074425,1.79489104834593,2.19940342248514,2.67319132956473,3.65606339354319,1.44490431116006,0.83683775128672,1.28917806532012,1.55659780058014,1.99998301788117,3.05995252727209,1.75884686424901,0.994569397351035,1.5670577352909,1.87214054976093,2.35705195818178,3.44637988415932,0.308759111581847,-0.95320393113624,-0.120785786798932,0.202849436440358,0.390730767984073,0.78533820673349,0.575188126065469,-0.672658292298431,0.131973813735736,0.456799851894934,0.678870966332887,1.15671501977254
1996-05-01,1.84192656312101,0.960935882432387,1.55334135374847,1.84939814968272,2.2479663940982,3.08582180373436,2.31566361939152,1.24371192313447,1.96058333098005,2.32277642164574,2.79095497204519,3.83250779434778,1.5349655137126,0.912111172130908,1.3969315389027,1.6538029090687,2.13412397843851,3.28462895020362,1.83837992688676,1.0705769219744,1.6542026643285,1.95552871454039,2.46557997907915,3.59541083817922,0.350919844647697,-0.95752328266534,-0.0780038046355226,0.240471805630143,0.431459678696913,0.817986495446297,0.617777387028415,-0.652744232300954,0.170047217164986,0.498912638857009,0.718700440454811,1.18414115669284
1996-06-01,1.99166491188357,1.05657889790196,1.66623479550088,2.00320563023809,2.38664000084617,3.33442055916017,2.42186484392608,1.3085102868825,2.03034961990202,2.42892771060482,2.89765621717868,3.95189871547061,1.64404149185983,0.983216168007587,1.51449512045805,1.7635901910601,2.26922318903165,3.39705135824294,1.90720615818272,1.13799680360851,1.73172695155356,2.02978523370247,2.53508718731273,3.67904689989672,0.391766583731446,-0.94233053610067,-0.0653996850392796,0.281023924782417,0.472451033397073,0.852680893720188,0.655517776595487,-0.648265391431481,0.193965131176654,0.532991558247018,0.751413426452955,1.22370071348546
1996-07-01,1.93739939688236,1.01613142771557,1.60152830297577,1.94168130620126,2.35250635618147,3.27161598438222,2.36257713570195,1.24077304954577,1.96595770378817,2.36011862804479,2.83692563289321,3.88210759450035,1.6088639891553,0.943998735316573,1.45257995240981,1.73030218516922,2.22217295676072,3.29451282524505,1.86808172081413,1.0834913702274,1.66980657428401,1.98228827126779,2.48685895570536,3.6114443082269,0.372586737876523,-0.948641257117032,-0.0812276470416979,0.257383092935105,0.444323642193004,0.854548935966708,0.635006007342657,-0.644049258921015,0.178355505278832,0.514538994571869,0.733664679553328,1.21135024702187
1996-08-01,1.7825535780498,0.947310624578707,1.49366218234091,1.8034872788788,2.18761199402146,3.02982242654137,2.23645442010101,1.19079183932846,1.88420622573198,2.24888277014277,2.70544923688553,3.76188262945515,1.4991084660642,0.861127155275712,1.3649412040457,1.61311340404477,2.08465789928412,3.24630875233992,1.78570250974634,1.01293122882191,1.60653168089835,1.89783356952501,2.39971758078909,3.51798512237564,0.327260068901634,-0.959008208353319,-0.0961522187465466,0.223388058288961,0.407220501711535,0.799784850606247,0.590666382458837,-0.650610701597837,0.146491317942057,0.473055112036527,0.682888958170673,1.15042476922279
1996-09-01,1.92646605001885,1.01767466593678,1.61668420851913,1.94271755265461,2.32288575475722,3.32523454239004,2.35979743527355,1.24469854389768,1.99218481917614,2.36899578883927,2.83944136871664,3.90393909242524,1.59978932429523,0.947470625831403,1.45852026974073,1.72244331431888,2.20819234542975,3.33754036334143,1.86641884724958,1.07041216024325,1.67207916951843,1.98236388790288,2.49762131806895,3.65983060582241,0.370720836961755,-0.944920499598848,-0.0811928277872896,0.260014912232326,0.447304516696273,0.845509055766976,0.633915174804178,-0.642278214154515,0.179214982538291,0.512702467391467,0.733354976985504,1.18834064094393
1996-10-01,1.68929501994132,0.818972837086521,1.38086179005278,1.68814568061669,2.10367234362763,2.99366304698779,2.16665110682579,1.08953177697482,1.78764234891377,2.15888666761506,2.63312894312936,3.68109519538444,1.43242727230451,0.772624658664324,1.27012101486126,1.54730749078102,1.99958371841732,3.07834672645538,1.74054505373471,0.969631775907572,1.53488879905214,1.85188090835475,2.34280150630257,3.40412506440517,0.30054459822331,-0.967374537298981,-0.123837400012671,0.192358607861219,0.39166473096048,0.764773457204494,0.565720768321583,-0.674206481945241,0.131472905128017,0.442347606443784,0.673772025968071,1.14208256393141
1996-11-01,1.45263770805786,0.646244566971366,1.16825653591847,1.46724889602986,1.8472471508067,2.71028747686807,1.96298643625704,0.950068400276013,1.62111467712606,1.97880818215357,2.42728064823327,3.44422516822601,1.26784396156282,0.636370860991612,1.11846290925897,1.37577258406232,1.83636554953966,2.9225007180529,1.60789447031,0.849860162859453,1.41552553662112,1.71744869717561,2.17703118335893,3.25977766110702,0.227986726843834,-0.981893740440293,-0.159773773743744,0.139974505495026,0.314391512086721,0.677855454509416,0.493470574515409,-0.701015098681303,0.0820477973729145,0.391234860245322,0.592601905193054,1.05892621936369
1996-12-01,1.62527760948368,0.776249147400598,1.32919260938939,1.63993482703912,2.03672163048633,2.85278417507025,2.07913971597956,1.03669780910385,1.72008871252951,2.0881214618235,2.55894361442022,3.56998648288289,1.39368474011287,0.794019047052327,1.24823231701922,1.51000657808954,1.97639771570329,3.03162900547285,1.68224831430995,0.93416012422982,1.49644050533094,1.78824207485228,2.27915699395038,3.3381142137248,0.275052172032267,-0.969011700549361,-0.134090761840895,0.179873596598215,0.358802950636425,0.747084554285071,0.535715938545817,-0.685759982024703,0.10891028892981,0.427279060931314,0.630482735563059,1.0872442276062
1997-01-01,1.76810785909419,0.853489618243399,1.44211610521403,1.77257901726449,2.1586375816732,3.03741711479435,2.21116877040294,1.10991829333074,1.82477380524321,2.21731988732363,2.68100960909582,3.72665099693306,1.49154316644134,0.85366168886146,1.33925138849712,1.60496485347056,2.08133908884839,3.11168773665874,1.76876337907945,1.0104087083578,1.57340496186926,1.88416279294215,2.37889954023923,3.45105897874395,0.320329613718918,-0.957647722045892,-0.112234910316522,0.215609913822844,0.393535043171579,0.798803880236458,0.582093748192269,-0.668600778655351,0.139949709177543,0.464718330102993,0.679037166090831,1.1625195071666
1997-02-01,1.69653028500975,1.12064570556064,1.49446834673852,1.7121966859044,1.96505056860683,2.53534984723677,2.1502978890843,1.25625156377555,1.83941070110556,2.16114590788943,2.55624731849875,3.50105200538173,1.44114744783416,0.975717837893089,1.34924543234656,1.54871794923203,1.9485951138562,2.92210155451106,1.72892253711142,1.04697216847615,1.57239743543248,1.83799358691792,2.29269306552242,3.3812978266196,0.299007691230628,-0.911514385144155,-0.109732092582951,0.2010791091705,0.363941805666871,0.724682116372895,0.56070711390882,-0.689937210991807,0.150867849902081,0.451086140984669,0.65050175085561,1.0739543840856
1997-03-01,1.91754097218276,1.07258513783547,1.62533634002204,1.9154975924707,2.28778992188707,3.02273284579989,2.33522845853339,1.25347705110713,1.98122050039413,2.33644441481172,2.78365282168724,3.77598393967358,1.59622719578559,0.987240202164448,1.47285450101755,1.7060672985793,2.17356940310127,3.320085126672,1.8496102833802,1.08671187991459,1.67871601775259,1.96056890188073,2.46446583298205,3.52087478277459,0.36531617533703,-0.94325109807933,-0.0770709101508754,0.250996536577066,0.434998038139784,0.837719113926212,0.625933455942842,-0.642720435245109,0.177896174267643,0.506298263208593,0.727398448314806,1.17482855635601
1997-04-01,2.12523867726516,1.26263000173968,1.81212735916267,2.12271515723562,2.51780598956799,3.35618003852208,2.47936014593039,1.36916560544816,2.09930866972922,2.47482590402984,2.94293764895804,4.00398052694678,1.74806891392011,1.08069217457818,1.612001316507,1.86627180799074,2.34667573748982,3.54158327051943,1.94283267638331,1.14492114844434,1.76195411990616,2.05894790862582,2.55309896628181,3.67510534777624,0.421423268530385,-0.958724335675509,-0.0557085500952995,0.300643402892841,0.49450472603706,0.907603648670351,0.677336542836513,-0.630579061972321,0.206424335094271,0.546327461665187,0.774015606237643,1.22974968545612
1997-05-01,2.06741354752237,1.22394032539992,1.78794986126989,2.08533928926512,2.4694701320419,3.27753054351904,2.42123900617413,1.38789828026167,2.06325951925502,2.44165805272045,2.89900391495528,3.9540109784124,1.70833162656774,1.10346887623199,1.56872585399325,1.83501034885345,2.3307230563354,3.5947447569849,1.90407005955053,1.15983271231005,1.71554478877716,2.01910657765417,2.52957855062757,3.71676881452465,0.403250667449026,-0.942534040828932,-0.0589126376175399,0.287233764741753,0.467109563011562,0.881167716826598,0.657661331440424,-0.640323073700811,0.208956945174793,0.53790213435947,0.749939911562194,1.21420509492661
1997-06-01,1.98244110921524,1.14402734413082,1.68124380086427,1.98247125483267,2.37361220901039,3.22606440185039,2.33141364973099,1.27477952588247,1.95681041663092,2.33133194149393,2.78997109092651,3.81496911727098,1.65208394242688,1.03041616217242,1.51915120902776,1.77371717002601,2.24131216537995,3.42654094579118,1.84458675852549,1.09134830982532,1.66229958591259,1.95966622477413,2.45177010447073,3.53803065647432,0.374368130412061,-0.942235328031351,-0.0767457469636417,0.259413573046744,0.446990335977335,0.843735633682411,0.626726379597503,-0.631404289797384,0.177008728763287,0.506988228781354,0.72200709138465,1.18708264677481
1997-07-01,1.72017833148263,0.827367772091358,1.40751340567618,1.72171944779667,2.12941460930375,2.98120809841898,2.12134215815947,1.03119889486839,1.74383834514212,2.11996810908618,2.58770134235772,3.63618835817941,1.46678579900483,0.81232528656337,1.32072510487932,1.57198245217778,2.03333758059795,3.15411652417225,1.70823088833943,0.946982858730409,1.52282168233689,1.81550325413829,2.28612718878,3.37964130672094,0.296942039852881,-0.989002471284494,-0.130531583284989,0.192521392019302,0.375130840289571,0.794489263094512,0.551852815481229,-0.681260336656914,0.115094357024637,0.441591495078923,0.652869355992379,1.12083007702172
1997-08-01,1.68108098459221,0.841439581877147,1.39570151705112,1.70964883125094,2.07120672321023,2.91521760750165,2.11804613036135,1.0763985139029,1.7673505427904,2.13299208469564,2.58196372127201,3.59820324684513,1.43402567521382,0.817206016758928,1.30057469986656,1.55453637013278,2.00234910232524,3.17016559778391,1.70730307021857,0.965423042619573,1.5282628932393,1.82007424038758,2.31590290395774,3.39883114854801,0.290607863361415,-0.962122656066415,-0.12099086537444,0.188450866261647,0.370120351322344,0.730351914799874,0.549727331414338,-0.678602615812473,0.123444832606641,0.44022092762667,0.648401570822902,1.09829803197022
1997-09-01,1.75215761058057,0.876704849128004,1.44034585363573,1.75305918131783,2.136544183422,3.02062491835639,2.1476580041867,1.10331969782346,1.78921670466271,2.14977440773306,2.60491008970834,3.66979523294259,1.48908542799921,0.837456164115282,1.34419054591665,1.5986719314531,2.05517409525132,3.13898089185071,1.72524745685342,0.967403774466868,1.53889561515241,1.83277705334319,2.30728467533233,3.40024042546537,0.306681513788737,-0.961107411253177,-0.110056871926867,0.204429565277513,0.389639228782646,0.759628957140173,0.561307934369675,-0.676504774193885,0.13760742167696,0.451399790970056,0.660859391192596,1.10757894947131
1997-10-01,1.67361526602737,0.782692116802385,1.38298925891229,1.68156256040726,2.06674864720736,2.86540469601279,2.06924676417441,0.997798482242451,1.72280036103108,2.07535428046592,2.50655108071295,3.51632161914668,1.43620097411555,0.806913046969222,1.28570652175117,1.54950884764595,1.98743973699798,3.03617069527905,1.67364569591448,0.917151121769348,1.48653956623712,1.78139920283151,2.26805690172028,3.27591770023843,0.280817585324783,-0.973048834999885,-0.138486114348255,0.181854216252796,0.364533486153657,0.780949256073725,0.533855516116533,-0.687151008660577,0.108365564386929,0.425588929532055,0.639079081262034,1.10147556723284
1997-11-01,1.52379575869937,0.727387937708669,1.27057249217033,1.53320378370603,1.91883014842589,2.73648865996443,1.93474945900826,0.925450024957066,1.60245081348105,1.94771005866046,2.39711385161959,3.40147755181774,1.33379321138093,0.721032938428141,1.19026755720526,1.43711539524535,1.88722554659852,3.00034811299872,1.58630512628972,0.839563264592907,1.40093544079225,1.68540992831883,2.16165387292715,3.22194893950232,0.233037728808364,-0.993487551569228,-0.158661463022793,0.143046654341137,0.310774278522786,0.680057306802156,0.485658742378122,-0.689905936738593,0.084334534414872,0.382997806388663,0.586393994835746,1.01459614067072
1997-12-01,1.54755035880915,0.71281080323039,1.26092329839125,1.55491517641028,1.92225978853418,2.74539643132809,1.93040455782011,0.915538088145578,1.58745173185705,1.92973123203777,2.3705904250085,3.36015688366075,1.35455109204481,0.695103404441099,1.21351233773486,1.45782641687522,1.9153689617988,2.89538095915919,1.58237940614427,0.837997881018128,1.40325513888241,1.67399681063705,2.15715442059142,3.13990695335877,0.23599158167787,-0.979188029456564,-0.160929773294715,0.14056670524255,0.323953210141656,0.692433414434882,0.484886175861029,-0.701616059213211,0.0809063746921088,0.380781797790682,0.588207236391008,1.01825898634337
1998-01-01,1.30326340696708,0.48264852189536,1.01177387869942,1.30274085401153,1.69407259092997,2.51217518358544,1.75459249517828,0.749125630168577,1.40591826711343,1.75750524190256,2.20469325977621,3.19357749071833,1.17863880461865,0.535232804269654,1.0176049461013,1.27262344113886,1.72180417198775,2.70396492216836,1.46966836490218,0.733074070061325,1.28205613158669,1.56082768828224,2.02403301437472,2.95678834287761,0.166999495892409,-0.996210575742908,-0.207058180259463,0.0788541954095964,0.265470441916058,0.657912209635604,0.420614953791007,-0.749629073139067,0.0314336380936949,0.321373749095647,0.529825420090697,0.969317738611566
1998-02-01,1.1448337741743,0.594581318538025,0.956348021353381,1.15957576880238,1.41787231050448,1.99196145258232,1.68824220112107,0.815140954850953,1.39841266338783,1.69734590431474,2.09368702259028,2.95847495981482,1.05606309574523,0.594761622222259,0.94662465056174,1.14148885212908,1.50645963503408,2.39922349847879,1.42944079183047,0.771603658048544,1.2715196038411,1.52384127915993,1.95237059258703,2.90048178339914,0.131047863980139,-0.996906778164591,-0.216762413252328,0.060935014585409,0.212479011264678,0.557863813314261,0.394892235254314,-0.765713916129516,0.0222095816092507,0.302970316719408,0.49345531394839,0.898997760807222
1998-03-01,1.44731938568468,0.707134424527003,1.18786669669264,1.46746061445646,1.79225215886084,2.52705264930053,1.87200098694382,0.889355557241698,1.52282814837643,1.88359443684934,2.29864376408516,3.27174976929104,1.27926140115837,0.726587666900197,1.14616445312126,1.3773257293579,1.80719109990801,2.79747276644535,1.54528728285315,0.848190008002318,1.36364041787797,1.64236297976468,2.09457036763763,3.10638630622635,0.210847664848609,-0.985222355614331,-0.181190290555524,0.122274509392888,0.289521469895519,0.661565359465127,0.463357942658968,-0.720754052657859,0.0618175981206339,0.363728662468087,0.567994187587894,0.986155816962773
1998-04-01,1.56659317126617,0.759221753950032,1.28218885047918,1.56309336721096,1.93469328819018,2.7439375543021,1.94209086399691,0.929777189508315,1.593165478907,1.94506056736951,2.38564676012522,3.32918861916698,1.36720013220407,0.768252493119819,1.23643116735494,1.46475356696266,1.90399553697383,2.86989024970457,1.58899810294771,0.85829979431526,1.41352065449454,1.68527968764531,2.14115028218807,3.13638233277864,0.242369537366036,-0.981293322868393,-0.161929068476963,0.147799579752069,0.324042576811897,0.712193726361168,0.489900125172846,-0.715678002067946,0.0864104042389184,0.386407791715132,0.593297351749693,1.02015609020861
1998-05-01,1.55246480381687,0.77478789431346,1.2832545445019,1.57721298818972,1.93587812443252,2.76879400320157,1.93341775074864,0.96124986860155,1.61511651419937,1.95571334851926,2.37399650409049,3.39477552589271,1.35707956751601,0.75835347993407,1.22119743317764,1.45537598167617,1.91149419178679,2.95801106837756,1.58370469866565,0.868188324030393,1.41067866335717,1.6872323415544,2.15652405058272,3.17114035689233,0.238345988094268,-0.986654698048215,-0.152451474565029,0.145906470406724,0.321091084959256,0.689625248651054,0.486505729047834,-0.71162487794044,0.0838300612396226,0.384833167964742,0.591298646311243,1.01549914415215
1998-06-01,1.54339989048373,0.739032933955364,1.25334092859815,1.55667268891993,1.93464674684634,2.7148053201652,1.90206526140257,0.893340929573493,1.56948417911042,1.90755597368087,2.34742184774397,3.29253980568399,1.3547290487567,0.733901612728654,1.20817716779397,1.46492837227757,1.88693986488816,2.93486797188623,1.56213076036961,0.827491622219203,1.38437380378325,1.66327951376902,2.12594964437483,3.09334572920692,0.231495778174226,-0.975857508288361,-0.155712582501706,0.14292703501029,0.318771550027157,0.706445496262664,0.47612466964544,-0.704052134862976,0.0734408637018019,0.376921978352014,0.576749588121598,1.02185105436031
1998-07-01,1.53001981496555,0.684852128343914,1.24515588023288,1.53250255034457,1.89859451954885,2.7384975352955,1.89272850817792,0.908902511645334,1.54392865278837,1.89272473460504,2.32037613994745,3.31580625406466,1.34431632486487,0.718305238959788,1.21335863135443,1.44440848517369,1.87072918903675,2.86132754347044,1.55575377163326,0.828305641064831,1.37905281590915,1.65290323257217,2.10262343009731,3.06274931326891,0.228472967320542,-0.985596941018805,-0.162967933591077,0.136953531289415,0.311593008866414,0.702237923845549,0.473053730447866,-0.739102671676153,0.0710832779917476,0.370129433503046,0.575333205835305,1.01133752504749
1998-08-01,1.32052092040136,0.552205047521229,1.07094086118842,1.3420278916984,1.70192036190443,2.501516484035,1.71412244988422,0.76473019902202,1.40516015033937,1.73142774603624,2.16256347918699,3.10588180153416,1.20199996507323,0.579129574339769,1.05691966693857,1.30486338594865,1.72682740683439,2.75181785440254,1.44177632180606,0.72566140702111,1.26410661948389,1.54104861472301,1.99026313476651,2.97643611094992,0.160694492127206,-0.992234526924795,-0.202381796447936,0.08161663929375,0.245614448804552,0.614135279278606,0.406947584630224,-0.741396807439157,0.0245932490038816,0.318564035042556,0.509659217225048,0.933927540141055
1998-09-01,1.02557438388387,0.188037806387431,0.759163948348432,1.04905401491171,1.39684101434651,2.18731726161696,1.46814038553897,0.49771593234665,1.15741816422377,1.48483468752949,1.89831058379343,2.8258698152451,0.997514459242369,0.365520529658593,0.839658715209539,1.07291114678035,1.47342711083412,2.36664241155746,1.28403130350576,0.560754689381853,1.09980466094951,1.36820846480435,1.78823467932478,2.676862467427,0.0689469973693635,-1.0242163363,-0.271084551479504,-0.000725590444395968,0.169653660408542,0.543639370533513,0.315855682088629,-0.792370820072814,-0.0388630751604589,0.231925975879911,0.423344798776126,0.843104351362174
1998-10-01,0.971575318866234,0.195261771042642,0.70819373396202,0.988473721824949,1.33538137977542,2.11794688497495,1.43571636663282,0.473682573205471,1.11005606292571,1.43791591428968,1.84287615153872,2.78060922748837,0.956474772526166,0.312986252286196,0.804508175630735,1.03650315349986,1.43034706661481,2.30335713417547,1.2631173062581,0.533496123640624,1.07871777640054,1.34293905993452,1.75688689489477,2.62173579193901,0.0555634030762351,-1.01320838017311,-0.273642822840663,-0.0138457920004519,0.166792930445068,0.544903885826304,0.303853795640878,-0.79784074672077,-0.0492857681660249,0.21927373978938,0.416735951241772,0.863955363879751
1998-11-01,0.978740619328752,0.210310930291245,0.731618596208129,1.00074765111194,1.33736234001626,2.09244134364263,1.45732873539783,0.523934749281271,1.14883357227737,1.47773038718552,1.88070558507917,2.80627301459373,0.960078138700901,0.328938127529854,0.806501065156839,1.05006237591414,1.43323250700912,2.35420153656472,1.27833393443793,0.573677774476532,1.09192514209907,1.36193597215124,1.80171539328242,2.72197222728892,0.0595968137611126,-1.01184347895983,-0.271414610813608,-0.0032500588271275,0.167108986408459,0.522004430255167,0.311314619082329,-0.77172520726247,-0.0460145629646733,0.232252435134221,0.420148058489071,0.851811557391233
1998-12-01,0.965442901557598,0.192127385172256,0.717764240229615,0.985388854913194,1.32748489391469,2.15243605749752,1.43511576578591,0.500749076271857,1.12506612642221,1.44668403177921,1.85020739856758,2.81146824244972,0.952419958846936,0.316645644315858,0.78291189993026,1.02968825721622,1.42173092742954,2.34973591784721,1.2635135961473,0.562403954930029,1.06321825365681,1.34078484459123,1.76438621314805,2.65980967495204,0.0536975131921727,-1.03513446239577,-0.271201272573196,-0.0160835457907134,0.161541705477267,0.525992083966062,0.30320934766484,-0.794177068649653,-0.0440140168077512,0.220134493425011,0.411728559945912,0.830334960571084
1999-01-01,1.23588388647867,0.364059432608259,0.948256313673692,1.24871203672756,1.60237891667276,2.3327300773656,1.6980520130576,0.687061897130364,1.35335018390787,1.70403295338331,2.13046205723294,3.02259370115574,1.12517067780104,0.531661750284911,0.962927099065085,1.21390543057042,1.59850710246236,2.49836249099809,1.42929014793227,0.714209272430719,1.23771177642832,1.5177929966094,1.93114219393191,2.85495718050277,0.152432658954361,-1.02651019557526,-0.225507527832484,0.0721790697351739,0.244062009498755,0.637922427525451,0.403250205531035,-0.767729937548047,0.00630204485482156,0.308860287030897,0.516564417789595,0.967450326299794
1999-02-01,1.18146355487144,0.627408712370446,0.999086749832168,1.20320648522534,1.43551240835735,1.97531870942343,1.71433807402011,0.818847668685197,1.41439486113115,1.72511469615074,2.10792236244539,2.96674424380016,1.07883561714208,0.621238599288854,0.975939264194084,1.16443548668541,1.54836003583439,2.43970709728488,1.44452208306163,0.772733689569303,1.28406686944622,1.53861378347613,1.95409848954974,2.90485648692226,0.144660972004376,-0.99477018638626,-0.206975700263501,0.0742414914012572,0.231795087928568,0.577849785646524,0.405600795790253,-0.761766364610479,0.0228648919490743,0.314138330573282,0.504519177688598,0.910893241905826
1999-03-01,1.51269642413591,0.73588754853074,1.24881935667896,1.52276843597741,1.85116761073847,2.61106587225732,1.97873188804646,0.975771008747462,1.62615516861694,1.97997660447398,2.40005728649475,3.34933460169801,1.30794035945368,0.751746614516158,1.18380671734089,1.41230730319231,1.79767372450088,2.72030786159914,1.61253198695817,0.910321097811427,1.44281226754197,1.70971224291787,2.16718809561543,3.12635535370953,0.247706179184331,-0.986028903408575,-0.159777936027732,0.15048664576997,0.333465246609855,0.723708610210939,0.504019840559399,-0.722289660106008,0.0797762256924378,0.399715560134351,0.611911781856831,1.06910072406935
1999-04-01,1.53497823026517,0.68561586218817,1.22974201204806,1.5186609707141,1.88514111364555,2.65721649822885,1.99730684022798,0.978902927819538,1.62417666373803,1.98074175505371,2.42326539718875,3.35053180918619,1.32110398663428,0.672078556149105,1.16191885580955,1.41686263321333,1.82865464737024,2.68286765481151,1.62297262393961,0.89304181602163,1.42755797922516,1.72101542714748,2.16725556108739,3.10373483139867,0.256852612866191,-0.949550590829221,-0.158471745104109,0.157624740432274,0.339262798286214,0.757713793592099,0.51230775405935,-0.72288189550522,0.0803308434031324,0.397859537908889,0.619135572807832,1.07721558840188
1999-05-01,1.54478720888464,0.74290701024117,1.25723415620037,1.56373423198257,1.91211569784436,2.71273601555478,2.03105784974094,1.01365074139917,1.68194741672761,2.04098105619118,2.47024386284446,3.46547294181705,1.32804171510773,0.751499292380072,1.18587958957593,1.43357172818791,1.86625293078521,2.88655294379943,1.64910074011121,0.914677540320886,1.47236169863444,1.75580728423203,2.22752750241364,3.24738593025885,0.259921982412159,-0.974587645751036,-0.140280657729344,0.165236786357896,0.343566131970122,0.731314485756946,0.520463221714022,-0.713070909445801,0.0867973130546924,0.416845119867246,0.621889938330995,1.07122853200556
1999-06-01,1.94659428011643,1.05207992783418,1.615198830355,1.93563397431358,2.34149275056337,3.1750495438412,2.35114977703663,1.26284180790475,1.95419965785808,2.35134076352904,2.80948616451505,3.80438805512766,1.60985913086999,1.00248190061295,1.4662626316865,1.72646761570804,2.16746243625928,3.18453400320083,1.8553415149893,1.09267786503899,1.66837776680373,1.96130045285375,2.45385759346777,3.48280615560656,0.380790921719499,-0.953579547070106,-0.0795741936375579,0.26660046262858,0.461330400590113,0.874870650888977,0.636374913297595,-0.658615944025458,0.174367589379661,0.511279988310021,0.738970869913684,1.19812485141946
1999-07-01,1.90546895395864,0.991494095384453,1.57717168117823,1.89645934732505,2.2870765131626,3.0966219813684,2.3304530407683,1.22540261976391,1.93087647539921,2.31212546360409,2.77954507649052,3.72120170169696,1.57656880391141,0.920538016633385,1.44498542162511,1.70247588070815,2.12990351108865,3.10468038562307,1.84127357553803,1.09623659137788,1.65053895359899,1.95124143770255,2.42773533068049,3.48856272609221,0.372907632983144,-0.96162483098237,-0.0888959558480265,0.253956803490831,0.452932145604362,0.893871786300343,0.629813713916464,-0.671102024039978,0.166588791867466,0.504153529429538,0.735235288533935,1.22332979240066
1999-08-01,1.80988236047774,0.935991787027434,1.51701522200923,1.82689601995826,2.19984398173865,2.99749531582293,2.27567369684881,1.22406399164963,1.90847176238455,2.27462431903392,2.73392116923315,3.67039965532436,1.50928288289594,0.905021615188517,1.38041515202955,1.63332833320936,2.09607109120106,3.15227747973561,1.80933026653647,1.04694634279489,1.62734295183372,1.92477553391399,2.40097477621395,3.50359875018575,0.344446613411799,-0.955029448632095,-0.0932369937970894,0.236074201127528,0.424952119797233,0.831252857228657,0.606647333156856,-0.660992741686167,0.159504338578756,0.486924023629285,0.707584532027748,1.16452296899278
1999-09-01,1.85564807828349,0.908610894181096,1.53033078539244,1.86510037086605,2.24089243182697,2.99070068381638,2.32098433922169,1.18910183177233,1.92798090592722,2.32129029206304,2.77236012291363,3.72086059277338,1.53814705017626,0.871612743425295,1.39662800586225,1.65343982145797,2.13569549687309,3.08340764234825,1.83813232317768,1.07786798513084,1.64961679865716,1.94558692157529,2.43108506763188,3.48937075149434,0.361451436870136,-0.955251492535965,-0.0789519396578567,0.248148748958701,0.446085343801195,0.86462043939627,0.62354713414434,-0.668827563016553,0.162970918976355,0.497106570406216,0.726368412617303,1.18418710831666
1999-10-01,1.93612057695411,0.977502439849678,1.60373427327722,1.92912213875589,2.341220902766,3.1497818682049,2.42052530739958,1.26458323809192,2.02260615892192,2.40633279985525,2.88802927380614,3.82394243632834,1.5882414929656,0.92285333338062,1.45384569878792,1.71182666674315,2.16430489542768,3.16584433865695,1.90439319819749,1.12419569110637,1.70606981977515,2.01758739569746,2.50430810483718,3.56465213675586,0.392029814519872,-0.947641398190533,-0.069385598457187,0.270594389181965,0.475530851821957,0.90582095291957,0.657618062782108,-0.643992111371143,0.185391858423009,0.525551680430804,0.764599996028847,1.25647033688662
1999-11-01,1.70717093081925,0.832379661891011,1.38973844719112,1.72446440595634,2.08106491424,2.8676985630167,2.21753320066468,1.15182856854844,1.83416817163492,2.22137049991193,2.66759657703168,3.62363768371812,1.43245930052754,0.824469791122301,1.28472653334062,1.55045775452958,2.01071801409638,3.03137243547371,1.77294163176049,1.01444059454668,1.58383194278665,1.88684539799542,2.36941736264374,3.41873587882079,0.318422461800399,-0.964715627104526,-0.0983675886806059,0.212548474366965,0.400482379895543,0.815711704434376,0.584759991964938,-0.683674411722353,0.14381069294684,0.462456048020653,0.688041277457495,1.14885075991631
1999-12-01,1.9061958723599,0.943257593906178,1.56477066325267,1.90739581933885,2.28527740320155,3.08853135275571,2.38540757865154,1.27156666337711,1.98185261902987,2.37184533762423,2.83775813225047,3.80407943872636,1.57026772288829,0.945734511844508,1.42525103990258,1.69707496279328,2.14145826842957,3.15884146745236,1.88180537563148,1.1189285404448,1.68549371501712,2.00128962358832,2.48692559645421,3.57497451559137,0.380007990291979,-0.930248363124915,-0.0767039354845772,0.2657456942603,0.462249502222469,0.878768760152014,0.644792517805459,-0.660055205791393,0.17940820872929,0.51924243822588,0.747940530665907,1.20627737323702
2000-01-01,2.17700117744981,1.1827704511042,1.81714497578108,2.1615930234701,2.56267152746103,3.38972609634225,2.60504948534009,1.43813556626253,2.1941619123964,2.58229996628563,3.06306297013994,4.04605869329229,1.76107911318139,1.11214236745346,1.62226873844652,1.88584180459478,2.35860930551713,3.40145576168748,2.02482619563922,1.2662436985549,1.83328903614847,2.13988641207577,2.6537193510081,3.69328229633513,0.460414120869215,-0.918911127087528,-0.0406219309297132,0.329393549996153,0.538245897086997,0.98421103698193,0.722528850530431,-0.645997063287628,0.226727667988237,0.585533372345669,0.823120965946204,1.30290178840525
2000-02-01,2.08546689919462,1.47444638578134,1.85379822866262,2.09036671839656,2.34571911849935,2.92567787207175,2.4877456332662,1.56081193290565,2.14512294188881,2.49106781130518,2.90065752337949,3.80549485681865,1.707362435845,1.24791370665353,1.62638621196331,1.82555278288972,2.25130884089185,3.25368082688471,1.94808778612964,1.25689105538299,1.79466966057203,2.06394778769953,2.54118021958466,3.58791978023474,0.422385772346972,-0.910496480092063,-0.0474973676747974,0.310069146480132,0.480906100291574,0.864752926663332,0.680971193165809,-0.656121436555903,0.230260326832071,0.553899206169065,0.759218692448822,1.21250491821091
2000-03-01,2.01808304824484,1.14246999660649,1.71575295622638,2.00208283359573,2.3842078776051,3.13019857689461,2.38958333354619,1.30581463126241,2.02743433915414,2.37395108891121,2.8243244832987,3.77204121975186,1.66679749461476,1.06186315648326,1.5398216518784,1.78433664600876,2.2431094910729,3.23940185718455,1.8816693349201,1.14191603628069,1.69511549127388,1.99333546767825,2.4693578121161,3.48362759750033,0.39541640960981,-0.94436017398129,-0.0702025432976914,0.274547072418179,0.471366431891845,0.880488079175665,0.648490643822993,-0.66297803829085,0.187932490568798,0.522925823372467,0.7460165739671,1.21897419033253
2000-04-01,1.94802652314259,1.0268575073497,1.6170264742723,1.93262086017412,2.31780073284855,3.08374664982328,2.2859328283179,1.2021541021672,1.90017739790518,2.26931323944365,2.70028589965905,3.68507625844173,1.62560669733829,0.983428619784152,1.48067531821902,1.72948683202415,2.17010234346481,3.1410425016444,1.81178207922615,1.0631672320579,1.61918221676111,1.91347439243071,2.36806917064597,3.39591326153218,0.366349630071096,-0.949300846050768,-0.0895508947740535,0.247496330066954,0.442425842556641,0.883340471976634,0.613742613246853,-0.677696903361343,0.154057955193454,0.486201809075879,0.717840598276438,1.19892729209347
2000-05-01,2.17229805942677,1.31256764233223,1.86389351360857,2.18087778273571,2.54822204321508,3.37589247723526,2.44547589029282,1.38781742260139,2.07900846843553,2.45324115422988,2.89966919914283,3.87325890119209,1.79157068045387,1.18667510691365,1.66824325571994,1.92164804950937,2.41034789782261,3.49239666196415,1.91674293200809,1.16430872051985,1.74342274709121,2.03817321156354,2.5311006731755,3.57286673970965,0.424981776779274,-0.94401835930687,-0.0507729814554082,0.30696184396175,0.495921178064111,0.891903036069156,0.668996704095148,-0.626398657444406,0.208867124009114,0.545349928532646,0.76604101380463,1.21608300675934
2000-06-01,2.04986528834911,1.11949075765992,1.72104987321587,2.04274346324738,2.41511172736661,3.25778139877393,2.32097316205303,1.24886184235268,1.94352592401487,2.31943046561086,2.7514534805115,3.7137274996233,1.70760027960008,1.03534119692222,1.56340765426508,1.82788076355963,2.29264501059707,3.28312153866571,1.83322597195042,1.04621703463683,1.65320791657152,1.94012009736341,2.41761032419843,3.43011766692361,0.386296614385181,-0.961867490974804,-0.0782665257179245,0.27032541216404,0.465348862009342,0.862986922320778,0.627112413757518,-0.678243738221156,0.179564528602549,0.508319162110445,0.723591086930328,1.20279246719331
2000-07-01,1.77735553938721,0.849326320266543,1.45000219533469,1.77254072843556,2.15871750311591,3.00242405859647,2.16286879538431,1.07931781771853,1.76739482991583,2.14605511888833,2.60866000235979,3.52936756076053,1.50332763732342,0.821867414171263,1.36550968844603,1.61823648486042,2.05810811568721,2.99574670295023,1.73312439681992,0.971714476154192,1.54028400531776,1.83571803886477,2.29768952521682,3.2915867473882,0.317649947397562,-0.974415064688068,-0.117475377355954,0.208622741388051,0.397489697314695,0.834752732877656,0.568652597707343,-0.702477762707693,0.125895725007359,0.451285257899376,0.674064854908487,1.15587284971987
2000-08-01,1.47048586192452,0.647944498986098,1.1831640204268,1.47753049419868,1.86524931131529,2.6693711673422,1.9220800499772,0.909857811676959,1.57264465093195,1.9319882312038,2.37499305197166,3.37899678012129,1.288649460851,0.633698871270663,1.14618307527356,1.39045806705615,1.84257889676641,2.80346048918326,1.57887673560463,0.846342911548415,1.39051201884004,1.67978207374334,2.14040176150092,3.12318095320812,0.22484659245799,-0.984774178922155,-0.168029997979893,0.133985120193325,0.309353536708859,0.697253740455014,0.480549819531972,-0.715608289253979,0.0706788498556121,0.381310165538947,0.579091942810703,1.0240855924305
2000-09-01,1.3816516520754,0.526210688577673,1.08311385320625,1.39878260549247,1.76732105513739,2.58600166084123,1.89671687903382,0.864484496119287,1.5327102495031,1.90470789961619,2.34848815362948,3.33660818009136,1.21570395542811,0.615900641145365,1.06749134627163,1.31147830759656,1.74737260966106,2.64896640182048,1.56357095173049,0.816077265922182,1.37853819202735,1.66197896744054,2.10934346840511,3.12162721356441,0.20885526347104,-0.990485254907076,-0.19057340538847,0.121710362834952,0.302457200837872,0.690823818615548,0.470756687767943,-0.756939803050033,0.0503972152197556,0.362246585449652,0.578034911332114,1.04113188283235
2000-10-01,1.17562902658208,0.331097767996252,0.851974914759966,1.1704727246942,1.55754883436198,2.35909767584036,1.76905650716735,0.739074375135551,1.38587799136533,1.76031470608166,2.20914875740666,3.20817939678534,1.06293604143812,0.423275198127165,0.889950629927448,1.15782796718317,1.57621674473823,2.48382374833369,1.48240947052982,0.7215647895244,1.28207464720067,1.57380137871039,2.02213289025136,3.03424174489078,0.155211450717277,-0.998130539771818,-0.221564193138677,0.0733294419822393,0.254602267517027,0.656239347172543,0.423726327278776,-0.766576186180015,0.00958041785146101,0.324673151059875,0.538219365022623,0.997556281804503
2000-11-01,0.990237624075602,0.201650382751284,0.702944056225998,1.00946743882967,1.3798978512527,2.2248900701222,1.6229581833561,0.621443634760755,1.27603021524173,1.63270278122083,2.07076626594786,3.11112989246427,0.934186189535217,0.317878407661363,0.767221555689801,1.02608833174536,1.44561835624938,2.39620388599156,1.38911043391897,0.663889347935174,1.19691664156679,1.48542871354684,1.93330349478351,2.92787178482897,0.0982218716063622,-1.00889770931179,-0.240836786816729,0.0233623925825399,0.198758855509023,0.585044206813094,0.370052217594269,-0.766052104990629,-0.0153660749409473,0.275608951127373,0.476884205866909,0.918191236311882
2000-12-01,0.858753225328561,0.0238357497603042,0.564817217326822,0.88444362788151,1.24429887753564,2.0638074962899,1.49451441923976,0.488269221004575,1.14563040941269,1.50895498265449,1.93395308068445,2.89659712154799,0.845624452002981,0.186239304701482,0.66673632893383,0.924981133077338,1.3199166877962,2.15957750533132,1.30555953113384,0.539545877792943,1.10930089151266,1.3903796324776,1.81667367485847,2.76263247817616,0.0545079852757201,-1.01100541947571,-0.282966400406406,-0.0137333922456244,0.162658845035292,0.543893167769662,0.323440854049901,-0.803567248143339,-0.054028078738864,0.233892906181073,0.43734023300716,0.883292887697348
2001-01-01,0.749438502034676,-0.0947426019862731,0.466956299178306,0.76492474223405,1.13396892061393,1.90001817939732,1.48049909845147,0.460205346511532,1.12245034816717,1.48410411705682,1.92177666453303,2.87972368387746,0.753276119248734,0.0986924186693195,0.574922392521675,0.826001825412334,1.21849362280212,2.08566761609125,1.29885247081846,0.563171925118514,1.10660064122718,1.38234054052455,1.81834046764257,2.79822853218544,0.0373633297434865,-0.954020884714558,-0.29258281449706,-0.0293786008039818,0.161869157717133,0.548085848579261,0.316872093824404,-0.81748852507615,-0.0683659500021793,0.222481243210389,0.435097978222872,0.892653796803195
2001-02-01,0.631842016476432,0.0692755836320317,0.457273246969274,0.641548516734753,0.88973690294008,1.47234525089485,1.3986562941365,0.501661140488174,1.10270566133512,1.40296016214574,1.78546422143796,2.67943577638194,0.670505737197849,0.185925241189639,0.545643580785288,0.741785287912814,1.06435560732781,1.82424965499475,1.24746680533436,0.553484446431657,1.07206626122765,1.33279694252888,1.74564762600795,2.6731702810448,0.00238482213998619,-0.970525918009562,-0.308405606198792,-0.0505751043018232,0.106005128624072,0.456391624657604,0.286205129384185,-0.821923300275228,-0.0709983602024574,0.201974226916455,0.393277334356984,0.805283384928512
2001-03-01,0.722486409756583,-0.00240761156279049,0.461739545755887,0.73533114898522,1.07568593003113,1.79951475413358,1.44334147500111,0.480362548142902,1.10711676497563,1.44548895447507,1.86558057661618,2.79766814383485,0.738906824296758,0.153032844703993,0.58035303783104,0.812085698777593,1.18693026178541,1.93796705875686,1.2751143359576,0.559775794994995,1.08068226310714,1.35540534166584,1.78040369925895,2.70570310242686,0.0244653847207203,-0.94762649137438,-0.305344410779104,-0.0372123941133254,0.141760287944452,0.505640194166267,0.30291855713835,-0.833476978994168,-0.0777486582670265,0.213576996603829,0.416361473370915,0.855327935158831
2001-04-01,0.984760461570518,0.171444866495839,0.685158670395108,0.981903473368167,1.35689201743423,2.14604553863893,1.68214718195498,0.62178814980928,1.30659733137526,1.67634527022189,2.11290820378669,3.09798439266851,0.914791749694251,0.295405280967084,0.739672089091163,0.995313346609902,1.39049686682649,2.28096459455407,1.42822745795806,0.674894227422641,1.22471300799105,1.52041528347218,1.96285048125688,2.93971206155606,0.111760172266119,-0.96122527106293,-0.246894225031042,0.032459590280547,0.219670344793576,0.611069686130033,0.39082707538828,-0.792890292904958,-0.0144691093695285,0.296118969140394,0.506022520715781,0.974534745214294
2001-05-01,1.08752664468806,0.262504921336805,0.799618435313774,1.1032690092105,1.45928036507364,2.22050353313914,1.77574925083041,0.755171558556724,1.40867141822118,1.78441557933708,2.22356497496837,3.21739526941374,0.986353135223444,0.350085639923739,0.834623531179739,1.07408687673949,1.48181083866585,2.4340166686692,1.48938800247574,0.737015166676415,1.31102436110863,1.58201955958864,2.03448601111223,3.04782762432266,0.143456013366732,-0.984434980516766,-0.218434509852106,0.0650791158860699,0.237231520870299,0.609589124650679,0.424207022317275,-0.766099727690371,0.02176108016136,0.321340793517786,0.532884202496374,0.978130588906669
2001-06-01,1.09446894015595,0.211763756204791,0.7884828456416,1.1077477085546,1.4712798698428,2.2539261366469,1.78758329654768,0.717745378986989,1.41080119176534,1.79102926633912,2.23208936912049,3.20556371672941,0.988914442972554,0.317354014424243,0.818689680077992,1.08150654669706,1.48548330315268,2.35409448283279,1.49682428578077,0.727929813458773,1.29567951126363,1.59421450218695,2.03715137620764,3.07087197588994,0.14778027569707,-0.986006179317794,-0.217216806369313,0.0620727466118999,0.249189347696205,0.63030915415097,0.428665552815436,-0.786436720560282,0.0186147481476455,0.321665396128754,0.541884622880715,0.985120792203269
2001-07-01,1.05657787952417,0.168061802888693,0.742932936043994,1.04670044631742,1.44128889410973,2.20958502220929,1.77722629272601,0.682882203411837,1.40037000063712,1.76515312273556,2.23475577880332,3.18901609703089,0.957450321065498,0.249909494243603,0.788174682256616,1.03930825466793,1.42971486196567,2.29501792397794,1.49061986514312,0.712951618934839,1.29467625510933,1.58706093655234,2.02982021085389,3.04703856493564,0.141249399181022,-0.972180869408631,-0.222703330657813,0.0592420478088463,0.248336686338424,0.664276215535008,0.42458433350666,-0.780334916821308,0.00740324835343476,0.316480745259071,0.537167922268412,1.01076514969674
2001-08-01,0.77061779295539,-0.0457993434495332,0.483192518138947,0.783455374668903,1.14979613219606,1.90358622290841,1.5495165576929,0.533223668475964,1.19479827818633,1.55514740974013,2.00080322282762,2.98005231331272,0.759536210095021,0.121533091743816,0.59193406066539,0.83949362955654,1.21886811396874,2.13820604828367,1.34569005042091,0.582697654485011,1.15982681000842,1.4320198360569,1.8653330801542,2.8712943764066,0.0523520819424568,-0.986814270302587,-0.274405063053494,-0.0128500298154092,0.165224030533419,0.545489048315056,0.340264684847051,-0.811515752438986,-0.0467289279766285,0.245943151727583,0.455062297465462,0.884422443564862
2001-09-01,0.668405625392817,-0.155773110234788,0.38980372544136,0.675313665755136,1.04639734329618,1.80640597877214,1.51068860097666,0.48190405177214,1.1545314515597,1.50557801491577,1.95387584599726,2.91634778730465,0.679090100033416,0.0131925690165593,0.519781366040448,0.747886579024173,1.12615697891925,1.98537875651662,1.32300576654477,0.574363521189715,1.13102402895664,1.40812481538238,1.84813432995547,2.83691660912673,0.0299787976754663,-0.975376999862253,-0.301781355404308,-0.0332336499722747,0.143647174652119,0.522020918581057,0.323958626532723,-0.833495817980151,-0.0658769592216735,0.226765561927928,0.438501645929562,0.885457697329491
2001-10-01,0.633728585275506,-0.197353784317705,0.346928143218857,0.636992578490039,0.992156708185702,1.77003265058377,1.50772590640625,0.48788146069878,1.15214751019162,1.50649699121341,1.95049722716163,2.90553398713591,0.649934933882875,-0.0248938560679629,0.46686953620786,0.719290349578759,1.09382246969367,1.8759407227732,1.32271999788097,0.571824590521578,1.11495697517074,1.40682906238203,1.83569626066133,2.77789098090714,0.0240463195925749,-0.939456322818997,-0.296196360791546,-0.0381580747703004,0.145800491801411,0.542775008808535,0.321266716528789,-0.826404407514072,-0.0770937702908783,0.222939647396406,0.444205399457089,0.884361417980751
2001-11-01,0.747176217246782,-0.0677071544235796,0.493563373233445,0.77595566976823,1.12335197693999,1.88989966153956,1.58297815317505,0.556581706506533,1.25260821376851,1.59378843259526,2.04029202841373,3.02608715717127,0.732832045986581,0.0840923867819517,0.569139685905361,0.818302676175934,1.18923248491089,2.09241288762807,1.36988899567761,0.606322904482417,1.17639583664617,1.46108744539984,1.90352578164882,2.89615207872338,0.0551163606918413,-0.996097623501638,-0.271931852696061,-0.00852645878749326,0.171514038517063,0.533964539695548,0.349919277139018,-0.796696027170057,-0.0354064373813377,0.255237545604984,0.469079101804776,0.900719691452427
2001-12-01,1.3170758646648,0.467468651282275,1.01586731597265,1.3254595782199,1.69232159503115,2.43311831339004,2.08058144651708,0.996053056551477,1.68929424132709,2.08217861444339,2.53611468911466,3.52009604647526,1.1168631888354,0.459684111738849,0.973672413570305,1.212409464897,1.63686603668678,2.57499122541242,1.68681264325106,0.928135225966587,1.49983434936866,1.79261981755468,2.27605346133373,3.29038017986925,0.243015269422323,-0.959011388469606,-0.160873167901226,0.149503923948943,0.337718216565649,0.740050907606022,0.53430404693136,-0.740411841179631,0.085454930443977,0.41614884712059,0.641740073413706,1.10705625188246
2002-01-01,1.30314104502916,0.40362266082522,0.98376234998771,1.30419965601695,1.68223451992964,2.42024466973714,2.08806805336764,1.01712509929145,1.69139366300934,2.08506536772599,2.54382849486872,3.49432397484276,1.10182961218255,0.45077229811482,0.943177782526994,1.2094042213442,1.62507529991235,2.4795807118302,1.69164060823286,0.932855652001814,1.49258329446133,1.79539128692081,2.26787413371528,3.25506277040188,0.244065735314034,-0.928296220807646,-0.167875797245367,0.14765375466067,0.341324371381401,0.774535001371029,0.537204395452528,-0.749908694642163,0.0829241608437208,0.41717610389473,0.647366995060277,1.12584294933898
2002-02-01,1.13114613456332,0.541075099393889,0.932442950742172,1.13736108006474,1.38437277269351,1.96277908707357,1.8836056341173,0.949001389460074,1.57164367152248,1.88455351436471,2.27546023140947,3.18520277289815,0.999182882720756,0.508798559321511,0.896478855942472,1.08641013489147,1.45414545023761,2.30203370344355,1.55973873682225,0.855158902633094,1.4034111614844,1.65621685766198,2.10498568930391,3.08057125025291,0.17409841564676,-0.976682159809406,-0.189302090277381,0.0958444294445381,0.254068477668288,0.62015476313918,0.462766882120076,-0.752945484723135,0.0521925203959192,0.35791919658036,0.558398166738506,1.01000584416663
2002-03-01,1.59481915098259,0.794410440913999,1.2993603386752,1.58173573933063,1.94037909602462,2.61050384249892,2.23711859245528,1.18476964767755,1.85841233682268,2.22884895699037,2.6810173480083,3.59018585550629,1.324656450793,0.761556394933199,1.19762189708902,1.42432173555646,1.86826252350818,2.77071918359423,1.78447530114638,1.04606257447473,1.60531235454033,1.89471434145462,2.37624597116777,3.4055134887689,0.31367015002276,-0.955044531457229,-0.114031605682173,0.205433527286167,0.39836096460603,0.808740272606925,0.593658393067127,-0.698889942762126,0.13745472598095,0.467013486192201,0.698410173639341,1.18514005688358
2002-04-01,1.5164246861057,0.619300444190663,1.18684424177926,1.50530948900426,1.87800269712175,2.57504914704224,2.16513389102982,1.06129197599869,1.78119773396759,2.15458971006685,2.6120384330428,3.51501910143482,1.27150783453071,0.616227559672519,1.12111439056383,1.36838278086426,1.78708195969365,2.70855739001677,1.73764390291708,0.94772385356066,1.54773853114973,1.84195796640869,2.30705216790526,3.34630355298229,0.288183731205104,-0.928165441456796,-0.138804575594389,0.182890353495225,0.37870265100877,0.810350414839031,0.568013745137937,-0.71009488067074,0.105008584739068,0.44339328709179,0.675638769146393,1.15125824918812
2002-05-01,1.25554481147444,0.415425684622099,0.974377622080669,1.25769814531233,1.62991394660123,2.34017276506629,1.96675118246328,0.901536694316374,1.61165797023086,1.97086477813633,2.40968508253246,3.3643918314289,1.09000772253901,0.443219639304506,0.942870784187175,1.17960721663404,1.60641928724479,2.53899128645055,1.61245528780593,0.838369304215636,1.42911974293418,1.71317968814343,2.18614986526739,3.2490709025474,0.208108744120707,-0.967313695689572,-0.171132255038327,0.118469109664693,0.296731369752726,0.679830133651443,0.493635154446603,-0.726666322306358,0.0676583914584839,0.382211895732976,0.591067572345615,1.05694990826792
2002-06-01,1.0718769467101,0.217015408798343,0.753049295918699,1.0786874953095,1.42545521288541,2.20128641179721,1.83044291848359,0.737112834268549,1.44560675900684,1.82530022430572,2.26697072838578,3.22975069327232,0.958581101643338,0.328493619364525,0.800178876978052,1.0444033032348,1.46666100388293,2.35415230432413,1.52538913013686,0.768704127255694,1.34057497264131,1.61337441230378,2.07943930432418,3.06868521808795,0.155163262164541,-0.995924638221127,-0.218037959491496,0.0698034257852833,0.255634042978566,0.64599834411073,0.443531493227035,-0.78598849779002,0.0190566361325878,0.335929014162926,0.559264311068161,1.02318006366103
2002-07-01,0.637012239964015,-0.225623127781546,0.34346991266874,0.632415880771906,1.01206211876111,1.79179623996146,1.54590033781775,0.468694688446888,1.17148834172547,1.54058888942295,1.98976673978995,2.93970806028849,0.646285148205511,-0.0263821862835207,0.45584137736753,0.715327466713749,1.09371506933317,1.92749131674298,1.34939698549121,0.597735582477719,1.14370380586756,1.43888182089983,1.85553652632276,2.8478208617218,0.0310274467570769,-0.93145758346742,-0.299462694523502,-0.0329058106749872,0.149059245129575,0.554122787102233,0.333370400813048,-0.832869739961653,-0.0719823683010261,0.234342966308041,0.455912967516929,0.916178984809869
2002-08-01,0.0675516427576649,-0.727769969610578,-0.191121256194923,0.0895319976865765,0.417061508600281,1.19266302995195,1.08528309917158,0.10492661471288,0.75945833554787,1.09767629231356,1.5181549612995,2.49036585939769,0.261703050172372,-0.462726255270789,0.0526788512315313,0.30946480831848,0.654358379497649,1.40756429120745,1.06313785280229,0.314079278442913,0.851255083888019,1.13000827875174,1.54606845539439,2.457079322875,-0.156459982712082,-0.949575026169227,-0.409291929532304,-0.188073350460252,-0.0140786921773022,0.384886990184001,0.155297604152877,-0.87920370154947,-0.197767165453935,0.0792417245975234,0.277854766140454,0.702607828643387
2002-09-01,-0.0930217419028706,-0.923809260028623,-0.354724983671495,-0.0722705921922904,0.275659515605605,1.04379204068256,0.884615322716097,-0.111740705722805,0.558724773713314,0.89419634240767,1.31950066929316,2.24685461541513,0.171905003552372,-0.591820853862928,-0.0393836301185837,0.215254954023556,0.540315349052998,1.21028275036039,0.938736043593109,0.159521409623966,0.722834928093118,1.00172518166722,1.38717012923318,2.20219229339293,-0.229127942758652,-0.933853706378384,-0.467722890149009,-0.248430896074952,-0.0605784755110074,0.35154508868368,0.0756073025125864,-0.896463150026709,-0.25781592626202,0.00774692387600076,0.204573128261812,0.634259981660799
2002-10-01,-0.103626680692649,-0.944175729841728,-0.372481680127035,-0.0792700303762132,0.255774268808164,0.983257668391512,0.906274442102157,-0.109084009064802,0.571564719602966,0.918069586886474,1.34948679060674,2.29076150652237,0.158137361667481,-0.622774258926868,-0.0710676084848106,0.194951320583271,0.52507210938467,1.2278283463452,0.953662227258454,0.170174781811219,0.744312999876551,1.02024895259692,1.40103101413259,2.28809459783642,-0.225834506391573,-0.9383131246648,-0.463899168026046,-0.248468485134582,-0.0593350859191892,0.359339546041696,0.0829804851531164,-0.89194728163363,-0.252689174171202,0.00944390674089577,0.214812931695908,0.645760116537056
2002-11-01,0.0944536220424442,-0.687241712447831,-0.150176723578829,0.110448152203316,0.454076752292483,1.16864342240161,1.05117927786359,0.0882493658041549,0.731318296487735,1.06205764066579,1.49214251444801,2.39898564189081,0.295464249982067,-0.403228725904523,0.0821408265877864,0.343072350118774,0.669984506383566,1.43289952337993,1.04245361186261,0.289523690712716,0.838092409015379,1.11516740051678,1.52353746618584,2.40201342144246,-0.164077681503802,-0.954221290073154,-0.417785355657536,-0.193672831479766,-0.0213223759673354,0.380409419101493,0.140465910251219,-0.873931059440242,-0.201487549011447,0.0650082052914586,0.260056328024966,0.69004833780968
2002-12-01,0.103946102668326,-0.716433540530412,-0.15082595002791,0.120667697687235,0.460355363910834,1.20706739377884,1.07357174748111,0.0792030118227731,0.740473524911558,1.0786029916617,1.51969075507537,2.40487824250696,0.299465814467222,-0.406997410402042,0.0928700517114714,0.347499288022602,0.687725707143464,1.40855112909326,1.05807614700002,0.319680124409368,0.85206892686109,1.1361618839093,1.52221471301118,2.38827991054692,-0.158680519231286,-0.955069026270338,-0.416674632794327,-0.189204601947263,-0.011769605013561,0.395188314201479,0.147410755454583,-0.905610028048612,-0.200768652925594,0.0733492142384596,0.282406353261653,0.709550562433093
2003-01-01,0.0297693662224947,-0.821914751471516,-0.241619683783373,0.0387055957840761,0.381713782938737,1.11546523301811,1.04022683886595,0.00958899271769764,0.714101552269286,1.04503978706153,1.49073237804783,2.37119040465264,0.2447011355285,-0.496907308022037,0.0134811716808901,0.284477587434671,0.623255915427148,1.29605042749019,1.03971238731134,0.292461774915367,0.82282498405548,1.11159079359349,1.51675982903012,2.40789122413396,-0.178396336460602,-0.919526437726885,-0.423541360249754,-0.207079543846272,-0.0209851035743712,0.386869625782895,0.132403256022214,-0.901811641392537,-0.217516101525667,0.0553462622885938,0.2628484944961,0.697012998302481
2003-02-01,-0.206067940498075,-0.705771924059628,-0.393477071815143,-0.191695689529697,0.0566961169101468,0.547501276342176,0.833146451209258,-0.0237142565272632,0.555741883091362,0.83757358694987,1.21327822275482,2.05986429877165,0.0927413200881705,-0.493507816825892,-0.0951678803497788,0.112065748405748,0.393841932146484,0.989154715093461,0.913070513758892,0.209749216256588,0.718836067679795,0.973847091252044,1.35585390772791,2.15186730982773,-0.263629800515995,-0.913304825682872,-0.471408300263685,-0.277261521865652,-0.112632251601596,0.273752183190786,0.0499536012808615,-0.89942881324214,-0.26483479056082,-0.0134057289610553,0.169698679489194,0.581045790100615
2003-03-01,-0.20521376669727,-0.927572943541606,-0.433724421343263,-0.186941372818084,0.121499507677635,0.819201985837525,0.801193045028684,-0.117887017416212,0.485444541658978,0.814345730464798,1.21571079906547,2.13546014040819,0.102733624113859,-0.577213271847268,-0.113562059184111,0.128474879031796,0.442691562231727,1.08718417676446,0.893856236742743,0.152393668184763,0.689822200524703,0.959708555057699,1.35682731791391,2.17397002666656,-0.273309965852311,-0.928361618882007,-0.49469905154459,-0.285747535497305,-0.102804673410912,0.298287576697427,0.0361340630658081,-0.916840960506278,-0.282784003212119,-0.0293040122525877,0.170676029691504,0.595941164147191
2003-04-01,-0.0686077580268663,-0.884487044578148,-0.328541524575439,-0.0593785194416412,0.290996700224234,1.01580986985867,0.928518408602719,-0.0689823307088034,0.596383948979194,0.931717081290414,1.3599378573491,2.27230805173925,0.188515955352098,-0.527788799692456,-0.0388205087841244,0.217690912830856,0.532413052725529,1.17837762794287,0.971319866740831,0.192938458266293,0.770628847332918,1.03865583005494,1.4190642117908,2.29692746976957,-0.221488010082224,-0.936091665061715,-0.459583481367685,-0.24679683424041,-0.0534175607990055,0.369396523054956,0.0875678274563551,-0.882787065343296,-0.251197954047164,0.0148378244306228,0.222344639642381,0.6572390273658
2003-05-01,-0.350830837185433,-1.09412746673814,-0.59440229971046,-0.311199204408384,-0.0022175888867757,0.720847260467783,0.630561223774965,-0.303667581698657,0.332735208156292,0.653850605542627,1.03538360078629,1.9795681356493,0.0253043833671699,-0.752525125405978,-0.205686783505243,0.0575002458392605,0.357044259745141,1.02585603633889,0.793529088585788,0.0340630599888148,0.570602279173217,0.847479398713463,1.21741048061999,2.04702828922192,-0.343467768506687,-0.953043286207661,-0.542075001649508,-0.345197754989885,-0.16638741582892,0.231248031596314,-0.0373450352149725,-0.909298389683829,-0.327106802311187,-0.0904754846215276,0.100084788283008,0.517057899390559
2003-06-01,-0.412666924962126,-1.20964439546578,-0.669607400061604,-0.384682743646823,-0.0464625081218682,0.662394373236911,0.533175870802788,-0.434587065873106,0.221691290199996,0.549986427911839,0.960996397398813,1.82869924100035,0.00530764870232958,-0.772048246892044,-0.241843103196789,0.0202128260538919,0.320942434380698,0.965255719354314,0.741090426087968,-0.011983148993771,0.525530106248064,0.793586704127555,1.15102044458707,1.955236336231,-0.387167141879559,-0.979079654711366,-0.579847794536865,-0.386381135599519,-0.189569893348449,0.213002249007196,-0.0853263571804216,-0.91766041900284,-0.362812715489758,-0.131166548019159,0.0558985272003879,0.488561858089044
2003-07-01,-0.0667357204643717,-0.912437386688903,-0.327813124553345,-0.0432014533129239,0.306263110933546,1.03774643974648,0.92030901102783,-0.0915872629837306,0.579957957916185,0.932654797314953,1.37733131583643,2.26358117220022,0.195213601925356,-0.554963924151447,-0.0176021351980816,0.229928124650574,0.561006928159447,1.26232878992648,0.96849699074166,0.183902118864783,0.764298897024412,1.0408317680617,1.42366196369506,2.29875711933545,-0.226675797058115,-0.95074330815095,-0.467411049350248,-0.249183688856009,-0.0496913015614327,0.370108139938936,0.0817949656004996,-0.893798735077261,-0.246602325356212,0.0113331631122008,0.220962641470015,0.639121403983847
2003-08-01,0.251746230519859,-0.542628712148224,-0.00127522135690976,0.270225418435823,0.602390486949271,1.36498966394083,1.23839514728027,0.249836004283208,0.895648122973853,1.2423207245377,1.6798187510416,2.65544099619114,0.389400585641832,-0.319693572971859,0.19602847297329,0.442617073207861,0.793377702287454,1.59699469137018,1.16141757236819,0.42161742863792,0.963452979884028,1.24202729094402,1.66545802687082,2.6377058971375,-0.0993991690087175,-0.937370526889252,-0.364358295624115,-0.139186508114364,0.0394056789142615,0.424314968150465,0.211361046137194,-0.873969732735689,-0.149544031277348,0.13248162550802,0.327803607468219,0.759583324512472
2003-09-01,0.0829599941287722,-0.709035943543649,-0.171399377405715,0.105037415732631,0.440910178217152,1.19370528934262,1.10230714875709,0.120092559129764,0.771880814485404,1.11335660781567,1.54059205677924,2.45760247617301,0.277743153180037,-0.438098836415867,0.0671899041926819,0.330358321033351,0.678641106020935,1.42794892388156,1.0793391272486,0.363680139481143,0.865678704215839,1.15546644653998,1.55048507483864,2.47218857450255,-0.157656301081539,-0.949940961638501,-0.409749113549643,-0.187807751329311,-0.00920583575672267,0.398668470411798,0.155981234979129,-0.879001003966223,-0.202329586242332,0.0786743244493711,0.283615584249133,0.730785348783512
2003-10-01,0.13510699082324,-0.701146598431589,-0.138006543325571,0.144168157619372,0.487509046544795,1.23621701033418,1.12375312134484,0.0807203625161593,0.783283306435769,1.12235905506869,1.56645570260707,2.49376424978635,0.316970937019867,-0.451779437918574,0.113978213190358,0.35661363155141,0.693811711989612,1.40122518300143,1.09115752354847,0.340135309982769,0.877860173055697,1.16414164262869,1.57376621654865,2.48444046997248,-0.144575372605016,-0.952821030692042,-0.404559217775415,-0.17843794216292,0.00310416503806232,0.407123494840051,0.165575545738723,-0.89582540504949,-0.194319661810788,0.0853997171575469,0.296659284145948,0.727194562793485
2003-11-01,0.29962963273806,-0.490425363138736,0.0392823398342559,0.313738705614787,0.657071329576158,1.33459765210278,1.19896485325912,0.205065971520767,0.887072132463641,1.20532239177679,1.63712088054598,2.55941762553655,0.438527013980396,-0.243730255302629,0.245372532991498,0.492063176597229,0.832797642810928,1.59968305403177,1.13299961153209,0.393873364638218,0.93128560751433,1.2101939641118,1.62327975010664,2.51813779439475,-0.100956364142968,-0.947389466337682,-0.365036883752164,-0.141359088736042,0.0333995878601353,0.409559932002744,0.199049019869535,-0.860608493291513,-0.143807388123588,0.119315197939179,0.319529834652526,0.743006157772851
2003-12-01,0.354803239237345,-0.464382117321545,0.0892488044615071,0.357655694524745,0.709798076107701,1.431098639552,1.22214040851239,0.230048008641375,0.886133169058222,1.22114874025337,1.65773226752209,2.57772201314153,0.480220071678,-0.224651222718723,0.28750873060114,0.533145796441935,0.864640266009195,1.64444383036029,1.14633711869084,0.392991604507571,0.941206569240289,1.21970375498863,1.61893378326315,2.54250564623495,-0.0874391396307157,-0.945858481620954,-0.359680800502154,-0.132391613923154,0.0357032064885201,0.427025760205575,0.208712095606857,-0.863137832951812,-0.147983614281981,0.129869531202277,0.330652412793089,0.765956994481559
2004-01-01,0.233924187881666,-0.590720151812284,-0.0255284319478808,0.258571805272918,0.597082047537495,1.35468028155895,1.10750063715891,0.121227875420188,0.762815805348622,1.11455607962036,1.54372861716902,2.44728021623207,0.404302632278368,-0.285916686211219,0.207605676113376,0.462275753733534,0.791764346208203,1.53260646571598,1.07621619971166,0.327607384616677,0.865282521552475,1.14953509928768,1.53447150486859,2.40420206187675,-0.133334231980639,-0.978898697500572,-0.401812920088414,-0.16766562977466,0.014196921103871,0.416163922230645,0.16275928399204,-0.872015953557368,-0.189526433799632,0.0871010352942949,0.290415788750444,0.73980496364189
2004-02-01,0.26021847047534,-0.261078548947543,0.0820121402271279,0.274088585465734,0.513458664150314,1.06082327134191,1.07197189812987,0.193580386278188,0.785416709304989,1.07447893976056,1.46056300582591,2.31087450420691,0.434556553039134,-0.0924249697457398,0.3001768978346,0.478955145733354,0.769340413984184,1.40915755660488,1.05141354385151,0.394098320678216,0.871064463537672,1.12387641776375,1.49028308627023,2.30954732092173,-0.137550093221245,-0.928942467773922,-0.389581135570396,-0.171446779234767,0.00118584621016667,0.378910132289205,0.150894414679268,-0.86126281271362,-0.188557407294779,0.0801668219760118,0.266718087190452,0.697488376533293
2004-03-01,-0.0700585985711565,-0.843693283240168,-0.292932902999215,-0.0433566540056956,0.282859806825524,0.955253983417907,0.797529216312623,-0.203424508375832,0.491049463298308,0.810536304092604,1.22815877507034,2.11805647764366,0.219887151859512,-0.49463518840617,0.0225232276023164,0.257883948620932,0.559274549938321,1.24953593332719,0.886279959320097,0.117120690910891,0.674447143271598,0.944328930649277,1.31459767091401,2.11413848033369,-0.255249477747117,-0.959346127071163,-0.488171288046049,-0.272095750217078,-0.0839892480935385,0.314775398804733,0.038674039453993,-0.880514070938934,-0.274043952645885,-0.0216637831505841,0.176998733100724,0.609401905665197
2004-04-01,0.486264825667258,-0.303410387104576,0.224046988191272,0.503825385212605,0.835197557349882,1.56151719596611,1.26539514696963,0.255240772696231,0.916154269075579,1.26752196389794,1.70350228379368,2.59669416496233,0.581229798795479,-0.0444663882139779,0.393751026403547,0.645752672631857,1.00529492913576,1.772060679461,1.1681819028767,0.456232111407361,0.965699336221778,1.24373298882125,1.64639245528227,2.53618619612585,-0.056358404837718,-0.926545029065984,-0.347873428408037,-0.106287258878869,0.0752804550554682,0.459741091772656,0.230075199433984,-0.843337190944196,-0.133798930376805,0.145035230006027,0.344113099986574,0.795468678903547
2004-05-01,0.955080907659891,0.143060854406691,0.683987580145335,0.975865080400747,1.31574010047864,2.02837495785539,1.62274489070304,0.592313363427322,1.2644558581359,1.62157195393685,2.05646016534607,2.98097496669093,0.902407822190637,0.279162260819309,0.757761237721001,0.991065439586597,1.35769374301766,2.15652306033196,1.38832459515754,0.648277539156165,1.20108295836096,1.47397940504941,1.91343353247105,2.82575288053076,0.0935886278363022,-0.933201710020283,-0.253718572413376,0.0203753938931173,0.200428700967494,0.58881187227835,0.370295644729497,-0.792650772210711,-0.0288372758988771,0.275020949270513,0.483029664425511,0.926307926708351
2004-06-01,1.04480394029252,0.22597640613994,0.758868119430935,1.04979539880917,1.39797640588635,2.14417235829396,1.65130012330235,0.610946205117053,1.28294395723762,1.64465004278126,2.09063709784676,3.03350828018327,0.972805836909683,0.338151502127335,0.814588931170126,1.05452396816738,1.43779552380026,2.27026535851747,1.40406863994083,0.660131338149042,1.19520709994827,1.48649207929874,1.90751622834558,2.84138847528428,0.113170693128762,-0.983344195109135,-0.253674206188274,0.0350349502624608,0.213587542848901,0.618630314031677,0.382894991477823,-0.787576848296363,-0.00816595596339547,0.286987222533155,0.489818190940646,0.938916336434725
2004-07-01,0.887502739898998,0.0877066537801477,0.613198979494583,0.894091829106169,1.23521754568216,1.96416431098315,1.49001407314645,0.479331938431913,1.1548893240442,1.48476465201605,1.91013507814475,2.79132605161139,0.872204677752957,0.205066463365828,0.71451201316356,0.944143591958543,1.31699569406891,2.1048565313708,1.30116649767501,0.571560041982226,1.10383449215141,1.38076973936306,1.78773943922484,2.68086333210979,0.0555386561999908,-0.967305883231734,-0.281623645079844,-0.0162988630505984,0.166037872944051,0.566568675197548,0.322576653757048,-0.811800177460566,-0.0556752998191549,0.233296079391083,0.432698167645312,0.874781690733365
2004-08-01,0.630412741470454,-0.145264327499954,0.393243151437666,0.648399283148666,0.981737991124971,1.66483826803174,1.27714719246419,0.300774830379431,0.956020663880009,1.27571753529468,1.70273870919302,2.56801798377022,0.69947707435544,0.0246587799687104,0.539711435650795,0.775190799727411,1.12437200239942,1.87303042415932,1.1689789134236,0.433057974208762,0.97359360812193,1.24542613696564,1.64180642859337,2.49699979527621,-0.0301398093531049,-0.924587508041501,-0.334128904995937,-0.0855981915044845,0.09700742151907,0.482083191290967,0.239709258014102,-0.831839750976208,-0.112603652461754,0.163154531761937,0.353051321926721,0.789010607172163
2004-09-01,0.528947833898854,-0.275193862657879,0.278031855389613,0.545930534010167,0.874508094433609,1.60781752068666,1.16138692797211,0.132938049801205,0.829582363833681,1.16466969009869,1.57497038103358,2.47033394847767,0.63845134539754,-0.0375008159737691,0.467077991041664,0.704113031715598,1.04067115162716,1.76444306957288,1.09606837998279,0.3373472064545,0.901121974570716,1.16917479722115,1.55436877154833,2.37548838101896,-0.071410314504879,-0.9437696894409,-0.361352686788767,-0.119383506208255,0.0531465968289637,0.478618775542368,0.1949215655484,-0.829783466348832,-0.149754056552453,0.123761723318053,0.317532958297601,0.764629030216302
2004-10-01,0.489902584057142,-0.325925909271095,0.221101772068358,0.506258216762325,0.847899491030014,1.55480007506127,1.11047565579816,0.121360955559934,0.783514775401747,1.11093148301341,1.53910722317927,2.42629513412958,0.616657959537384,-0.053638465546766,0.445618244918378,0.672788129189626,1.02534655267155,1.74071805184996,1.0637792911293,0.319817487495286,0.857892186610224,1.1318614463388,1.51022427695995,2.36061319705176,-0.0889035988668657,-0.952547959778152,-0.373683584821253,-0.139125995138827,0.0429456583297741,0.451531884294558,0.175524689079018,-0.822385687488192,-0.168720707666998,0.100800926032584,0.299388416147585,0.748380268533837
2004-11-01,0.546453614119491,-0.235850523862837,0.281833378670296,0.562748605700665,0.866781834607641,1.59221732978103,1.12337283461481,0.155543519746369,0.782743967907022,1.12736467851732,1.53463450206041,2.40888235768943,0.662000901099649,0.00603784374367925,0.48822483586375,0.722608756681101,1.06634947605883,1.77229519974164,1.06990686436194,0.321024352585255,0.861998602130599,1.1387337958104,1.5328050677511,2.32244359671215,-0.0773303986402768,-0.919179497537389,-0.363888690966512,-0.122264701767362,0.0507146609764827,0.447412136061255,0.182151531222185,-0.817868551318596,-0.157216401394602,0.112767444147263,0.304596942705504,0.723714592971406
2004-12-01,0.643444711015178,-0.222059955608432,0.375116837026873,0.645353147670917,0.981459072340552,1.72246680016188,1.15865888583857,0.122254400988669,0.827234627540622,1.15557051434901,1.56543087965302,2.47567669512005,0.737524323993484,0.0463511827217182,0.558587456837502,0.795588435134925,1.14114829452741,1.88934682528023,1.08997200725728,0.33697823043981,0.894227332150711,1.15939959243294,1.54053607649734,2.36215906653667,-0.0555411126188966,-0.936664863374833,-0.353901050842731,-0.107366368840553,0.071407671645054,0.487943071304243,0.197152173281247,-0.808181136986214,-0.14289660124513,0.125066005242869,0.31501040752095,0.757293219864894
2005-01-01,0.840194694681344,0.0266432704985055,0.556968093806448,0.847297971344662,1.19628254151432,1.93072941740582,1.25405198347655,0.231922118805656,0.921834907880235,1.25662939081863,1.65549976464759,2.56164819974986,0.884800597266414,0.224831566254222,0.720843245460863,0.950838003672389,1.314372101213,2.03570830845739,1.14656670110727,0.407448620778454,0.952605098277474,1.21528709417079,1.60046287304314,2.42273678958447,-0.00552839813770453,-0.949003711462284,-0.330702551592452,-0.0655322887250031,0.114760256701796,0.5210436257472,0.235665588016724,-0.805110370408376,-0.124999520416471,0.16090173978088,0.359653495021917,0.802856537839966
2005-02-01,0.820593537047791,0.255316227430233,0.61648237785261,0.826855981382721,1.06786996850968,1.61896522393925,1.21238502117425,0.339463064558734,0.920326177801792,1.21346612851995,1.58236398565335,2.42195894417096,0.877939030390323,0.380043566811645,0.75621362626714,0.938676879614886,1.26786575468314,1.88468485859244,1.12013734356696,0.45626603961835,0.939479236820684,1.18894508711796,1.55876629594681,2.3353897068276,-0.0184692477720082,-0.937626636971739,-0.338031694007639,-0.0763809409491729,0.0938873453039536,0.461278827275391,0.219476355887016,-0.806725416401207,-0.118697873761678,0.147475032891932,0.335529958632194,0.726564662838036
2005-03-01,1.10006471777397,0.24712933150437,0.824844765438293,1.08160013937249,1.4128696490512,2.05645111379425,1.42283943954204,0.429615860288041,1.08046591413812,1.41048966137607,1.83116023342438,2.68394350575636,1.07242145243467,0.448268537865657,0.914676312887831,1.14211812841542,1.4925136856944,2.23302759842791,1.25101622740826,0.549556679947454,1.05233908081462,1.32419218815886,1.69525405249106,2.55388450419722,0.0680337064372117,-0.94886885120437,-0.282095100269397,-0.00583513289654971,0.171717698692121,0.560196722017962,0.301658117078934,-0.791231189916788,-0.060452692406462,0.216744054634779,0.411816018654963,0.85268455892291
2005-04-01,1.00064005621907,0.140202830383387,0.712419334604513,0.994677764411491,1.3235786707273,2.06674303077501,1.31976380103074,0.29664354043754,0.982710406426857,1.30747257281446,1.71758932074228,2.59635649681507,1.00965809282152,0.3569984206677,0.841442727131152,1.07423313284622,1.43444002072788,2.11703129758313,1.18581725680498,0.465686103727587,0.98732907171493,1.25318845302088,1.63090294345403,2.44341296263583,0.0307095560244211,-0.942039010127259,-0.308081780762173,-0.0352202220804585,0.148852336513282,0.524979090581812,0.262056326681969,-0.789141044283543,-0.095076180830327,0.183389761996553,0.378063716764379,0.809447948798722
2005-05-01,0.967616600931892,0.169702893259663,0.706888831651695,0.97185156293962,1.28092084568195,1.96879290820048,1.25141096604223,0.235063679813734,0.942418156191248,1.25202221126548,1.63315760925667,2.49396761347458,0.996121151636414,0.374488908851761,0.842329794394896,1.06061966157162,1.4138160672607,2.15008666734931,1.14175873598445,0.395834939245687,0.954505027520669,1.2100772799183,1.58184464766547,2.35248468731925,0.010589859054182,-0.946343954260566,-0.323308537001862,-0.0518632012389064,0.126913328625632,0.507359166013763,0.23557528557049,-0.789893235036612,-0.1111536654047,0.164084222647348,0.353769617225502,0.769707169362584
2005-06-01,0.968053307634995,0.160438180740282,0.709586389522786,0.966367978628001,1.27274732193335,1.91506983769341,1.21584833952462,0.24528873394469,0.905092129814181,1.21246285507493,1.6029188298182,2.4297327465676,1.0041813824004,0.395429597357189,0.844086725182221,1.06841735092232,1.39525148215036,2.09609937988096,1.11841399885157,0.411670043082665,0.927265814057034,1.18262640532964,1.55286903015268,2.33202479977586,0.00253830931464475,-0.958994118727506,-0.324249181144183,-0.0639781703002642,0.122699365773758,0.510193790430529,0.221583218888307,-0.785052204197695,-0.126314043473552,0.150132371497066,0.344979638523892,0.762027377716021
2005-07-01,1.09849579919487,0.251523557320191,0.831650752757001,1.09354716746933,1.42538001457532,2.04994502061044,1.32784246325173,0.361074886372458,1.01481758094218,1.32257910198108,1.71742783857967,2.53194318990927,1.09075204875444,0.427912644054483,0.931846451218241,1.15304234996434,1.53763521112137,2.22892970129699,1.18789415018275,0.47568097186363,1.0018453316023,1.25254792160326,1.64179863920616,2.39680341439038,0.0472365460351062,-0.974968888993462,-0.293956740342179,-0.0249905129165914,0.166404821690163,0.54851526757368,0.265743603571451,-0.790252459662276,-0.0820551282604286,0.186888235026137,0.382556441889619,0.818946088802432
2005-08-01,1.0497522108187,0.232798042940642,0.78689527232904,1.05545580784915,1.37911749704468,2.06552223315377,1.31017054155192,0.353848041591273,0.992307244743044,1.3094601231341,1.70850139130579,2.55404045662084,1.05425004047814,0.40901694629875,0.901919300169603,1.12569687257088,1.480285372241,2.21203012273784,1.1786679237648,0.436558362927705,0.998357947364895,1.24743958326569,1.62723958718931,2.42785787108654,0.0350889310650556,-0.952620699549619,-0.296502893786509,-0.0312901633061925,0.146812016810423,0.53302944573979,0.257963410803026,-0.787298461924224,-0.0926645829652236,0.186337529268794,0.370550816915144,0.808005916633966
2005-09-01,0.893000318363279,0.0103031068521804,0.590094003161247,0.885216127827336,1.2159616867023,1.93200996814546,1.19150579466956,0.19755359600328,0.858337206371904,1.18880617239843,1.58029854356302,2.46742527775479,0.946636286560754,0.273138072298019,0.764258657508451,1.01384609064949,1.3589341339525,2.06357169238766,1.1055967973049,0.367756975567533,0.893093187697363,1.17120526022652,1.5422760626508,2.33776380080995,-0.0147390609244008,-0.953405843841962,-0.345032934243566,-0.0782957697702637,0.107776556608895,0.48144704779446,0.211171320923127,-0.797061806696878,-0.136990527240094,0.140216595386866,0.336585855182376,0.745087563022112
2005-10-01,1.06792262330757,0.206182348499227,0.766602065728581,1.04908348219239,1.40520715879785,2.11919659101644,1.34621020875467,0.32700309985721,1.00783021693283,1.33442951670456,1.7514139001944,2.60959890869053,1.06288638193592,0.384743542457518,0.898510382507579,1.12659118551305,1.49811134526866,2.19468411378062,1.20252013673091,0.455087480940732,1.00101754056537,1.26776994732252,1.66298095543538,2.4708867116197,0.04505985572487,-0.945911625552578,-0.297865177382569,-0.0237262766829748,0.159231663662153,0.561973589382841,0.271431284702114,-0.789542506293282,-0.092389832543176,0.193083424454323,0.392000077451851,0.817946669404135
2005-11-01,1.15840735307485,0.359827625231307,0.884179250212424,1.15943120276799,1.49756296781724,2.20111773301453,1.42454286012164,0.497996145964992,1.10151646617951,1.41988933962454,1.82877687230802,2.6928176913861,1.12320536466454,0.497889803524711,0.964163763506174,1.20540805369739,1.57980745215612,2.34740245867771,1.25164572873198,0.543769922042325,1.06537527120771,1.32547899103407,1.70470822390539,2.56492777114329,0.0756569439637002,-0.977770382410412,-0.265881510596603,0.00209632448495587,0.183657011720433,0.562343094480361,0.301558387412095,-0.78842512795928,-0.0528603565484815,0.223198115166712,0.412627084299255,0.833819178731947
2005-12-01,1.22969624455877,0.43009714534775,0.942406605617988,1.2416726516007,1.5798622569927,2.24278033223361,1.45292411583744,0.500022678140227,1.12226272391658,1.45567897189843,1.8511866937375,2.70098921565209,1.17711780342323,0.56226541162661,1.02167170730698,1.26400639915328,1.63327502063049,2.42676355972284,1.26762050613937,0.5470903831035,1.08247452039657,1.33932047347186,1.72672605240562,2.53496043755443,0.0930394871170851,-0.979031822077752,-0.267170320613849,0.0184099196880137,0.200207709287937,0.583333180485727,0.313330696911348,-0.780284069349166,-0.0546769583523491,0.23371791447039,0.434151500033262,0.848475657425587
2006-01-01,0.964599582089915,0.118845471245384,0.687763930008951,0.973887272468098,1.32213112621434,2.00126595650124,1.26991643012358,0.267478819179462,0.943889958969268,1.2715123335378,1.68506395910758,2.53168635096858,0.99035060002914,0.334184482393536,0.836394919854427,1.06487174153056,1.42608289322661,2.18837016582842,1.15516526243953,0.437073697427366,0.962394239844438,1.22465053513629,1.60900527960936,2.41005181434836,0.0137777580489391,-0.969387522737072,-0.31758609106728,-0.045574398049256,0.139420895434385,0.516939851388828,0.241343532633792,-0.793855060908359,-0.109754037954641,0.170930669708525,0.36735921192565,0.78708373178857
2006-02-01,0.92236208301435,0.323541383610805,0.71273329197648,0.922242933213894,1.16376878510874,1.7413672414067,1.28413276464026,0.394420290457901,0.986056911425837,1.28326714682817,1.63901528324268,2.49228808729579,0.951165969745258,0.433066338645086,0.828695886563561,1.01447889329494,1.32239915656982,2.02351179208716,1.16570909741966,0.497033331170715,0.988700201502744,1.23278157351804,1.60088111312492,2.41208907921357,0.0111515341155943,-0.945080742495141,-0.310489870617005,-0.0497603043187721,0.112166359016315,0.491271568593003,0.246765690980508,-0.802223818818189,-0.0971429208509659,0.172800151170758,0.359780219571741,0.781143071038656
2006-03-01,1.04169387928371,0.226298172661634,0.759129599065656,1.03977120699649,1.35701958975278,2.02283967165641,1.37639980428075,0.388303801838921,1.0453431536106,1.37299614703257,1.77337972168117,2.62691550505779,1.0339347840067,0.384438681319683,0.874181723864823,1.09802987626364,1.47369277519441,2.22128917704915,1.22360259239318,0.495381193307237,1.0218764611013,1.29295199384524,1.66995742628885,2.51996881810889,0.0482180634661577,-0.948820095389393,-0.296658422881573,-0.0226345746682225,0.155472279885603,0.537038684637204,0.282122897972214,-0.802267778855852,-0.0813573001197787,0.200455315392074,0.393731518051661,0.801955113592816
2006-04-01,1.09889962595162,0.270180152214093,0.805628379899096,1.08969908444816,1.43755092047911,2.19957204453022,1.46968440675292,0.465397616428062,1.12613611166583,1.46344712574826,1.88760668144286,2.81010771814911,1.06284868758336,0.414507571481261,0.896130787743597,1.14323504142363,1.51569191709335,2.28281550265998,1.28398688132467,0.558695461415203,1.07082308145906,1.36253400941242,1.76085377915595,2.61497016444903,0.0770939533485627,-0.958542370240475,-0.273429220219412,0.00323818761382971,0.188226513460966,0.570640637496704,0.316987046598668,-0.80168183748928,-0.0533477945524327,0.230566321030764,0.430165880686042,0.878995187424265
2006-05-01,1.06924394212295,0.21809378166911,0.784522054100282,1.06721014044732,1.41086059584214,2.16025323303976,1.47839190939793,0.46587792531805,1.13076961316725,1.4730309926905,1.90736507737926,2.82017244098446,1.03525657860249,0.35120165056214,0.869381341602641,1.11408201440348,1.4927760075574,2.31823130526346,1.29056565486559,0.547313570543178,1.08708163061967,1.37088383646999,1.78118468285963,2.66934456247308,0.0751527334415941,-0.945603854653337,-0.264936039142014,0.00405677540214078,0.180341923793977,0.557039440853939,0.319821145027597,-0.801185926212747,-0.0401633088607274,0.233146925322474,0.426450833375506,0.886622297126452
2006-06-01,1.17138850606428,0.302108047392733,0.885122397359008,1.17019186090307,1.51336745131539,2.28433868508922,1.53401574474176,0.524195898127558,1.18594177010723,1.5314200805723,1.94863241506599,2.86111970881844,1.11152899245898,0.437097614391417,0.953023705574612,1.20013880899611,1.57830008717283,2.34669570818675,1.32501550210797,0.581462218323019,1.13178408053088,1.40481668915634,1.80124072551356,2.64670272912308,0.10122540221423,-0.984131176291265,-0.251178212019861,0.0274736240163516,0.206338257502231,0.598456940142727,0.340996370599943,-0.787145066215272,-0.0345291439737967,0.254751694539136,0.450612652370151,0.894301184177388
2006-07-01,1.09588006653704,0.259419430206319,0.801860554855093,1.10569642832118,1.46028474022594,2.21735450312885,1.47804156936692,0.480250085975462,1.13555194166891,1.47780953413468,1.90671791874802,2.81310153397129,1.05815336059556,0.395833823033228,0.898996146437011,1.13846982023472,1.52249862338737,2.32032138070015,1.28965926862251,0.54731394066823,1.09073031287355,1.366152531689,1.7727320248598,2.63820197784715,0.078850046601389,-0.972321952120189,-0.27835397165746,0.00421832531183495,0.187093989899784,0.585585848504907,0.319862706058032,-0.791825670875983,-0.0493814857571808,0.234470837862792,0.433111266591757,0.880784727896345
2006-08-01,0.850988692415001,0.0367451640845364,0.587538291903215,0.866211242857476,1.21521828144556,1.96737150594332,1.28782287175142,0.297667112073257,0.958290778387012,1.29267620313365,1.72406481383073,2.60953458027722,0.887804944995442,0.244108009409394,0.727711031702937,0.962541837263766,1.34708755754717,2.12075037352175,1.16959889475629,0.435998898291564,0.961045831114999,1.24801712729884,1.64162765508708,2.47992283826288,0.00339249199861492,-0.936714489212562,-0.322957639908278,-0.0566560960511311,0.11874977464613,0.51235048632266,0.247858944882882,-0.816279999874037,-0.110813950459532,0.171043031489023,0.363474288328025,0.782233696776662
2006-09-01,0.918576832365047,0.088453084108427,0.643886098178164,0.933041562880499,1.28416124406303,2.02486878481266,1.30921373694202,0.318734153296409,0.972864471865286,1.31179545650756,1.72285633476452,2.65313175755789,0.941177717379426,0.290849731165121,0.784902519303247,1.01747433495408,1.40936369482052,2.17287980054953,1.18203883306889,0.442806550369151,0.985963546777915,1.25400647877977,1.65573157460715,2.49291022775138,0.01744757958265,-0.951975639390648,-0.309626294077211,-0.0442090053776118,0.136621365461507,0.526812367659088,0.255982973232683,-0.807155086406072,-0.105194948785537,0.180211298730161,0.377030601964437,0.800052999409161
2006-10-01,0.946776604334719,0.127267681035472,0.663416031351682,0.951144713595426,1.32255264138385,2.07198407534885,1.33123063123319,0.34814663638413,0.99323374736698,1.32923537204589,1.75322037684727,2.64319312545598,0.960296007634718,0.303051026367969,0.797458034875042,1.03953544087259,1.41279468854028,2.19186020259968,1.1957145651714,0.485201253773107,0.997992880342418,1.26730669205291,1.6613975452326,2.51074697757071,0.0265941676006906,-0.95953241025454,-0.309658737970816,-0.0413270410282161,0.13961141401103,0.535703728930774,0.264412574447305,-0.810750955873243,-0.101895975911704,0.183768334133687,0.379251937962094,0.818897106968749
2006-11-01,0.814049586306701,0.0531706386408715,0.559398191707604,0.83742100801643,1.18218121934667,1.95103719961155,1.21889593096599,0.25847966005528,0.902592562641329,1.22875822141588,1.63206635772028,2.53923551962482,0.871042717313033,0.236670316143419,0.71691764010888,0.948472873721007,1.32310143695118,2.10841798086479,1.1253015959613,0.397598731761634,0.933402113968456,1.19577766958521,1.59277946455676,2.41033518844795,-0.0174717574667009,-0.958892132502752,-0.333527274877824,-0.0724410010743922,0.10647181210601,0.481056277899244,0.221162053482825,-0.801239146899323,-0.123166060063691,0.150872926938377,0.33726570185449,0.753841277064464
2006-12-01,0.794035663718781,-0.0254069845762526,0.526192777342197,0.803409020434322,1.14114179229898,1.90176075434414,1.20006957814818,0.230815963156901,0.874218907292757,1.20081467260195,1.61172951185524,2.49187093528725,0.857966565621074,0.197533984015254,0.683272731130788,0.9298721620789,1.2891992802859,2.02066357523102,1.11346442479032,0.395828837318447,0.91242217874057,1.18455119126463,1.54418572857113,2.37774360479487,-0.0245541110943963,-0.932140388380549,-0.344416396265105,-0.0843835259671533,0.100547210099706,0.490681853945587,0.213836078953886,-0.798008814552957,-0.131780623459705,0.14178465962447,0.339846060237964,0.760992047408875
2007-01-01,0.908884601407382,0.0659392987122644,0.616215038588025,0.906809511821916,1.26166323146807,2.02731195272875,1.31365582116132,0.2873581513981,0.968900516277473,1.31438181133274,1.72948354562536,2.64336531545385,0.931647862399822,0.265452800095462,0.75460188523002,1.0060052217553,1.3742870078484,2.16209317830674,1.18517273857984,0.442139614785781,0.979203142607193,1.25972882170699,1.64352899173468,2.4934306817142,0.0173645703637918,-0.960771498527926,-0.313246075684355,-0.0502937448442682,0.135717133092878,0.549142455568203,0.257588929229337,-0.81290644288309,-0.0922690743859575,0.180385686759297,0.37442092945456,0.814748905205546
2007-02-01,0.687809487052602,0.091326230800371,0.483762089515308,0.692957259740192,0.959099614586707,1.53385145654446,1.19326381489871,0.302967913481902,0.89364222117767,1.19291062549615,1.57032383489131,2.44341246010267,0.766680930580665,0.254005378411091,0.63129930668807,0.828276750943617,1.1463836365037,1.82120919980548,1.11089745390708,0.40614477381992,0.922548788663002,1.18344223146543,1.54968003304571,2.36638797210335,-0.0391594997430751,-0.938450633815348,-0.344151145039653,-0.0904353307014615,0.0745048215268052,0.449945990892755,0.21148450919493,-0.823943983015946,-0.124958260820453,0.141132638293234,0.327849879591286,0.72593000596185
2007-03-01,0.51890617956541,-0.248926151792984,0.25438882996506,0.522912413433687,0.864715501810702,1.55359618730465,1.04569013413201,0.0946286326900925,0.717063461085364,1.04595675315967,1.46158654704904,2.34600230202175,0.653998029780828,0.0132621657845901,0.468814758915914,0.708148571598482,1.06009172525223,1.78238842692146,1.01819762492077,0.272883451947728,0.800184250093782,1.08213426152216,1.46697988248123,2.27522396470698,-0.0962570573259073,-0.954774186069621,-0.385492742745637,-0.144261746957927,0.0278122699662758,0.428533382223205,0.154717531432149,-0.815321251812616,-0.183395353590609,0.0866290922289898,0.281094090592826,0.683321624759688
2007-04-01,0.643361876478476,-0.199957499507841,0.352353547431696,0.645702564136636,1.00602786491241,1.77408313090679,1.14174088168743,0.120111499255419,0.803741649195186,1.14552306583373,1.56750264277894,2.46630660152553,0.740178093426442,0.086914507720284,0.56138680101972,0.798785913847143,1.16101929504186,1.90590569927473,1.0782219566461,0.343891330572432,0.864295976974914,1.14277618730592,1.52707650955325,2.37963346510413,-0.0574103128487687,-0.941981055479534,-0.362112307684627,-0.108324000029378,0.0660680311341599,0.467681484846646,0.191840865079266,-0.81883082672878,-0.151591412138416,0.121150825454882,0.314282424323654,0.76072795143268
2007-05-01,0.847242508945272,0.0247694769101137,0.582851960226573,0.860961247226531,1.20672887314444,1.90511678136662,1.2771620705471,0.303040144233296,0.94241611760084,1.28255271033888,1.69950814659623,2.58946495081966,0.886534628659048,0.223981928674507,0.72013053132885,0.964309875757842,1.33965310289901,2.12055830570007,1.16262432127804,0.425678316540506,0.962678844468502,1.23781656986982,1.61938510981393,2.4766685637701,0.000692838670735517,-0.92589798663619,-0.320093379808543,-0.0588036320896267,0.121123292117083,0.491506909447119,0.243609550753626,-0.819936036357158,-0.114116655385034,0.168824617465923,0.359718999119287,0.780593922434615
2007-06-01,1.25868285799521,0.414724688815886,0.971217398262159,1.26955358071368,1.61362124192752,2.35707633346132,1.61680940957505,0.597000166532138,1.2734141673057,1.61533363625613,2.04978346649622,2.9577591936592,1.16760375201,0.514154434012339,1.00774502766613,1.25802927709443,1.66246556290579,2.46327419908194,1.37717772512067,0.634240082989683,1.19270146194536,1.45906658243134,1.8663877726497,2.74247460438409,0.132681782441751,-1.0216267295495,-0.24001937264462,0.0509384884440908,0.235087773264183,0.637568011522906,0.372343256695474,-0.780051491045175,-0.007220136346706,0.281791293538042,0.482528436761797,0.941340982830721
2007-07-01,0.999563617418463,0.15893027694608,0.72560284724927,1.01344866828914,1.36993098121633,2.08599320713241,1.45739744619185,0.450228791271413,1.11691982451278,1.46166983372074,1.89271622281291,2.79080840142022,0.9775806273529,0.319466479170976,0.818748433177218,1.06074599706969,1.46725575911321,2.29642294922225,1.27771221192743,0.542843079381402,1.08079137480749,1.35700196432626,1.76056571215641,2.61357587803643,0.062887026350492,-0.962899089844499,-0.287293225225566,-0.00604818930237468,0.175425825716665,0.569505248616768,0.3115716496783,-0.804547537726888,-0.0665360296692004,0.226366708718107,0.428150349847543,0.868734797370531
2007-08-01,0.891768030127857,0.108035163884584,0.647460469401261,0.925279779689145,1.2592281200211,1.97739302492946,1.35990488333536,0.382679347625377,1.04066756941077,1.37010943731012,1.79344077468062,2.69196787409311,0.905322906991515,0.2793209380986,0.758458213416981,0.989984418885364,1.39450092128471,2.23175895921666,1.21555732568292,0.491416222714405,1.02146258947107,1.29515540382476,1.69064348479249,2.542084129352,0.026630002483539,-0.964865960798088,-0.298631048985498,-0.0374871276355222,0.147874829612879,0.528478449146521,0.274827554484423,-0.806926373484863,-0.0762269577972258,0.194801771421045,0.393756806457883,0.814044967099555
2007-09-01,0.824744066118624,0.0792871913936236,0.5713707715275,0.83856921626464,1.1798955780698,1.94224105338732,1.28798453626341,0.335237597911314,0.967971362151543,1.29275396222094,1.69735693184241,2.59870824005257,0.863128542861472,0.236694357025662,0.715504292352866,0.938682477782508,1.31578671499638,2.0768606141361,1.16970369694145,0.462235810103099,0.979157013970687,1.24568333125716,1.63898734150655,2.44350017899968,0.00118933875800885,-0.960210428199639,-0.325715709597505,-0.0585126901711848,0.122971538485837,0.511210856312743,0.247397179086942,-0.812876235082879,-0.104836194202144,0.171246170895204,0.366650004858952,0.815650677315937
2007-10-01,0.722367106535311,-0.1201834585911,0.443817401388189,0.742069455422428,1.07543163849096,1.80895597531544,1.22749415014257,0.209269885047094,0.894956056235619,1.23107107283487,1.65115737848951,2.54883790659754,0.788626921977688,0.106248848796179,0.612852463134389,0.858285108096306,1.23537091445777,1.97517610412184,1.13273900667112,0.394597544455903,0.929675101774969,1.20296923932288,1.59523337886325,2.44246258669481,-0.0269250760516942,-0.983569026835358,-0.341919181763408,-0.0834511308523935,0.0932597381568336,0.51099103023625,0.223797891893464,-0.814956288830614,-0.130796937207713,0.149211910918377,0.345291724318569,0.76902811654626
2007-11-01,0.38629173540225,-0.398861908945409,0.135441682061466,0.409196425498056,0.735055980441477,1.47057291646324,0.969209641251109,-0.0091158458996954,0.65750768161337,0.982093766416227,1.38021317108245,2.26751537843174,0.558455003948102,-0.139153037605075,0.369633529789371,0.616516580037057,0.970318691614126,1.68177480409399,0.973181490236822,0.205095870542265,0.769358734701306,1.03876667455562,1.42621321384877,2.2193441985284,-0.134651606114255,-0.959255701260818,-0.407696831364388,-0.172267818388246,0.0039957833051322,0.40615451370177,0.122326279050589,-0.820081353086461,-0.198735063078678,0.0583153796491483,0.254864440081499,0.665562421209249
2007-12-01,0.307959077572411,-0.499871456146489,0.0561341208891947,0.338687328884609,0.670511136287429,1.4118594340697,0.932081063794892,-0.065833386697278,0.606712420771437,0.946734779534287,1.35714996702316,2.25286886866007,0.499746663207185,-0.177806601915739,0.305783918073765,0.555598187127086,0.905668943359986,1.62538288595614,0.951499335490032,0.184875196594043,0.744135206843026,1.01518166600395,1.39794701693064,2.2231713396589,-0.154682986966076,-0.957854356700009,-0.418251719937104,-0.187077088880807,-0.00586179804625222,0.399412215774342,0.106802075415582,-0.832310953064071,-0.213143916063657,0.0460558510233237,0.24112512594547,0.667638830980158
2008-01-01,-0.291105701977233,-1.12655962171752,-0.548417974051608,-0.262727041820842,0.0940467113772708,0.795911216557288,0.485237793828173,-0.52998346327213,0.163604676607262,0.50766632778843,0.917626430600402,1.81696054703661,0.0925274279379478,-0.742736634227053,-0.144074760630933,0.110408019718537,0.432215710967129,1.06962648061247,0.680863250511991,-0.105969413412204,0.451532105802188,0.729931888322323,1.09139045108155,1.83890127989621,-0.349952340720436,-0.977178999464094,-0.553426882704058,-0.353921824738979,-0.160552227277734,0.257205799874342,-0.0737588763977878,-0.900901453068939,-0.351041295315806,-0.116454789861959,0.0811121063120074,0.508863704582053
2008-02-01,-0.397721668832622,-0.948941982282817,-0.571821766937915,-0.382372403648809,-0.133311509171099,0.369537588732471,0.482434642650566,-0.38764753692654,0.210990827744653,0.493850753271647,0.85813075967133,1.68658771332256,0.00558952082215759,-0.695137321104184,-0.194789498729378,0.0138210479118274,0.260496049718956,0.815294461825793,0.685582383954255,-0.0411845482518637,0.476157797083161,0.734158811030395,1.08890434484497,1.84359414091778,-0.370098165185059,-0.920385745659117,-0.551151364108686,-0.369636427148604,-0.19161733156261,0.209944107234798,-0.0797328428195351,-0.916964942908742,-0.348398819044679,-0.123969012728679,0.0590703292377744,0.447410878773393
2008-03-01,-0.415685821850435,-1.20704856937616,-0.639460282295422,-0.39502127108178,-0.0693816653241689,0.503682076860018,0.404175314093636,-0.57768409401303,0.095064187056539,0.418267090534722,0.824214627824629,1.68624359203922,0.0189732760322324,-0.795093538296568,-0.21906616971501,0.034034768325878,0.316925221574454,0.893266508641076,0.642946134097255,-0.118868435205515,0.407988079354315,0.688537423084714,1.03986262042259,1.7917310160475,-0.402833655029553,-0.955636722372004,-0.582811327876702,-0.399114712813742,-0.205380649811613,0.220231518723347,-0.117416616285886,-0.927062173341781,-0.373584132512067,-0.156152016465176,0.0348907296085073,0.458453967153072
2008-04-01,0.0171108813519335,-0.796800637610167,-0.245945328470865,0.0396950174404918,0.349387376962725,0.984352408453007,0.671678363309746,-0.343965089454112,0.351629126889262,0.69113631307131,1.09713063027231,1.9569644070466,0.318678488984997,-0.378292978421852,0.0923129880226981,0.354170793803692,0.652592770281608,1.27781836728991,0.795528684886148,0.0334758862842511,0.56605362446544,0.851300029297405,1.22066669553216,1.99647849889812,-0.267009569871454,-0.955186627263171,-0.493024094249866,-0.283586816281903,-0.100934131510713,0.298884146556484,-0.000330522765503924,-0.873640123325848,-0.284354717937978,-0.0512339260444215,0.140951223515284,0.544983979423216
2008-05-01,0.30194054108707,-0.5067883573054,0.0589331733508286,0.312993063040706,0.629292230746293,1.27083321801097,0.906319505337044,-0.0568358491489204,0.605230623262868,0.917694033765908,1.30962234815214,2.18640000440535,0.504105554760702,-0.16288598250227,0.324312180140666,0.544188793026148,0.865271881786175,1.60640451326026,0.936750225877495,0.169953142124147,0.7268414772022,0.999343595697993,1.37293434934201,2.18200688735002,-0.16567454904623,-0.95378404938386,-0.415165524235604,-0.198852614143139,-0.0246073430780091,0.364060808692929,0.0955289258759404,-0.803428742090604,-0.207476075936852,0.0371177773545739,0.221363761979063,0.613558603781719
2008-06-01,0.494766514736018,-0.318823360449654,0.226806030258483,0.502529683085568,0.853416153401335,1.52124957035217,1.03720621056565,0.0619589420813917,0.70682806216974,1.04090254282481,1.46239902516985,2.35843550654942,0.638315458061678,-0.0529600996889966,0.452487412768792,0.691654027044962,1.03378326992315,1.76987867447787,1.01449861172222,0.24343450109226,0.804439131452413,1.07817375595291,1.46383790389805,2.27157803240375,-0.105603398609378,-0.962629285734245,-0.387157728244549,-0.150205271730325,0.0230916625268654,0.408655803631701,0.150519659074914,-0.814315763392731,-0.178970601207387,0.0839421931826543,0.277833589938314,0.694762410915049
2008-07-01,0.446519523595161,-0.344207337290534,0.177494644026359,0.454854848006675,0.785925873572908,1.49223001683526,0.968766222494115,-0.0270641013991679,0.650891732399921,0.972923010659511,1.37936562332696,2.26880303527368,0.613315101503886,-0.0359397673274299,0.430311877030928,0.667191561505971,1.00356258524558,1.68378884433862,0.971597393800086,0.22105234276012,0.767276370503301,1.03180958358509,1.41119046490188,2.19303242996195,-0.129474011587857,-0.960640234535801,-0.405648032416427,-0.170647601687644,0.0113063357118166,0.40704601095948,0.123646627394407,-0.811990171393337,-0.194779751418926,0.0612924079232947,0.261763960178549,0.673817621183647
2008-08-01,0.383931989981917,-0.413463967701348,0.148137821001181,0.395051282489945,0.70575442594367,1.36757014987507,0.948613909854709,0.00260998297330903,0.654718882199562,0.954333775753359,1.34623317756719,2.21406431173599,0.564575436767709,-0.0869480204268242,0.393131816074557,0.606379405805996,0.941263658461513,1.65175020988183,0.962041886646465,0.202421031981884,0.762220257277764,1.02092231420354,1.41147385326266,2.20111350596351,-0.144044558771773,-0.962603051697934,-0.400499453194267,-0.182044776460881,-0.00979809403210737,0.374265279961621,0.112200662323843,-0.807124329226812,-0.201520276734066,0.0494960668887602,0.239252115899147,0.631054483016238
2008-09-01,0.434225930735898,-0.340257607740418,0.19494412779958,0.457762049470598,0.752314669439556,1.43697611691792,0.97437260690714,0.0141624014680087,0.673232555606073,0.986535793872235,1.38556169950699,2.22583393394698,0.602398595955669,-0.0554559882616569,0.438983393248079,0.656944794637003,0.984526865356231,1.65940551838764,0.978299454074195,0.223984818492979,0.783155025570903,1.04176155372494,1.40557454175063,2.19139562494896,-0.132008845372126,-0.960969190929729,-0.404648473857102,-0.170394563129154,0.000784181327103771,0.413648919635478,0.121010312576472,-0.802830335519913,-0.197482102887826,0.0592395142765929,0.250153713843978,0.664790046012446
2008-10-01,0.341511247851452,-0.435052403842156,0.108631156421493,0.384670066986319,0.705207943498458,1.42446942667457,1.14488427208706,0.209378386280792,0.831129259319003,1.15668625412364,1.57732213234722,2.45957888634219,0.487892869538798,-0.157286533542139,0.3228421395069,0.560767647491092,0.888492721536601,1.65195450830034,1.09794526686491,0.380339309189906,0.90357145441146,1.17696432059354,1.5713825021502,2.4323498908325,-0.109720701759249,-0.951340813365448,-0.374527150609809,-0.147238654990336,0.0260188580568456,0.440990620087015,0.177411514940143,-0.8660033923359,-0.167843976583954,0.10307521655398,0.303078819871339,0.761951634095864
2008-11-01,-0.0682256393978432,-0.803443494010356,-0.251060272995088,0.00672962264512151,0.346087938815232,1.0138188075246,0.922270004349314,0.0209351928433538,0.663567469779967,0.957461992361383,1.36118573063516,2.23914092209601,0.210922008624845,-0.40920577562884,0.0418039608692688,0.277128885630656,0.623109542002891,1.47089674531906,0.984247921624701,0.273109318427505,0.799002149580524,1.05847878541534,1.46520739490359,2.3470374946202,-0.245271840588923,-0.980645340605332,-0.46725101939104,-0.257715503172068,-0.0813911268322066,0.313471361460335,0.0672963023881877,-0.89114905154702,-0.23868694006891,0.0102284800457174,0.207452305990698,0.602809210023475
2008-12-01,-0.327030376422807,-0.991591654698788,-0.490569996932772,-0.24207677137037,0.066860797322295,0.656553601396945,0.572250660149982,-0.267379798879287,0.334503585270662,0.619172360462991,0.985446105052695,1.79385620953813,0.124980045271697,-0.51836384177969,-0.0649359835457086,0.168284245763194,0.467953285982561,1.22075955473354,0.811162839623622,0.121963469810533,0.628284719335305,0.869223007621796,1.20832235989366,1.95091767672864,-0.425698447640484,-1.05568096873322,-0.609208317778327,-0.407425044741898,-0.208954800586413,0.193036121539492,-0.12058602939015,-0.933740358194848,-0.378159571579762,-0.152662245355906,0.0360080285125254,0.450128981955991
2009-01-01,-0.320503206983646,-1.05608316359515,-0.525555394992727,-0.257032086214768,0.0827338702473626,0.718436263255264,0.60011408355492,-0.361074424523305,0.330322495149254,0.638475754149268,1.0211138051083,1.83342319094589,0.113816227709858,-0.630311190665865,-0.072946942972963,0.144870057531987,0.450770943144981,1.17573045887849,0.820769773783365,0.111745101681101,0.633217483087154,0.876026653855408,1.2282860859564,1.95744871154002,-0.407174854029967,-1.0373053244064,-0.599208129853902,-0.39563496572866,-0.198541901442288,0.214879506550875,-0.101137058876002,-0.936902539398633,-0.37707493919034,-0.143183552414925,0.0511930148072699,0.484248691051586
2009-02-01,-0.390496415534243,-0.818960941839323,-0.525590964439951,-0.340842330663535,-0.122513600167222,0.322139217869406,0.548009646449072,-0.215974419236729,0.306957746567312,0.577677828009629,0.928179466009358,1.6698445678679,0.0432224334405264,-0.526432961848811,-0.135599738017645,0.0669510601060292,0.321262695381432,0.957368988169712,0.768405863271132,0.111994223128876,0.581582679285775,0.823185829234377,1.17284071374367,1.95543929534591,-0.40434398324889,-0.985818709243055,-0.572320093026433,-0.399442378902276,-0.218797101270561,0.158858242779614,-0.0985267172531262,-0.938112074904759,-0.361557912326411,-0.138257157819861,0.0356101433897503,0.429671904970376
2009-03-01,-0.259563043114119,-0.886562315963156,-0.459882571174458,-0.216279840072423,0.0691266100191142,0.571684484188718,0.588679998184484,-0.292995727618896,0.319994397399279,0.613405681261147,0.989855515788917,1.74454496449237,0.142811782832398,-0.493227390097429,-0.0567353224451154,0.169368311376795,0.446989438988227,1.09661656225928,0.788590618355359,0.0890918398783429,0.586484153547741,0.842139347990463,1.19157202752743,1.93775321436472,-0.373059710256685,-0.994691913898912,-0.569228013492988,-0.376147198639859,-0.179472849347809,0.192435858610879,-0.0795139064916896,-0.904531820427523,-0.350841233128894,-0.127436827280138,0.0697276223904552,0.473663254563925
2009-04-01,-0.213332135700385,-0.945595518742626,-0.430429879045093,-0.177958117783719,0.134842763813846,0.711242869444032,0.600389844276852,-0.359985847588782,0.309146636083013,0.615511861048731,1.00980490383872,1.79960075110956,0.178325022075032,-0.516045400863102,-0.0369254425576748,0.201780365842798,0.493769087183823,1.0521356103675,0.793356229437066,0.0565261269646671,0.589095851453306,0.84375020796625,1.20107736783408,1.93179107519614,-0.362163973668113,-1.00857367246124,-0.56913985287201,-0.364018166581848,-0.173913089621508,0.248811748664076,-0.0727805447331851,-0.923344550720518,-0.343577162433962,-0.115977702388354,0.0758774661181185,0.485022170616474
2009-05-01,-0.247114085143607,-0.977593451915456,-0.47713322582851,-0.195321937899342,0.125915180042288,0.698636534432547,0.656685627349927,-0.282893486833054,0.359937703573016,0.681273699891546,1.07943595619584,1.90852117738048,0.130820983958515,-0.624227849729658,-0.0842235775793467,0.153878185982896,0.472316559038143,1.15549106310017,0.825389667769179,0.095784780324713,0.622718561188669,0.882833174650008,1.26053011424423,2.05047599396508,-0.346734407201683,-0.971548142613452,-0.541330604296526,-0.348943373561644,-0.158320618564944,0.214777212004861,-0.0445096381171685,-0.921745631124072,-0.331063866540259,-0.0930011058086907,0.0953850383568371,0.482253660995873
2009-06-01,0.0149894942864492,-0.78964147763421,-0.238765604378523,0.0408382076496129,0.399797581116533,1.15858834660381,0.942720534283851,-0.0661808238929648,0.610677246204882,0.963489889292857,1.40266556015225,2.33195209063406,0.270876228928824,-0.464717938311453,0.0651534100375349,0.321280773907099,0.648495518661464,1.40688077869328,0.988238132918589,0.231841284949146,0.775745796395678,1.05708574691772,1.44735413184935,2.33583110481115,-0.221045982030641,-1.00269669402043,-0.456111716676185,-0.242660939590606,-0.0608127211704483,0.364870275324409,0.0841335292652259,-0.888155018195423,-0.246992239249643,0.0165982205888938,0.221292467306038,0.65186820446061
2009-07-01,-0.134912595035281,-0.883635813201902,-0.384968636572764,-0.099889812469678,0.246715111944046,1.04584037253025,0.820725645526793,-0.154702615077255,0.509445707478582,0.840172646787531,1.27008168766235,2.20295164335681,0.179659731548905,-0.5546318328587,-0.0303056310670758,0.212638197168152,0.53371284149628,1.3041158552531,0.920993426815424,0.189710402598964,0.71164055684174,0.982278112163626,1.36159640764075,2.24941080435731,-0.281247600902914,-0.980369157965416,-0.510306554421432,-0.291512255028168,-0.0963237838792302,0.329684458365112,0.0276758631329829,-0.915585133165246,-0.289041202527341,-0.0371983630719146,0.178569686520018,0.609749161246408
2009-08-01,-0.0468297595914609,-0.787118727291289,-0.275648249028436,-0.0069019339951056,0.350820244990994,1.00962066165066,0.873153268920226,-0.081415036443358,0.570646580981009,0.892879110963602,1.31892112580239,2.20801809227037,0.237905126555812,-0.435217805920623,0.0289393741403832,0.280739019968427,0.630273952938991,1.47734384536462,0.948059993621875,0.209490887684949,0.743713826364975,1.00928155692233,1.40326761045731,2.31483093815996,-0.250738660684448,-0.997423808656111,-0.478717669830873,-0.267578404534015,-0.0905155525954222,0.313967946205638,0.0535017678299525,-0.873695293143678,-0.25696489328961,-0.00802888237366392,0.186747543935494,0.613677290201149
2009-09-01,-0.153754649549271,-0.959917457018336,-0.40087634651436,-0.106397787664604,0.293913311319426,0.953032535224816,0.754924917613743,-0.232889621290047,0.451204419220285,0.788257275793955,1.23550234386044,2.15167317662704,0.182937978709908,-0.522885357138139,-0.0255155491216744,0.220488369221775,0.572149952778818,1.39130701068463,0.882016457140852,0.141214898115085,0.670095658707219,0.944150802300765,1.3395918222656,2.18372249365895,-0.304281353196004,-1.00505062268978,-0.530981405354312,-0.311973057353058,-0.116361896835003,0.295881361885849,-0.000941471097281113,-0.91483291929325,-0.295454791534574,-0.0589833524480837,0.15813334155048,0.582044681469579
2009-10-01,-0.123956986888981,-0.952488514612371,-0.390122757034218,-0.0823128306833701,0.308418897746735,1.12856751494344,0.743305958806081,-0.289207274803324,0.417012977513343,0.770100688010072,1.20225940074645,2.19169817476875,0.211966141454334,-0.548781886503894,-0.020862952588695,0.255016606652809,0.632493660023596,1.39203591705921,0.873882128831302,0.104465051758658,0.649049038907544,0.942226811542301,1.33724225387103,2.15556635877094,-0.30370413002023,-1.00100833702005,-0.531443395792978,-0.309194383965093,-0.117091178385779,0.321608541109478,-0.00513863978603528,-0.890006417652015,-0.302402798363842,-0.0592843332253223,0.150496703438119,0.582590355486778
2009-11-01,-0.0848770190066116,-0.853742089686438,-0.357606584471369,-0.0604272763083123,0.291994529997429,0.927611232064209,0.767994987238302,-0.187365409652943,0.449659263509949,0.785547100340066,1.20241503464197,2.05019814184691,0.247272512280544,-0.52801646891978,-0.0104437779940523,0.277515561862365,0.62882004617537,1.3666206599468,0.894904089159309,0.114578310015735,0.664568138744366,0.95456011572293,1.36565522225568,2.18117598656428,-0.300323563898396,-0.9851108997746,-0.51150289565154,-0.312279141306744,-0.131089845549825,0.259657364713181,-0.00162102903880652,-0.896028651301244,-0.30116518348316,-0.0640050727865378,0.135545140227642,0.554450227474253
2009-12-01,-0.149889059871308,-1.05171604729923,-0.472752506256228,-0.130385089347805,0.276221114521403,1.07100728842167,0.745094304902891,-0.306857720227575,0.396589109257803,0.759437800223607,1.19486628062972,2.20465472736936,0.194240558668562,-0.63769142696462,-0.0939318590787418,0.220605128715965,0.584125170601645,1.385855661149,0.879140679556415,0.0546381212107698,0.650724515646446,0.935530850070158,1.33182669032532,2.1930783623264,-0.31180999649685,-1.00217182326144,-0.526997255001148,-0.32846525237065,-0.122765519480173,0.273298276070557,-0.00773481289469777,-0.88854317961667,-0.30384219485397,-0.0699942968872079,0.146845697946666,0.569751843597042
2010-01-01,-0.11694674703882,-0.918813774132281,-0.349214854699648,-0.0711081859059456,0.363451559802433,1.19092268365662,0.832862529104406,-0.140277352664051,0.540842870934809,0.860951735446376,1.32203816706559,2.3054875457767,0.195991988450626,-0.541916047224429,-0.0109297436662717,0.250566310576879,0.644015556827373,1.6528050342322,0.931203465343695,0.144008114054542,0.72817815397782,1.00115439946758,1.41994944614105,2.29087892750956,-0.279720917156919,-1.02501061534795,-0.502811160887935,-0.288906464232921,-0.0959315614568836,0.311814978007936,0.0296776558548368,-0.898318498741931,-0.27694415415396,-0.0311140486577952,0.186953118165273,0.610967932134313
2010-02-01,0.0572206598989678,-0.185215337687586,-0.0382665913819935,0.11231374106992,0.291399367487848,0.669975830262283,0.92350008416801,0.260967391988928,0.707566975820778,0.955320376021811,1.26614947143937,2.00434221784265,0.324367595545769,-0.0929474116374655,0.201549417303667,0.369091084621756,0.662975322743767,1.44669216116949,0.985087308280137,0.431968753576551,0.826758906531987,1.05058277875367,1.43206697289095,2.18578382997699,-0.23375439642862,-0.972793662727295,-0.439943342426883,-0.248503402291477,-0.0937241573990331,0.24020882565719,0.066213810190823,-0.866140824636352,-0.217899067010759,0.0141070352801072,0.183063626168695,0.562474609942362
2010-03-01,-0.0543725393725334,-0.49505561112148,-0.230087066501633,0.0134154276074187,0.318971589570873,0.906279022831,0.867951214042047,0.100381300841859,0.607638995726024,0.895167687072767,1.29167126082943,2.12835986888537,0.239958943177012,-0.290432179440435,0.0787166962223649,0.295612144743185,0.657930364639463,1.50444943181917,0.951074412126515,0.299914692658016,0.765668697257183,1.01907544255426,1.44089098568143,2.25019295217003,-0.260956831924561,-1.01294545299547,-0.477509026058699,-0.276057417802872,-0.092554702681732,0.281494528095627,0.0448620609300501,-0.893491652565067,-0.251489179905804,-0.0184775429246158,0.185873652733851,0.601885690628021
2010-04-01,-0.0416017891827172,-0.721505390720847,-0.238068394584153,0.0379151505191861,0.411422755428732,1.13212871243494,0.891281513828184,-0.063727019712683,0.610072677455933,0.931452548646016,1.3506080632989,2.27075681863158,0.239932251140692,-0.350147382421212,0.0661108963023209,0.301430656936989,0.681718123935137,1.613838334222,0.961123538724237,0.25011886589886,0.763418148495414,1.03654397497135,1.44977728632462,2.30141721608093,-0.247478332004214,-1.02380063500821,-0.471017657650133,-0.261148201829455,-0.0673671048426244,0.327290643523528,0.0589597033429574,-0.895564808478737,-0.251266802833663,-0.000284731656342418,0.211040068869618,0.635205014509004
2010-05-01,-0.290264655989102,-0.927945046222685,-0.457692741130422,-0.221220535599813,0.152889598762775,0.816575427114055,0.639056597597896,-0.303291808534165,0.37191067840042,0.677650513534207,1.09760813991727,1.95859318010078,0.1027503527928,-0.553054149988834,-0.0809921589883712,0.142103420708025,0.510603647548943,1.38697737742842,0.819064559801243,0.0776487602557735,0.627642819118567,0.881067495553076,1.27842929115513,2.09452548886757,-0.362094293357917,-1.03589870264911,-0.558778766530867,-0.360537671747291,-0.170632857514797,0.216381489755973,-0.0556723821558849,-0.889491100668425,-0.322382452939204,-0.100752684064781,0.0994202093928534,0.50670495966634
2010-06-01,-0.353593990278396,-1.0769059246722,-0.532017798751044,-0.276041407952218,0.103662271754656,0.802040415711447,0.551828143165374,-0.403675337394421,0.286410699345072,0.596452025875452,1.00677076315569,1.8114799822625,0.0804523695442042,-0.539874055950016,-0.107043047227278,0.122730911126354,0.45837314733719,1.41853629811084,0.774415412463456,0.0438010728405434,0.579208350407354,0.831565841646268,1.20666517863998,2.01645947176135,-0.404860703147494,-1.06190159474034,-0.597714169455863,-0.397184057527572,-0.195925169583342,0.211646038530842,-0.100939911122271,-0.906978113907636,-0.36850354489547,-0.139530377155574,0.0577395142491891,0.486153207992502
2010-07-01,-0.518447095083065,-1.24010823213863,-0.715850713907443,-0.434156860218968,-0.0791114287995394,0.705550536242312,0.397287010036572,-0.540361770345369,0.120274475544715,0.451128187168029,0.864417111138146,1.7063775179424,-0.00422233595474284,-0.705134297768905,-0.217963196949128,0.0331500324649953,0.350319958948607,1.32832974088811,0.696359268251574,-0.0356317930286781,0.490818277990716,0.748615720940774,1.11674661732791,1.95792169239224,-0.487560936691484,-1.10781542389337,-0.657691316227614,-0.461892832923915,-0.257770283966834,0.166392337991964,-0.180824074950208,-0.988313230346582,-0.43860097510032,-0.212176176504613,-0.0159900449700713,0.412325143271262
2010-08-01,-0.741464035209749,-1.45061020265956,-0.922012025829256,-0.669108168882281,-0.323465040500658,0.491286027998128,0.151381658180247,-0.724447296228338,-0.100790692043703,0.194574464662948,0.605821719205891,1.33349315325511,-0.102081321267405,-0.84850038939091,-0.343571971312961,-0.091351519150337,0.214223246517604,1.16202147981106,0.573198899996074,-0.177113615525353,0.362329022525496,0.609017480535577,0.956525783839235,1.73375114977234,-0.616703852521738,-1.14127421644124,-0.750040292737114,-0.579948841828837,-0.365652853730484,0.0517495770586766,-0.309684449807656,-1.02678192867798,-0.541369465018378,-0.326668065719047,-0.117280672133282,0.274287857192293
2010-09-01,-0.743070779034196,-1.50720668380722,-0.952581498618207,-0.662356767830236,-0.312000852486236,0.478310136408868,0.124100102538903,-0.826428882898352,-0.124655483246703,0.17989206128192,0.582447832091221,1.30628229591714,-0.0931192508658598,-0.850550255558323,-0.333985733691327,-0.088644684518148,0.237298164491142,1.12105083907131,0.559029516499641,-0.189152206295101,0.347677985388666,0.596198699800799,0.945344300285543,1.66607774803328,-0.627867520191756,-1.16246579513056,-0.763518339840552,-0.584110371394581,-0.360940824256741,0.065368692543097,-0.324248201600247,-1.06623146821589,-0.557298264795184,-0.335642365770145,-0.128511962042995,0.276601253748812
2010-10-01,-0.953867610983579,-1.77234604899535,-1.16255866116574,-0.891567616750653,-0.505882754291134,0.362562726237747,-0.0892816120765078,-1.06800279654981,-0.343419087624036,-0.0386524697574589,0.37859738704521,1.14910491555208,-0.185309931006099,-1.0189693737508,-0.468816376639651,-0.191340518190677,0.115244271028205,0.991374763682904,0.458139200108247,-0.305907795488436,0.230875288427649,0.481991733078516,0.831794161427096,1.53598561137089,-0.749706248959958,-1.28360834903178,-0.88321066765363,-0.690337389199807,-0.444362893077118,0.0552248619329287,-0.441075652761697,-1.12590946719863,-0.646660074734219,-0.439605413161925,-0.234497824805612,0.215877398682648
2010-11-01,-0.886752928360945,-1.61409149534136,-1.09344770264936,-0.815584201288977,-0.476210538893782,0.385892368325021,0.000182707877173505,-0.915142025917457,-0.252237433203122,0.0530860186957497,0.451423423630602,1.20726188268474,-0.173343325857139,-1.01922608195106,-0.451151648807832,-0.175284561100561,0.147324748003342,0.953662721300626,0.493667752157628,-0.290079358385371,0.266864900649878,0.529595613831079,0.875058736775458,1.60475001306581,-0.692546504219419,-1.19889275055501,-0.817482694965403,-0.641396496468922,-0.41667963445548,0.040427926004837,-0.384058309943552,-1.08132595404612,-0.598766503506101,-0.389205174808546,-0.1849649875607,0.22926600838094
2010-12-01,-0.617227350807434,-1.39388862858766,-0.810760031176634,-0.548865286163456,-0.14856036729622,0.691362663300962,0.358804157329469,-0.624444318767858,0.0794575357916986,0.40400706238664,0.853613788750782,1.71267308942204,-0.08572187513772,-0.749250348328227,-0.323895598372333,-0.0527016524874402,0.286885367727537,1.28557025295271,0.668348109405457,-0.0728006147118603,0.45889238191276,0.724218184312843,1.08130854115041,1.94501972928683,-0.503993011656852,-1.1319932501948,-0.674193985554428,-0.484088705882188,-0.265505456519979,0.138395280338342,-0.189318847206544,-0.955501804194118,-0.447127146139145,-0.224028118985611,-0.0202587353508738,0.393956515850264
2011-01-01,-0.677317481838575,-1.48411805598953,-0.900036684783367,-0.617945405966363,-0.200986845456315,0.693411767574342,0.348124214389478,-0.680400748238963,0.056455673987563,0.379615671324521,0.837647587575469,1.78662861743704,-0.133712960313773,-0.899238230485303,-0.385348176146221,-0.112714543922178,0.245921284900742,1.16340322253981,0.663370711752167,-0.102515109370826,0.43179465987702,0.716311877289303,1.10923962774203,1.97357867943498,-0.515723620932422,-1.12918915043068,-0.68176700756335,-0.489684172104955,-0.268790822692502,0.162478991688904,-0.193667474861015,-1.00037641812568,-0.453226793465192,-0.230725281619071,-0.0199958607384344,0.423038661371572
2011-02-01,0.0275322844177403,-0.271101703412985,-0.106993511192205,0.030512187346985,0.192633597335066,0.600266739821891,0.827398518937713,0.161364312097642,0.599108173193795,0.829696927514281,1.12556704683561,1.87375653750924,0.325829779880688,-0.16753731885789,0.152201948015935,0.343705539629218,0.58882360875854,1.29372340677271,0.926848486674236,0.33710147310947,0.762500811942475,0.978169921123044,1.31250439566495,2.06857046904189,-0.266097734392019,-0.970814724784985,-0.481055821207591,-0.284175845242136,-0.127514320061602,0.203421504345048,0.0258508072889045,-0.895101612269638,-0.265074145727345,-0.0360577703708502,0.135895306177778,0.506536041658598
2011-03-01,0.06834695076413,-0.437190726425555,-0.180161582663358,0.0412702311078453,0.270218553935193,0.675721740689111,0.816044456559179,0.0446274903973726,0.51595179568659,0.790164880700132,1.11559496749141,1.83058762573604,0.368901654169438,-0.260013894023316,0.114161084910105,0.369698543789012,0.615619872898986,1.21610390598936,0.92197714856601,0.29368881296439,0.710023829458392,0.957821699515246,1.27887995752611,2.00158812891494,-0.26894148811997,-0.976443810780062,-0.500256314348592,-0.296472594375477,-0.13274306789393,0.236926496623508,0.01848783307148,-0.891321957829576,-0.290145669056808,-0.0431491320720146,0.138803759785701,0.52501828482942
2011-04-01,0.192856979468252,-0.516023537238753,-0.145456670682094,0.132527574285742,0.402913082677595,0.904298388190863,0.896993511620139,-0.0556312015150768,0.552262489454594,0.858144951875562,1.19570186108288,1.96430230792722,0.446184523548783,-0.250557350361437,0.15922321932464,0.423232672917225,0.709321156152011,1.35569221940712,0.961913748015784,0.235712270321072,0.735249426964595,0.994592213231818,1.33800626072292,2.06710068991571,-0.220777909863164,-0.988074128190245,-0.483652760212705,-0.270393727575296,-0.0695036016386626,0.31076195178406,0.0603406105354729,-0.889896048148706,-0.279092250181078,-0.0221397966820609,0.178120078885196,0.57478055846648
2011-05-01,0.0792055271311906,-0.585664579741358,-0.217639642822414,0.0506286592763839,0.292470657737083,0.707843314614042,0.756558914036834,-0.0811175714134256,0.449846840370051,0.7313702879949,1.07229528859319,1.79756310798005,0.401483782099402,-0.409534641470793,0.115652432725979,0.392769991640414,0.679927974287441,1.27030525274451,0.890963890109826,0.146799095359265,0.669881859630739,0.917806183401152,1.23938930701369,1.9388782402713,-0.292457988325732,-0.981846206598987,-0.507220679010081,-0.316993986400265,-0.162021368841015,0.183491043870609,-0.0130314691258196,-0.814273058396032,-0.300408543928406,-0.0813743145852193,0.0951987580827525,0.451175196573345
2011-06-01,-0.130742199911223,-0.82838364499695,-0.42544871820638,-0.153732279357135,0.136903761318467,0.597202035813736,0.573759390433447,-0.251736418630253,0.243660795305579,0.55920096518944,0.917840151836178,1.6354029112419,0.301007907650231,-0.570605589532441,0.00296616269916777,0.290494127544647,0.561104320577907,1.23484177063366,0.80893604614412,0.059189788758826,0.581309561866742,0.835012883639631,1.14325654791103,1.87258371413477,-0.405064548306893,-1.00597202387752,-0.590971021767432,-0.411729312811809,-0.233565836795103,0.124946106262201,-0.117433729494201,-0.897486678699454,-0.388397892568072,-0.171764767102722,0.0124372602663258,0.395215920660385
2011-07-01,-0.328410697185787,-1.10620496830731,-0.667519803638173,-0.348336247298185,-0.0406782074951987,0.519520581718238,0.429439974067806,-0.463814020648049,0.0666166224444128,0.412701711557438,0.774602102566459,1.54258579555166,0.185322630104803,-0.820635947115198,-0.183448654896776,0.156266516191794,0.450259000511593,1.15756858847941,0.73714666267465,-0.0851272565235456,0.48670275184086,0.755985221156281,1.08203245845213,1.81395388108842,-0.488444807948329,-1.04716568092603,-0.673971546221844,-0.489242524123812,-0.29889488498636,0.0819191496119762,-0.191167407567938,-0.971251829282655,-0.456661416294301,-0.241581278112083,-0.0399072488296739,0.348820031291809
2011-08-01,-0.572311038617184,-1.29976937710728,-0.891865157574581,-0.617746653751002,-0.307248462121487,0.23026082229049,0.0564933625630199,-0.741177899160837,-0.282020216887736,0.0431693131140008,0.387534711466133,0.954144255709507,0.162759536834455,-0.95016518115401,-0.305553262813072,0.10609580578535,0.389936288552595,1.05664369561105,0.585628811448508,-0.312719576503442,0.283875435821913,0.569046770619607,0.885878204600895,1.44780792920855,-0.71810109935744,-1.12571300261603,-0.829726012263872,-0.68898355771382,-0.495111861986089,-0.0429914400886921,-0.426602954924297,-0.989442940579856,-0.6273156045358,-0.452847665574751,-0.275053421129423,0.0850761584506669
2011-09-01,-0.552376215290165,-1.2152651371291,-0.897177881826883,-0.597328795532926,-0.308337897473561,0.19134783365054,-0.0186379457041115,-0.857330983973674,-0.34833490933852,-0.0440188296971524,0.292977401971147,0.904770712490775,0.21877323295614,-0.820968682209405,-0.218044723275497,0.148781543003346,0.420738378213662,1.01272939437328,0.556018100229341,-0.27825616922864,0.25985784697412,0.53312265916675,0.826304056414105,1.41354975854217,-0.756545911037701,-1.21242744533447,-0.885196633948651,-0.7239856654311,-0.521949871488481,-0.044720360091344,-0.478896276373324,-1.0649257617998,-0.660977256242282,-0.500647495166448,-0.318077428522045,0.0554714566369313
2011-10-01,-0.577715302065602,-1.28990871965318,-0.912858580420356,-0.611283246829513,-0.292297194781617,0.312838785208059,0.00699976482256733,-0.843108235613202,-0.310914375749404,-0.00648971730766129,0.357206029153502,0.984322574199848,0.136847657989146,-0.766983197552288,-0.260291436081403,0.0746163986301278,0.364341949271898,1.06304941460223,0.528950353889428,-0.2416180044273,0.261596453132101,0.518176292369433,0.807733392859841,1.46676319193318,-0.697339440280701,-1.19860881167403,-0.840499226694926,-0.670930648256002,-0.453642339247468,0.000653547384368405,-0.423035901862525,-1.06489812720749,-0.632386677106084,-0.445832339912102,-0.234796439358189,0.152223205446678
2011-11-01,-0.536217040921009,-1.1533052703263,-0.841834097466014,-0.58435842317124,-0.29108806619702,0.239504335273127,-0.0314212406797105,-0.755296521841278,-0.325334512866373,-0.055665432022575,0.288088883326865,0.86004009194209,0.206451361608387,-0.807138812469306,-0.223243548278328,0.133563114297959,0.41807832690281,1.0333022512241,0.524247490804098,-0.304649004272373,0.237249526281655,0.513286736212095,0.795423072733357,1.39859159437339,-0.727268057771758,-1.13407096024353,-0.849845189651429,-0.698355956301558,-0.512228878207798,-0.0408381859907479,-0.461143172065118,-0.995182273564886,-0.639334208786793,-0.487128835570362,-0.300821384017759,0.0637376590733539
2011-12-01,-0.6017244730807,-1.25275593264961,-0.909970225235871,-0.630955322656659,-0.351148075171064,0.202224638136415,-0.0973901069720542,-0.917328261433261,-0.389584901572427,-0.102448175960319,0.230106008255126,0.808593238490947,0.174851853676895,-0.787367393921053,-0.246270400401995,0.118355131912447,0.399500858253732,0.989051953790107,0.491477895327096,-0.310328670356295,0.212533305922982,0.479741403293555,0.758765496822017,1.35396468477285,-0.762078424462889,-1.20458241998133,-0.881731123940496,-0.719263038202269,-0.518109899976774,-0.0448383140918623,-0.496312980587709,-1.06480528856072,-0.674283442834467,-0.504529811881834,-0.315378136972028,0.0789203084449733
2012-01-01,-0.55257959410601,-1.25355815035164,-0.89955424226184,-0.611366310670842,-0.323559900206174,0.218544601582913,-0.0846779124214351,-0.975561716931571,-0.404539161180524,-0.110798509921522,0.224332283439917,0.832139572054447,0.21558795195331,-0.75888367677278,-0.218273130534187,0.133443304950436,0.392274796800504,0.961643880382535,0.499431758197052,-0.343927319185874,0.214746767398575,0.478962032471207,0.752459583642322,1.27351693550052,-0.753719892899311,-1.22765915922941,-0.893090727693167,-0.723485021439051,-0.508353103274847,0.00151951361170773,-0.492133930733058,-1.07431925491128,-0.696005115957902,-0.511102133482054,-0.313599221081938,0.0678009595257142
2012-02-01,-0.492744327753191,-1.05563101951391,-0.783438044966764,-0.574292540968386,-0.414613561577619,-0.145258376234699,-0.0551333433398003,-0.611027319545659,-0.318670823843759,-0.102213776667917,0.102671019466571,0.613730170251664,0.246782950017316,-0.70976916597224,-0.209636256096693,0.159075021197597,0.369469920084265,0.756226178306879,0.505749026158231,-0.27248739209793,0.222987746219725,0.481409896120083,0.711739132347747,1.17061374099283,-0.724386328519172,-1.11880352376435,-0.837836303847347,-0.702527299000147,-0.514320486275971,-0.00849746004223253,-0.468544728719064,-1.00782050242115,-0.668164738772686,-0.493413924579389,-0.340242717892552,-0.00394494978192841
2012-03-01,-0.339560477620963,-1.01944246968421,-0.70706551018139,-0.450871985841882,-0.239378567849854,0.0229312193137607,0.093382264734846,-0.537099019541701,-0.239159520532868,0.0210322891310548,0.263572025459699,0.777225832930884,0.284191771654968,-0.732241364289192,-0.168751156353208,0.197616838737593,0.405596688343715,0.74448951546612,0.54746074234987,-0.23815505815501,0.267674662901692,0.520862339442269,0.752004447901818,1.24332035538824,-0.604753579209384,-1.0701803349764,-0.766810145959747,-0.605745378612295,-0.421666275855958,0.0226822332847592,-0.356063262029445,-0.953497289265389,-0.584078566319089,-0.399976757288732,-0.231168861637286,0.10921129312241
2012-04-01,-0.382599565336967,-1.08364455921369,-0.779251892556317,-0.491506105928841,-0.28939333284672,0.0172258172416566,0.0257403628837729,-0.681211762470398,-0.314418767370279,-0.0464374419069923,0.207776638719367,0.726636001232341,0.288473552064698,-0.748711960389417,-0.192588990686319,0.191806752603297,0.404076380745916,0.732577882935023,0.526887109468175,-0.304627021264211,0.228423174795701,0.496581572088881,0.728366643758294,1.19288044210646,-0.654050236347951,-1.12050472186804,-0.806371647345511,-0.644692356372223,-0.461412595650555,0.0210450950068743,-0.407012426953614,-1.0347689960035,-0.633474776636879,-0.443703562696667,-0.267224163971546,0.0948125317987611
2012-05-01,-0.30064936466745,-1.00209595664085,-0.695251144727834,-0.392337890701338,-0.197003451461398,0.046295049205121,0.0110408136442548,-0.677923589674088,-0.333211092798935,-0.0510067044615667,0.203434261926915,0.634984070687574,0.378228793269575,-0.695237485068653,-0.138304822821255,0.30138714722683,0.504221970191862,0.90571857287846,0.531482397849333,-0.337476123761761,0.220555482051618,0.504090918693204,0.733243520402801,1.19018778111962,-0.663852710148055,-1.07327044686189,-0.80403228266884,-0.658503947428242,-0.502340792269006,-0.00580531686254486,-0.433455858244016,-1.01153097133867,-0.647389500085576,-0.46631612637684,-0.309558682819889,0.0362737872059749
2012-06-01,-0.633538493078664,-1.17386974738616,-0.870465476705329,-0.638897734001929,-0.413201360741698,0.0365411355204069,-0.271658725795065,-0.957046366547626,-0.506015890106055,-0.26092036969318,0.0241439704955583,0.604531743010758,0.214636691733674,-0.694478493935346,-0.156259712857536,0.154014203123048,0.39220551342457,0.840476083035502,0.407818570974049,-0.393511067874348,0.142316781781304,0.380704153332376,0.642983518094635,1.12418290204193,-0.837315910829408,-1.24319845918963,-0.939145997995891,-0.783523600372291,-0.56597263787611,-0.0160297176716844,-0.601212835244403,-1.12209310978316,-0.754262314793478,-0.589547333159933,-0.394205732953794,0.0345875009979284
2012-07-01,-0.812761909335487,-1.34439912230384,-0.968614092533821,-0.748509276171334,-0.479878948991544,0.0144763863829405,-0.432644258966555,-1.21216658483752,-0.63317288004808,-0.379672117926754,-0.0493555613195041,0.502113836455672,0.141665970986174,-0.69582801254024,-0.175968449583838,0.107690777164868,0.353567316178547,0.769761383651041,0.346402212428501,-0.426402130284871,0.099367373132146,0.339319439192166,0.608405314263784,1.07282806991422,-0.946486018873918,-1.37774595982643,-1.0324801630109,-0.856332073621342,-0.597592097457159,-0.0167568353649608,-0.706084562728057,-1.2445635242561,-0.83298674772571,-0.656639789672224,-0.432470809982092,0.0046093363088808
2012-08-01,-0.630292882935233,-1.10467297484322,-0.845128944330025,-0.635089808047389,-0.368286062669045,0.0721479081266891,-0.280847722403402,-0.955738142535854,-0.505944415303845,-0.272633990778365,0.0480426247125633,0.593238902155869,0.212874889061339,-0.736913229957314,-0.160457582300151,0.153285398876224,0.400675847978511,0.874920301098926,0.39665415515946,-0.464822744613726,0.140896169248836,0.379229971884445,0.651753564613474,1.13545367356627,-0.832131610825329,-1.16355458370151,-0.919694721941761,-0.775313915964964,-0.560146903433763,-0.00398506754571178,-0.599868471119894,-1.06478618179457,-0.743146262985423,-0.586043160860503,-0.381213794367137,0.0178611791538457
2012-09-01,-0.73158858575662,-1.30291222993915,-1.00975592602118,-0.754123420750102,-0.46902120311553,0.000266485335336333,-0.36174630508276,-1.08119369829694,-0.632312325092955,-0.36634868341759,-0.018274132188122,0.557716658528864,0.161393677849826,-0.847470074245551,-0.250574429555934,0.0719946876844215,0.35828059174695,0.787296679566417,0.358956593887435,-0.513671078930955,0.0728702952476065,0.331231499301797,0.615319560305166,1.08465518273098,-0.882726443291477,-1.2541623571479,-0.984922329209026,-0.826103389986602,-0.58458495903387,-0.0231460119143872,-0.642299124334765,-1.14459957948103,-0.792428833284206,-0.630148479374985,-0.409114921377257,-0.0125473749794631
2012-10-01,-0.916507028930714,-1.52543925337833,-1.09192145234496,-0.858958556570467,-0.53802186214022,0.0130840677170683,-0.483404868850877,-1.3324281043096,-0.7004528338755,-0.432554055663372,-0.0621745628951257,0.560826722210462,0.0396127008123966,-0.893577071673642,-0.295038722284758,0.0022278234260317,0.286378527698103,0.74359120981231,0.291961474606212,-0.549824384936405,0.0381950121737218,0.286492394967098,0.589214702029403,1.05977321732712,-0.946828448250212,-1.33309824546889,-1.03470973242031,-0.860258399215337,-0.594295025257569,-0.0252993087334681,-0.697159720859614,-1.21147742041323,-0.818194150901239,-0.657846654545149,-0.422963344902272,-0.00256617496579264
2012-11-01,-0.624966916632457,-1.1899232967982,-0.855691536441182,-0.638580281037212,-0.362383228244966,0.0501035424314101,-0.311019519214365,-1.02198022019952,-0.555219370333237,-0.307016150666116,-0.00143840248787513,0.567935162130033,0.240206635346186,-0.748158431326897,-0.1623897280583,0.17039845046013,0.432594302203627,0.887740866190635,0.390881213334025,-0.493084144379684,0.116381211237323,0.364338129959824,0.635609323749236,1.08263993967945,-0.855089809792315,-1.17551944619405,-0.932582236526243,-0.799309062363016,-0.572480100112172,-0.016056403384312,-0.626911538130921,-1.07382283454097,-0.766736539590939,-0.61420877752885,-0.407828204841085,-0.000954755400950863
2012-12-01,-0.744223982477644,-1.37127478453997,-0.967300998303117,-0.734059817921908,-0.465796754402537,0.0153378028513392,-0.383512533706661,-1.13422706229766,-0.64058335465829,-0.3646135031816,-0.0233617029857072,0.554165452964815,0.156705377739008,-0.80335391359135,-0.21627463837899,0.0868116068096026,0.354427338195602,0.822930409473707,0.346546192003482,-0.48567937318295,0.0792594663542098,0.32764798365445,0.607169378702835,1.08446405861606,-0.890920390760819,-1.25494218286042,-0.984176848046492,-0.823135889106234,-0.579387204906742,-0.0346842077377873,-0.652685302667289,-1.15633732242758,-0.801505179259102,-0.626048293103867,-0.407920304332761,0.00590718288916323
2013-01-01,-0.743301925833299,-1.43383153693562,-1.02053287354313,-0.757327886144208,-0.433909522397142,0.0729651813892947,-0.328319804444415,-1.13698585809987,-0.608431195800453,-0.323328223110182,0.0490067708188716,0.675310488463411,0.114340604387845,-0.884083789944118,-0.286638211844453,0.0298386859630706,0.324087340949686,0.78842910288979,0.353562434563078,-0.489237108331995,0.0711104500279246,0.323975335834619,0.635320914288121,1.14639217300907,-0.845316729395842,-1.28751073507986,-0.946725581224715,-0.785050200766404,-0.545741811614477,0.00906534025272785,-0.597467520405434,-1.1625741414715,-0.764303670844409,-0.586452340901607,-0.370371623271108,0.038767519180527
2013-02-01,-0.353588518158434,-0.886716895432846,-0.684250428141612,-0.4702448685898,-0.268125628170785,-0.0680274624280222,-0.0278761804633606,-0.608880365983279,-0.321277381415001,-0.0999437813095525,0.135058506989343,0.638080710357639,0.329776235528422,-0.67563992447733,-0.119325676403275,0.220120045571625,0.448106273013706,0.798144321406596,0.496087902671905,-0.273277559828889,0.205118244105263,0.455944712044066,0.711886103299533,1.16557190513257,-0.667431228558811,-1.08939807927142,-0.799044811764771,-0.667713998417142,-0.483686854767966,0.00807060544546704,-0.434720764144142,-1.00200098068221,-0.629157415082992,-0.473949354401852,-0.30272066893582,0.0428088236523627
2013-03-01,-0.305677631118097,-0.984801227451245,-0.682657152911555,-0.422551137514844,-0.232982606836879,-0.0131436127304465,-0.00308101428336607,-0.65735753654568,-0.341669111764753,-0.0845151047835086,0.155363135573137,0.613091517610687,0.36429376311464,-0.67766618064243,-0.107525921392524,0.257746912784952,0.463354217205507,0.822196964491168,0.509143496288912,-0.336949001473379,0.210216259345905,0.46841852467252,0.716288088514295,1.15440857111949,-0.653897722162101,-1.10121606530283,-0.807975383358365,-0.653931400596564,-0.467169401050943,0.0173581684632872,-0.422039528903685,-1.0078346565845,-0.638746990783344,-0.4659086542342,-0.284908720091355,0.0489703757136774
2013-04-01,-0.365326814488213,-1.01261371044911,-0.725405228037394,-0.464837465787112,-0.277946647369076,-0.046878455150771,-0.0939373356747346,-0.791936505712108,-0.433494020882894,-0.153346524959985,0.0880133018655255,0.56900540500152,0.379702737068315,-0.733961994117668,-0.109173029879562,0.281601562660251,0.486326719493021,0.815149333685692,0.49154299939054,-0.305061571761416,0.168072280605672,0.456256004749678,0.683188251302581,1.07866955636209,-0.731880543178106,-1.16370072570061,-0.871452955288698,-0.720669634942502,-0.517584969791713,0.00505566742386259,-0.50131181722487,-1.08070319269538,-0.703329446143921,-0.530002189474504,-0.342837319980043,0.0246054661579625
2013-05-01,-0.133036579735751,-0.816913610435806,-0.453315678650038,-0.208614850316535,-0.0415613956302591,0.157178407537575,0.1365756937516,-0.512470335433817,-0.17502871185884,0.0899074849936054,0.30952894273347,0.778652902791617,0.447588572471511,-0.508973877114842,0.0182079023728104,0.385433066568318,0.584575978888898,1.00986719083513,0.570268210816835,-0.272332075128293,0.291804085021767,0.549544274793571,0.783581062027677,1.23974951603588,-0.563408407228118,-1.02650826348451,-0.713410719244222,-0.572757062902362,-0.409940969889809,0.00741853556917368,-0.344012700177321,-0.949995641265988,-0.55357286584052,-0.383014222674825,-0.225001999515203,0.101758293064007
2013-06-01,-0.159333380174299,-0.751546183496578,-0.479793517089418,-0.215231329609981,0.0246521367473014,0.311710917172212,0.268691328047951,-0.380479921023853,-0.0408230889771997,0.237700761448861,0.529976116338805,1.09800424552599,0.358060619056191,-0.46594543190003,0.00132359517432613,0.312863277599365,0.553101222510657,1.0909831992156,0.623637421602709,-0.112329547003642,0.387804791400215,0.618945295053787,0.881488897995265,1.44960250132871,-0.495702442635763,-1.01376284075139,-0.663567551003545,-0.502152473042174,-0.332221629799946,0.0649833808758046,-0.253625066855634,-0.915689943422893,-0.472480046980318,-0.296583721276185,-0.122628440470593,0.269578419401571
2013-07-01,-0.0858097416507134,-0.694391296090287,-0.403484671067333,-0.139389252034522,0.121244209227556,0.553739364597141,0.42913740900422,-0.322427941881899,0.10585150544287,0.404437826473603,0.712011143726945,1.37681478704415,0.363926198974521,-0.406117030754715,0.027931530159241,0.332751188925277,0.574867712238865,1.16541185607736,0.707507609739334,-0.00394649480498371,0.486173186547391,0.718375428145081,0.995571970323684,1.61093582712195,-0.425119416983697,-0.992060338269958,-0.628277699758234,-0.448225398516899,-0.256143078871773,0.111496702867419,-0.169121578883392,-0.892620350062797,-0.431812766006052,-0.222990649686187,-0.0404981965000994,0.350499977184815
2013-08-01,0.0357188754922734,-0.553963400719434,-0.218837968683285,0.0199197662281339,0.257459988035692,0.641374968623109,0.580428982370381,-0.0875365498978058,0.273729660738248,0.573175498535035,0.874568107105202,1.5349938075322,0.415777971131567,-0.371248411592009,0.132637061472037,0.419536037042364,0.676371222763014,1.3044655489921,0.787730670288575,0.12477935122195,0.574961443226558,0.808392006387093,1.1099534439773,1.77395241350506,-0.353494499798983,-0.960959424853529,-0.548697905060964,-0.373389097048434,-0.208332790483652,0.1124154697358,-0.093801915174155,-0.821078195144178,-0.344483234267241,-0.149910046610959,0.027904978974289,0.367433882997651
2013-09-01,-0.0182063880919267,-0.614562482522303,-0.282699761499948,-0.0284339303027012,0.259312541973862,0.682498558048654,0.577703751761199,-0.178526424326495,0.264154261708297,0.569674670565223,0.915502949068239,1.63391510730463,0.374516111119777,-0.354030988655254,0.0977078765260211,0.371153969272784,0.666054332120217,1.3606493561304,0.790881148358837,0.100550737006475,0.565995077187653,0.818397709487273,1.13315359297201,1.8529904936872,-0.365824187704913,-1.0030400617398,-0.565019839527902,-0.384034760796415,-0.204881552384428,0.151940743065239,-0.0981878713164047,-0.850731999396351,-0.362872039514364,-0.153451764217768,0.0258672412225096,0.418589810763536
2013-10-01,-0.193522286664264,-0.821875290704531,-0.471449171302596,-0.199537886419695,0.086437212823516,0.542483414750395,0.39954959481809,-0.379324990070361,0.106757769247656,0.393916669100472,0.74676336287355,1.45451584576488,0.303039054396011,-0.537072102491769,0.0130962911205785,0.293271779112208,0.555516957273582,1.18186857722495,0.711083569681296,-0.0388048748305496,0.485541004814471,0.728577487548616,1.03665083876573,1.70555940605838,-0.472790286457499,-1.05207386641411,-0.642736305446283,-0.474885024696904,-0.280974031420959,0.112239079777241,-0.200846450708866,-0.926156379208462,-0.449156037610125,-0.242271701759376,-0.0526271299947705,0.335712670936712
2013-11-01,-0.0898610983318388,-0.715220579116082,-0.362494738472079,-0.0997055442113688,0.155061125453974,0.521986317359053,0.504409522415739,-0.235924112890096,0.181792839943102,0.504247581208651,0.81163036085707,1.45560416721901,0.358939522319995,-0.495983347973205,0.0364484631787474,0.351017786846272,0.615930960559028,1.26422061569221,0.769030697972238,0.0138104725102305,0.544169897004935,0.79062278684592,1.09718097056294,1.75571288156028,-0.424122582928575,-0.99141789688165,-0.610102399450224,-0.426865865295533,-0.264800434438,0.0886813093333642,-0.1519108251337,-0.854224615293218,-0.40225708106311,-0.196896412834389,-0.0294823985072001,0.30696869660551
2013-12-01,-0.0723117757211102,-0.696040034261715,-0.34421546844687,-0.083641137403727,0.221214327769339,0.657449145219065,0.589637014771343,-0.196663990745312,0.280074352703924,0.586181436730566,0.9467454375407,1.63520441542083,0.341794757439123,-0.459975799697248,0.0682376390555878,0.339142401637419,0.632786460855417,1.39160160565896,0.813324312559842,0.095191717233087,0.59959600563868,0.844789961635054,1.16826346545906,1.87599872016915,-0.387529126790694,-1.01202204079465,-0.579850975307846,-0.396558498229853,-0.223225219893327,0.136691270063826,-0.106975319135111,-0.879778872329139,-0.364837064075379,-0.162091731373342,0.0161458304044904,0.424932774714483
2014-01-01,-0.04012649079461,-0.756076215083428,-0.336523203661323,-0.0482866091096981,0.268520445459843,0.727509577680727,0.595908787091087,-0.248523209702139,0.255519301044283,0.591674018068067,0.969044539305087,1.71996851369595,0.358057405905853,-0.444746123047716,0.0598589505555975,0.351333099319039,0.645958839274217,1.37823598061964,0.808243297717177,0.110835808103108,0.583889233648925,0.834802708527879,1.17258728109704,1.89315356354691,-0.371122567301885,-1.02314532122424,-0.584779351768972,-0.387109669165643,-0.201971920661364,0.17198739840494,-0.0957111126509921,-0.850868863653002,-0.36985697934261,-0.15037595025602,0.044227120342876,0.450567646945647
2014-02-01,0.206494319826452,-0.0561896952666928,0.0800933570418976,0.202267404995755,0.312515153725013,0.436697765698855,0.720837670625135,0.198430658097193,0.528400284631367,0.719208167481984,0.927005802799303,1.40244781490303,0.505690542670755,-0.0564783312664565,0.329541415004361,0.519612126277228,0.74047925041332,1.23828859905825,0.854198790574819,0.299503486734496,0.695341244777954,0.893870837993981,1.17829320557349,1.77485591549747,-0.271377698526716,-0.91376825185832,-0.48168829501219,-0.294814193161918,-0.160571867113954,0.146137145900498,-0.0176920269236795,-0.848259113047793,-0.278979433416115,-0.0674422200847541,0.080590070244416,0.400220837580187
2014-03-01,0.247076242524776,-0.0718188962931808,0.0936654576608632,0.252544718534842,0.392541708089105,0.655806429995637,0.747512794653688,0.188609805094499,0.531181180794344,0.745861981109723,0.988783429450992,1.57950241053536,0.522845316698215,0.00413692201190602,0.339962414447781,0.540743134654143,0.784399441380238,1.43148054931862,0.860900312703122,0.288772011927198,0.69651196032154,0.897961088783177,1.19650989465463,1.84269742341478,-0.246952662935743,-0.976758841732681,-0.462699099150904,-0.272983642835271,-0.117516149530259,0.190980442152181,0.00290429659043079,-0.830746521698381,-0.258231176073041,-0.0512608133025693,0.106105069045717,0.467045576764661
2014-04-01,0.305197598167151,-0.123194627353689,0.139625072989265,0.312898905353024,0.501326366432907,0.790818751044382,0.781961555443568,0.127042440430961,0.53946221605933,0.783790121945031,1.07808000751432,1.68245410400605,0.552581847008973,0.0539252816655716,0.376519095504909,0.576452434733111,0.842542980884024,1.46631856251778,0.871759906017178,0.296021942309259,0.707472398029022,0.913918330712851,1.20831274702458,1.85942994251471,-0.217855500513021,-0.978365725069823,-0.448459766803801,-0.251097488687626,-0.0785732847854285,0.269520520935606,0.0267052498528927,-0.808294577284036,-0.24078307264147,-0.0331592849683706,0.147923119682455,0.514669134949782
2014-05-01,0.309025903507781,-0.0823064355430865,0.15328482012997,0.335829913908918,0.507353121864588,0.789419878762562,0.734593710316431,0.105065732360109,0.52092927475426,0.752130082930651,1.02519053556306,1.58229493420362,0.562075308179718,6.57107323964617e-05,0.388818384377224,0.590587532259443,0.895966327488345,1.49664919930061,0.837348754734059,0.223880629153039,0.682380924096682,0.880966030573853,1.18884918565684,1.80098979465777,-0.224388755336587,-0.916639910291833,-0.424561350234728,-0.248953077444886,-0.0910633238775357,0.194001568708036,0.0110214299451541,-0.777726829593908,-0.221246017760125,-0.0349342177280803,0.128956273594333,0.449635270496987
2014-06-01,0.333795438885605,-0.136700142963325,0.168936513504722,0.36314125290561,0.578809622520931,0.959352616464671,0.747679328346198,0.0251711529844898,0.506990425541924,0.76799188385588,1.06701481848147,1.70213160144822,0.575248345771649,0.0101284298370134,0.411863971206126,0.609344820279554,0.88512227293211,1.57865981856198,0.840829747950212,0.235458125553173,0.676914385751742,0.890263348859123,1.19301561081408,1.85115221556924,-0.212108437112711,-0.96472175546499,-0.436775726377384,-0.239068547072676,-0.078365804713157,0.261173388004523,0.0210431574110622,-0.769531199658372,-0.239341632676323,-0.0245455190056402,0.152992413233323,0.517652773973138
2014-07-01,0.313209172601224,-0.204110491988463,0.132309947643725,0.36655862530978,0.611070399893473,0.951123616195524,0.702289996712261,-0.034380380019567,0.463205360022382,0.735071294676614,1.05150415217032,1.67734458822107,0.570497869079417,-0.00476119292521765,0.40960095170208,0.6192589042561,0.911536479565314,1.62406434750109,0.81398182546723,0.173219701559865,0.654173913641538,0.863747108036462,1.17455413113319,1.813621157269,-0.228173038804773,-0.950283021392274,-0.469582344938999,-0.250241525841759,-0.0669239170082328,0.275790987784669,0.000964038501576926,-0.804925726489348,-0.262576052410044,-0.0342998272823138,0.157599917326458,0.528688385872389
2014-08-01,0.282428696251882,-0.149829355796353,0.130311506287819,0.343749656378297,0.565996024749633,0.9494518736462,0.646681834651956,-0.0309460978594019,0.428446270117853,0.695935270417135,0.977265907922102,1.5978590246268,0.561372881594919,0.00750052886604049,0.391359741644362,0.603821268815927,0.945834196079761,1.61177103957404,0.782863259034025,0.194016412917838,0.619276694533537,0.830716436357722,1.14423505724113,1.77025605790588,-0.250658686827958,-0.90873229743065,-0.447700588020835,-0.26297757090444,-0.117000548377875,0.18306168359054,-0.0260326907774896,-0.724417749110298,-0.245486762094066,-0.051913563595877,0.102610861010678,0.475091585387293
2014-09-01,0.367096380199256,-0.169168059754867,0.208509047834085,0.460250183293575,0.720928509330411,1.08872393466983,0.74020760453022,-0.0152431992697064,0.523170925510023,0.802972809889282,1.12594774477707,1.74746604853213,0.600388766404817,0.0421454709034378,0.461567535171965,0.668680819569168,1.02111472708737,1.73864847970519,0.831168619851975,0.203108865541455,0.688885863197532,0.891361096134019,1.21734895235977,1.89382647444028,-0.20341397050597,-0.920153784537948,-0.422270918019181,-0.225529900356368,-0.0462226017391306,0.290663737294883,0.0217507829297295,-0.735981603454563,-0.214086631725038,-0.0165450318155183,0.173380115430271,0.5306221091578
2014-10-01,0.245961371938477,-0.250655294862365,0.08547297370745,0.34073594107265,0.607920510706558,0.980799210529024,0.614651989923227,-0.129334142776828,0.400771013299392,0.676469282237332,0.998857257611818,1.61637040171493,0.545190191671705,-0.00216910542012715,0.402455549808913,0.603069038868821,0.920365787200599,1.67049045038736,0.770168239322575,0.160915636506293,0.619359283782365,0.820045771312433,1.11912612153697,1.7761728414098,-0.271854994715581,-1.00614034268727,-0.480894321966483,-0.275904614935193,-0.0891997934890065,0.27034060245967,-0.0472328788590683,-0.780208208274194,-0.287784947626042,-0.069615473826991,0.128438353979647,0.516683202577287
2014-11-01,0.191712835364274,-0.338009985526388,0.0473707227015466,0.275909794981466,0.590532175642613,0.963840059200945,0.580386066894189,-0.0934369090325357,0.370860903174071,0.652235919107394,0.987554567992216,1.52022145637187,0.514959515412594,-0.0217974149041709,0.354031104878813,0.57062813233571,0.952901543333981,1.71853341979378,0.756208636882968,0.133090257606635,0.59897996253341,0.817360873586038,1.1501504040639,1.78293408964286,-0.295932996617882,-0.96226340063395,-0.4783175502615,-0.293767197017714,-0.129331730335654,0.190242730642684,-0.067422805456979,-0.779003476911767,-0.279855433482516,-0.0845149556326482,0.0859867111173866,0.446487608735835
2014-12-01,0.229036383383979,-0.333731815300207,0.0916016945984001,0.332839073251351,0.64439648293408,1.04595330713222,0.573874396317598,-0.170328732526694,0.377974871140818,0.644686680518558,0.988840279686207,1.57827947774029,0.54271816447849,0.0124437153734253,0.400092002750824,0.609795859856194,0.967729421838327,1.82906691701972,0.746968375936571,0.118792099431188,0.586543150824353,0.798897343354897,1.11298190847637,1.78096525057132,-0.286425177190597,-1.0028143418123,-0.483856911484657,-0.289840559033735,-0.109484593958616,0.262842569111792,-0.0671539845170755,-0.775804596098125,-0.284384137012494,-0.086552086687898,0.100436152430326,0.524920389618718
2015-01-01,0.184098919887744,-0.387027337785888,0.035854374542641,0.273344104394143,0.522087971748937,0.871881952578593,0.4547347449521,-0.264746107670081,0.259419679730098,0.516535121592948,0.809209108004958,1.38944363945088,0.543111833277509,0.000798383952062311,0.388031716880181,0.586758977336852,0.901276603870892,1.57047726735968,0.682248282990054,0.11245103598202,0.523832349651331,0.722861163816246,0.989976286341251,1.59730785796124,-0.334413700429897,-1.05016818441785,-0.540686226206089,-0.331937104813717,-0.147761642392778,0.219611723176853,-0.129109973007245,-0.852534202604432,-0.354631067039545,-0.137112013676799,0.0583288377718397,0.453443295494932
2015-02-01,-0.0538754673798074,-0.28871129456958,-0.134371981188896,-0.00804566953798388,0.165247271908525,0.469222777066658,0.319951574068203,-0.195091662506529,0.157474150042082,0.351578078095591,0.611101728460411,1.19597357070722,0.401939695846916,-0.0769237016912268,0.248743214271902,0.421847652290033,0.683400801812174,1.2991061658121,0.626803771979076,0.0562184578598932,0.469352702116884,0.653738927060387,0.931416291392315,1.53461997955666,-0.432209534452381,-0.9495582775912,-0.596939528854483,-0.426996763397164,-0.260020518909039,0.113416110004089,-0.206931549229559,-0.832785727689471,-0.411569929229179,-0.22436259988222,-0.0454907087303767,0.335130413420984
2015-03-01,0.116731690010565,-0.267855979215084,-0.0276205283764649,0.155528048407177,0.347558291501145,0.686391116857908,0.427790497106262,-0.201127967161842,0.238620767007367,0.45441244264908,0.727446468202964,1.34687154095615,0.499194801415433,-0.0338742474334458,0.334831916165296,0.521748714806919,0.785096004554336,1.35868782254894,0.67188655357271,0.106986810083973,0.515767639668597,0.704231130832036,0.975668876575168,1.55807020507902,-0.357248289238765,-0.979184363216169,-0.55503526433654,-0.364429514340573,-0.184401286272066,0.179756961064546,-0.143220491450605,-0.844677895932663,-0.3672719499616,-0.165321986221825,0.0152580811724501,0.396999936371198
2015-04-01,0.13455499522105,-0.339783478874436,-0.0378354889847951,0.152915346341863,0.371850033266317,0.689146194519073,0.398429020613922,-0.326150391200784,0.180688908857479,0.415244110268295,0.700205651606225,1.287637044198,0.522014314337935,-0.100323401821965,0.344782760122759,0.53627733869003,0.799226961626245,1.3111769899701,0.653719276412689,0.0385779427300879,0.48375275076252,0.680968790261178,0.936456399496009,1.50605488789588,-0.363261615898057,-0.994495676040125,-0.571017321418707,-0.369717480320137,-0.182960988040262,0.180930165895411,-0.157423861631455,-0.839914528024068,-0.385175953151457,-0.177434480316112,0.0102832334236836,0.391735495137761
2015-05-01,0.220678985975597,-0.217671643877994,0.0592181021268156,0.262625614686035,0.470762875181953,0.839619015989723,0.522545818385026,-0.1592390740474,0.305848127402088,0.550196715667,0.826225697552483,1.46120586461063,0.548475386008784,-0.0010098988929699,0.373269443250752,0.575175649742764,0.86249075008157,1.51586815848614,0.714836267576614,0.107124230684183,0.556711169956033,0.754734143456269,1.05198643083302,1.63045422425125,-0.30104713046768,-0.938761461469282,-0.494670344436105,-0.315231859038514,-0.145987699602019,0.21266338546972,-0.0884321863860456,-0.785827008445748,-0.304868539492278,-0.12244963422127,0.0576688936114111,0.437711270162983
2015-06-01,0.293132471830521,-0.262540239165604,0.122080072355637,0.340379305406885,0.592586795754536,0.982122048836208,0.623726359726812,-0.148698189109929,0.401389799777932,0.657186853644795,0.977471351023514,1.5781180770688,0.575554020363824,-0.0321088361495975,0.416763559669329,0.620187218801264,0.905270364111482,1.61689448240431,0.76806270137164,0.128384094153011,0.598546137894246,0.812059260460521,1.11377073133582,1.7663416965647,-0.253936394920484,-0.942318532538809,-0.473072104686645,-0.279037671043959,-0.0973800364939333,0.255003320911409,-0.0363903134193187,-0.809660985258116,-0.276948585378405,-0.0733440286887012,0.115633096999488,0.48692672298373
2015-07-01,0.207242505508831,-0.423359910360048,0.0260129008666601,0.277633166833726,0.549937026262802,0.944491656316649,0.564136783169454,-0.244411008766528,0.337757408938195,0.612431287625479,0.937197765992096,1.53475918879092,0.528762203032418,-0.0652849826232883,0.351603135848492,0.577588562967308,0.885891223237623,1.57735645719616,0.7430211638827,0.0751027409145587,0.568614398173154,0.794203620735938,1.08312216881878,1.73527795878134,-0.294123981684788,-0.974227170659583,-0.511666411688405,-0.30144122003542,-0.115837642297363,0.259904428007197,-0.0722642553994273,-0.8188412217297,-0.315101249859251,-0.101150060204055,0.0998557733191237,0.515959087336506
2015-08-01,-0.0497704038165323,-0.587097574938645,-0.197045177187103,0.0290991225011765,0.341257253855337,0.794364455410525,0.371337829446149,-0.351857743145594,0.161082664063838,0.429090885791496,0.777871746575787,1.41232442180622,0.38489281348296,-0.182274227258839,0.207934935953081,0.431028132825867,0.765839866170845,1.53962135083866,0.652633948900158,0.0412614666323641,0.47342272283282,0.697203406385752,1.01340769306816,1.65053639373286,-0.409940874217114,-1.0509609627757,-0.600565397160273,-0.402032955048524,-0.214978727946727,0.17932849831475,-0.178620316347467,-0.885710205101478,-0.399821201480814,-0.192944381660281,0.0036928883515447,0.414858277207654
2015-09-01,0.0375211406336715,-0.540112482837344,-0.131981872609168,0.114356730332166,0.404171463253239,0.852530292251885,0.430853265580945,-0.342450130015318,0.207805623156581,0.48233872575557,0.824970026501208,1.42488056991892,0.438407832240283,-0.117345251035042,0.257201167574059,0.475574071191844,0.787997665750677,1.551823198037,0.682760775605066,0.0420050432966996,0.504803543431483,0.723483429917419,1.02439815998086,1.66538832759698,-0.375777065459642,-1.06266708829786,-0.581358919927917,-0.375418896651941,-0.176155448055339,0.202240005846206,-0.1493116303173,-0.872736123775049,-0.385943001108875,-0.17277246207453,0.0370810150947483,0.443444852514191
2015-10-01,0.0221368551475761,-0.569477742306045,-0.144934793039239,0.0998581258111833,0.378585674023368,0.772264079616809,0.393757415353521,-0.433912459047658,0.170075751683138,0.447321790835309,0.772241301059623,1.37500096892809,0.441463693662824,-0.139549537202136,0.266109402827328,0.476380683612754,0.757386050425663,1.48187342728598,0.666027880226323,0.0150561499271894,0.492889599563792,0.701337260764043,0.979318647576696,1.60218644049049,-0.395277282523075,-1.07527427211621,-0.595039298248155,-0.386961984949942,-0.192226957841642,0.20065823140093,-0.172069636786293,-0.916141573624892,-0.402778960462225,-0.181112006735927,0.0259643344897547,0.434976751900927
2015-11-01,0.109557659534771,-0.436712304914645,-0.0268122111670998,0.166790804796679,0.428136220374771,0.929892425246581,0.491635257029913,-0.304628977370372,0.277303355094155,0.532346033347497,0.863643263380815,1.51795473043673,0.471102205248586,-0.0891195183741287,0.309994842283801,0.50666055912516,0.82401933399988,1.52148523382887,0.706961490919938,0.0707033337770494,0.5352652050998,0.750461080631618,1.05004492618244,1.67124089192439,-0.334599647173997,-0.997806020884314,-0.549513871933193,-0.340918791891534,-0.157738889307183,0.204915114274452,-0.110127000142907,-0.860522877491341,-0.34938216001195,-0.135465875839885,0.0631147710723441,0.458919236948
2015-12-01,0.224125507490946,-0.378748359914951,0.0498142097501733,0.255948682871372,0.495327046623291,0.970775253571378,0.54775727715929,-0.248700873590283,0.313230717795519,0.573638266069326,0.891095398022446,1.51830663335787,0.545171834606708,-0.0801561647858266,0.386275345419739,0.57825507692659,0.836989592496807,1.47579274507732,0.731107205428086,0.096556224000163,0.556622841233763,0.769486382006518,1.04944420148167,1.6459701918714,-0.293367265170983,-1.02607768816662,-0.528545136185678,-0.309749709032273,-0.11089521460859,0.267924867743972,-0.078991652707708,-0.85969201907797,-0.336079718009025,-0.111397665912519,0.0843440316232257,0.508506357413682
2016-01-01,0.124388373618971,-0.492354122655011,-0.0499758365046549,0.149514329998666,0.394859774441014,0.829075771464173,0.438398526989502,-0.371104710533688,0.202733421632312,0.459210875607656,0.772636153097876,1.37345436031629,0.500781908174974,-0.145660571155929,0.316011665838849,0.515453288820239,0.760390670373235,1.31678048378932,0.677329499169804,0.0366393091641277,0.50533801273879,0.711175815300987,0.971312993340135,1.55329425091313,-0.350804640023375,-1.028417997291,-0.568289220978855,-0.356460609494574,-0.165429177054929,0.24011172829429,-0.139128733924847,-0.885872502607594,-0.387306570779746,-0.164857779127146,0.0332116066719455,0.440750003148762
2016-02-01,-0.254408342301477,-0.656818683463037,-0.381640548473922,-0.22600063809532,-0.0236176724211067,0.337425302526297,0.141909368178321,-0.549555356667776,-0.0643912866826595,0.171786001364348,0.465184732312229,1.02171654489786,0.301099162686745,-0.315026055954737,0.0888375556892735,0.300177986141944,0.516635882517212,1.04067488356899,0.544473615118581,-0.1166731994838,0.358006526426779,0.565193885766583,0.821644047971258,1.37495153233008,-0.535049456177586,-1.06004054943498,-0.680524739395842,-0.512860664640971,-0.321080038269241,0.106307560506101,-0.309649739373837,-0.94784914288613,-0.519286687060315,-0.311754791131386,-0.119001529109627,0.276521008117946
2016-03-01,-0.0781411412709217,-0.632207561878607,-0.259485560156223,-0.0587718352558144,0.151485191275658,0.562717432043933,0.242750129952024,-0.535058680374433,0.0124894243330866,0.260366069067049,0.561592864536677,1.13640096033101,0.403598919979081,-0.258767271466701,0.186863512717229,0.406521577198967,0.630590464705397,1.12801197574994,0.583474295114277,-0.0610834108246892,0.392859391627563,0.602579542786468,0.857863182368515,1.42402962612603,-0.45919525467026,-1.04016210152889,-0.640571654372433,-0.450351015607072,-0.250080510951108,0.166579794954913,-0.246663202153698,-0.908006656823745,-0.471462421141802,-0.259475382394411,-0.0573470000376151,0.338524683817383
2016-04-01,-0.128321768009478,-0.731240072814983,-0.320092166651726,-0.105259403865313,0.130417610493323,0.565657797020991,0.171497631975861,-0.595964682782567,-0.0696652410955719,0.196663961016528,0.501934535477545,1.08709642724864,0.392984241599572,-0.313057856423671,0.156149961329271,0.38821070217188,0.606273654948954,1.0321671882027,0.553131888357911,-0.140474142825538,0.352006447858184,0.563996893656616,0.816763963499293,1.34546524166602,-0.500420388653114,-1.0963310279235,-0.674148729082528,-0.481992347283655,-0.26739273586103,0.1468127553233,-0.291406799008358,-0.977015209461801,-0.522456028751255,-0.297653033626729,-0.0880392923789999,0.311403402998807
2016-05-01,-0.114846958521892,-0.693258948567642,-0.28847149150126,-0.0817159735244167,0.129994118591244,0.563501481483081,0.177267370445668,-0.58032787578613,-0.0416405849635408,0.205031241346456,0.498394639928379,1.08511172046669,0.399455530000963,-0.353707914304899,0.171946230525295,0.402459134741221,0.626942309376804,1.09401604079563,0.553294091252681,-0.115275399587487,0.352371621816664,0.565143388509409,0.820484581998994,1.38294843347051,-0.493079832095308,-1.06305209556947,-0.658959219993825,-0.478545056488268,-0.277210776905458,0.135193410498737,-0.285604394846802,-0.941993856599247,-0.499065694614401,-0.289807461145105,-0.0930275297818414,0.307124325472375
2016-06-01,-0.158114098138065,-0.763900460287787,-0.34475047477002,-0.141078892570549,0.0826452298213507,0.503197972145998,0.111511154518481,-0.671552669493361,-0.124659104742504,0.13382110168143,0.433135501094444,0.964669979566638,0.396875515777342,-0.368337506396195,0.154194493373693,0.390041137327588,0.59446805646171,1.07227210265006,0.530020308909797,-0.169433835373175,0.318059201178298,0.538369480737191,0.776954677148384,1.29403975091192,-0.535723835573893,-1.11363814732747,-0.702513918267432,-0.512188939840724,-0.314211308469254,0.112722677029154,-0.333058821584696,-0.992316929082629,-0.551166881362741,-0.33065472061946,-0.112673760109645,0.280044657522476
2016-07-01,-0.193738661002164,-0.843589759388595,-0.376820276996302,-0.182109385979006,0.0446791661666507,0.432494976732849,0.0486215268677904,-0.731021060485105,-0.173754066665639,0.0702432239518138,0.356917409543496,0.854710159092496,0.400997643785036,-0.36242841303258,0.13793124804935,0.380235700172345,0.583704991760696,1.03581530086395,0.509333471301216,-0.188402381994269,0.292375661076416,0.510117394965058,0.739644524556618,1.2306452976455,-0.577311466092802,-1.17460018854226,-0.730082435000105,-0.549549586903713,-0.336282810240866,0.103197570211615,-0.380328565252619,-1.05181648725906,-0.579598734500739,-0.374571736508491,-0.1612036010435,0.248932823341077
2016-08-01,-0.14501361537849,-0.701757671796162,-0.299226882165038,-0.111291197847082,0.103374617543314,0.46614956294112,0.0916293860863714,-0.633065962264231,-0.114488401228519,0.125670097982961,0.407066227606027,0.903315793350067,0.419379100537228,-0.325719170406384,0.194614810767234,0.417614197403804,0.632941537609621,1.11902825204293,0.523892601790953,-0.152872160242259,0.313439613908673,0.535856424015601,0.773140160558809,1.26806029381846,-0.545899518917708,-1.09696733641796,-0.699147921562388,-0.519228597815966,-0.320018417562007,0.107016053227767,-0.350061345577042,-0.98846394443732,-0.551152512847341,-0.342516154442878,-0.12884902933696,0.275340987635284
2016-09-01,-0.0599378212834675,-0.64591219727958,-0.233571606819438,-0.0298173160258196,0.18061786068705,0.543401429567467,0.156361689410558,-0.585930045055856,-0.0570295093002516,0.182451665431131,0.459685324202742,0.976082302935949,0.460461739464163,-0.239649602593764,0.247251705672161,0.4601979153106,0.670781908114049,1.10958248993872,0.548742109287232,-0.123777700218159,0.355766284523587,0.560700426387604,0.790837555699027,1.29419170666945,-0.500588630563174,-1.09748612878156,-0.673279408102737,-0.479982318721327,-0.281581236360994,0.140177708096504,-0.308409562971011,-0.965627306872668,-0.527368637085892,-0.306466316960185,-0.0991274877902139,0.299725398063148
2016-10-01,-0.0192612201993,-0.630186227296894,-0.217214720058737,-0.0058458487615353,0.231920853790935,0.618137002023066,0.19994142684141,-0.568809151917251,-0.0320051181457087,0.218283550461701,0.524864914888177,1.0504050111957,0.470833849966514,-0.225687139335109,0.243347464386787,0.466837799047718,0.679754811386422,1.12749471133091,0.562243213025704,-0.122790416644035,0.358246222837682,0.574617188479289,0.819494533361178,1.34736640507567,-0.46880628659382,-1.06819992715466,-0.657053213683977,-0.457060319278197,-0.253119540841527,0.164267606677474,-0.274972383442136,-0.946293016705255,-0.504332126306245,-0.282814357291556,-0.073685516220107,0.334386426441123
2016-11-01,0.0644893673414531,-0.539981579063658,-0.123793665199675,0.0891164554052595,0.325046806373219,0.787176935499001,0.350253861811363,-0.425377349977461,0.100305643789841,0.368795144781073,0.674043442033372,1.30370586868925,0.476688240744298,-0.170490987497791,0.274873186904328,0.493418808905621,0.750697105565231,1.25182182390638,0.627480535818815,-0.0233503417678161,0.436895470504365,0.65774106140588,0.935994364275991,1.49510053582416,-0.386998280888882,-0.978993565384217,-0.590559612955535,-0.387051920339928,-0.197922168959779,0.201803572827443,-0.179260885995457,-0.90115133849273,-0.419192924189584,-0.198142157424337,-0.00384440311225255,0.386654701727341
2016-12-01,0.222087524986725,-0.443542825055258,0.0222224003350602,0.235591724621748,0.506787548703412,1.00664802001215,0.552150070490252,-0.326698756297368,0.303678978964552,0.566373653432605,0.901257395759774,1.57481006194486,0.539305866236273,-0.0801964593242904,0.349992907917192,0.565565553401404,0.818627091361534,1.39423309816724,0.73014760198868,0.0725820969253802,0.539116007623592,0.765780946373301,1.06433446819919,1.66056825521746,-0.288117446603882,-0.985102296632282,-0.519513780175487,-0.30598162813321,-0.115053816538749,0.270036545799935,-0.0707849448254638,-0.885560834990176,-0.330221245554541,-0.107770154476385,0.0913437876576755,0.501369593975184
2017-01-01,0.146320183567045,-0.572480984858904,-0.0627320392798831,0.157185869574006,0.429193135657937,0.911692855416563,0.488393640097148,-0.41860871868245,0.228535160356981,0.498423745973423,0.84509520045712,1.5411441068962,0.495568478653729,-0.168268613831918,0.296412495906161,0.515823376129473,0.775488587397275,1.35147203216298,0.696409963499631,0.00814894791738911,0.505214738243274,0.73125469719821,1.03102856133134,1.61331868981992,-0.32092021188235,-1.00502587710884,-0.547198337394502,-0.336322924463164,-0.142449037210857,0.258867773664849,-0.101933616817271,-0.899852482461913,-0.363634513311018,-0.135526717339257,0.0671599992389435,0.480066410419912
2017-02-01,0.111935894642615,-0.341372799503329,-0.0446250080941539,0.125706707994332,0.317960022298977,0.739251141056519,0.457681256474578,-0.27149264536325,0.215922505847912,0.468086632349967,0.786420627979453,1.47722816579308,0.475894773255089,-0.0952718975392994,0.297271459757736,0.491572627119131,0.744622510402198,1.24899142031915,0.679654031744852,0.0517825741748211,0.496450716146849,0.714147245836621,1.00485692493963,1.59610159037125,-0.335915926413489,-0.950014858667522,-0.536737907199857,-0.347027464096313,-0.166216053619228,0.216583439537604,-0.116320692979368,-0.881508797112835,-0.365040843244512,-0.148685231087705,0.0389799389966198,0.441511387652458
2017-03-01,0.129599006190115,-0.527790471655038,-0.0820014342731232,0.139884402245517,0.402808110108517,0.870054741204539,0.476977578946671,-0.381253413902996,0.225147817032754,0.486491373395482,0.827109039903684,1.52869465121235,0.483449392785626,-0.188948776916585,0.293476407220722,0.50326785061227,0.761480869291205,1.30425077326807,0.688947901282998,0.0363132989463722,0.502460068558363,0.728459610151749,1.01290254104816,1.61643113538341,-0.325251018621745,-0.987528256044466,-0.543208575595656,-0.335990010332925,-0.148294755187592,0.237859259497428,-0.10556253488371,-0.885368940038316,-0.35618382171231,-0.137041505213981,0.0593718352677504,0.462346552534104
2017-04-01,0.0146337991310915,-0.674778820734315,-0.201204554473768,0.0307788721634421,0.303472729511731,0.778929985343189,0.356185069176254,-0.520193116344399,0.101366240750438,0.374448823226426,0.719374160374208,1.35047645797142,0.4272260527159,-0.301788108607376,0.224521488320046,0.437275668686464,0.682139436520518,1.24147844555531,0.627123970514723,-0.0840097028697641,0.426589793270932,0.651650145857832,0.934553795244435,1.5150421585868,-0.386159473390335,-1.00575033680831,-0.588842222094483,-0.389519176588141,-0.192271424015744,0.23270264001002,-0.169265356545371,-0.921638831117021,-0.415034633618577,-0.192967498457548,0.0108717434996399,0.424306172394632
2017-05-01,0.0283465306077088,-0.624817512379708,-0.169493364784529,0.0469196677912462,0.298303013673215,0.787553195805606,0.362819155368767,-0.44440718557047,0.118902860830897,0.380425937700668,0.709091705487449,1.39646703897032,0.436594628237249,-0.286507740007962,0.232175682478191,0.446449789675148,0.703231168476515,1.25609862171078,0.630510622452445,-0.0483907157776146,0.434096353795043,0.659809843542114,0.956274409295154,1.52526973096555,-0.381748875066276,-0.98428140772291,-0.578446360095774,-0.384761457062231,-0.201828569940059,0.209431017178076,-0.166328004858131,-0.89697201319259,-0.404761099940752,-0.189200083636129,0.0034921301649057,0.397026476781479
2017-06-01,0.0493085432297944,-0.59894448687258,-0.144008216868345,0.0623082087022454,0.33047826602178,0.822446135818907,0.341766305020023,-0.499610283096687,0.0948937827032889,0.356378523739657,0.692838479568721,1.33394916767895,0.463731067633322,-0.233875821765128,0.268526400442351,0.473698123659235,0.731205104331137,1.2520088619331,0.620940946980407,-0.0416107733715421,0.427497796562073,0.648031720514688,0.918622108953696,1.48465798812801,-0.388723464460054,-0.995468284562119,-0.589759617289856,-0.391900214924232,-0.198325895776261,0.211115448572154,-0.181123788689784,-0.897055830974778,-0.42203128005252,-0.203935457726771,-0.000852104267809134,0.407663682407568
2017-07-01,0.0742630095917019,-0.64629384345532,-0.12061223226518,0.0974126153976012,0.371599504722842,0.835595932320016,0.385211905605522,-0.492354698840579,0.141965751245784,0.40873521655881,0.7459483918767,1.36659467772637,0.468907734076207,-0.211153740235752,0.278792436284811,0.483874597896606,0.748427522910949,1.28723491090552,0.642637906412897,-0.0410365494278759,0.453420429158105,0.675447161170935,0.95871593702511,1.53298778655252,-0.36805211519644,-1.00850399487443,-0.579737043533079,-0.37238281418025,-0.177412145570358,0.22197476158125,-0.156986303120472,-0.907646762043804,-0.40362852564687,-0.179110742936757,0.0197164218383306,0.423716722377261
2017-08-01,0.0125420706946097,-0.627547840904459,-0.165652020129416,0.0363414062580041,0.293715933792804,0.782294676385111,0.323038736340334,-0.506292037285996,0.0942506541602391,0.346100101662412,0.667574542197404,1.29602650781788,0.438427769540274,-0.217546127126114,0.243312610637062,0.458061743872392,0.699392471402051,1.23887611523676,0.611332799344119,-0.0591351918890809,0.420154513632018,0.642228219194026,0.918088318026296,1.49784917087447,-0.400346611577064,-1.00126603018243,-0.604489800777983,-0.397776646815759,-0.209156925386032,0.194362079267887,-0.190003744645652,-0.898975991246664,-0.431546885391271,-0.206787036164246,-0.00675861045788775,0.392540377358687
2017-09-01,0.0571329752210159,-0.623390535780044,-0.154349509524661,0.0723320271474018,0.346610163118437,0.788222881576815,0.335904247570837,-0.540484793339561,0.0957050089826248,0.355287550098929,0.688766882462726,1.34590929008383,0.471892743222557,-0.199396057051779,0.272161291382115,0.489473583248943,0.728407038013591,1.28766925739777,0.61706991778729,-0.058170095517586,0.421457544428506,0.645280779862274,0.910946065135156,1.49336034699662,-0.389051092100185,-0.990187302458193,-0.591484555835157,-0.390055195916761,-0.200256199358014,0.212051939581309,-0.183632712180972,-0.8936523560549,-0.422775781645147,-0.206293071847096,-0.00916274015507306,0.395815072180317
2017-10-01,0.219841806164521,-0.46997091525768,0.0163103287706976,0.238368779406602,0.487524563293244,0.96559327699993,0.463611295555659,-0.401909281983134,0.221920219265548,0.479692828705324,0.814387764882343,1.44175403470396,0.565671440376386,-0.0875820639357368,0.375352783038901,0.588483574541954,0.834904133299259,1.38416053973065,0.680689227130353,0.0151646564064146,0.494348289458491,0.714999432818282,0.986815647406823,1.58323290760106,-0.317949564973367,-0.991882989299775,-0.544287340491652,-0.331639289204675,-0.141606771479315,0.252459309475144,-0.116126754105388,-0.87690502855565,-0.37084362378012,-0.146837395019205,0.0563552595309901,0.46096926685242
2017-11-01,0.271472311872386,-0.359516523071884,0.0676643198421751,0.291915011127641,0.539970671266582,0.996642252621239,0.486013033472874,-0.304089957164784,0.238921480714642,0.506871178184035,0.817438596132692,1.44547447977712,0.602307084160526,-0.03908677172484,0.421540602110372,0.631784600905716,0.899288071123083,1.44813636523486,0.691679887724352,0.0523480979484569,0.507404733750049,0.725407332503822,1.01669864357965,1.6041420767446,-0.30252140222988,-0.990335831173733,-0.527035534687664,-0.317156480093522,-0.127439018497512,0.261300665917337,-0.10495803581026,-0.866285632891472,-0.35501333221561,-0.133214855217577,0.0619419413290047,0.463550407875526
2017-12-01,0.413761018708823,-0.288076911120601,0.205094733183364,0.422722040256434,0.685046209743683,1.17215732028197,0.571499574243699,-0.27606782633518,0.326212618378221,0.580991622823614,0.906265964599517,1.54348391503348,0.696145050236394,0.0659225068386918,0.52498029445761,0.725808640322751,0.987715803142285,1.5997678053654,0.735706995410457,0.0727561845071246,0.551781941506535,0.766092858683261,1.04563010907379,1.64465772620474,-0.252862637615453,-0.98778725227072,-0.494234729333302,-0.273770009139806,-0.089825852207028,0.306380216847184,-0.0627593170459548,-0.867312916730598,-0.326937235308445,-0.0917753540498379,0.0978792848033428,0.505653001110888
2018-01-01,0.537583926983037,-0.161476364888365,0.320246599796347,0.537495012002916,0.801958370236186,1.28727085736586,0.669714310375212,-0.170367498183077,0.417518504088067,0.677004007907557,1.00693410991011,1.67424138947498,0.771335664466472,0.17234345691738,0.607255373315737,0.798163769035649,1.07078181710225,1.6517097717748,0.787836888586207,0.128647515659129,0.606124087383328,0.825921422656061,1.10925135939181,1.71854158219794,-0.202515786702681,-0.981642007030761,-0.459434303334167,-0.236730347029299,-0.0539444420833109,0.331952002937294,-0.013485343612572,-0.849044340114518,-0.290278146479717,-0.0511336193937321,0.138512224990182,0.550367944421478
2018-02-01,0.588916327228121,0.0863048584196301,0.417136531890153,0.593273268664014,0.807167320931,1.21229928066044,0.770482664323284,0.00555889118498898,0.517555573002833,0.773275629228589,1.10086898729284,1.79775040353506,0.786673516927291,0.261553636623827,0.649590297066942,0.82143178070366,1.08777024812906,1.6917360286323,0.845979908957183,0.239936161121418,0.671459006138502,0.892111764472943,1.20482359774651,1.82115955115122,-0.164708748283514,-0.96332087892682,-0.424900353890534,-0.202408363888649,-0.0295260787032211,0.35598525897978,0.0347376169309847,-0.830614349629257,-0.238369037434495,-0.0124562466472846,0.173310923709459,0.586116858980713
2018-03-01,0.592914629510732,-0.0998915691173808,0.37170553831047,0.595101314833894,0.847274709409467,1.35488307839328,0.761277407663794,-0.109944236359431,0.486761836501976,0.763348829853608,1.09719581430893,1.80071901398109,0.793195889891451,0.20078769653146,0.62756176164733,0.832010817030753,1.12264763427821,1.71552012739289,0.840724943938985,0.184341001255151,0.662706653011155,0.883158090732404,1.20046666227892,1.79545145655683,-0.167303381965921,-0.97668086051007,-0.432596215614846,-0.205985252630289,-0.0300604624067491,0.36050938593072,0.0301841634712785,-0.809102885852863,-0.24788767464127,-0.0158897744861451,0.171314041149572,0.583831169308549
2018-04-01,0.678573135076779,-0.0377592401688969,0.449856748299751,0.683764567675697,0.945327149612447,1.45867847558674,0.806704637185288,-0.0729214376659183,0.522602141241756,0.810593415913586,1.15757906669317,1.84154647117371,0.853923976027321,0.249713188934847,0.695842407274035,0.90162717235465,1.18965938497692,1.84964955825039,0.865749710573559,0.18985561413853,0.684346354835965,0.907706537988342,1.21819948457605,1.84332164196383,-0.141878258496158,-0.965310015576918,-0.413985688610205,-0.183640098081753,-0.00548117595783563,0.380504947254789,0.050570694087521,-0.796042308348685,-0.233913175931853,0.00212372526124079,0.196879642087779,0.609744832993441
2018-05-01,0.745811666533765,0.0238389087495312,0.508649361223741,0.752751015642416,1.02456746710571,1.53559154926816,0.867539370412225,0.000150722747605573,0.591063572273782,0.877065127988979,1.2226076461483,1.90760271345855,0.895278103653616,0.309489612807044,0.74031296633595,0.944506836513939,1.25883285441143,1.9162704583781,0.900997537677687,0.242661400614155,0.721670025214389,0.951264279391117,1.27247800814306,1.89325600908069,-0.115164750528482,-0.94887822884991,-0.401600482166543,-0.157906046985506,0.0151073929868588,0.397448195285255,0.0779198605219174,-0.785981528424009,-0.212330500124771,0.0276740133718399,0.216383144755358,0.626918528651165
2018-06-01,0.764474235085099,0.064428837995381,0.533141835347074,0.772446195015695,1.03523892005241,1.54344202158036,0.859415621764162,-0.0129513319876448,0.589216552619683,0.862016401704356,1.19958299196703,1.88115394460235,0.913260793024835,0.327382346153075,0.759306430773519,0.96430771547162,1.24217795923125,1.89430396097381,0.89548820087419,0.219620312969206,0.718323124711665,0.941617740627143,1.24254231591082,1.88018664813744,-0.114709150874968,-0.969366709442996,-0.403424075578431,-0.160584981520923,0.0204107247164268,0.409573017710767,0.0739747031416323,-0.792849034767293,-0.217747331914021,0.0251358218526834,0.220036579197671,0.634390092493986
2018-07-01,0.814650009139835,0.0923122546038524,0.578762231888031,0.814825589924999,1.08159753288499,1.58680498524602,0.87378161173675,-0.0119600619441863,0.601615837783067,0.874821900675517,1.20852569257329,1.90090272665377,0.952157319486871,0.357280727939781,0.803628799468014,0.995364375460182,1.29443565607279,1.94950590500136,0.902768649233276,0.236350170023766,0.728337736533038,0.948562945614354,1.25252573904984,1.85790400131545,-0.103366698032304,-0.973217657277955,-0.403573784468597,-0.152455757152693,0.0263519203606805,0.419149640284173,0.0801423615434589,-0.791168244571811,-0.212239193262154,0.0309705050235361,0.225261539406463,0.635065881645448
2018-08-01,0.791724192956904,0.1523570748328,0.582394677086437,0.808743963243022,1.05933870721417,1.60036374443274,0.855355881858192,0.0187027111012723,0.598916986573632,0.865964233988437,1.18999420289216,1.87902314229938,0.938262702791914,0.365804010645482,0.79216432441636,0.992487508204001,1.27585878673315,1.96299798622333,0.892824911147116,0.25261771391407,0.721259073529677,0.941370697718156,1.24872345082871,1.86319433540632,-0.112590737365134,-0.936231105944963,-0.399196463223858,-0.157337731307742,0.0213242758138554,0.402064618553917,0.0712539655253284,-0.790451256431591,-0.219086815752053,0.0214063482619362,0.21898779556336,0.629678701691668
2018-09-01,0.884970458508727,0.175764076493314,0.657661141265627,0.884742868376495,1.15881057353291,1.66737974815549,0.93047550165045,0.0640566160822753,0.652504338636893,0.932614628441999,1.27513342755077,1.95619838187965,0.997875674508964,0.422678913500822,0.858205335144865,1.04855936577911,1.34370043778059,1.96940523077225,0.935936651419679,0.277867408370651,0.763693717120072,0.983992666762093,1.29730683233382,1.92303993002732,-0.0780445077315963,-0.939491624889448,-0.380073270832039,-0.132386916589737,0.0497450210282381,0.447569901685273,0.104991011964097,-0.78816579771365,-0.195949397026884,0.0513863136057245,0.240103454809009,0.65963544488806
2018-10-01,0.910468736807489,0.177430042452489,0.67131990268505,0.91413384123749,1.20608316004495,1.72770318243344,0.982308601486647,0.10487339576474,0.703580109779894,0.986284121158222,1.33547023279572,2.05341813110527,1.00676285721243,0.401322170768782,0.862857918962837,1.05959872626065,1.38268700345477,2.01810930518396,0.967681889884353,0.325325963878319,0.788213314196427,1.01761330660107,1.34024210698649,1.97863280172358,-0.0607466063644268,-0.96659933553766,-0.377740321660491,-0.115269275912383,0.069501987240866,0.464031044333476,0.127450144982149,-0.778663594622287,-0.182495828897928,0.0667694186390072,0.26586006287443,0.674767784561792
2018-11-01,0.835902545233927,0.129872788911129,0.612863606857711,0.856368999266577,1.12585777237653,1.67343800885179,0.940245744114384,0.0455793188393239,0.673223024875853,0.953527387932228,1.28600601109929,2.00106929958254,0.95441828219588,0.397167732226227,0.813265225952034,1.01427116890157,1.32542749633717,2.02230795438693,0.944362230516451,0.288872405549831,0.77308235528076,0.995824635347829,1.32766971856742,1.94629919957087,-0.0834052299157496,-0.952432413601336,-0.386219595268392,-0.133752612406873,0.0489612057760508,0.415819929053655,0.108359795888744,-0.779064869417529,-0.196744098570418,0.05459481514892,0.243146438247009,0.646928182597087
2018-12-01,0.699780627572174,-0.0161488586286903,0.480696208569925,0.709024165084561,0.9651686239297,1.49060294300767,0.801428750119249,-0.0294744364334102,0.533115755618689,0.807177876475037,1.13210830754845,1.83137991009439,0.875110950823563,0.287201513020507,0.738325041836049,0.921416309875244,1.21621946492036,1.87283289329911,0.86402957387838,0.20274327691236,0.704351765635185,0.904329036903127,1.20987721385684,1.82763698744554,-0.142272573087272,-0.977534244071854,-0.423596255726698,-0.183631780659437,-0.000243882505046889,0.371842876328518,0.0444578087551713,-0.798972932251772,-0.246926327545207,-0.00188436640901862,0.196217333984101,0.603086017260712
2019-01-01,0.56308019018364,-0.12537350810807,0.342651050619884,0.568679356961135,0.853971098577971,1.36825037549738,0.686617904179275,-0.146582379029089,0.422599308137665,0.695408313920832,1.03027625453108,1.68800865706785,0.791700623184493,0.192661776861334,0.635007350731922,0.836533208130611,1.10734043605042,1.70767071261391,0.800382485651982,0.154040745854736,0.629707115439625,0.841305427595999,1.12772869698094,1.73569565769781,-0.197057045725515,-0.979956583473097,-0.453918562203537,-0.226571185202683,-0.0467215297511224,0.35041031350933,-0.00970495910662655,-0.84735523641467,-0.282577449736228,-0.0492071954679098,0.153190340551206,0.557984448900851
2019-02-01,0.378308364580909,-0.124885453260898,0.211616247506564,0.391079644429046,0.614006278881594,1.05946618828214,0.57255560583412,-0.185448012205315,0.341021004312789,0.583776784591893,0.901872471837356,1.5865994814102,0.666529855329754,0.112189539510031,0.509998928868491,0.693959525121209,0.975621489492877,1.52768065206726,0.737516510592668,0.109259518855266,0.562369436578896,0.774261770020654,1.07855953237285,1.66704108844096,-0.25760285402981,-0.948013169716335,-0.478181862964164,-0.277112160637147,-0.100837551060685,0.290714910952122,-0.0610389055756925,-0.842152868192309,-0.313480209631517,-0.0966775897567994,0.0978850805941553,0.485212287522011
2019-03-01,0.30032928493532,-0.389140439295159,0.0932701263288681,0.318123523279697,0.563970552493787,1.08009295597772,0.487133760371492,-0.382774924364786,0.226356641146492,0.500076185980605,0.834616371122693,1.47468864224629,0.626747417697083,-0.0122137560240388,0.448828836441354,0.655290956681342,0.905863477519693,1.48432402542675,0.691313173982071,0.027215866908035,0.498401562003102,0.722257501436792,1.00448967787761,1.59026327981167,-0.297084171175468,-0.991064096447104,-0.531306589912308,-0.312974509432513,-0.127840019016771,0.26340049935723,-0.103502299442554,-0.876556360808497,-0.358910710665826,-0.130399914370589,0.062802640503603,0.462779414936409
2019-04-01,0.246662428119795,-0.480440034756252,0.0140327374736184,0.255078125404404,0.527704519379465,1.04520732141083,0.443787071446445,-0.407350533983465,0.179767501831779,0.454029122952594,0.792797745603779,1.47315248041352,0.594331404680307,-0.0376431918743173,0.402032655436392,0.608297837942497,0.873947050598462,1.43214292986066,0.668063263982574,-0.0180980613162635,0.476561184726318,0.694173862910468,0.980367863797493,1.55667164244404,-0.318948597005674,-0.993699296567276,-0.54142791900927,-0.334521295483202,-0.140542472864637,0.248972820022246,-0.124694643139804,-0.866961251272865,-0.376132358787228,-0.152719452563185,0.0480530370344607,0.456271869577066
2019-05-01,0.164929110612273,-0.488880842595038,-0.0174181289436649,0.179852105221983,0.446763918906352,0.9448237463238,0.372499574678643,-0.422508975873394,0.132562268728926,0.386548023240188,0.718486090340674,1.38372435601713,0.548685250694222,-0.143091153483577,0.364843649303209,0.567268226282049,0.821001503164225,1.37175861438551,0.631902203900201,-0.0331119672579951,0.442287882538485,0.662374038300962,0.92954946241867,1.53145110272911,-0.356409644790505,-0.985457501874236,-0.573011832846563,-0.366315229878982,-0.182189757615398,0.220813282852618,-0.162710845578665,-0.892186180412656,-0.397975774556962,-0.183385427900374,0.0127781826372674,0.41824315141095
2019-06-01,-0.0438389706385754,-0.704117313641148,-0.234468656649389,-0.0232239833450136,0.247048065993618,0.68593293243161,0.187328932031777,-0.616687605027074,-0.0444856323959253,0.212456255284965,0.534029139491396,1.15542078476266,0.439653165373887,-0.277055750117481,0.223595401825167,0.444603671670711,0.689705476288499,1.17625567888897,0.543511854885758,-0.105093323776015,0.33530420937895,0.557240994435568,0.818987765346391,1.3640084352476,-0.459978791951725,-1.05644453958085,-0.643866647684102,-0.448506178355988,-0.249077194805159,0.168248707522266,-0.267190343288173,-0.949089704730465,-0.489835051604175,-0.271267082058833,-0.0698444592729869,0.332206515247816
2019-07-01,0.010731819529564,-0.647224923239166,-0.183004838525189,0.0402849740873036,0.28989340212175,0.757451143457382,0.208306399825414,-0.603046436863007,-0.0246980432826515,0.238390747911973,0.548299024092561,1.14652670674463,0.481202296692447,-0.204008661556598,0.260723358924083,0.490272243991743,0.718790513307056,1.24478030214939,0.555585698619293,-0.102828770057319,0.357922650390172,0.5765166377011,0.824601351708161,1.37243072599568,-0.446891886199015,-1.05298390480816,-0.637858965175912,-0.437282515158248,-0.235115380014211,0.176903356111092,-0.259242149347503,-0.925062199710053,-0.477446626624904,-0.262779927162606,-0.0601106598474556,0.342512278806153
2019-08-01,-0.123347167427702,-0.729074840124295,-0.293815629607728,-0.0857636952147028,0.142035722446938,0.555101782378568,0.0439901018067399,-0.69755406077491,-0.15908741265916,0.0780756217147245,0.369487592019832,0.893595364334079,0.445126787932668,-0.278423271093336,0.218850944515748,0.445809548218292,0.679982364792559,1.12738688136467,0.492427790611124,-0.212233680360286,0.279901005354417,0.501777297332296,0.737710674354011,1.21987056107449,-0.549243852825173,-1.12030848297053,-0.707137501855125,-0.52260052888622,-0.323557898037702,0.0947502001668919,-0.371441614309224,-1.02201263023174,-0.562364682059066,-0.35709206509726,-0.150026030134541,0.257579425476327
2019-09-01,0.0472681361665601,-0.546283671119586,-0.133326471496356,0.0689953641354172,0.300859714169146,0.699759192549426,0.151069861382661,-0.583087775554579,-0.0590210929767093,0.176585103261776,0.459426650929096,0.985107224805518,0.54995229589291,-0.13330738778844,0.326914487703097,0.555363332618116,0.771776139253531,1.24913719473284,0.542645879549119,-0.135920870024441,0.331817113460853,0.550176227472253,0.788350447384369,1.28663999104967,-0.481852381654634,-1.07018270315078,-0.658833510126416,-0.469385729786753,-0.269330865757701,0.145963921990857,-0.313570730911524,-0.97365799726983,-0.519401456517647,-0.310567865649144,-0.0936805919613849,0.322386087341438
2019-10-01,0.112906420930493,-0.492729670772505,-0.0606107188514057,0.136645458086791,0.363243546595268,0.735063085423717,0.197697884813437,-0.54676027610162,-0.0133231107531461,0.223988192211312,0.501023825655923,0.99149641993829,0.588348408043381,-0.0960989359402149,0.383529526125515,0.596474949063036,0.825632901902462,1.29667216259898,0.564826163532194,-0.0860359906888839,0.370687419012335,0.57561874436111,0.805458912966943,1.29638044729854,-0.45416084308487,-1.05934934811916,-0.644559566230002,-0.444098856742202,-0.244300554954765,0.158506792179402,-0.288558253998418,-0.952883172443861,-0.494712569522644,-0.284511738186266,-0.0626857590204077,0.327435049928187
2019-11-01,0.184878199682061,-0.359148696311008,0.0262048644468623,0.209492376714103,0.4181982255214,0.816093801485757,0.266758794610671,-0.438232335945754,0.0536185603604305,0.285899485259063,0.571519208666163,1.09431011495675,0.617180402035874,-0.00838447288859489,0.427855189974392,0.630094421895634,0.870861462395915,1.37585028978974,0.590903822434445,-0.0659648263171662,0.398537556412588,0.605270575384808,0.844389610436119,1.35265371653649,-0.409221850190037,-1.01513142306591,-0.605925036696408,-0.408391396485482,-0.219059519651311,0.193728289188538,-0.24102294602263,-0.915133459267625,-0.46228873225997,-0.24482432675128,-0.0384244591524726,0.359759753678859
2019-12-01,0.201554860892982,-0.377808710273349,0.0153133709231083,0.215381040455585,0.440648418888876,0.846082168799943,0.286849754038131,-0.490862970969651,0.0648967107560646,0.305278216699941,0.594628613883929,1.14487594452215,0.622208674419321,-0.00864529976062457,0.41852677450285,0.631310324271256,0.864945209617146,1.34571833200558,0.59881457483639,-0.0548437071187414,0.397466874993802,0.615710259030383,0.854272497592157,1.37599108108941,-0.397033212207188,-1.00969386792187,-0.601355675191872,-0.397945981313476,-0.197437575182228,0.201521721338679,-0.227326301798353,-0.909668080693713,-0.456127702185396,-0.238229141216105,-0.0264552499161923,0.37703694253327
2020-01-01,0.0870516556348678,-0.552311986277169,-0.092733178549507,0.105016223563831,0.334906835677523,0.723669055351099,0.190822060891712,-0.595234546037983,-0.0330786494115804,0.214122361561959,0.501024967004576,1.04615196812143,0.564020071139177,-0.149412013628869,0.3561565030314,0.563523239891172,0.78487819055738,1.25199512192793,0.556339123503754,-0.120866438265234,0.357136169281356,0.563147024450023,0.802811321958271,1.30512383896896,-0.455204995005125,-1.05212589814658,-0.650874752827885,-0.448886432010745,-0.245675572928156,0.167554301676533,-0.284387439520941,-0.932435634883213,-0.497938983502285,-0.285627748646577,-0.0699865747034142,0.326616429436296
2020-02-01,-0.186588404695443,-0.624992285094855,-0.319107190606956,-0.167755244788426,0.0210412862251459,0.3841984686356,-0.0133602645715678,-0.677184192472378,-0.215480679891992,0.01156187013433,0.288823067487244,0.812127287380674,0.41851220077902,-0.274784222108853,0.203805671578958,0.409284182590029,0.624282151292628,1.0632851315,0.469620510358439,-0.219125003209898,0.260931973389767,0.472891829880766,0.710477789017053,1.20407941840291,-0.587250914214585,-1.1251343265158,-0.734486172749359,-0.55993180019162,-0.356202035479115,0.102475410930478,-0.407768853166205,-1.04828435525367,-0.592759246245517,-0.392954012577228,-0.185194498214036,0.239483532411579
2020-03-01,-0.207978795820662,-0.640691486313587,-0.341432142782053,-0.180668527400747,-0.0262179055660382,0.235207172685912,-0.0989214246449801,-0.700517246652813,-0.262362503390437,-0.0693317679694728,0.157106720179388,0.554432764483708,0.515793733752541,-0.264984874814107,0.264210721106482,0.485852934310673,0.678224221202281,1.04207657204505,0.506965657220503,-0.260731787970903,0.285019990090835,0.491672511141885,0.690906055259258,1.10143363493619,-0.713150956461387,-1.25686998389896,-0.840374780208949,-0.664889481955334,-0.448804905734219,0.0331768843846855,-0.54825224594621,-1.17695185510735,-0.706990482725973,-0.510196766071283,-0.301389913684472,0.175069411297738
2020-04-01,-0.30823595582977,-0.765320837705225,-0.427933270852024,-0.283231811627619,-0.115693882127443,0.115999177773429,-0.214473290765618,-0.835727242110821,-0.371952746128703,-0.181670083154691,0.0354962809613441,0.402419069915807,0.5732374044317,-0.293229860550472,0.26372765826849,0.522788023478281,0.694138475825094,1.0076535317131,0.542512482671035,-0.284777678291927,0.292508154494013,0.518894779835857,0.697748892670441,1.0802579760546,-0.876217531144119,-1.4121651054341,-0.996051845091734,-0.792884899200085,-0.539297995515889,-0.0160684691236513,-0.711530223802773,-1.34729306180555,-0.857158536067913,-0.650836668540694,-0.405201544317155,0.116482791673687
2020-05-01,-0.428688629989121,-0.816598666649522,-0.550223481149584,-0.40185764108669,-0.238545118478438,0.00838482521532363,-0.329080092542634,-0.868291978648345,-0.48880421186701,-0.296382150920965,-0.0739837899125536,0.299333929962469,0.565803261246449,-0.368476999690161,0.209082271603781,0.506381586619539,0.681150058250696,1.02704165895124,0.531404392978377,-0.377187824873662,0.242086677207489,0.499991840017884,0.690389427787311,1.0796331415021,-0.991844777527712,-1.40516582167623,-1.08209513108349,-0.900848492378454,-0.633275066351909,-0.0455712182828425,-0.818887028466561,-1.35716426187855,-0.948814466801233,-0.751661042115595,-0.509154868550726,0.0155732169364453
2020-06-01,-0.457452871628993,-0.920937785374822,-0.59138307999393,-0.416769655595219,-0.247870102190375,-0.00814086361725079,-0.35451138137666,-0.97355673894088,-0.525283461374058,-0.316730559479062,-0.0848267949752904,0.283137734879938,0.549215557070657,-0.4185412992658,0.19993688087313,0.489447562278528,0.666739993883309,0.985575993257557,0.517610765028752,-0.38513883157672,0.227816637021315,0.482380277126122,0.675896395457948,1.06179193463404,-1.00419688169304,-1.48280587340598,-1.10306959385144,-0.90451303388957,-0.642331263702101,-0.028945188684032,-0.830806097920519,-1.39279933309006,-0.956721489607349,-0.75479727535121,-0.532685156188624,0.00882487763158624
2020-07-01,-0.496825367877984,-1.01549050428856,-0.631366610355099,-0.463796454614769,-0.277692751493511,-0.0187182791898111,-0.417206674343425,-1.10934158020213,-0.591899598898036,-0.375126081715672,-0.138888086662405,0.237605446344374,0.590297802832203,-0.46412751750522,0.194613835184939,0.517673159688005,0.69442472344299,0.994382158279493,0.533789883222947,-0.419388024792324,0.218636437558576,0.489857735022039,0.679155963693135,1.04350083001186,-1.08666069664778,-1.53538054106608,-1.17280054122003,-0.974594632456536,-0.676875008655452,-0.000708292780291606,-0.915264843909309,-1.51108693310069,-1.04515610730404,-0.826997068371196,-0.564780996677921,-0.0281691711036362
2020-08-01,-0.395303404303356,-0.889265813557787,-0.572065983915857,-0.397627260812457,-0.238000402789889,-0.020745860526842,-0.352876922715572,-0.974165211721486,-0.53446149628191,-0.344136318955798,-0.134220728382179,0.221472044074427,0.640736421688023,-0.504737669331641,0.216973529958902,0.560962266708558,0.746562549137062,1.07722187172298,0.557038802443925,-0.419022093448799,0.235989212886189,0.514856258707332,0.696456764284061,1.08415150585593,-1.03465114675495,-1.44588587911531,-1.13132170324921,-0.949934847222814,-0.691351631293457,0.00274880440077711,-0.874936139733867,-1.3983157822421,-0.999381103835571,-0.809921541451342,-0.570158584522732,-0.0261964314926161
2020-09-01,-0.405462884395292,-0.918745909557432,-0.599944021508049,-0.417570287552428,-0.240555207955699,-0.0172087856458927,-0.372899820423183,-0.973373561402804,-0.574770833117647,-0.364736841293997,-0.133146679442935,0.24233409342443,0.636745065453258,-0.482503594311352,0.194801544851898,0.545644845192124,0.73717348859807,1.06091295362997,0.543365746340813,-0.445318795880789,0.20313802409344,0.500237471583718,0.692646168761077,1.06088481817474,-1.04088647708825,-1.46038020680973,-1.15022115862474,-0.956846825347695,-0.696312360409574,0.00601048555117062,-0.881064749914,-1.43621132395224,-1.02114566000052,-0.811514361776131,-0.574995661220488,-0.029506468793567
2020-10-01,-0.436927722295931,-0.952853306176357,-0.629573066171839,-0.441679431269888,-0.244127655138972,-0.0073597467737324,-0.386278968982332,-1.03588892086447,-0.600471685173998,-0.369470052019615,-0.126448799652314,0.265357730443963,0.582403695932692,-0.494010868889635,0.163058450957168,0.497234636256335,0.696932381351461,1.02380132678116,0.504212140059293,-0.435183298228621,0.175335778398361,0.458649317085624,0.656217346047755,1.02961228190529,-1.01716379351018,-1.48439471652465,-1.12986025680925,-0.928794377294847,-0.657253361532166,0.00825391686996028,-0.851016240367317,-1.40582431670916,-0.997199580458304,-0.78418175668301,-0.553700479494054,-0.0242402642402846
2020-11-01,-0.298467609653242,-0.811530940235524,-0.532475233735714,-0.335121932663573,-0.156153392969731,0.0487437346214265,-0.256020271749116,-0.884669598153113,-0.470958483505978,-0.26716239281569,-0.0456448718390476,0.316151650645725,0.594108407898072,-0.473037079442884,0.166237588304392,0.522819058867492,0.708693539621884,1.03988800033117,0.51645206549559,-0.42721451781521,0.205470860946998,0.483596147557489,0.67496142756617,1.04961087046985,-0.887481306518787,-1.27011606405353,-0.990814873753163,-0.837589896158285,-0.616189428196763,-0.0259758517846323,-0.727240092677146,-1.21649090112288,-0.869076001741013,-0.698476218079266,-0.482480932932608,0.00556525070015268
2020-12-01,-0.297899968217452,-0.87475744978091,-0.551144870172864,-0.341950249562173,-0.159298750022712,0.0495959031245062,-0.255906951586917,-0.903002380192795,-0.488800456364618,-0.272705657149933,-0.035172496304931,0.367720314443017,0.579869628259997,-0.61232631472831,0.147020722237071,0.506124907685555,0.697002958153151,1.00917561721357,0.499368620111442,-0.47989467499228,0.184682548177052,0.465588233467784,0.659864328305675,1.05961616153743,-0.872063449950472,-1.26962875189672,-0.982169377345353,-0.82363192674454,-0.605266076766749,-0.0360372482847539,-0.706290637446988,-1.20966956550175,-0.854651449971305,-0.684291662149532,-0.462687328213161,0.0415096424141889
2021-01-01,-0.289704851546809,-0.945680613739697,-0.606485772546069,-0.351448363639262,-0.145993926981175,0.067716777924634,-0.237193043586918,-0.956706137905668,-0.53865599278152,-0.263516827270388,-0.0117353765833283,0.415360845674506,0.545781842545482,-0.67007259691496,0.0592026135433764,0.470783421935394,0.658804897193865,0.981888108139416,0.473480386435853,-0.507556220010711,0.137011078432177,0.438278243282372,0.641586866767032,1.05469940370995,-0.828142467486558,-1.2218677236332,-0.952527387640276,-0.790378513843218,-0.57246004761175,0.0360985354939026,-0.654866009258833,-1.18750418008766,-0.826231584678857,-0.647415609051709,-0.440740794491614,0.00216303022947096
2021-02-01,-0.124423202535283,-0.614730459430915,-0.377359233742409,-0.187776794288151,-0.0502372147300418,0.0795133566190379,-0.0436314226516593,-0.547830728299361,-0.270866948194779,-0.0793374735029377,0.0928645767919015,0.474240199607341,0.546004260031063,-0.516930305070298,0.169099250595181,0.491197501191803,0.6710175773279,0.974047505755508,0.507148269992567,-0.343204185992256,0.24851101809333,0.490248173705793,0.694194350701531,1.12729478212418,-0.6586854537063,-1.06533205962765,-0.790481370509584,-0.657486330026873,-0.491725422148173,0.0247951419114963,-0.483803069727613,-1.0188428519729,-0.655834648763835,-0.504121542348036,-0.344043968397063,0.0080485868819279
2021-03-01,0.110699048340583,-0.618069707720877,-0.196219356782709,0.0438580932081228,0.174208655018301,0.316244760826692,0.23035782635866,-0.476153201706377,-0.0882002812709692,0.185132773088981,0.393802096069596,0.754408043467593,0.545325170663973,-0.491774584823525,0.216589771190502,0.512724770553884,0.694378122592648,1.02573165386936,0.553419811290546,-0.24018977791731,0.306788121120432,0.547907253501739,0.7637594678695,1.22555280153436,-0.415289549193115,-1.00225675530507,-0.611928500498973,-0.45106656766222,-0.290418483902859,0.0953608936192171,-0.237240007130438,-0.88207394725859,-0.48148157317287,-0.286965220803215,-0.135469673451622,0.206152600679965
2021-04-01,0.160784583120713,-0.584488328868716,-0.150311669019981,0.0958739917569332,0.242447108086701,0.407738054144937,0.294937647110333,-0.477191279230483,-0.0239007172754478,0.2534856758515,0.479661751935864,0.9127414776813,0.548692391267021,-0.489323483520467,0.241855415991735,0.526941517766569,0.698588426370006,1.04321851865523,0.572341630549988,-0.198512825899971,0.33432535879857,0.570307532367093,0.790880261210208,1.27066876359067,-0.367432549582577,-0.992690764459713,-0.586564097855003,-0.409677651049209,-0.239832118277441,0.152798203998603,-0.188235652889497,-0.890509957749475,-0.447282280610612,-0.242815123608561,-0.076310769348716,0.259090725629848
2021-05-01,0.346209552923657,-0.518631363378056,0.126154646619918,0.307122074819792,0.40841110846313,0.525752820906794,0.452466111854265,-0.319035941468704,0.149043608243003,0.423478096149489,0.623286025193813,0.961319441382578,0.547994299257327,-0.426395639275266,0.345642885933012,0.552238707477877,0.735781611337678,1.0994613838927,0.568943469599066,-0.138322197946109,0.38057306619918,0.587751143162689,0.798325334854376,1.30921548279439,-0.178603729664527,-0.896738395514527,-0.431597580147323,-0.241305596750804,-0.090306329941407,0.246127028658148,-0.0251417517985807,-0.80582533658141,-0.303780287493846,-0.0908479587465214,0.0607521966569923,0.366920014720391
2021-06-01,0.326294030424882,-0.463234225636317,0.121297298849143,0.298770856975002,0.404351208434923,0.526847156420006,0.423793234073836,-0.290577657504396,0.129236736707184,0.399818517048226,0.614404902847785,0.954709179236206,0.553847098148891,-0.367434718206102,0.343907002744096,0.560159886617407,0.744657188772148,1.12254953587502,0.564861525039574,-0.112782630719886,0.369907368962382,0.579747372021596,0.788923038531927,1.27498386682483,-0.204887209837299,-0.886992566006647,-0.451106143995058,-0.256529942871457,-0.0920267417709373,0.264728678871097,-0.0513981377001869,-0.812646486385129,-0.312661847002892,-0.101190230974509,0.0637188976306864,0.383909947778216
2021-07-01,0.251425871420005,-0.496390860712289,0.0456518615698947,0.231266348970894,0.337963309442338,0.449359699641224,0.31018596545184,-0.485916227520437,0.0362834770749059,0.30297778333332,0.501559087921437,0.825014272621038,0.55108268381618,-0.491864679077454,0.332736250241294,0.549863976209361,0.731919107600484,1.11610588661654,0.525252479339725,-0.205015411859737,0.330648426723278,0.536699402307262,0.736156792883252,1.18986245309525,-0.279426268722253,-0.963516709730676,-0.511754873201889,-0.320688767074819,-0.137536784430819,0.242718851143497,-0.13239190463022,-0.819722457302138,-0.384510389420436,-0.175131402304543,0.0102696661107249,0.338781234575846
2021-08-01,0.275136513718434,-0.483454321783533,0.133788978007583,0.274522664158363,0.372153856771626,0.475636755553323,0.303385629354835,-0.350392401654733,0.0744808014572276,0.310574929498002,0.49535259161499,0.821965569193053,0.554759744931299,-0.41126498230904,0.359705626708843,0.562059817128286,0.747145517381808,1.14362020959336,0.507215405634075,-0.238947620470674,0.32141042986742,0.518539085836817,0.721979836906811,1.19152282214374,-0.259343771228749,-0.880749736195705,-0.467334077055359,-0.280806115391954,-0.125116431030963,0.231971092077446,-0.124105043719643,-0.76280955124832,-0.33584499363911,-0.142259393589482,0.0178543702760911,0.287277808218215
2021-09-01,0.288450903881139,-0.378379198546476,0.131909507157981,0.292305756979964,0.403274288775697,0.512566565577513,0.312547398209778,-0.284670689811035,0.084186579662661,0.321618626837722,0.532818407664802,0.872904804070251,0.580864549759441,-0.299505563975389,0.377548985124175,0.583544788121659,0.781107230124575,1.1969334957051,0.525220885303327,-0.214706503148329,0.341194075602036,0.537867825204676,0.741573292927939,1.20270632335735,-0.271227125611794,-0.922743853431229,-0.481154448154077,-0.294808341611555,-0.11858658650172,0.232063017220293,-0.131169851264266,-0.766549800764043,-0.353710199591105,-0.151087617388077,0.0264315697738334,0.328847135381087
2021-10-01,0.382191802178636,-0.269906212199225,0.190878083297363,0.388734991673153,0.532605004502192,0.68577941940844,0.396022346845078,-0.306866680123093,0.139753154053271,0.405871582781557,0.647457635327154,1.04950587410087,0.636242675896583,-0.183273164126152,0.43893968354765,0.643962840236427,0.845537397321102,1.33000892567585,0.568554304876531,-0.104966713364349,0.388447065275375,0.586120408303793,0.800377275489337,1.29712118887431,-0.229781331272266,-0.923640265992198,-0.455467038794113,-0.256573730494718,-0.0767303088163242,0.293584990797771,-0.0851235444886706,-0.783565010547131,-0.320506341540831,-0.101316134887842,0.0719137101993992,0.411431851121411
2021-11-01,0.579258903762504,-0.284994923654162,0.424902885607565,0.583281198525415,0.703603057323478,0.827359936448972,0.52350303391348,-0.221435873217912,0.300144351918337,0.53836781274095,0.749942011249116,1.12544080077464,0.694119992226055,-0.205970508593367,0.527336066643921,0.720234713265188,0.934901845545505,1.45917662373373,0.578783043645537,-0.102212806175855,0.409280325113546,0.603253335013865,0.816434660245312,1.31365528778501,-0.0874069270561889,-0.828558594943536,-0.337420153309063,-0.124964471129372,0.0282312971507097,0.317304605851957,0.0333493544001256,-0.694079299629108,-0.187163061799146,0.0107795066228598,0.164531592023252,0.448402067744409
2021-12-01,0.607683923254349,-0.122969439222427,0.435789476881832,0.615817925995503,0.742806592297812,0.896510712175254,0.498531748490902,-0.26833371965703,0.256543253381765,0.508344430591377,0.736427272067721,1.14493794024961,0.750360963450484,-0.0578449088551873,0.577192547187732,0.76845085650533,0.989384716667684,1.49334742694264,0.584791972651694,-0.0809704980218577,0.415755117136715,0.60154713308513,0.8224170384287,1.30584245750326,-0.115455810522055,-0.892509978311493,-0.38793438904495,-0.150972035649877,0.0187908576044082,0.332993093268004,-0.00150557628753375,-0.749640447371303,-0.238013575381438,-0.0172775184405446,0.1561145181654,0.44901295606986
2022-01-01,0.774215949839843,-0.0988427902307236,0.542048681700484,0.785336557436568,0.943166547897599,1.1251058419005,0.631844048042541,-0.183049968944013,0.37673275554159,0.647239841171231,0.917312102566254,1.32013542948084,0.875340787541126,0.0621101066654189,0.713620116118939,0.902222959951779,1.12577607198262,1.69352808507307,0.673400568204488,-0.0384476877548928,0.500951904459523,0.696911605436599,0.920451961666763,1.42962248291026,-0.0709477052389622,-0.922303639198967,-0.361693610037627,-0.119221268454433,0.0671911422072357,0.400309335947177,0.0492798682084138,-0.746772852125287,-0.218793178431964,0.0252811226606551,0.212221537245996,0.567223599154877
2022-02-01,0.751288500065298,0.145225490256205,0.580310291969988,0.74630098044936,0.893125353116535,1.11259432483969,0.620399979845688,0.0107339154180715,0.390387198911543,0.623951179125474,0.874676914897751,1.35519815453252,0.927614459351948,0.28736565362184,0.761335989345472,0.952414271292496,1.18550636248124,1.66999636221475,0.721520570482864,0.0971205608642065,0.555505658921644,0.746988724983297,0.98713785276127,1.50611103062797,-0.146255836331146,-0.935125779338313,-0.385374649758142,-0.181059760615275,-0.0251827859931716,0.29627287141105,-0.00821152555305071,-0.763162471092373,-0.240816034935105,-0.0348170521640882,0.1406118402312,0.468052087502439
2022-03-01,0.956563727387585,0.24436874241394,0.674736658561646,0.915627406964831,1.10584721150794,1.43883554707478,0.720224080577017,-0.0185134969730629,0.429201993654664,0.707978943536741,0.988251940111119,1.54515224857735,1.08027560808257,0.417200755489948,0.885973729303775,1.09376358449619,1.30720410743196,1.86714026704365,0.778048466392862,0.107751874850726,0.583984021719636,0.800549821579404,1.04040521243889,1.61549361560024,-0.0914253664969353,-0.959801084285392,-0.390815180692997,-0.151761840957078,0.034608959240531,0.340022480170138,0.0374395022961868,-0.758528041907506,-0.240872692555993,-0.0060914935664463,0.178635795042484,0.536318839304794
2022-04-01,1.35335602600483,0.492472094912999,1.04660157630398,1.31560626873393,1.55336954553708,1.9407238214841,1.07008946422446,0.180977470244296,0.785093207750023,1.05071719967612,1.37957016995731,2.00310004387751,1.33766833095143,0.717552062494256,1.17724326327961,1.3727113117377,1.63528831438003,2.22807598982498,0.987258076405632,0.350217379067289,0.807118584294112,1.02600945917972,1.29819310810739,1.92929836194085,0.0526675819240313,-0.932529018534106,-0.305946439202414,-0.0256425295768669,0.162962072765007,0.52426642541916,0.18981561527972,-0.755835998075758,-0.131292793609326,0.125207956570513,0.331776704376523,0.71639770416512
2022-05-01,1.23010462514216,0.462151883449,0.96598013409013,1.21011331157084,1.47104346457155,1.9011662359133,1.06304597600528,0.206973166914293,0.782047642192912,1.05893356817898,1.3951247511038,2.06375009800313,1.24832709528974,0.645476126839549,1.09572024577572,1.30627508016677,1.60133579490988,2.19829981011789,0.9981963110179,0.343889919093248,0.82405541599431,1.04767051738649,1.35127794351652,1.96745395016963,0.0184676377296687,-0.935426406695765,-0.324650773915231,-0.0529359640420217,0.129742911066501,0.490497325145727,0.174828347550626,-0.746670777023834,-0.139576197806577,0.114194812077995,0.314495129062869,0.687456535904179
2022-06-01,1.3100895106274,0.491065673500941,1.02664839193984,1.29179236556471,1.56900154061831,2.09054089008086,1.16873254533562,0.281359725205803,0.882345901116763,1.15493364552723,1.4993269359052,2.19965816355987,1.30009630468648,0.722448745823694,1.15494664864172,1.35871302746778,1.66905012220455,2.29150794962509,1.07001052841343,0.414768087053515,0.894647834607348,1.1192083059405,1.43607463602773,2.06845122280055,0.047777812640484,-0.953244533582655,-0.309236350622753,-0.0284469865739014,0.159582701452625,0.515931825122608,0.212497180392018,-0.759772237369506,-0.118992954790254,0.143477574469935,0.343681702064748,0.722700545017341
2022-07-01,0.983843621224948,0.216535932202759,0.725677678806627,0.969325909050796,1.24562306985772,1.74539252893904,0.90938641313955,0.0246913423235646,0.631178396628769,0.905805923309366,1.2480006588873,1.94984783758235,1.09351432734726,0.498409622173453,0.935330009466502,1.13936187538072,1.43185750620917,2.04857266135364,0.924062444698367,0.262066138383196,0.736969511428443,0.969052393731595,1.27676002406181,1.86740866050975,-0.0748044431162631,-0.936931483817038,-0.384666644283045,-0.130398567080677,0.052197519067335,0.44373877863076,0.0925547095923842,-0.783046176605888,-0.201037014031767,0.0428116722085346,0.234902059829907,0.648254508867694
2022-08-01,0.910414847067501,0.165530918806813,0.679511637267013,0.906403207028758,1.17243492813427,1.7328494449304,0.832277184814705,-0.0338292464803578,0.572379726681912,0.835048823531128,1.17221706332613,1.85839732998868,1.05471430376333,0.458530889117935,0.902589947920775,1.09955922667054,1.40314205855922,2.03240061816586,0.881644277680018,0.214793626562025,0.699389857733504,0.921096788501801,1.2371142228886,1.84670686051826,-0.110106826527532,-0.953861509078204,-0.410940815376038,-0.158883044464934,0.022666053160905,0.393512589842308,0.0559841331792411,-0.771978897784361,-0.229670809809656,0.00932906925475456,0.203584845882544,0.611011312133873
2022-09-01,1.3860776651667,0.557956260785596,1.13340906585368,1.38783183077052,1.66859475131714,2.22834423569401,1.25141193827555,0.375431123636735,0.96876558029678,1.25403677804781,1.60132988643695,2.34209275286532,1.35550530274387,0.760949891189407,1.22251511943554,1.43224993773174,1.75118990368046,2.46598184151993,1.12919864073962,0.466281971424043,0.955043067302495,1.19056669324039,1.5307333337315,2.18801142263988,0.069023938922351,-0.972727067977489,-0.291455387127672,-0.0066364746839285,0.177270615595145,0.545348673171977,0.2375556049737,-0.727210239185173,-0.0975506555530774,0.172445303493326,0.366630893585859,0.763412107581581
2022-10-01,1.52646532319634,0.666064932066924,1.23478801244419,1.51219192778168,1.82255742329073,2.45286241812913,1.44278101630862,0.483496830401453,1.13500956290749,1.42439773305934,1.79892054252904,2.57821554755154,1.43438171464399,0.80940098911559,1.29265267307577,1.51226208472238,1.86384129001583,2.58954720938182,1.25119667994054,0.558703056829654,1.07126635709782,1.31592831290768,1.66507886877597,2.41142358798575,0.132217132296253,-1.0164139819299,-0.252939763689926,0.0460887509757394,0.221759209587101,0.625196229960442,0.313090990982354,-0.754461541500131,-0.0511702839476809,0.233592682483851,0.429017829700808,0.863604442084648
2022-11-01,1.18611979367944,0.390600515894316,0.932209690494563,1.19720378721972,1.49067031791139,2.13187780668391,1.20996611130785,0.319857366676876,0.911846433562932,1.21519008446599,1.58573368126343,2.36911276445506,1.19869352814824,0.598304197514643,1.05822404190544,1.27542102667208,1.63107395583283,2.36890258549982,1.11234034248522,0.425361274595159,0.931569525629837,1.17760704507588,1.54215871562824,2.24173992174997,0.0261028579010529,-0.961596458846716,-0.306998338144954,-0.0439617567834043,0.138456454932428,0.512712939959197,0.217051836721729,-0.746853952851211,-0.110946855701292,0.148176985589487,0.344281015220948,0.750769809789975
2022-12-01,1.00752589473068,0.236202297068792,0.747634840356178,1.00750817148098,1.31356960024625,1.94364129454407,1.03085461303518,0.113945221947902,0.740553325606362,1.0312953796687,1.38744636697658,2.14113052792052,1.08784172163794,0.462755423215257,0.922430986892958,1.14746943742515,1.46608616295708,2.18699211149725,1.00310080896527,0.293664899630106,0.809759404894029,1.05641194419322,1.39159642085362,2.07258996364802,-0.0434633976242525,-0.959223260471805,-0.365071482109911,-0.102168649705197,0.0870899918315452,0.469254309238196,0.141725148260511,-0.783675966239474,-0.166975490978999,0.0847364437279952,0.274900705620583,0.683318083234657
2023-01-01,0.75911450137277,0.0191424810481729,0.505217605526602,0.771860450147651,1.08033463300821,1.73241358365729,0.852821032154429,-0.0548174911792408,0.570439705143916,0.85818661095223,1.22550500747996,2.02029998231586,0.918809505677857,0.299533510118124,0.737415617905067,0.970027379091989,1.2845111549278,1.96371093050148,0.898071211128563,0.190408081193089,0.699023430579626,0.949338540471226,1.25325456578368,1.92456860365263,-0.12439779498498,-0.968120779542453,-0.403681531337798,-0.167755781177076,0.007680622311807,0.405331153297901,0.0657572748426518,-0.792689009060654,-0.22125085185064,0.0189050817430159,0.214433598009328,0.63175696177282
2023-02-01,0.991868481109727,0.395632352508824,0.792795289726457,0.994785561065498,1.23382199965477,1.73399466465168,1.00680696958181,0.209395537297161,0.749148238582694,1.01182869875016,1.34220725711452,2.06932657181904,1.0819328721983,0.572528801519184,0.952818915924312,1.13070254237299,1.43339289210849,2.07723949779125,0.989466072207869,0.320175899493566,0.824587819455355,1.04501482050085,1.37233504902535,2.04265458511082,-0.0532350687930569,-0.917417028877111,-0.362650193358201,-0.107985316829723,0.0583577619011168,0.442164117858046,0.130865123285534,-0.78748435022731,-0.164348682803537,0.0746813175683683,0.26258324051701,0.640003266422705
2023-03-01,0.730111880624395,-0.0168554311361145,0.473848790864658,0.730848308727013,1.01930827590805,1.65298966897339,0.868424540663229,-0.0330718402268683,0.579468368197284,0.870169891564889,1.24239272003083,2.03540878659475,0.888569467492166,0.232329017783299,0.719644049801959,0.935859110636034,1.25394559974774,1.92008517901597,0.90686929837456,0.203603754318338,0.712576911367291,0.954191620850528,1.30021461387193,1.97033806270696,-0.122465487849885,-0.970640522815165,-0.400045429728214,-0.164813454468461,0.0116566238130901,0.384498530425973,0.0754536895773447,-0.80583460074777,-0.214155138032051,0.0262771034191429,0.21745194948019,0.612911429721243
2023-04-01,0.251799972045862,-0.558654564975764,0.00642112706681943,0.266463236849502,0.570650571054456,1.26316075645699,0.547811081155366,-0.431771126476207,0.268878699691713,0.560160284627682,0.923493097015751,1.75356152987682,0.555231402612673,-0.149905245262428,0.356538512703555,0.584896645484346,0.899044226683978,1.52070183783489,0.7162475359496,-0.020834405808572,0.506883464209613,0.75341358471076,1.07040330440015,1.74903294135391,-0.270081265736222,-0.984842246832956,-0.503690980074567,-0.290261733229547,-0.0988417756154751,0.300217339205821,-0.0583935507408642,-0.881935353598611,-0.323766698097682,-0.0957778671804644,0.0987031393247142,0.507251285717229
2023-05-01,0.205879148639842,-0.565023038493305,-0.037328252909301,0.228497244642936,0.547025430697323,1.19372019821946,0.546079816333886,-0.397859082558363,0.251933940531061,0.563277400427808,0.932576051130647,1.74979144524352,0.513845132773033,-0.192688028840572,0.304360693822084,0.547456683350728,0.855363227845209,1.50286738826292,0.714592807066308,-0.00393899158897564,0.506628030363089,0.754873873659811,1.08781752691011,1.77899683847724,-0.274406440455674,-0.976626901910082,-0.501917357085209,-0.290173612990204,-0.106017925200384,0.284543327213476,-0.057372664622579,-0.875744071304649,-0.321214862791823,-0.0888699081935544,0.0941262919190855,0.50504639679291
2023-06-01,0.660423391151574,-0.13692670124961,0.392119530109873,0.674302742937842,0.988716853201397,1.66443583924589,0.84072540549027,-0.105991168984475,0.536413781535902,0.850291667620901,1.22003648947165,2.03445844589809,0.834325940558355,0.173545798973136,0.658343820752228,0.888286863781682,1.21630650797725,1.86931628705632,0.8906844032733,0.153406634006133,0.694248311745249,0.939318742350229,1.27456749844096,1.97911911784127,-0.138013171803363,-0.970039240145477,-0.411775513303743,-0.179908052226133,-0.00487073819944758,0.398371881914687,0.06392284241356,-0.80944502758313,-0.226564863741614,0.0152627996668717,0.206015592378457,0.617540589478874
2023-07-01,0.84380888718259,0.060079687213166,0.592303523041605,0.855168152726256,1.17640351327777,1.86320226386039,0.968204778633938,0.0538901275153966,0.673607446826254,0.977786689477109,1.34735335522334,2.14455523802797,0.961673120413182,0.336389995495428,0.800741589889604,1.02314933287624,1.35749689852019,2.07380509970727,0.967219627594106,0.26795006128905,0.775750611821107,1.0224382500798,1.36872611931534,2.08280936954707,-0.0809412670595588,-0.947430067833558,-0.382163122945517,-0.132434130828831,0.0538677603018553,0.457886061984849,0.116580174434561,-0.781601901880954,-0.190094798351068,0.0603272156953098,0.250506014462572,0.660528649799811
2023-08-01,0.862612113770978,0.07678789115838,0.616083143494125,0.879622586690536,1.19007041642955,1.87177281698834,1.04693073496394,0.0903097906392082,0.752015632520632,1.05262613684936,1.43032435818494,2.25358519911783,0.957073885734283,0.301644730431935,0.797105071320394,1.02549676415743,1.36265346696163,2.07125963762435,1.01539574736178,0.293862590971333,0.830730798757009,1.0743844257205,1.43466570475713,2.19323433501277,-0.0565855835244078,-0.926927772487502,-0.36035499191918,-0.109086150791678,0.0679551800154737,0.451221700238466,0.150962991941977,-0.793561773857066,-0.166592561069596,0.091970045883293,0.280117114415037,0.68740438191165
2023-09-01,0.929355474639705,0.108746531012917,0.646780764943102,0.934798418333894,1.26621290358584,1.97429182190011,1.1531446865649,0.173165863463508,0.832740393113051,1.15388404233906,1.54623499982557,2.38250044327755,0.988617606330294,0.334923245067416,0.814843361499594,1.0565573871825,1.41295458126388,2.1478235784363,1.08139096554164,0.356020493869925,0.879884918664924,1.14641228645033,1.51604683536749,2.30238828069597,-0.0204269039064801,-0.955711981980537,-0.343942380990007,-0.0823362931185191,0.103018075957033,0.503580253816016,0.194525417041461,-0.774719347403686,-0.147662140791837,0.128152227478942,0.320944328704971,0.740960952390518
2023-10-01,0.953739045606989,0.141585149595551,0.677129082993191,0.967728399901497,1.3077781632381,2.08432673955624,1.30512629174647,0.326801524526378,0.97813451462269,1.31005581869049,1.72119048009748,2.64103608335423,0.97315875123994,0.335152325806056,0.809506618153361,1.05323494294581,1.42764232294617,2.20274568185471,1.1788519875522,0.444863785430219,0.983195566503768,1.25707471184071,1.64571394449365,2.49991999607664,0.0206913269090511,-0.96399594228606,-0.307838629861107,-0.0416246137955558,0.141496029820961,0.558095876049986,0.254470696168894,-0.803500259108449,-0.105801701390512,0.180920374455197,0.373556679296026,0.802889964313755
2023-11-01,0.731126680591034,-0.0727180539488531,0.456974671507645,0.751338594013427,1.07412610938472,1.82798576915493,1.12165649061025,0.166904519135377,0.798191611176381,1.12924599293717,1.51829481963073,2.39273370769532,0.821843731709216,0.190624690950735,0.657398158832413,0.89122397480275,1.25076785218353,2.01628856624953,1.06401147131118,0.317706199802087,0.872514260513751,1.13229449411334,1.51916196327071,2.32427203257139,-0.0517476418855356,-0.934905885465448,-0.354110176533043,-0.106386575196905,0.0691676428261583,0.458555635152425,0.183312254496978,-0.792994894221258,-0.151686788866693,0.116542512175513,0.308758450843063,0.731514510863153
2023-12-01,0.351126991688518,-0.452125738529252,0.100619527605653,0.369552203048487,0.696101397172946,1.41886486791634,0.790578119306404,-0.182458931450581,0.48809564275887,0.801338390432843,1.18974013659814,2.04978851769802,0.571739696519043,-0.148304888514471,0.380853866070247,0.618031261367615,0.964270579839507,1.63978094527109,0.860049732581012,0.0920390538892353,0.653747542125057,0.913598141426346,1.27429673558588,2.0224985182236,-0.184227316004789,-0.974451223456061,-0.443071344681487,-0.215667617462624,-0.0366840863876785,0.363651883098923,0.050366432084701,-0.840578742136063,-0.248956757311857,-0.00123838760393404,0.188701378747089,0.592983904855342
2024-01-01,0.200035063278364,-0.622096821080347,-0.0569161622247675,0.232742007142118,0.561688340333998,1.27517062435714,0.70802749566143,-0.29391528620449,0.394461026863349,0.719396181248701,1.12547712301349,2.01466029944901,0.459557623765412,-0.263956716212865,0.250695661043293,0.509264546433855,0.825983453293271,1.51308395418777,0.809444525097012,0.0578032964564327,0.597438219257208,0.862714577011014,1.21742385012961,1.97759708529033,-0.223496357388925,-0.97062218966762,-0.472795308252849,-0.249378911177685,-0.0646868804299031,0.347204256629962,0.0186294540662588,-0.848902535909806,-0.27345558754715,-0.0317567875354905,0.160771114862336,0.596257317677507
2024-02-01,0.605160843504302,-0.000378761260076803,0.402757451824866,0.601214134301637,0.86258798011277,1.38406086103602,0.937676957614436,0.110853833414528,0.650383552450389,0.933301806763379,1.29386534331757,2.10182089779726,0.7578443090801,0.226567855635279,0.613240415832611,0.801421816711823,1.0921505168689,1.70469088559262,0.949510370918279,0.271513945246726,0.765416438417007,1.00170397210554,1.35159643957603,2.07879950802256,-0.115397760570898,-0.953084423370441,-0.394260130156402,-0.159639150848857,0.00418441828670349,0.396012795101632,0.108670062926125,-0.826329971690929,-0.203440769644313,0.0492237456482743,0.233242835083334,0.642760063134775
2024-03-01,0.447260622177128,-0.319555906338164,0.186542945874284,0.455218466368582,0.768816993354505,1.46993484720318,0.860648710812436,-0.100513511277226,0.554053879421053,0.864486925415394,1.2667351708066,2.11682811391165,0.638062301152233,-0.0418382754750171,0.445861794498664,0.690002085924582,1.01180853320642,1.71015255598891,0.902193842045951,0.155307298563241,0.697880382401217,0.960102390228573,1.31799008454702,2.07641516774824,-0.153635580846305,-0.965321389736393,-0.422885318490653,-0.192737061889291,-0.0139927682222944,0.376338077436585,0.0797958973282588,-0.833408011471133,-0.231832018435369,0.0265430755913431,0.212953677059874,0.62376464529319
2024-04-01,0.695897979660434,-0.139694317507706,0.412307799659992,0.703251120866661,1.04174212124234,1.77058830338205,1.08469337413678,0.0925995770963928,0.750117692195706,1.08147294613822,1.49094534655254,2.39694878017862,0.800294978925795,0.139461737341823,0.610173973880917,0.859891041125409,1.21195950570829,1.9741776421467,1.04078886652152,0.309742068137268,0.831617367547821,1.1063876845732,1.48315512274956,2.28672717586948,-0.0655423187316796,-0.940869514752383,-0.364607927364684,-0.117456710421411,0.0618250476065452,0.470426189863292,0.169227975044332,-0.797209009576131,-0.168024963397769,0.104793610172397,0.303929442940287,0.728524795620511
2024-05-01,0.693551805554331,-0.11165283689344,0.416533795601807,0.704371792819567,1.02666330141277,1.77923802923608,1.07437050287456,0.106492758029762,0.752431706257849,1.07974217630462,1.47219083991575,2.33801525083205,0.800680390854488,0.138214409434594,0.607053639283733,0.864506817252036,1.22122661429661,1.99162795620419,1.03431051776343,0.272900987890623,0.829447195027873,1.09864663065409,1.46800473135707,2.27078639907809,-0.0684480324859852,-0.936449775820053,-0.359307710587653,-0.116768114700893,0.0628006957889768,0.450260455196733,0.164831837778029,-0.797981888476219,-0.162547370319093,0.10008372854967,0.296014556165858,0.70919587169717
2024-06-01,0.601176470987743,-0.233500343488281,0.321780771306706,0.606188385771827,0.958229815508307,1.71609782830479,0.97828611199083,-0.0137310136685394,0.652744591057041,0.980858010711892,1.38090753056423,2.26335511730701,0.743527837326962,0.055897529600314,0.537864056102158,0.800327331812596,1.14604841278334,1.86711869158278,0.974693891363013,0.221149329700463,0.761115399164536,1.03637067140095,1.40161232113893,2.19636219400994,-0.104484533998809,-0.959559383330235,-0.38892930799723,-0.151004144321129,0.0298323798110618,0.429894831401632,0.126195998774603,-0.80990493077722,-0.194973201476267,0.0630584286971108,0.264162112457546,0.673193811081398
2024-07-01,0.406380745841061,-0.409342635366138,0.145034461863679,0.426900592887035,0.752475771686107,1.52664176889584,0.860448442237762,-0.0853014482814641,0.542026025014799,0.866950006963096,1.26416110643919,2.1700892113743,0.601860578513546,-0.076274422567574,0.3947167228546,0.658465081495653,1.00081066909719,1.6943049211099,0.90259650728003,0.139318145447084,0.690601954386314,0.961473264029205,1.3308631037493,2.10305970078356,-0.158342696340075,-0.96744066048472,-0.425430334782368,-0.199904692463558,-0.019387621645196,0.388996173178273,0.0798169789942972,-0.824767838164866,-0.22361257020081,0.0228761639306425,0.214381595781869,0.645792252863872
2024-08-01,0.025177073092433,-0.756584461140295,-0.201321598146504,0.0542185834338306,0.391732181030643,1.15453507742036,0.58285030865426,-0.361832414756998,0.296114968091885,0.600924575865392,0.979793308191567,1.8754748075555,0.339641167964553,-0.368098419703392,0.136870763176078,0.379005076194047,0.70886911031099,1.40031926364665,0.734800161935111,-0.0270738740957148,0.522561707714588,0.786154883365582,1.1330328462975,1.86736222271474,-0.279765040495187,-0.976288590195655,-0.505494786360816,-0.29336208348504,-0.107823625514553,0.295912123125335,-0.033970099069571,-0.856294186979422,-0.307841000265333,-0.076277361722707,0.113542055041139,0.527968725240219
2024-09-01,-0.148164254801077,-0.955284064808751,-0.38546447345156,-0.117771259065107,0.226854240765119,0.975591144093171,0.46879153347583,-0.498206092120083,0.174670739759506,0.484543196875071,0.883154724337723,1.77685629465533,0.218448148896098,-0.517095463271983,0.00529283822376217,0.252071055549424,0.580040834043001,1.23080213639337,0.666888163203564,-0.0808865465535997,0.453776187923123,0.715549878069097,1.0591334644834,1.81668349571698,-0.332982315786359,-0.992339372425614,-0.548455904844276,-0.340821848121274,-0.147033590284497,0.257769618921057,-0.0811847889308652,-0.884252271085687,-0.347620340450051,-0.12030472038052,0.0757893525459092,0.501763695230508
2024-10-01,0.266307039354747,-0.580091547208312,0.0131022807160838,0.283035420649306,0.625242898183143,1.3894197450225,0.794477723113381,-0.210903333052627,0.486285550543895,0.806267280251014,1.21167635308514,2.11766942077927,0.496027568526679,-0.223382250461376,0.28755794481578,0.539073516869121,0.881921269257264,1.62339894664036,0.863115596967747,0.0845659398241442,0.657555523981465,0.92206993398227,1.28747029890982,2.07500232125454,-0.193160473220853,-0.961153400112147,-0.450968404780074,-0.221227998006352,-0.0394381920070647,0.357448359371029,0.0536645985773911,-0.840039282324367,-0.241451509674665,-0.000677639552187654,0.189375664263618,0.615431632040956
2024-11-01,0.656743654957014,-0.137022258474208,0.376939794958069,0.663509885371958,0.995811373467167,1.70818061011845,1.08504102783101,0.135172927661793,0.756805537517376,1.08934617993565,1.490132303356,2.37231573902627,0.765786191845357,0.0567093204324604,0.576896934104998,0.821983819138589,1.18178371714132,1.91447495257595,1.04183778426666,0.261549213897954,0.843210250942234,1.10741794927709,1.48720997461801,2.27666473206086,-0.0705227578122589,-0.949837658497596,-0.365822960741776,-0.120047013832692,0.0552256110033235,0.453580911273322,0.168855466584254,-0.800823237439351,-0.170851035679366,0.0983058658981923,0.293955065821738,0.708071785428798
2024-12-01,0.720990776694201,-0.117800780712554,0.451902665002572,0.731380647491966,1.06894583034038,1.83115099176516,1.14497466451248,0.134372358635146,0.816759066211221,1.14667330002861,1.56459864320416,2.43324852056846,0.807401966796663,0.164196232338046,0.637359244463877,0.873828213498464,1.22187949539058,1.96325273892919,1.07923253705667,0.344827994897567,0.881184896474398,1.15133747227718,1.51539977436957,2.32599335413109,-0.0475366426813147,-0.931080418961288,-0.352283726030739,-0.0999605619230221,0.0765475324026274,0.479720833690954,0.192311498653102,-0.807382864024007,-0.150678768646271,0.124571216386554,0.313400510484449,0.750893633898719
2025-01-01,0.773005362323638,-0.0664621529326254,0.484699430093416,0.774301345478796,1.12545089007438,1.85221318967058,1.24174190863417,0.213569663457211,0.903133776737492,1.2367831437949,1.65930480060242,2.54883365029034,0.830101674130137,0.147273506257857,0.642323552200997,0.896800873349093,1.2696512224766,1.96221923445897,1.1409971892555,0.409055121391758,0.931630542389213,1.21299933385813,1.60990484445022,2.43377980745823,-0.0174325121678504,-0.942484730571303,-0.336359348829467,-0.0777537188108125,0.101697484467962,0.512640199137338,0.229879471752892,-0.809580212709169,-0.127266591469383,0.156054338620485,0.349280230814794,0.791158998628177
2025-02-01,0.821419149412997,0.188191064379203,0.592610276688435,0.811215972973063,1.0630871677831,1.6108336148502,1.18691332809237,0.311267977361971,0.880909016481795,1.17920802871918,1.53571308744124,2.35651131904991,0.885329037128003,0.35375022327134,0.736747034028398,0.936245065769901,1.24378644055885,1.85934678563233,1.10437883095948,0.423747785147537,0.919584934857408,1.16694264411036,1.52780142167647,2.29723858601671,-0.0248273337280122,-0.907237865543598,-0.341011444575863,-0.0796905307831956,0.0787507810803452,0.46309804360075,0.208890620416927,-0.805485598035667,-0.124714113441027,0.140195710800316,0.323539670794638,0.72357090765036
2025-03-01,0.44505168310932,-0.321500605774916,0.175211077873161,0.450869764932059,0.765334776902921,1.44534125298564,0.952966105689353,0.00562745730536562,0.631965849635354,0.953048302412492,1.35458099425655,2.24983954458599,0.612983779304459,-0.0552525354114158,0.418084928200903,0.661216004185543,0.982132412487858,1.67442399794115,0.960609737106337,0.201723360731432,0.751373808393841,1.02230014892628,1.38643739551645,2.17843702662807,-0.130105271595532,-0.965562609129268,-0.402172476322309,-0.169842379864209,0.00539543571704471,0.405439845373808,0.117563960896,-0.828940132393426,-0.208702033133438,0.0557490138212672,0.248558717435235,0.659889082699739
2025-04-01,0.187579472487731,-0.64906264098236,-0.0786944438102106,0.197492995948928,0.53518211605801,1.27951121546244,0.827057604439116,-0.181110335753152,0.512584715488309,0.829709667607499,1.2463827921958,2.15688777189223,0.417792828534302,-0.355390551509433,0.206645923620694,0.462445812461929,0.793177107397396,1.51419018552942,0.883912691440593,0.103008241513235,0.66346491952664,0.945391684852946,1.32922847191629,2.09153464576126,-0.192993947440728,-0.956398984618427,-0.445443271627195,-0.220910689828344,-0.0415029250652429,0.368313165876608,0.0686279912021531,-0.849433993135134,-0.242091448489177,0.00827863431651886,0.208924638652167,0.625861673415268
2025-05-01,0.267860528444357,-0.533381761841581,0.00532431081564747,0.26992228186329,0.611067992224337,1.35025874467576,0.904788214734665,-0.0775126397867762,0.58124407032345,0.910275005146971,1.3143640645699,2.22828663198243,0.468699244742713,-0.226037944942269,0.26475062288966,0.513363117288286,0.858904759280097,1.54623581770508,0.932220251223661,0.17025544127839,0.723015722825526,0.992554419299847,1.36792087035684,2.1771693521669,-0.163049878566882,-0.948212247035519,-0.420807057386566,-0.195309577985976,-0.0193123990060503,0.384573245891984,0.099236520890468,-0.807521651060819,-0.224819193115816,0.0364258115870256,0.233326623754962,0.655024606130046
2025-06-01,0.210460087455668,-0.57975578193657,-0.0522845275561518,0.230435320097967,0.57629577424783,1.33573607037259,0.861317684548846,-0.107551835198549,0.538756171123565,0.868971598613567,1.29708479715822,2.20525953826692,0.429045150934267,-0.298492976796844,0.221877209093416,0.472019495541257,0.815065439654355,1.53196957345807,0.905306170949187,0.132868755084092,0.684804694648801,0.966305636297111,1.34119160013442,2.13429290770744,-0.181079015332456,-0.959625442571273,-0.433376760080037,-0.212243759378482,-0.0256021750217872,0.388904406501631,0.0821978568942379,-0.853763469900576,-0.236611746342008,0.0208045210158964,0.214050372085286,0.643821068395381
2025-07-01,0.146267981425239,-0.693360941956366,-0.12194774512944,0.167643107427567,0.492058337615621,1.26944956499501,0.813762764661123,-0.209927023575569,0.490556600290598,0.820873392913957,1.2464132900701,2.14975628909905,0.384325100286276,-0.353687994380177,0.167896651016719,0.435442755067689,0.771337668705566,1.47465767515642,0.875494677243146,0.100751549476669,0.649901749485371,0.936690353029183,1.31142654050788,2.13204813714432,-0.200725548092916,-0.963852573034818,-0.456368820807345,-0.22678198041825,-0.0404793936663034,0.354885887787843,0.0642291429231088,-0.85156506580773,-0.251577097792368,0.00745275019185315,0.202485774967137,0.628876320159704
2025-08-01,0.0867706388070103,-0.701817538142948,-0.191965983810949,0.0922960052238543,0.438117106416452,1.24282359827454,0.751591054761592,-0.211301974810997,0.424153671384417,0.757337471346526,1.15812168925873,2.09844633067053,0.348444670379368,-0.404586387313892,0.123840437147934,0.376815167008324,0.710017022297549,1.41238462942542,0.837693048901966,0.0260468209587225,0.621721667832031,0.890744878540976,1.26247591689226,2.04275064416619,-0.22504612503656,-0.928437369685023,-0.464600437731145,-0.250604564059,-0.0649394386633946,0.343391404053867,0.0384524032221573,-0.859879549875248,-0.264734559001093,-0.0154306685381459,0.172072310414474,0.585961334390584
2025-09-01,0.0559214429860701,-0.791348755958135,-0.206057520572083,0.0670391937758456,0.433293151303056,1.18890103464688,0.703698093523987,-0.323080809220554,0.388650322912552,0.709562062164178,1.13383930394732,2.03074251178927,0.334290286620979,-0.40420761215789,0.100152588083792,0.370459994122874,0.701727306046607,1.37547418770268,0.808312309120389,0.0237943693999809,0.577201487497582,0.859667699673474,1.23835679123526,2.00904089666798,-0.242241893358644,-0.968752600470005,-0.475645110900485,-0.26457894800064,-0.0752081817621281,0.333653000128525,0.01881392546273,-0.869535603273717,-0.275447504650445,-0.0339757367782594,0.16395720973097,0.595486137099702
2025-10-01,0.113876358491242,-0.726653216687949,-0.167222476188246,0.13312702893455,0.478008638071458,1.17359085134053,0.737562137840423,-0.241977094354116,0.417711532333285,0.750561275469826,1.16143417059067,2.02273616463043,0.377124398794882,-0.336634994651523,0.152248923055252,0.410280290193696,0.745175515482158,1.45558278873755,0.829549157594197,0.0114322988149567,0.613605941238961,0.88263961514102,1.25233698706025,2.02042923427007,-0.227084234677617,-0.970490121960909,-0.472158734642853,-0.253069150123404,-0.0599781943872782,0.345551230034946,0.0313177291268722,-0.867817383359176,-0.265858723379006,-0.0226866179543557,0.177449043495932,0.601648554161934
2025-11-01,0.237048068597853,-0.537413026312401,-0.015687854874845,0.25400873796228,0.58769839955513,1.31119724493172,0.81951667928482,-0.132699811530199,0.508631384839528,0.831348206591784,1.22902822579276,2.13053719719815,0.464683312566878,-0.234355957008514,0.266502245473696,0.506417889759616,0.830356411295811,1.56405400052046,0.880095163428923,0.121408838202452,0.663887450618998,0.939485585978015,1.31625928591065,2.09831273184276,-0.191100618708864,-0.962546146955918,-0.440360868850151,-0.218316435812376,-0.0445382185856027,0.362862371635396,0.0630495272746908,-0.836371404709514,-0.235373578180009,0.0083428060013593,0.200545776569966,0.612415952160017
2025-12-01,0.340240751379834,-0.470124565837906,0.0758046089321803,0.354384561064844,0.698296320519137,1.44351698213078,0.908985296454262,-0.0751637458313725,0.588590892367605,0.916229115151667,1.32654417544881,2.21200832880103,0.532725835329297,-0.156768435079604,0.328617669386593,0.587652931249878,0.931913992619563,1.63777911556351,0.935418835380864,0.183059589848957,0.718735238210195,0.996318782208183,1.36120165497688,2.16350145359757,-0.155399456540794,-0.960699854408926,-0.426244531583224,-0.192074315306372,-0.00997597455423,0.391447543197318,0.0984265232534243,-0.841012300336052,-0.216640763637737,0.0370568328609056,0.236390152212792,0.664456906988678
2026-01-01,0.378875065059598,-0.451784209230361,0.112158653786052,0.393360194619701,0.746074461309564,1.50730154656673,0.947352043140747,-0.0611476136278105,0.619627921121724,0.952967530807428,1.36337311351852,2.27480107021322,0.556970142803727,-0.0836739102570429,0.345681703175127,0.602675819832031,0.94610354687274,1.65469970624284,0.958967051645176,0.183993406848137,0.744169292915889,1.02663225094745,1.40367090039676,2.20546264159847,-0.140616052522409,-0.960075395457174,-0.408311268873213,-0.178467247940926,0.00331059012826726,0.398564103025976,0.114150822521945,-0.831090879454993,-0.210772874969777,0.0511648715903461,0.244451164660993,0.666690945983075
2026-02-01,0.457754409391727,-0.0997846523273323,0.25665292523424,0.456125806270832,0.684369418229393,1.24507917816727,0.935232289577153,0.0974996044237512,0.643042333800283,0.937706941601996,1.29751138693546,2.13578272466768,0.62945405082185,0.0808706705857165,0.475509779930674,0.669955955932573,0.954189029551483,1.5605252141425,0.95032513862039,0.25281816464907,0.765993408633188,1.00838833051014,1.36362254173842,2.09916667489997,-0.134659793567455,-0.938308234513988,-0.406797675204084,-0.170059242438102,-0.004899711740111,0.382504460806358,0.108463820527096,-0.835078072910478,-0.21044138237705,0.0471212133991391,0.231130980634206,0.627794642096795
2026-03-01,0.471378756844411,-0.32965467997334,0.20826574822866,0.474951386978961,0.805105346846713,1.4957975272521,0.980922532392569,0.0258108376428886,0.672632514141468,0.979526941022377,1.39356243788374,2.26238158549204,0.6296047024822,-0.018849361423449,0.449625464096005,0.681067433755923,1.00136602108281,1.69008453298515,0.978488229963712,0.221904667506184,0.775444262288561,1.03773604860603,1.4080485733704,2.20430338130508,-0.120436934113358,-0.961724589380193,-0.396569391137842,-0.163331792861839,0.0109981591912445,0.41314042204707,0.127979790013841,-0.829529981626309,-0.199551243064339,0.0644619601327256,0.262946160384495,0.683964495941241
2026-04-01,0.51316648948908,-0.298429451625901,0.241202520837739,0.504125128811526,0.853675436181101,1.60939298857255,1.02458321336588,0.0422030078801856,0.705458923508289,1.02115387603952,1.43003119019629,2.34047362205809,0.655374256515802,-0.0503660508393076,0.467296386948187,0.712389770143102,1.05203228677837,1.74296820895289,1.00557832055373,0.239678390139326,0.797986147141326,1.06752399391769,1.44415487733277,2.24579505043112,-0.104031409584156,-0.958636081535252,-0.383573235009266,-0.148553005853081,0.0342746257310607,0.445821997022309,0.145441659273028,-0.819256823030877,-0.185065659089881,0.0787135599809097,0.278170466835337,0.699116237357373
2026-05-01,0.73188763029148,-0.0756382954566977,0.444182193513364,0.744243648810982,1.07372298601577,1.74530712584402,1.19560385023545,0.214097130994341,0.85358366221998,1.2000943503359,1.61260979531422,2.4552392048218,0.80530661714308,0.157388044548628,0.63282656318315,0.874113581716424,1.21647202557598,1.92822305237129,1.1118068060465,0.365912571967292,0.910351223046502,1.18247424009098,1.56111602836827,2.3827078309059,-0.0341638149395716,-0.921340104702387,-0.342845207944713,-0.0859821335176133,0.0898365439261475,0.49902731911291,0.212177263324859,-0.804250435145913,-0.138004020866344,0.144353499420157,0.333149463536249,0.757421142611411
2026-06-01,0.905684734449223,0.0470980633493233,0.613740047730183,0.906468190103031,1.24363854296697,1.929851073641,1.30290076567873,0.303990621458788,0.97139139289772,1.30414214732105,1.69826283673769,2.57444478452093,0.930965424799764,0.244629260744146,0.768495872852956,1.00377681480164,1.36748077551952,2.13654361951994,1.17774871836622,0.426914895091859,0.979808976002731,1.24725705955291,1.63826517913523,2.46041602327909,0.0144458473155563,-0.947733649919345,-0.324347649733466,-0.050125138795868,0.133081548121406,0.530936552180356,0.253831116749599,-0.806032140327371,-0.103869237129303,0.179439917752878,0.368141843232392,0.808006054211949
2026-07-01,1.04861854327159,0.232280281154819,0.770093204510562,1.05797437783326,1.41079016220253,2.11168630885766,1.41804263609294,0.45213816552693,1.08924311504881,1.41730596016566,1.83765024738645,2.70558623152736,1.02809208768345,0.376438219685721,0.871357924416401,1.11166723341027,1.50020414085495,2.23826525897322,1.24956817186447,0.53261784564902,1.05973018411562,1.32791166472487,1.71779538665152,2.56017002510803,0.0608619908280813,-0.967789116748241,-0.28366775342024,-0.0073627114424915,0.171311731812944,0.565036569603219,0.298317757934984,-0.798013781543938,-0.065295799880872,0.217449609717264,0.410860595402562,0.835444148895873
2026-08-01,0.867455934554066,0.0392342581667799,0.619061613514236,0.923605961260138,1.27632009226362,2.06883071080937,1.34066111917566,0.363223853772254,1.03078878507333,1.36910719805289,1.7845051200753,2.74078198101341,0.889066281173054,0.225976905857806,0.727907201261754,0.99364476048739,1.41968510883212,2.3092216720058,1.20359551277725,0.452427044046643,1.02150048171267,1.28926193510465,1.70891661522613,2.56524523513198,0.0184819776148183,-0.940464423350114,-0.29106140491885,-0.0405872268189763,0.13192743778305,0.516223782211568,0.267499922284682,-0.801750593641842,-0.0670932752847084,0.19272318296257,0.384445469567926,0.797525827308323
