"date","r_star_estimate","r_star_p025","r_star_p16","r_star_median","r_star_p84","r_star_p975","pi_star_estimate","pi_star_p025","pi_star_p16","pi_star_median","pi_star_p84","pi_star_p975"
1968-10-01,0.592661488359938,-1.75192213675466,-0.720210119991592,0.61873598503703,1.77553111057278,2.9042551638734,4.64091756568881,1.72740827066135,3.05241886622016,4.54218397351633,6.27109055055788,7.73294111972278
1968-11-01,1.05278255020838,-1.37190849898331,-0.128403696198941,0.965220030165274,2.14602432228778,3.23971243918183,4.02523319977025,1.26419070567448,2.71274932333421,4.03381028926577,5.57021120080595,7.17763873135191
1968-12-01,2.02696669800224,0.0933147890711849,1.23728275935402,2.02526166651647,2.76975675706503,3.59833383358927,3.00911283738695,1.56375499382715,2.3313638821112,3.01752450842337,3.76908866099406,4.46079662549502
1969-01-01,2.03209728735569,0.128808794311568,1.24943942465716,2.01156877588326,2.79414703126065,3.7012150616603,2.90219937829567,1.44510310103545,2.24568368039497,2.92237004122083,3.6498599530731,4.30440436236067
1969-02-01,1.99296310129973,-0.118733483982431,1.20062673381472,1.97103764130615,2.7001652761322,3.61965185487607,2.80891918966888,1.27955405342942,2.09619907437597,2.85870882357101,3.64863509699351,4.4689840042355
1969-03-01,1.88152612725405,-0.147782480140188,1.10039684291202,1.83805684436974,2.54786006203923,3.28198374718313,2.80969640901051,1.80798633012872,2.30798648478549,2.88278267074351,3.4893072269849,4.01172977964955
1969-04-01,1.8673016771894,-0.166258225757072,1.13604555332756,1.84663673276049,2.50939493320334,3.37171242014566,2.87520779497818,1.7002385760422,2.30311635431724,2.87222216683655,3.49860122343529,4.06325538206503
1969-05-01,1.89713660240369,-0.176499734756143,1.18113332155044,1.8945410740213,2.54051325965923,3.30261187094346,2.84481471735272,1.74700994389626,2.32363756006043,2.87852989579484,3.4567635810475,4.08603489306476
1969-06-01,1.73735264544609,-0.310948372499802,1.08530967140591,1.73441359254347,2.37699148994542,3.16614176308843,2.79080402555968,1.81597405925142,2.30409672540033,2.82415080790721,3.28301486202906,3.79739788089193
1969-07-01,1.48800733558259,-0.364728832678862,0.82217602819919,1.48225158129825,2.05968016426219,2.8578245747061,2.73233174018997,1.74326422841408,2.27937971917577,2.78035877157652,3.25673089825777,3.68431985221805
1969-08-01,1.44166222942112,-0.544421695700826,0.724786391328814,1.42009903936541,2.11080831647596,2.95891518663113,2.66557737156303,1.62810856165904,2.15896424058649,2.6569512874903,3.20803154412285,3.65080150017807
1969-09-01,1.69238476196132,-0.450249575234714,1.04891316201396,1.69465569114137,2.27928683827212,3.14855155985739,2.82775839424644,1.96249083438977,2.42758494964776,2.83223572017118,3.24826907374836,3.74792281929587
1969-10-01,1.77170009976888,-0.134513063771204,1.11696494919252,1.76084554239347,2.3813702183516,3.26636762328143,2.93886363227809,2.03372891492037,2.49534528802801,2.96100555589097,3.41768814067355,3.83650645570136
1969-11-01,1.65090773973951,-0.403075547141916,0.98337980884778,1.64750015614051,2.25094989246717,3.10430081213061,2.92706820756214,1.96130128341616,2.45691410522459,2.9406690304071,3.45688708341338,3.92280043485317
1969-12-01,1.95893991808356,-0.0524201522144121,1.34012233849823,1.97046783498456,2.54183994668786,3.43719035540604,3.01641161489929,2.20460124429988,2.61739138381922,3.02896195378637,3.46795077642666,3.82662095554802
1970-01-01,2.16981605967817,0.193341404446568,1.47768119383534,2.15689430772233,2.7593986946483,3.6562307720775,3.1382853211254,2.22711111658799,2.69106394816445,3.1515395032998,3.61812270097379,4.08380092232752
1970-02-01,2.21295876904724,0.0226805544559445,1.50159193777298,2.20104180983542,2.81424592685056,3.66320576443239,3.17005492474974,2.27548727038676,2.70692689391601,3.17804427469366,3.70767660777935,4.16668826421156
1970-03-01,2.2001921105783,0.239090433475599,1.52317807899779,2.21259315138983,2.82562763643992,3.64057209029373,3.03224659239569,2.22875058389261,2.62174185211467,3.02681392222038,3.47257241339402,3.87782968126523
1970-04-01,2.34672938860882,0.1683796153378,1.71483334083233,2.33345121862276,3.02244395344764,3.82950733391289,3.13138555505287,2.29219876146139,2.65691050271552,3.14084626381275,3.58541200426339,4.02173505850192
1970-05-01,2.3284035324168,0.157831747232113,1.64340739946446,2.34195212482575,2.97192405717573,3.92907051813548,3.09814800726095,2.17773742492302,2.67097957527978,3.11752394126959,3.5825411867462,4.08950651725056
1970-06-01,2.31366181131943,0.0999135401265256,1.628910415777,2.308182962557,2.97202278987192,3.90276461707015,3.00587193924902,2.15144885954059,2.60779746675249,3.03935286363796,3.47412491316084,3.83069808162338
1970-07-01,2.34907634373603,0.198357568189627,1.68740588705086,2.30886445531142,2.96840491268201,3.93212284054462,3.00890644920327,2.1803166837944,2.61062931817288,3.04677910176511,3.47399968307034,3.91204354753139
1970-08-01,2.46972682248229,0.222538091611954,1.77313055139406,2.46963075430465,3.13439440470548,4.11696430719933,3.05594333097726,2.08735864717251,2.65248249592391,3.07335131774641,3.56929741973989,4.05010346632276
1970-09-01,2.46555408968031,0.366467043977382,1.78564875355391,2.44779909666617,3.12133150546359,4.05781398019374,3.0435419902678,2.18308548158166,2.62433434021643,3.04201414162298,3.5159534806485,3.92669125131428
1970-10-01,2.39494654058701,0.19056202650543,1.74476720083706,2.41019726544059,3.0184084525533,3.81358862100024,3.05170402014334,2.17458878721817,2.62512926009212,3.08602917800663,3.54317844768403,4.02490914631067
1970-11-01,2.35934474298876,0.20320153467538,1.704520126604,2.3789400062319,2.99919877737419,3.86105060112147,3.07525923987161,2.15688974032024,2.61065632113103,3.08419389530491,3.57648548051591,4.05727933615494
1970-12-01,2.23867128988062,0.24798235288623,1.54324853826614,2.23622181815827,2.85175274862402,3.6263577195681,3.06244112934419,2.25900280448872,2.66973117908037,3.0798420890825,3.55692347725742,3.97301238591597
1971-01-01,2.43116952613298,0.345787492295835,1.8021340828815,2.42604172572771,3.02704690742597,3.95451414565292,3.10148099904552,2.25571249766946,2.69450339945256,3.14029794175536,3.57977880721983,4.00468788895453
1971-02-01,2.63797670157845,0.499673447647347,1.98096684153488,2.62341652999676,3.26982136431545,4.16972331629391,3.10114138053128,2.12929109956384,2.62682035544574,3.13043143154066,3.62608141354563,4.1506650096578
1971-03-01,2.4084487845173,0.333083360380275,1.77719998122049,2.3763448687005,3.00226349474925,3.82512813679006,3.01643880172865,2.18301368186604,2.6203051611576,3.07992935703405,3.50807643518483,3.95812090902121
1971-04-01,2.35678704763091,0.350814760569742,1.67985039974116,2.35379860339594,2.97674198048934,3.8553909038592,2.9529305515361,2.07430932642843,2.55746014238437,2.98802190698241,3.44406540860642,3.8891908272722
1971-05-01,2.23400501971028,0.117381811529035,1.51947512019754,2.21479422727578,2.89631803100178,3.6890319591511,2.90913511607624,2.010931803709,2.44172212193053,2.92629637377224,3.42743225898325,3.95828702967387
1971-06-01,2.1605327978713,-0.0220069325743798,1.45495572817197,2.13924022582041,2.82416627656924,3.71597884653234,2.97496957888011,2.16248468583075,2.58115137464005,3.04667027444771,3.47610057835026,3.87675732358741
1971-07-01,2.24700791618241,0.132529681778363,1.58893325327254,2.28018466505443,2.90782983171519,3.80306227809081,2.99469366867474,2.06870867142338,2.57666314111764,3.00598107168576,3.46030711733577,3.91244936972829
1971-08-01,2.10070398013055,-0.125260615989856,1.35894200394165,2.08959561608438,2.80926869447971,3.69084117950873,2.44158435743106,1.47848805480808,1.97217494046356,2.46369806591738,2.99625971581609,3.49686285034027
1971-09-01,1.72171736968578,-0.446080127837191,1.01165838622555,1.63274867162725,2.22844171089719,3.12151131439679,2.84763440733178,2.2795505717956,2.62613415013232,2.96295585814138,3.30389584707836,3.77342801397501
1971-10-01,1.78573596312779,-0.530536289926533,1.06608581943651,1.67652049740727,2.25730285863025,3.29987614143461,2.78733835888786,2.27373595014936,2.58809667172369,2.91534147691589,3.26224837682092,3.7717712836596
1971-11-01,1.9070073666288,-0.282559795459636,1.16363418074741,1.7755516838574,2.38073025060713,3.27489906379053,2.7786821549397,2.25702840255198,2.60603348559838,2.9220535826738,3.28373625433656,3.79429704070639
1971-12-01,1.90032598458417,-0.324141304601445,1.13828649403469,1.76911201010775,2.34714821672054,3.33453381833173,2.88572689815751,2.36988510211045,2.73377054266778,3.03983283815201,3.39104805880864,3.91947115614191
1972-01-01,1.8639048086093,-0.45065344463518,1.09367707547278,1.71560303836126,2.3276993543884,3.36467328224028,2.92795620882784,2.41203898754949,2.75889468654022,3.0821358754787,3.46530357608222,4.007928359778
1972-02-01,1.8115210750962,-0.450262755193666,1.0025844657912,1.69091215724018,2.27451855821544,3.32409934271169,2.97113557580128,2.42146704984207,2.80693239422417,3.11500540931014,3.50134459856424,4.16416000413512
1972-03-01,1.68386811840434,-0.51998090766984,0.89632390804821,1.57142232285294,2.14745094099477,3.18101375923559,2.98388310342437,2.4572974815862,2.81988675378583,3.13240654767574,3.50402730004314,4.05531886511954
1972-04-01,1.53779282341483,-0.741979307334466,0.751345584578262,1.39654523287427,1.98565944739377,3.0257900787638,2.97308666828454,2.45698081837825,2.8090269169531,3.13899152008623,3.53809650139829,4.13528792194433
1972-05-01,1.58992499361573,-0.61742116031549,0.769248646658675,1.4624117173341,2.0157620327801,3.04303994357435,3.02223052510487,2.46742245407336,2.8650325801903,3.15790589923455,3.57905363876333,4.22167326434843
1972-06-01,1.55095005103113,-0.678438947080674,0.744789042207347,1.40327129987332,1.97172787166547,3.01677816259255,3.01831401518926,2.51688346577565,2.86147053097609,3.16700407973276,3.5505577421501,4.22828499157461
1972-07-01,1.49304224820411,-0.774221627669103,0.690700101317771,1.35418339960768,1.9432032839254,2.95047068667767,2.92654940399984,2.39502278542028,2.77397488032253,3.08720993319489,3.44548988382512,4.06542661851344
1972-08-01,1.5757201973969,-0.698970177228508,0.769825042089158,1.43874892565587,2.01900632991975,3.03634844570862,2.97141662590901,2.40502081396383,2.81600042582224,3.13105140794233,3.52198614707286,4.10882908835725
1972-09-01,1.62388931257496,-0.61806514000966,0.808109921361664,1.48183390692526,2.06335987999547,3.09540243787777,3.15982788948605,2.68493902503683,2.99636779619605,3.31779814740288,3.69579845414072,4.30734111801352
1972-10-01,1.5500195305449,-0.688507612861236,0.732512522406344,1.41266099972682,1.98938117050418,3.07629835914965,3.09431876113294,2.5702467930782,2.92178543498436,3.24147745689311,3.65002558696006,4.28683417860841
1972-11-01,1.5739450726455,-0.643009669446019,0.745707132427241,1.42493141691222,1.98101145027446,3.05426157107002,3.09781843559448,2.59601914756252,2.93507656548012,3.26271818723409,3.66663219264578,4.3117638247757
1972-12-01,1.52905868605795,-0.640286029821213,0.739622445001263,1.3916770098919,1.96617316099175,2.94072310433315,3.22667875521101,2.70534788284597,3.05698332194178,3.38335830140362,3.74766044467398,4.31029681852606
1973-01-01,1.33352054955803,-0.778117680783882,0.547002026246878,1.17399302318928,1.74419064417603,2.84131851699591,3.3679057965431,2.86939762234134,3.1960616911141,3.52381524339625,3.93161399807047,4.48917170916474
1973-02-01,1.23202774246361,-1.03464561875961,0.419990778369707,1.11212536003022,1.66259886974952,2.67873178611396,3.49761855133449,3.05419721276256,3.33075668856703,3.6670119194871,4.02465161484227,4.6291129014059
1973-03-01,0.971889895575443,-1.07903654074739,0.205319494276103,0.87157644010641,1.41363959626906,2.33068217968425,3.69000967745555,3.15155702674065,3.50254979463276,3.83297756749542,4.18322470383833,4.83188028906175
1973-04-01,0.875719749889266,-1.24881538063055,0.132217547965894,0.77564444196659,1.32773346259504,2.26208327445357,3.85909511588025,3.32569500710337,3.68181606058149,3.97942887087386,4.38099060563268,4.90376220879905
1973-05-01,0.864491166557911,-1.22062015804043,0.108396396601612,0.740546146916761,1.26804082452821,2.34630584539062,4.03027747173209,3.48220492625193,3.85018832782751,4.14984623577606,4.5718835978276,5.10361560816933
1973-06-01,0.839481487685197,-1.16670466321817,0.1110232711712,0.723346784676425,1.25943066206414,2.29507557584487,4.23238293751728,3.71288331094008,4.03878710857735,4.3537312483363,4.71920847716585,5.28820552886094
1973-07-01,0.663075575192837,-1.24536065368374,-0.0982476144002352,0.56237260131301,1.06480318551131,2.08593301948734,4.43462796858566,3.87846905865608,4.2611913876951,4.5672018788178,4.90750266175034,5.47239622928592
1973-08-01,0.461318629957141,-1.54943209891198,-0.278418185659989,0.348515221875237,0.863127884580912,1.930134184068,4.91831749469067,4.38885736973435,4.74953577785317,5.04405023939973,5.38261638591368,5.96379851760141
1973-09-01,0.490025658661847,-1.39985369148531,-0.207929227387239,0.397987389586798,0.926919569202063,2.00853875667268,4.94242067627413,4.40634720160396,4.74672178228638,5.04549969820075,5.38881620131189,5.91549322076158
1973-10-01,0.447197080157351,-1.44393779230297,-0.274429468000886,0.368401098103432,0.878249018949561,1.93790088995905,4.97305889099083,4.38241553301955,4.77045420158297,5.08498359485782,5.42834794270924,5.92602385240225
1973-11-01,0.453900642741981,-1.50234650113415,-0.223366800916341,0.351681030499636,0.900432910111572,1.92859988698614,5.01445280479615,4.48874958472055,4.784613726968,5.11785778131008,5.46778032796642,5.96455063177584
1973-12-01,0.447917624291483,-1.50008069106656,-0.269714603365116,0.361704712884505,0.8950565239907,1.97654385433583,5.03161054196922,4.48430295940077,4.84552741734584,5.11943779493955,5.44493274788486,5.91360609272354
1974-01-01,0.459049587545891,-1.4232823283396,-0.230482385907379,0.368157693707133,0.87900478739903,1.96125955528578,5.35656626017956,4.79740285681364,5.15593265689818,5.46553284592144,5.8123897223383,6.25585921491435
1974-02-01,0.458900082041377,-1.51488818710829,-0.271363780343976,0.367585260310899,0.883098106690913,2.04457985590885,5.56180720524871,5.00753823148296,5.35449820208709,5.66764599695832,6.02719882177134,6.50941554092847
1974-03-01,0.386134967826018,-1.40290104228881,-0.293197896471136,0.309665435037843,0.824163376002341,1.96356571564323,5.6570061931961,5.06424282633688,5.45170839147712,5.7592293308307,6.10171830408971,6.54921221994682
1974-04-01,0.137986016361716,-1.78543472524386,-0.601058087305042,0.0485116808856554,0.556101731210074,1.7432561395003,5.87614572675555,5.30907187581604,5.68808324453572,5.99594360391959,6.32729522247117,6.84102806699072
1974-05-01,-0.0351467527576687,-1.96074582522096,-0.777091442404449,-0.112239917019691,0.388604837812351,1.49969745418521,5.93721726548815,5.38013679322603,5.7537342500195,6.05765372617021,6.39143252675728,6.9060005605127
1974-06-01,0.010489161652955,-1.96104223759652,-0.663747550266637,-0.0935916161322003,0.430997403073297,1.51801883208535,5.82390726895745,5.2632318818195,5.63841472734524,5.92878859160706,6.2648452117375,6.74339260246936
1974-07-01,-0.0944335173928672,-2.06574882349891,-0.839686949613367,-0.188400637643064,0.335486524590932,1.35998733629041,5.70654337898759,5.15738569556496,5.51037869855564,5.81949967960208,6.20847105271809,6.70859857268448
1974-08-01,0.189697364483353,-1.85188862150631,-0.53975757406976,0.0765890363810489,0.571444322984194,1.61175983809971,6.04435562261914,5.50717835890771,5.88143055213706,6.17533127588798,6.55373609817801,7.07053735623485
1974-09-01,0.221093845391205,-1.82133333014263,-0.519093663489953,0.1026284433104,0.660377662329378,1.74318766661855,5.99565515380737,5.47918963091212,5.82022738418278,6.12775423351678,6.47575480148779,6.97961705774925
1974-10-01,0.199697806267014,-1.76102691730114,-0.544007150196725,0.0978428957342171,0.604460314678065,1.69853994793305,5.72993780744059,5.13824626587862,5.55286417200294,5.83762382507695,6.21344958758924,6.69698881729098
1974-11-01,0.33406131140641,-1.64243736132951,-0.421066839105191,0.201040481541037,0.745459199770743,1.96541060165675,5.69151603654327,5.1613862875952,5.51088598527226,5.81348450617531,6.17556790689251,6.66478261273758
1974-12-01,0.495683910114142,-1.39656491835779,-0.262618934409148,0.390306431296675,0.907844682353466,1.92922121667934,5.49808417187639,4.98878810214282,5.31908882399104,5.62255022797089,5.9635347856608,6.46913880502194
1975-01-01,0.495309292717898,-1.51406601202724,-0.266168686500523,0.376068395959628,0.9624216431738,2.0597792324363,5.38173443048122,4.81076985823338,5.18591039752929,5.50297817930232,5.86949044076851,6.348381188189
1975-02-01,0.721348254523978,-1.33624881826699,-0.0698085778048824,0.61370558976836,1.16318073669708,2.21338412407633,5.33901992274583,4.73847379040742,5.14504859129149,5.45037859272286,5.83317368146959,6.39872708297929
1975-03-01,0.83555371376645,-1.19377029369119,0.0342917263656304,0.741584304484021,1.27602570879441,2.39837391720425,5.28694799384048,4.76574576347959,5.11532253648077,5.40013480700694,5.77530486975064,6.29380607925087
1975-04-01,0.669972468431034,-1.51151158110392,-0.15997731174338,0.557673222907509,1.10806898923383,2.10008410971675,5.32455921553099,4.81576871600427,5.14382740757681,5.46135411343775,5.83642859343703,6.36451941231527
1975-05-01,0.662461188309725,-1.54110652281463,-0.148408816472499,0.507719541220847,1.10621807692038,2.09313098211909,5.37141428944908,4.81388137239248,5.20743270898284,5.5242285256944,5.94105359547909,6.51650192198002
1975-06-01,0.688475089904896,-1.57825521246974,-0.0916630344119643,0.555830414524507,1.11061119493741,2.15906366868372,5.36657037652703,4.87768491798332,5.2029770892334,5.49960161335702,5.89268850124113,6.48421472364085
1975-07-01,0.621491240814001,-1.62487697924609,-0.20962678910939,0.479054056364035,1.06681433038325,2.11650073094344,5.30186573437486,4.79063855225789,5.12303293704649,5.44578899872187,5.88220310157031,6.46088265604314
1975-08-01,0.591529557569629,-1.65552436890129,-0.206703782744792,0.460932903358029,1.00915867890634,2.0418663489441,5.29906330450808,4.77533222752994,5.134799811891,5.45748440576154,5.8390139199075,6.4147645735377
1975-09-01,0.624284401490978,-1.66601149814321,-0.191889461015717,0.499994543530978,1.04936689132533,2.07019854097847,5.32582236527832,4.84216628290652,5.1391965751945,5.45341334565249,5.85840916972056,6.53273685139818
1975-10-01,0.80979890706175,-1.45839043193764,-0.0389534545519547,0.676105494877289,1.2200637162884,2.24499931425809,5.31193935560714,4.8175830954188,5.15618752756953,5.47843401892037,5.89340212168566,6.4788599023842
1975-11-01,1.02388612720406,-1.19721045437345,0.193563212859681,0.8897278742353,1.44244379028334,2.50186455532271,5.1846709929653,4.66398821600365,5.01441679415547,5.34501599772296,5.7964550800432,6.37613436197873
1975-12-01,1.05945998700835,-1.11225248262707,0.246894907292251,0.917367896458348,1.48191827068478,2.44576423230328,4.9603482021504,4.46622240404939,4.81610707775511,5.1262960373538,5.52025172143808,6.08900408107819
1976-01-01,1.30341933601418,-0.980630155321252,0.471656713681392,1.15290439508949,1.73985230316156,2.78166177232102,4.76531533137691,4.27306630082228,4.63065976405398,4.93539151904147,5.33619371728179,5.9315745881758
1976-02-01,1.39720693103656,-1.00473306642839,0.559926768076474,1.26167315745713,1.85348240813001,2.88921342557595,4.59194339381374,4.06437731922336,4.43010636616375,4.75324180965353,5.15362785616779,5.79455705283978
1976-03-01,1.31157519422939,-0.962380824770375,0.443867011035047,1.15814398509451,1.76400359013413,2.69730017795373,4.4893332475312,3.98372305029204,4.34761909252511,4.66277558125078,5.03893727294449,5.66413573508733
1976-04-01,1.35751461563211,-0.979957611637466,0.538700445269994,1.1997171592396,1.79608787337309,2.81408298281054,4.45572255287428,3.96227799175883,4.31279988964905,4.61375429812693,5.03559616368888,5.70047008185623
1976-05-01,1.29035009954643,-0.998853308986681,0.426232556497669,1.14612725716355,1.69909232905789,2.84082395452016,4.52607660112528,3.99647782351621,4.39952490017938,4.6863442679291,5.1115489532599,5.79219529136785
1976-06-01,1.26969041221417,-0.892727571226949,0.463198824297233,1.12541535078435,1.70280265660363,2.81768062143935,4.55666393796327,4.0372900366401,4.39214507899633,4.71437726452622,5.12690431399724,5.68743774599145
1976-07-01,1.33170740340005,-1.00115416404879,0.50131559165184,1.1811609067262,1.7857341090434,2.72969129769552,4.62644525567768,4.12007315413262,4.4823246183276,4.78839487551668,5.19832642159312,5.82833668248101
1976-08-01,1.45100573840272,-0.777872168555449,0.571815341318086,1.32242285516487,1.88728119872485,2.89599015398536,4.60362077639974,4.07070395807802,4.43622059635221,4.76621606513858,5.18587472116968,5.822047559526
1976-09-01,1.55616253744649,-0.656916804502137,0.727265729594706,1.42053499869479,1.99434832277638,3.11552392555813,4.51988164324017,3.99755940763907,4.35162325272166,4.66707420739537,5.06020537442816,5.69272204181191
1976-10-01,1.66463075235086,-0.478856571790893,0.861560100286996,1.52010640483187,2.06816365301093,3.10069644243669,4.51671650394753,4.00801228167852,4.35577910863975,4.68730681607897,5.08006890481647,5.64939414901622
1976-11-01,1.70365671093872,-0.521798838085602,0.896945602681953,1.58601723941147,2.15049883332051,3.21839372264544,4.43219957303244,3.82539488141074,4.26708372585896,4.59006147382899,4.99668202265169,5.55459228995285
1976-12-01,1.61717306358826,-0.590867336883921,0.81858190025377,1.49247326543185,2.06265280694172,3.03713177094794,4.2383930757447,3.73439368762059,4.08572569214505,4.3891103727051,4.76661971237467,5.33303237684511
1977-01-01,1.5562734479643,-0.6885804250531,0.741477810631939,1.42728421986229,1.98358410352186,2.95997307342413,4.25952533345458,3.76854440807017,4.11005550005886,4.41936238905406,4.8321425853572,5.41889546606059
1977-02-01,1.51425225037179,-0.615554619775914,0.688029098680907,1.37796340005241,1.9648127845443,2.86666544883437,4.3924622324545,3.89113590593787,4.20558683265112,4.56261917983857,4.97106838080469,5.5773401259136
1977-03-01,1.49279985013755,-0.678081249499774,0.681478385390284,1.34621021684802,1.93132504599877,2.86762844297445,4.49135573371201,4.02614227935953,4.34287655851559,4.64621197256713,4.99831319753883,5.64766202883479
1977-04-01,1.48704218360185,-0.735191390216972,0.701517690516414,1.33270606855774,1.92402107873395,2.88975745956424,4.52994683840128,4.02694204504662,4.37085564439185,4.69815644090786,5.09225491215551,5.67114196595789
1977-05-01,1.50201766983718,-0.631238222548074,0.672728573367287,1.36481203072345,1.91222766164027,2.84633055247513,4.53278883733671,4.01154436592567,4.3841690034546,4.69647336007243,5.08700382427586,5.70957676048903
1977-06-01,1.48854801223224,-0.704983882442853,0.647837194256496,1.36317304937064,1.89887221529896,2.96903685636763,4.49369342775735,3.97592337764403,4.34730890867554,4.64183975701081,5.02978609038108,5.64593576773486
1977-07-01,1.51126859856797,-0.780784891880028,0.714214744619607,1.39018551194621,1.91224167194872,2.94078150526166,4.43924593156352,3.91887091339019,4.27699918858746,4.58969524228538,4.970395415942,5.59398574955807
1977-08-01,1.3987956999083,-0.814417335053403,0.622812756301515,1.27145441963217,1.84308253113318,2.82255595671559,4.37328447062718,3.81483287239902,4.19667958785161,4.52859013178072,4.92178992974404,5.52912550381753
1977-09-01,1.32518040753104,-0.816882579328063,0.505224922649863,1.20133394583368,1.75575369945372,2.82651219931156,4.41580151572138,3.88355289648651,4.24844625483336,4.57183552168323,4.94120353512054,5.51247982061472
1977-10-01,1.27717406179194,-0.865636124020481,0.475382965910683,1.13967308070818,1.70153153460158,2.74240409325575,4.43661503707371,3.92727780477123,4.2921410369766,4.58259271254148,4.96882976266558,5.61029489550552
1977-11-01,1.28673784702885,-0.942462666973164,0.483425434084092,1.1643057153769,1.70691489363111,2.79548710473653,4.45977581646994,3.89811347893584,4.30348241308854,4.60809102960245,5.01514884301953,5.57680482267199
1977-12-01,1.28747854601859,-0.869398262637551,0.506427298076985,1.1657512449067,1.74659228122047,2.76487432659694,4.58547298076915,4.06689320136777,4.42271964002668,4.71202844961131,5.09386789997179,5.68870599725671
1978-01-01,1.27367853352253,-0.937941179384507,0.475574904819996,1.12995427458165,1.6904388623118,2.73586293424175,4.81985925760535,4.32763307223351,4.66057420015773,4.97072106797521,5.36782334741056,5.96561915666306
1978-02-01,1.26593538708839,-0.886982275403836,0.43432638919761,1.13101421098486,1.70416317774187,2.70436095566337,4.90446902885752,4.35375116406944,4.73731658712013,5.06487628728858,5.46798238387795,6.09645563578398
1978-03-01,1.23528310838125,-1.05628343132663,0.43365582095081,1.10669428750418,1.67046919494087,2.68189573922084,4.86917391283417,4.31299561083044,4.7221498951662,5.01853883454511,5.39992082478227,5.98720465664488
1978-04-01,1.18754363244398,-1.04636312915018,0.383011467204656,1.06747529190032,1.62466904816775,2.61653962053369,4.82429412411257,4.29177984359584,4.63550544535068,4.97791631120999,5.3750066909353,6.03256303793468
1978-05-01,1.07717742959211,-1.24885182176018,0.245696323346802,0.927460208163744,1.5183692434383,2.46882586617448,4.84911033776222,4.30718683536754,4.6953309597577,5.01401572096934,5.41436105186716,6.13014576403743
1978-06-01,1.05301977998584,-1.17634012375185,0.203712507520227,0.903636344459611,1.4720219896278,2.46938785467976,4.96652190703962,4.46462890368402,4.82300967983652,5.14242053068789,5.4910769376094,6.10536698748314
1978-07-01,0.998342478157002,-1.22143666826294,0.189961586955201,0.856983693299345,1.37668416227068,2.47336307437137,5.12757884116413,4.60081975740816,4.97192242719569,5.28917159532989,5.71870805733522,6.33797668364052
1978-08-01,0.881893219466603,-1.36201088919336,0.0597691280060391,0.74359514026282,1.30382039556427,2.36790872147139,5.12577552498536,4.63033447917421,4.95903239092827,5.27353455145967,5.68504258660401,6.38751222958694
1978-09-01,0.918949766497758,-1.24039809590878,0.0871561023302274,0.786035357964773,1.31198363747164,2.33319962969969,5.26273010581908,4.7343449673293,5.11054185513711,5.41163025366522,5.80926557684196,6.36673497068094
1978-10-01,0.839441445444702,-1.3399075848851,0.0487370105144896,0.713291720749586,1.25670177061914,2.37404095092631,5.35850404449062,4.84002334101865,5.18475938895542,5.52094100022224,5.91637178687631,6.52337194141551
1978-11-01,0.610833024601629,-1.46873427091383,-0.199195548157131,0.505926567499036,0.988596357181307,2.1017580282192,5.38792410459874,4.79475368428244,5.20357864793264,5.52280187411161,5.94771169166718,6.65628161232764
1978-12-01,0.621232382782606,-1.51838456841995,-0.173961419079996,0.495648415088195,1.01806061086049,2.07462080553454,5.51552375790917,5.00751955078189,5.35018619141317,5.67303358604098,6.0386757159148,6.63066919134207
1979-01-01,0.553361462646984,-1.49581571008882,-0.255459455818315,0.430492508695139,0.9735347542496,1.93585720001086,5.67856491696587,5.16725033570926,5.49073393044666,5.81746115163059,6.20901826809798,6.78364220585027
1979-02-01,0.650624437927762,-1.3701421694996,-0.127876815471922,0.523802116946211,1.05701581672315,2.20254313576354,5.84973007654714,5.3102976747174,5.67668761975938,5.99682292068309,6.39162483721269,6.94610913169887
1979-03-01,0.676951956613838,-1.44670229686713,-0.118682879851672,0.554922484927444,1.11023357394623,2.14202667801063,5.98397208093645,5.36732171306711,5.81311682090048,6.12778355113077,6.51062217118519,7.09452492172676
1979-04-01,0.653569676044606,-1.38345058436868,-0.154733638443019,0.543169292427402,1.05645318426337,2.05086023248241,6.16634508876721,5.60921358173905,5.98388788419866,6.29631982074195,6.71716925262763,7.3761164902497
1979-05-01,0.666227668739204,-1.40267586629628,-0.11065531337792,0.555353511927276,1.07784838626175,2.13485892694942,6.2652691874726,5.71638110819594,6.07189360666187,6.40576406414464,6.83000127090355,7.3615102121436
1979-06-01,0.658824307532315,-1.29942121703801,-0.0959436978860558,0.533976696723369,1.06564843838164,2.14897124189114,6.20996536828948,5.67386139332674,6.03939360048007,6.34379074294778,6.7190137615889,7.25854838372556
1979-07-01,0.724076322706268,-1.27525873566298,-0.00362761850965985,0.627823345671332,1.16342456104175,2.20652929174345,6.25247640447856,5.69964570392156,6.05630784964903,6.38438803147569,6.74401656233936,7.38213120865289
1979-08-01,0.697290026787567,-1.32337672673245,-0.105137440110886,0.571916262363838,1.10560062177976,2.17153691896159,6.28418908935925,5.68357671437554,6.09182248752536,6.43453194701501,6.81690467419951,7.33303497834671
1979-09-01,0.573917560752962,-1.38201999477358,-0.167571007919839,0.478376229353412,0.970884863988823,2.04798498221244,6.39614387514381,5.87617959824529,6.21108954034374,6.51531887618962,6.90550152212527,7.38257290898103
1979-10-01,0.631811701431669,-1.47380546536455,-0.116858413453798,0.512009921717579,1.03439111486799,2.07527321082301,6.82743893645646,6.31317804749343,6.66964884757673,6.98271371386168,7.34091586033707,7.90081244174351
1979-11-01,0.627292341803336,-1.3955669549883,-0.169659584715343,0.481034568013906,1.05277224115695,2.09445726785903,7.19823246983137,6.66326845094216,7.00340557281883,7.33505574562529,7.75071632096371,8.23476314767288
1979-12-01,0.66651018930435,-1.24273680821928,-0.0871482993474513,0.561218084085005,1.1142999685989,2.13435942093396,7.43530368956303,6.91590048211481,7.21963603967394,7.54838432322921,7.92175104176216,8.47778022738659
1980-01-01,0.733491690561582,-1.24273252994184,-0.0320130874442627,0.608712069429814,1.17927185069166,2.15803717528935,7.82883140442866,7.23787517488251,7.63432943430743,7.95408402814019,8.35482053958896,8.91921198643492
1980-02-01,0.625980027752444,-1.5031303183125,-0.198539981481657,0.504254150337919,1.04591361730847,2.06741468121744,8.57437152287319,8.01051068002704,8.38091371871496,8.7317663034594,9.13900673966288,9.76548520210591
1980-03-01,0.0876852839304839,-1.88381673526241,-0.731964419619038,-0.0265033413473115,0.505154370208334,1.61314869742447,8.72324254113362,8.1317524684726,8.5503997446602,8.86571306317305,9.25167593853317,9.84035397167794
1980-04-01,0.147159356948269,-1.89956368362682,-0.65428978551584,0.0301833921559382,0.546722693162616,1.66445220611547,8.79033214864405,8.26870379503872,8.5928619621051,8.92657501646816,9.35151464430068,9.9503897670034
1980-05-01,0.204826955250618,-1.76689899771828,-0.570182943573946,0.086035479710868,0.594322366613494,1.63522929549579,8.46224627113657,7.91529187564058,8.27143354678869,8.60098464841432,8.98774613465083,9.58814618066649
1980-06-01,0.210960007640455,-1.75988190231298,-0.554621411703639,0.0889546145077632,0.625962354298184,1.75950534944257,7.85554664455869,7.29449752314959,7.66370986785921,7.99683380772833,8.36145304422296,8.93287220425942
1980-07-01,0.582309861505328,-1.51323560497117,-0.211437632188058,0.448040646597658,1.02736402676325,2.07438683734464,7.861833658942,7.31262126848666,7.70157313503431,8.01034841140345,8.40559705010631,9.01232379767843
1980-08-01,0.59319487780798,-1.56300782805892,-0.226213269793347,0.477859897253171,1.04576715239114,2.04024643904707,8.09478461931585,7.55971776076778,7.90414693293589,8.24807872398746,8.67235639382313,9.32867611989473
1980-09-01,0.468663093023411,-1.71310914879151,-0.345296277735114,0.331690419067856,0.88784483030564,1.86697754059111,8.2006787425068,7.65443871567527,8.0225094983968,8.35345604154856,8.76843939279303,9.39822878666531
1980-10-01,0.512952512127606,-1.67227569687868,-0.32743282762234,0.366313823433105,0.940134941673798,2.03440277580785,8.53697513913412,8.00633959726616,8.37839559271674,8.72166031087246,9.13310909417704,9.76357688569547
1980-11-01,0.682405781663384,-1.34768250577193,-0.163373745039727,0.552866273282889,1.11159976843158,2.02239893502995,9.03988389763358,8.50743521678183,8.87519632905272,9.2001966069661,9.62108449813499,10.3444572114199
1980-12-01,0.902380968269901,-1.12284586621645,0.104093737563816,0.759229230399109,1.34238295326643,2.31643122379332,9.18176575599249,8.6249456479664,9.0184036728007,9.3455841560341,9.73121751852377,10.4133324854065
1981-01-01,1.15172478621716,-0.797727942543842,0.323110542423669,1.02889260444634,1.56241932904867,2.66072909424042,9.31184167742437,8.7792531361865,9.15177394967006,9.46962081993452,9.85041106123393,10.4800757907648
1981-02-01,1.24529460624863,-0.804800295217682,0.419461408366017,1.11017018688373,1.70594932589462,2.71680657306222,9.51444339323699,8.97901038986375,9.36792883117176,9.69822596950594,10.0934930626947,10.7160894137521
1981-03-01,1.22352997270527,-0.938975299209304,0.40361502173761,1.07093222359464,1.66967206582818,2.76183439982956,9.34659343470754,8.87486196512517,9.21570347239874,9.51273488732466,9.91134746272357,10.5234902404496
1981-04-01,1.15455949718517,-1.1615480828393,0.265370587220248,1.03072124038509,1.60550772702533,2.61307613026116,9.47353447740422,8.97480101347403,9.31490439076695,9.65020239156408,10.0862297062367,10.7542959706916
1981-05-01,1.02962101281943,-1.11824375063753,0.157822585214156,0.894206221944402,1.50254556856636,2.47944325469497,9.68188258459753,9.18574208319496,9.53949660915761,9.87256415425576,10.281335551022,10.9384503688159
1981-06-01,0.883277909559029,-1.39132753203893,0.0842625368562719,0.747494939789914,1.33252394466367,2.32106526962297,9.37041359355803,8.82403454298315,9.19346656679025,9.54590608434842,9.94653894674545,10.5967635083223
1981-07-01,0.790415861863931,-1.55144454104067,-0.0746794430355218,0.636337929047584,1.26181541337155,2.33138522396966,9.6495432070916,9.11789738680066,9.52217538617095,9.85135310417314,10.2657557812671,10.994555296137
1981-08-01,0.604166469970035,-1.82411564294083,-0.306546762890002,0.424900152260268,1.0603330290754,2.07871888657907,9.87368823679888,9.35770092178999,9.73958485556005,10.0658129671558,10.5245066036084,11.2848373459227
1981-09-01,0.554312001695375,-2.02099927220335,-0.372786386570349,0.36951727166246,1.04727877755077,1.9928293596178,10.0849421595555,9.56982981237424,9.92900395628182,10.2836435751475,10.7272394109865,11.4470076165847
1981-10-01,0.44560871204773,-2.10819952718771,-0.51198823069541,0.248603388573431,0.892488696944415,1.8037870495336,10.4570837347578,9.98068378352168,10.3076898161368,10.6688992561035,11.1299050129841,11.9785388825396
1981-11-01,0.240071573821737,-2.2085392283192,-0.702418987095599,0.0477013050995774,0.654746727569607,1.64808934722091,9.96347621345872,9.47319786633303,9.84198385961595,10.1786086998284,10.6232912375794,11.3692804723985
1981-12-01,0.321133392978741,-2.13070902835962,-0.595048566772657,0.154330280612116,0.759037072273821,1.74635431023,9.77721621637763,9.32055849807515,9.63400044560019,9.9646392399162,10.4303354266625,11.1863561081741
1982-01-01,0.378983674324373,-2.17013421085983,-0.585383457786785,0.167379575371437,0.810483380255985,1.83949391187021,10.2452060305002,9.77690914350054,10.1183170649684,10.4528762479348,10.9374520465298,11.68033948205
1982-02-01,0.403292278125453,-2.10497874401316,-0.567255728352717,0.237691630744056,0.849474938433829,1.77982453948577,10.3048746143909,9.81313174462833,10.1645791006036,10.5084014787175,10.9809605904054,11.7235886817659
1982-03-01,0.369709060633686,-2.00883827584629,-0.550643650686718,0.187843235957246,0.80665766878693,1.83716429651656,9.89766472920059,9.4390843100987,9.76489358393713,10.1017854017983,10.5638465221723,11.2969721399179
1982-04-01,0.234600442764618,-2.20241216991164,-0.699979390841953,0.0577040758670618,0.671113364703673,1.68103489070795,9.8039395642036,9.33865214921795,9.66233293350914,10.0054667259561,10.4394742323766,11.244601089898
1982-05-01,0.335908661331032,-2.10168595624841,-0.576958760832624,0.165796598274148,0.793136942381415,1.796056892616,9.61483148127727,9.14843762752507,9.45338852939037,9.79784643922232,10.2796391655431,11.0517275471053
1982-06-01,0.579834777923279,-1.9582308098207,-0.39063568265093,0.357049956934026,1.0261415640469,1.9855761751757,9.75459558118333,9.28485862559804,9.61498077563914,9.97397612652758,10.4160662436705,11.1442092645272
1982-07-01,0.344477181249135,-2.28686117682094,-0.656391404828739,0.1522652613767,0.77603087869528,1.8105758235756,9.68402117157897,9.18380852949124,9.55994650219064,9.89160048913673,10.3786902617787,11.1229884124224
1982-08-01,0.0821405599852707,-2.6178712390667,-0.88969790928532,-0.124512379123314,0.552170931159162,1.64684963506711,9.12324616806156,8.5885867809179,8.97864584815264,9.32475854839508,9.79681038188142,10.6206348389576
1982-09-01,-0.110436115957166,-2.75449921888369,-1.06441586360785,-0.323843623988312,0.316724455550087,1.46458089927022,8.49172576558677,7.94226370289346,8.33985745100603,8.69080120115807,9.15028195823621,9.92328198739986
1982-10-01,0.118500979098856,-2.31217786470624,-0.858955145344489,-0.0845451302515991,0.560826596643883,1.57570851785334,8.16065889608371,7.6630412490061,8.02675334065222,8.34748333632706,8.83576384424906,9.63369200729191
1982-11-01,0.579918391984549,-1.84350735677147,-0.348622410800374,0.410339294050685,0.99059769616911,2.05817351223031,7.78393342917269,7.27932363356711,7.64044609455473,7.9694173863755,8.43223433682189,9.25192191225972
1982-12-01,0.980615986702966,-1.49068363012219,0.0391754547711341,0.812771310394599,1.42052499564418,2.50863191648912,7.55601535220969,7.07944809585971,7.44471312473876,7.75314030326389,8.19140712479149,8.92049383025302
1983-01-01,1.21296088005336,-1.1710566529633,0.309173798542153,1.03857056804073,1.65170250829957,2.65600988238171,7.56783844153022,7.11968518741915,7.42021021186094,7.75880055353117,8.21252820222735,8.89588996337372
1983-02-01,1.41780102995871,-0.990685711707309,0.530896696105646,1.24515439342046,1.90411403113523,2.89173098923057,7.44440036066861,7.00841268108419,7.30277490259218,7.62450982862532,8.06514689790846,8.79013166440073
1983-03-01,1.43735429314125,-1.14525377916741,0.541518488759727,1.27396148252712,1.88521305011348,2.88137021545422,7.30789502189807,6.82622447442743,7.18346956359238,7.5084567941636,7.92983158108072,8.59404060939856
1983-04-01,1.3570954693492,-1.08056006936613,0.455011120800415,1.20002814174547,1.81604196440005,2.82599109637138,7.29823647946411,6.80834606649783,7.15054633392993,7.48684257604259,7.91709123010539,8.66923733374637
1983-05-01,1.50242975351818,-0.922718930765984,0.602207267596876,1.34221857423426,1.96875271559124,2.99224339471023,7.21320990214605,6.76774582508069,7.09385630090332,7.41517185740839,7.84870798932993,8.48669919729465
1983-06-01,1.56008002040755,-0.849273584187373,0.618742225319045,1.39157361621754,2.03451934844848,2.99830902230073,7.26320124614981,6.83065687402825,7.12282331404838,7.45293021205308,7.87305894050775,8.56946214659863
1983-07-01,1.57110175539237,-0.954688778443895,0.634605556007313,1.39832314645985,2.05567970211016,3.05571357878909,7.54671673644794,7.0781298864029,7.4184765920149,7.75650039239244,8.19852349595454,8.90282611346126
1983-08-01,1.62329045932883,-0.91979626900292,0.646944525625825,1.4475035060028,2.07086975089604,3.03053699410572,7.70824994480489,7.20415235258668,7.57339562773998,7.91418337404974,8.40237658329658,9.16398664856787
1983-09-01,1.56934770623603,-0.93338113507915,0.615009545955634,1.37808248709591,2.04351459580611,2.99993283758334,7.76114985702282,7.28164858967693,7.64850442685763,7.97091786253155,8.41165600535403,9.13884954848875
1983-10-01,1.49438289522871,-1.02515088994419,0.554915157797152,1.29752424903636,1.93294604283715,2.9737079127299,7.87452493310582,7.42257242233527,7.74418519176546,8.08348732733819,8.52407113807917,9.27642333536426
1983-11-01,1.56138807827918,-1.02496615587544,0.579044161305653,1.38644791227003,2.04071597467151,3.08494940542023,7.90441718137973,7.45983676025709,7.77224047588209,8.10941270682511,8.60219851253055,9.30614073199268
1983-12-01,1.56685342879943,-1.03667928672735,0.589017303555504,1.37734564380453,2.06406401063024,3.06039520985743,7.94821868934904,7.55622818383322,7.81797798132284,8.13848005506474,8.6019302417843,9.38054268435905
1984-01-01,1.49406063276137,-0.96679045319069,0.552887290267281,1.31941843484101,1.96378049209642,2.99807129037455,7.98504017377209,7.53504448616398,7.85561553593543,8.18821715068881,8.64747174665074,9.394035278956
1984-02-01,1.58842092312892,-0.92421427399478,0.601865706830753,1.39855308455753,2.09407806594037,3.10116157397984,8.00452634074786,7.54498001016176,7.88589723889768,8.23139549750108,8.66764119645693,9.5203286695325
1984-03-01,1.68426026934245,-0.866663861356108,0.734122056680185,1.4926845705479,2.16467977663205,3.15764647817291,8.23189813644476,7.80374497946782,8.10903114464391,8.4425505539609,8.8847008569697,9.64574261486312
1984-04-01,1.59006764471592,-0.959836175968696,0.630856451508913,1.38724545782255,2.0546363118954,3.13514401469695,8.4958074443285,8.04985887177055,8.35776680974603,8.72704608651524,9.17652193293972,10.0798145354998
1984-05-01,1.58029885816143,-1.16079211434237,0.575916955078122,1.37348032330511,2.09375956365267,3.09020274400738,8.74959175208482,8.33478696803158,8.62500933803832,8.97285691013967,9.47251788457537,10.2240320745535
1984-06-01,1.29005951131043,-1.44896315437955,0.269797059564343,1.08473245997865,1.80310094007637,2.82006883929495,8.79246599466279,8.31765273062175,8.68177922897732,8.99835702442067,9.51752322187005,10.3576313843906
1984-07-01,1.00302365434862,-1.6800052225913,-0.0100926656980628,0.788381750457472,1.49578672416247,2.57334492464234,8.99579630913374,8.5115308099743,8.89572424775579,9.21337750479051,9.72663568083669,10.6249183594962
1984-08-01,0.954251555464828,-1.54006157089685,-0.0121610299498113,0.758954082794478,1.39718943807784,2.38793559045404,8.73376719419449,8.29648916438335,8.62340720155024,8.95414943195553,9.42240912300347,10.2419097685572
1984-09-01,1.04538299121714,-1.47457580039902,0.084206973153386,0.842420132861388,1.51547189799501,2.51530255529611,8.4252116209039,7.972154261315,8.29793629833242,8.64166484372606,9.13637011932501,9.87491575405643
1984-10-01,1.02004374982992,-1.59230163907872,0.0629637327472385,0.818330157189528,1.48011464316654,2.48739577667853,8.29125964386003,7.81500004603546,8.1592239007483,8.49185537777218,8.97144191913669,9.81779811881738
1984-11-01,1.16800439255735,-1.33469251646319,0.180614390516114,0.980039365552925,1.57082343461578,2.69298029840818,7.9644805409663,7.51696596837275,7.82283280902945,8.18043333684169,8.64213194481374,9.42840500891553
1984-12-01,1.43337635139159,-1.16345609054442,0.486285971944575,1.24944283105811,1.90134929984744,2.91522847795421,7.77666188668874,7.32117904185801,7.66495721041472,7.99645016265957,8.43996066813666,9.21837929343771
1985-01-01,1.51547006155442,-1.11089774889062,0.579210537605564,1.31150427161958,1.98215261594975,3.10184591218782,7.72469493274035,7.23579074377369,7.60996913700961,7.93240959078567,8.39878052022089,9.126899079001
1985-02-01,1.74813774351439,-0.806274784707475,0.740878978342116,1.53785730922901,2.23226142058753,3.2130921660282,7.60474848612502,7.12722377406611,7.50472931816851,7.82445469624778,8.31133247564544,9.05924312100509
1985-03-01,1.85916574867485,-0.787561200261374,0.887108959874648,1.67721096475027,2.35317078217919,3.32739202285003,7.51230730611307,7.08588578821061,7.40006036407139,7.73734221299869,8.19963970198231,8.99175376065815
1985-04-01,1.81329156417048,-0.824280297716896,0.82307756883886,1.57093102532015,2.28512604421001,3.25608781453136,7.46640164984384,7.08743988103497,7.3722568044612,7.6977182184816,8.18400209168317,9.01234575651001
1985-05-01,1.84986309842897,-0.717873854097544,0.875859308717536,1.66841505370167,2.31095680914368,3.35057833540298,7.20161958601116,6.72430669866801,7.08354414260103,7.40545290308465,7.85441820356734,8.67313601919313
1985-06-01,1.83694474321636,-0.680922928972114,0.900896875037501,1.65206810972292,2.27258661059545,3.26114994357987,6.81556981959998,6.31000552484018,6.70167866475662,7.0333766856872,7.45585823167095,8.31891915896966
1985-07-01,2.00753696272095,-0.504184397903562,1.03360494798552,1.81406566528648,2.48445042453545,3.5558857440068,6.7805922421267,6.33448211642619,6.65009833528727,6.9676433745035,7.44773017109994,8.30247826151717
1985-08-01,2.07693395747969,-0.510911524294095,1.11771003050776,1.89303040245429,2.54512264479201,3.49081574849586,6.63802912972309,6.18172336392837,6.52074205111397,6.84250610759431,7.30667991225453,8.05003796534071
1985-09-01,2.11259548801437,-0.45634977171085,1.14917996929469,1.93130563657169,2.57496029391559,3.70079873780659,6.59334837094397,6.16758361209809,6.49494768279396,6.80006622592625,7.24392695675131,8.00964887916147
1985-10-01,2.0526734512713,-0.452353074117724,1.11960840375043,1.87975243536384,2.51581176754689,3.44359314387822,6.61144544853427,6.1235450494027,6.50202654915281,6.8208931676267,7.25546736454388,8.07776860975763
1985-11-01,1.96810968550406,-0.464981897636501,1.026057175865,1.80079877799545,2.3899363853624,3.40826539534258,6.42632110369323,5.95999888963831,6.27140165888706,6.62770973393707,7.08715041748843,7.78287363858582
1985-12-01,1.85014684320616,-0.525395301945855,0.975876229887174,1.67119871753036,2.28053367874115,3.30383054251863,6.16926408337174,5.7044828415877,6.06202439352186,6.36893114714396,6.7642281565147,7.47305993569746
1986-01-01,1.72906947298566,-0.604945421508192,0.8484206567479,1.55692192154547,2.18639312720234,3.24202034674998,6.11402478570266,5.61820814933859,5.9859567499323,6.29027346178198,6.7321460550898,7.41848678945116
1986-02-01,1.57231492138626,-0.780471444999599,0.718646527120224,1.42768850290484,1.98589266258119,2.95506311076587,5.83448049180712,5.3773439254665,5.69850433367647,6.02664642189154,6.41673883123878,7.10901938362398
1986-03-01,1.29941160408405,-0.907495107683106,0.493051666989406,1.16886739474461,1.70002783985321,2.71965277368798,5.25196634282687,4.79233233018343,5.11998218453485,5.4260761259506,5.81439333168794,6.34464603955269
1986-04-01,1.29753232879241,-0.890022211347101,0.512616505367784,1.15520032911352,1.72789630459522,2.73437780685233,4.77178492215986,4.22462122957373,4.60852665487219,4.94293964247352,5.3108064198735,5.94859256417616
1986-05-01,1.56115240577751,-0.595138052969025,0.744921845711711,1.42110454297291,1.98900232610941,3.10334071059279,4.77565011382371,4.23967174725408,4.6342750867707,4.93184997971356,5.35224476266746,5.93163988921643
1986-06-01,1.66305395596473,-0.576142238162805,0.831587827182932,1.51907144620854,2.12049666525726,3.06430730606311,4.82328655562341,4.36176029597197,4.68008378329039,4.9817031749797,5.3477357766473,5.95610927163159
1986-07-01,1.65360206851875,-0.591383085005475,0.807330328170068,1.5152863977126,2.06191618735647,3.11221171224298,4.64253654273689,4.17058419142672,4.500561812835,4.80189234962343,5.22675122249229,5.86958363031377
1986-08-01,1.75635666685107,-0.477511556650545,0.93917754439806,1.61161365726461,2.16833949189101,3.18345796492991,4.53400146468725,4.04631439106277,4.39141932792708,4.71093776762379,5.09131336490992,5.69406795101237
1986-09-01,1.89321803213688,-0.364846792029928,1.09416914334417,1.76655932125265,2.31975072124523,3.33805582654298,4.70985140969557,4.19364466706801,4.57046829481445,4.86639420061685,5.25303263213472,5.8801859447985
1986-10-01,1.8852890172793,-0.352170503234219,1.09481777425406,1.75351302530251,2.31768468190497,3.32387363588958,4.77256474376938,4.31471095290615,4.61839286634508,4.93340380655102,5.33902330286957,5.9981594279005
1986-11-01,1.83670881029566,-0.305061164192271,1.01601257654298,1.69396721125957,2.27255410585491,3.26893169131818,4.66680745503123,4.16689813454049,4.51648413529941,4.83410834085564,5.22551979909468,5.72906158502948
1986-12-01,1.73778145324975,-0.333805971601506,0.954850806588818,1.60796866037179,2.15792597437851,3.16838982664062,4.565900774241,4.02043924641979,4.400502493482,4.7126803789009,5.09802006698439,5.68207063797475
1987-01-01,1.68923071238391,-0.418036674694787,0.907128292156325,1.57054571241012,2.13221101959397,3.33173630067689,4.51068888972041,3.94329490008629,4.32753300704633,4.64612291092421,5.01990921232141,5.70302209769995
1987-02-01,1.72298183047762,-0.503721460548898,0.937701597876644,1.61805524023573,2.14976678329234,3.19890491858907,4.47385984033118,3.95568918906094,4.30471679858678,4.63289013626087,5.00152016515746,5.66192723160428
1987-03-01,1.65543691172374,-0.472869475211719,0.856959651732255,1.54590649249344,2.05569008648646,3.17147789462874,4.46634074359066,3.92582321203429,4.32683398601164,4.60759120716388,4.95182497428783,5.52646676041571
1987-04-01,1.71801491391119,-0.559844123002473,0.913383806950182,1.58779191396134,2.15738862759618,3.13947969384036,4.78628509790975,4.25889598520639,4.61393785851613,4.93769996590511,5.34805649311184,5.90885724054224
1987-05-01,1.60293262601277,-0.753156090030782,0.716403094389508,1.48067956421987,2.03843445752189,3.03628020138341,5.01353206150252,4.50731640526051,4.8522017539018,5.18215899936735,5.58174917347435,6.26431876943879
1987-06-01,1.44311763975972,-0.836941312397272,0.621821477346053,1.31869859785559,1.86669259769446,2.98221792061118,5.12920362489401,4.64101119487452,4.96643954872011,5.28199072133987,5.69288429690973,6.3568953559884
1987-07-01,1.54700153126611,-0.721533171326351,0.703473388756636,1.40273020491374,1.95053880381638,2.98442169871974,5.29664791917062,4.74333072479,5.1467443311407,5.44853244720609,5.88210635243987,6.50414679834362
1987-08-01,1.63505031980271,-0.664224932119059,0.796816913934517,1.48901881777237,2.06865638806682,3.03696163361826,5.49196329758047,4.96230148005215,5.32332879108756,5.66294255162062,6.09094433888017,6.75925305355801
1987-09-01,1.66464111608908,-0.654965891649713,0.774399272841704,1.5116115312931,2.08672201489466,3.13917150822427,5.80244103714013,5.31441958637588,5.6599079316488,5.99470780985541,6.41386253139914,7.01126663424118
1987-10-01,1.56190019038076,-0.993806723310177,0.671842230480819,1.39301712950846,1.99074919791401,2.99279113179445,5.82094335062697,5.3580690951353,5.67799407239859,6.01782560999341,6.44765703468852,7.09647684246155
1987-11-01,1.41917431374531,-1.02532869628751,0.545353855573191,1.25275528228706,1.83369902578127,2.82581293865144,5.65901375202602,5.14887926192088,5.51799074299533,5.83945013320076,6.26827914916554,7.01182093528428
1987-12-01,1.44529669176834,-0.895742319873623,0.576909444249263,1.28143204844,1.87522244234007,2.89567252700556,5.71321728358697,5.24499982403252,5.57054989671596,5.88721340515704,6.31225478336075,6.99513019245192
1988-01-01,1.39848327588283,-0.824158484452536,0.561397006214506,1.22781926711374,1.79158195285243,2.78953378094121,5.66466895601308,5.13935022941773,5.53170698651652,5.86261866320267,6.25143205610439,6.93377896244774
1988-02-01,1.3943982294292,-0.865886568399437,0.565056044061095,1.24031192555254,1.8246155420619,2.83626913469603,5.48961217389088,4.97143609917788,5.3444362577283,5.65978910077125,6.07808305825174,6.73519242077089
1988-03-01,1.53702076829915,-0.6547064019566,0.687957506143101,1.41236913073457,1.95275074339376,2.88635245155655,5.47086040819332,4.97062375475041,5.31935313429596,5.63907265659379,6.04512506756941,6.71124318058824
1988-04-01,1.65334067905738,-0.63076872895568,0.782752489389724,1.5068886005378,2.04342688969822,3.13164801297659,5.58793413996492,5.09618866320907,5.44697228675667,5.76880796003196,6.19913818197473,6.76959090399266
1988-05-01,1.74059349914439,-0.525676601272886,0.907740949300868,1.60454677135276,2.17353311571474,3.12021794669844,5.67763685334849,5.20945188563666,5.48769964658343,5.84120100122283,6.27207968731615,6.93548253550705
1988-06-01,1.61480757405669,-0.639921065157658,0.783533739281633,1.49277014097912,2.0175592623818,3.01614772333592,5.56139717962434,5.03320890727391,5.40327189980305,5.73220324618893,6.15003944359525,6.74557225000503
1988-07-01,1.58735776007433,-0.622846558878872,0.75590426920729,1.45553871177274,2.03669988017901,3.13019733905569,5.67562309010767,5.14652507508844,5.52959490439256,5.85212031927345,6.25829992563177,6.92722828511684
1988-08-01,1.54594877465936,-0.690258545875626,0.693830874751562,1.39278523427397,1.96684601991164,2.99722445431612,5.71715852706446,5.24378151598063,5.56172948887998,5.89542575256857,6.31309465003763,7.01080533072575
1988-09-01,1.4695658286973,-0.748065744714394,0.663518500354878,1.33833147503957,1.87664865293866,2.76154085033122,5.60645106478533,5.09573115058327,5.44911747996776,5.7663294822849,6.16336746255058,6.8106078315276
1988-10-01,1.45964980680763,-0.776647048824451,0.641302732776898,1.32012895128913,1.861541084823,2.85096617371946,5.53454874041388,4.99863272525781,5.39654252506482,5.72843176210371,6.11178256274207,6.68205906194163
1988-11-01,1.48264249573683,-0.728156126280711,0.621299449745587,1.33940902345632,1.89288837040887,3.00745665070263,5.52581651482921,5.0314890118609,5.37284346098915,5.6922550147257,6.10814926858173,6.76108263803012
1988-12-01,1.4214215623434,-0.690256034097245,0.583228332238871,1.26987916669928,1.84090464211151,2.82999582985803,5.41448496572549,4.94127431972115,5.27195890289873,5.57039148742136,5.9836211754515,6.59424433771924
1989-01-01,1.40801285017895,-0.930602510909582,0.556628243590543,1.2727748092809,1.84288890697461,2.78295825936874,5.36971674884249,4.88050483195438,5.1898614603361,5.53467683060861,5.93918961953287,6.57363990390684
1989-02-01,1.41132907937695,-0.852611957968377,0.556936363120586,1.24736314745849,1.81666807071727,2.76846001924468,5.36080528862726,4.87826545460191,5.20984604987849,5.53474185836139,5.96042289571664,6.58690611994226
1989-03-01,1.36529302195289,-0.816220968413319,0.505577998389955,1.22515230446675,1.81555630071375,2.84164644845159,5.35309471940126,4.94483217226121,5.20236888714539,5.49835726626685,5.89965695252935,6.56446448718002
1989-04-01,1.30674086325344,-1.02806630634127,0.461042282051768,1.17210590758296,1.71621782432688,2.76829545495682,5.36792776892661,4.87305789323786,5.21996074613849,5.53281161689253,5.95448585378601,6.66163105200684
1989-05-01,1.34160359112877,-0.833956760135218,0.513097023199496,1.17907800338561,1.74995399544872,2.75466002110391,5.30218309540609,4.84683062850827,5.15483701236253,5.45091814529083,5.85347402552515,6.49012523840582
1989-06-01,1.38975434492487,-0.815708094710206,0.565219191156526,1.25952876458297,1.77813692049239,2.85873371104172,5.00953450794848,4.48373502913707,4.87154647513662,5.18753105418551,5.58618831717957,6.17768478452963
1989-07-01,1.60261350820877,-0.479091535306964,0.80535508534889,1.45557570253625,1.98648202340636,3.08429964333464,4.85814851640897,4.3828918409058,4.71866148190945,5.02112579475062,5.39771617896338,6.05972059408082
1989-08-01,1.6138215840416,-0.55201462592444,0.805006142986022,1.47068766829988,2.05850347217423,2.97972120277916,4.68210912436711,4.19786001444211,4.55241162878158,4.83854683017327,5.22020707069389,5.83034886793624
1989-09-01,1.64076153561681,-0.620536921124201,0.840683829594483,1.53453669561577,2.10453417940845,3.13139869332736,4.57782079561043,4.03585541722527,4.40829975716499,4.72082054244531,5.11091177405658,5.69850708176592
1989-10-01,1.68303785695191,-0.467168975300119,0.911928655614745,1.56418138315514,2.13000623705479,3.17351170164369,4.50606120687879,4.02661036891105,4.32932216116288,4.64128912185253,5.06079284313828,5.60276194411312
1989-11-01,1.74442037963287,-0.393931585523727,0.965708845120542,1.61124451348751,2.16987720166615,3.21072740457392,4.46735693713692,4.01840141118272,4.3091766709792,4.61178993266153,5.00001017023409,5.61912679258833
1989-12-01,1.77624295048392,-0.314299496813407,1.00713161165415,1.65014158876043,2.2030862733025,3.3658492614336,4.36553952566994,3.81417519212796,4.21382354774816,4.50423149142565,4.89836999897998,5.42323839376566
1990-01-01,1.8286720613231,-0.319157782293846,1.02854581982164,1.70812665491619,2.2572808758747,3.3047696923165,4.53638536470121,4.05805071538758,4.37037751444192,4.6935781958475,5.06125569172668,5.64734116566709
1990-02-01,1.82042384454494,-0.429432881834753,1.00321996400196,1.68600300280214,2.25190879105823,3.33993174018384,4.70419391736561,4.20664138850451,4.54515939315448,4.86053577462675,5.27432266107612,5.88982124035534
1990-03-01,1.78851295716926,-0.539768721182193,0.95529352642263,1.62945514803526,2.23941405998117,3.33072680792468,4.72885686153093,4.20223657299673,4.59046958853883,4.89643845603896,5.27876138922556,5.93600538842288
1990-04-01,1.71679740681599,-0.604869256766437,0.909589109870235,1.55681676710599,2.17341202704204,3.1564803864315,4.87901293630844,4.34417739897218,4.74549326059504,5.04005105256632,5.43912254627317,6.05809272098045
1990-05-01,1.65139799520834,-0.64750476797784,0.841749217685426,1.52207612187668,2.08672530626204,3.09731756062388,5.00506914255386,4.46993682499823,4.85917416361386,5.15343142351782,5.58250383973836,6.26739248903294
1990-06-01,1.63043236436777,-0.569771595271985,0.820708718291682,1.49441008695094,2.0705710296989,3.04730548340933,4.97951323154613,4.49167777528838,4.81970953142179,5.14483276716863,5.55008146125795,6.06911518366035
1990-07-01,1.66400550061524,-0.603887771007123,0.805875225185864,1.51958102952426,2.11120260240076,3.13581540862029,5.06754703377288,4.60942790249297,4.91475524807132,5.2196864083514,5.61869567681044,6.25132535369468
1990-08-01,1.79757590675138,-0.457969634625331,0.963637892972442,1.67034903234731,2.2546532934833,3.22645620953928,5.32117623585625,4.80810636129998,5.15981529320114,5.47746739635337,5.91068565617632,6.53533607794834
1990-09-01,1.86253899445154,-0.423449040945028,1.00390285266451,1.74651592496808,2.28535558570888,3.27205675337383,5.47987738059634,4.99678719099192,5.33470051040523,5.63946783491386,6.00094381516683,6.71543166747754
1990-10-01,1.68580247788926,-0.475074351223096,0.833269761875174,1.55618858644735,2.14545549782027,3.1716249310363,5.58697667029268,5.11657916092594,5.44392931863791,5.77189969237781,6.1709672081544,6.71991359524406
1990-11-01,1.59485395666472,-0.614584563755058,0.792608858544107,1.46607487622231,2.01103004928053,3.00989398971314,5.46093714217567,4.99955620634492,5.30450106413901,5.60414086103721,5.99637154850826,6.65977619601472
1990-12-01,1.48442949984672,-0.624506467240842,0.674874140121624,1.35341588885274,1.89236211112544,2.97795660958776,5.29977123722375,4.8067314347654,5.13825360168991,5.45067218708661,5.84960330508998,6.4360470118662
1991-01-01,1.44297267614863,-0.6982442451054,0.607745633096392,1.31917218410933,1.87681528045961,2.94279288301966,5.42845032480107,4.89679935206334,5.25658347085162,5.58928305975867,5.96168441900475,6.55226126538474
1991-02-01,1.42776718692232,-0.807284341105668,0.614480995540652,1.28714399329861,1.84113173856303,2.80796360401958,5.33779994708373,4.82874264857681,5.19309474481067,5.50746897745925,5.89246163285391,6.38064641437862
1991-03-01,1.5456908120862,-0.682734789924609,0.729226921009626,1.41344086080501,1.97102389907501,2.94337684338272,5.2983518778508,4.82163882277513,5.15831065865716,5.46932122667732,5.85008624813332,6.45753882304709
1991-04-01,1.52533900602978,-0.779570221419802,0.69924549949166,1.40332376886037,1.94480564547451,3.05679190732372,5.28962519053559,4.78021776500428,5.1566762340651,5.45674967738968,5.84347877861477,6.49665910962833
1991-05-01,1.63141912724904,-0.601618513306918,0.782874155413686,1.50876960868803,2.05443914246674,3.10073121028539,5.30372563787897,4.85179997134197,5.15805994719368,5.47019425297023,5.86187652947616,6.48095402011098
1991-06-01,1.69385723309926,-0.594305222691509,0.874094827821726,1.55740751981768,2.16822022963194,3.15124557237141,5.29248289581128,4.83781057027837,5.14918544846555,5.4412678158584,5.8561830140002,6.49285621960857
1991-07-01,1.70098026679218,-0.60200414365682,0.869576993436878,1.55643170695221,2.15916823684848,3.11540056091441,5.33071463662365,4.83679863705144,5.17155103506868,5.49654025409079,5.9040227056985,6.50131822501464
1991-08-01,1.78622016741537,-0.463404133676503,0.964669111197549,1.66092712180497,2.22497947302808,3.16727028610247,5.25900966137004,4.78038432324583,5.14175022812678,5.43626849336215,5.82786830688226,6.46162661898548
1991-09-01,1.83690524454101,-0.327335086605908,1.02431636365551,1.70564512988386,2.28205727754255,3.28805914649685,5.08523021107715,4.57979330006442,4.9623970271115,5.23285623119631,5.6061063110576,6.18937227406548
1991-10-01,1.84972465581898,-0.365781630565527,0.992623884464133,1.70055761220978,2.26553920079126,3.24251050538799,5.05290128690787,4.50260109880344,4.88941042671702,5.24157347723367,5.64112260981161,6.21025882019489
1991-11-01,2.61334572913479,0.41928224225049,1.9762841184158,2.57349746217938,3.15711097285562,4.34349943478498,4.16035165315551,3.96514348521016,4.0914143884991,4.20756444453628,4.34134611150063,4.50864327493313
1991-12-01,2.58134276354308,0.443219562121044,1.90595659726683,2.52650815962038,3.11369967224434,4.16782787652491,4.22554193124012,3.94315217800593,4.10206288763435,4.29491722205936,4.49539110962713,4.77572227883365
1992-01-01,2.55217182905112,0.339055779407762,1.82223872826876,2.44410760000033,3.06215804700853,4.23471114448053,4.28986613243671,3.9157922026877,4.13575361456103,4.3885907511544,4.68273614300769,5.07243164651283
1992-02-01,2.82051484892658,0.775677432462073,2.19309336739591,2.78773315489096,3.3577512158175,4.33222630815804,3.78949318463507,3.57557844053876,3.7057798908524,3.82815614445264,3.96414382248719,4.1878828027922
1992-03-01,2.67759318275607,0.370965584384211,1.9947084616397,2.61821299703754,3.2129879498343,4.34749964198893,3.96043691300556,3.69406201511845,3.83478701874553,4.03357255740833,4.2352607578385,4.528469026718
1992-04-01,2.63380866560732,0.352801111886186,1.87912685570906,2.53086315447897,3.14723387536009,4.11958045386651,4.21911674208058,3.8903082104824,4.08819348573832,4.34630474991297,4.62196521563424,5.04125308924063
1992-05-01,2.71880480071188,0.482895165168973,2.05392268747687,2.68587179584737,3.29802833937356,4.36189019399032,4.13380151331196,3.96216103398331,4.06337566031971,4.17528644696352,4.29522396380834,4.43795357786856
1992-06-01,2.63310451570901,0.451073211370882,1.92779896258599,2.5888738119327,3.1838322127562,4.22627121233628,4.23404105351997,3.96057574203202,4.10493621964314,4.28957612280834,4.50977740981538,4.7824914884978
1992-07-01,2.53682539066163,0.365284977499903,1.82934668914022,2.45970610687655,3.02072027332609,4.15970908540591,4.39373705008563,4.02631715507784,4.2668051643927,4.49778008955507,4.73906995181798,5.11464799737573
1992-08-01,2.76814924527182,0.720199169863651,2.16639952322145,2.74339035183067,3.30948921809535,4.37564470768557,3.91012398525596,3.71933350134473,3.84292791339578,3.95112934179378,4.06865516665508,4.17630638768168
1992-09-01,2.74190407957996,0.696660564793792,2.1000996192431,2.69190015000031,3.26010021083051,4.37236011431046,4.00415287283575,3.69418392782553,3.87497089771539,4.07463983696939,4.26741448968565,4.46886361651653
1992-10-01,2.65828814038831,0.624546712953902,1.95239577175052,2.5768581668628,3.1816600392285,4.31253617360075,4.13055898595919,3.77979090937425,3.99197598042787,4.22515717607629,4.47729266143562,4.85229113906832
1992-11-01,2.84613061586829,0.646540232083869,2.20677737964326,2.81676447644203,3.42802595217872,4.58451329544916,3.7437040661122,3.56448216424243,3.67176055911297,3.78031778961711,3.89752945095092,4.0271078391859
1992-12-01,2.69072567525806,0.505801806976743,2.00691267915738,2.65205835992541,3.21619803703123,4.34549937050679,3.74220661497044,3.43994140173863,3.63663606574989,3.81070348822309,4.01769342987872,4.26963118089598
1993-01-01,2.59722337179448,0.491453830973484,1.87963460967813,2.49025862167358,3.1162960357614,4.21708844524658,3.83174279194453,3.48725434606298,3.6952754706985,3.92548796312632,4.20092200391784,4.59640105726695
1993-02-01,2.4146080776381,0.493143342900017,1.81413089637688,2.39546795831127,2.89286486639172,3.99227800763437,3.31257178744627,3.09449806539369,3.22333084396694,3.34437784786391,3.48005502463802,3.67364843637651
1993-03-01,2.47487718185413,0.352660373236259,1.81914740435604,2.42507748690513,2.97874280224721,4.13190025891347,3.42626733686627,3.14826173020583,3.32002342094177,3.50128222815915,3.71571153398104,3.94885251734384
1993-04-01,2.51951525440627,0.393218149871272,1.8268361313617,2.46034151937758,3.03501505826943,4.13855915369456,3.49282336796358,3.15626177911824,3.35367174470282,3.57158896472882,3.82463357494518,4.16288095897228
1993-05-01,2.26564409967284,0.189569607468186,1.6725910651372,2.24035811806358,2.79235852193655,3.94871501757534,3.79290536404062,3.60718877541322,3.71532044059365,3.82300281509047,3.93513912136956,4.05515142251774
1993-06-01,2.05708043668299,-0.0520995234504699,1.41974747111562,2.02780958872138,2.57332933065148,3.69193201984454,3.61051812977154,3.31085312848964,3.49562767460639,3.65949116320876,3.85330310247997,4.07927396841113
1993-07-01,1.98405114612511,-0.136298925711502,1.32873947556382,1.94814807538317,2.48704749644569,3.53582734439076,3.44030192883782,3.06448098792374,3.28158222374472,3.5134792442573,3.76394505373557,4.11039091010282
1993-08-01,2.03224062476861,-0.07353436446807,1.42297197808,2.01450606648553,2.54660491447495,3.71437465735,3.29320234491196,3.09385166778406,3.2117306385145,3.32304618316092,3.43313351557398,3.55844121383149
1993-09-01,1.89119126057,-0.203620401441597,1.25853056675214,1.85529162482449,2.37944324630068,3.50945028723755,3.104651851623,2.80828402539737,2.97186057456126,3.1516948362866,3.34922782232723,3.52258625863014
1993-10-01,1.85259694992218,-0.155130583644355,1.22299138733176,1.80010480366603,2.30746708628217,3.45083723103319,3.05966899804002,2.69132883226475,2.9020669277399,3.12608716186495,3.37042604627221,3.68232240825731
1993-11-01,1.82145474081458,-0.24572082908261,1.22595743448144,1.80093617703343,2.338789156014,3.58016327430719,3.43502465366523,3.24572380663031,3.34944784822864,3.4617771617032,3.57036918398442,3.69573344699911
1993-12-01,1.85258133597466,-0.151704098931781,1.19542237561344,1.80980335502774,2.35407092815219,3.49508528242667,3.36772570213797,3.07712857821612,3.24943114961108,3.42573777575236,3.60594289491385,3.80463546818671
1994-01-01,1.86566896823463,-0.19831282332489,1.21720654631491,1.79304980710765,2.33822865042218,3.51930520950693,3.31435161923757,2.9013352341566,3.18097784802872,3.39414934251949,3.64829536827223,3.92684210466152
1994-02-01,1.86409705516824,-0.0795857027091287,1.27915189791046,1.84722760107972,2.34947901785312,3.37900554850361,3.15299868402092,2.93831180643203,3.05366308224332,3.17885355830797,3.3061009281421,3.46292482082609
1994-03-01,2.09080923510676,0.0401987278209283,1.45072586622193,2.03428552097003,2.60933732134289,3.68831897895877,3.34901228108264,3.06207311407384,3.23045356369247,3.41501603484258,3.61273029780807,3.83886875227584
1994-04-01,2.1085782449198,-0.0188136135862761,1.377907585612,2.02049105454446,2.5971884416182,3.6749352751599,3.54063206130305,3.16924300655547,3.39984782400917,3.64051140797745,3.9324931282913,4.26247374425844
1994-05-01,2.12996055645304,-0.0707237333991062,1.47497485192511,2.09981402792427,2.69434050760959,3.74642702209621,3.48835390649005,3.3116709212083,3.41968452911755,3.52648117323114,3.63971998812343,3.76424138054406
1994-06-01,2.01113004882989,-0.173894549280024,1.35312221919266,1.94555673893217,2.54560279919156,3.67840071899769,3.56375094614101,3.27905885619847,3.4379931093501,3.62491674926298,3.84069860745147,4.0995095817758
1994-07-01,1.97030895617102,-0.254995759900377,1.2361215097565,1.8610897213965,2.46186937571616,3.56215196138327,3.79054194556428,3.4634132574062,3.66878788110467,3.89671475333513,4.1574748120107,4.52963108073783
1994-08-01,2.1306546694993,-0.128950707431976,1.47986058380966,2.1009443084914,2.66872897934537,3.86837016042327,3.47902397066903,3.29178496575216,3.4071318886703,3.51506020789653,3.62882890913338,3.76921032058388
1994-09-01,2.12604643520996,-0.101227935878125,1.43806647962189,2.05798822455814,2.64429628934855,3.75325372401322,3.67860150513168,3.38606801011869,3.57395641583391,3.75033049881552,3.9424310847779,4.21195081433462
1994-10-01,2.03392695632927,-0.219492476338904,1.31198260044726,1.93470288497003,2.5384873246022,3.61754203694837,3.92371598884509,3.56593148073643,3.80076550143979,4.02741367008954,4.30471873420955,4.73876492227839
1994-11-01,2.22580883017297,-0.0829106379330431,1.56382519149185,2.1729355780817,2.81601572749659,3.9501406090199,3.61231457171759,3.43233766447748,3.53948175214265,3.64996507499555,3.76496069121187,3.92831859803089
1994-12-01,1.7437887697201,-0.728397883034579,1.04850683714968,1.66584308733738,2.25816728657034,3.43125237594418,3.59849768227023,3.33064704183186,3.49383786558466,3.67520020319766,3.8818198039424,4.16393594959875
1995-01-01,1.60589896826254,-0.634951417193383,0.886535591079366,1.50912281039182,2.12387383135194,3.21342852375001,3.8306925841459,3.47563801876754,3.69834448517502,3.93430927603951,4.23024472979966,4.60958106345958
1995-02-01,1.85587393831282,-0.190067805463566,1.21439887268367,1.82046630928185,2.34846911370967,3.4464938801359,3.44776550084181,3.23441228099164,3.36068733057045,3.47748609443485,3.62399040227708,3.85077803871221
1995-03-01,1.820039518705,-0.336977991189079,1.12578369471858,1.75714033787402,2.323285671184,3.50152035444702,3.58188949268696,3.29313011210971,3.46540436640753,3.64339169555543,3.85262730316844,4.11713067811237
1995-04-01,1.72843669353461,-0.512048012297478,1.02238061460638,1.64635986268048,2.2162994042748,3.34295478712157,3.72397240704698,3.3780521922193,3.60193733379545,3.83751898061802,4.0843698582263,4.38476585150939
1995-05-01,1.78929087008138,-0.339719591215095,1.15765389656417,1.75663198391565,2.29178010265366,3.45531238569229,3.40912357274507,3.22924777360977,3.32925465335637,3.44566735052835,3.55607459002136,3.69756943752928
1995-06-01,1.64025980619103,-0.354364847805616,1.00303560463288,1.60894677970774,2.15162981535921,3.35969725305189,3.3399654076753,3.00540315879985,3.20614124178461,3.39412763514972,3.59473299455524,3.81825123950824
1995-07-01,1.66790370917927,-0.293758751897598,1.02031904388385,1.61581784308455,2.13066969587854,3.25325697300555,3.37427229055964,3.01043160493787,3.22965612967587,3.44566908377649,3.70088080194878,3.98705487045575
1995-08-01,1.86756588371783,-0.209292468181676,1.25057810033754,1.84843709735117,2.37422564135925,3.48106823037881,3.22967951106853,3.04730024487543,3.14805164448401,3.26033534647877,3.37436033695629,3.49350190472333
1995-09-01,1.71003731303958,-0.396495702688367,1.07536966851264,1.66820593497007,2.18145878709565,3.27659840011656,3.15829934414096,2.84453692438134,3.02046193356862,3.20681644573979,3.39925736759367,3.6216658412084
1995-10-01,1.60327274976383,-0.42939499298927,0.949000401868524,1.54256103697692,2.10010665475006,3.17693909717662,3.0729129396208,2.69176152697609,2.9113382161874,3.14974469273969,3.39716461368747,3.74672312134699
1995-11-01,1.71974951883401,-0.284003815421896,1.10784484836648,1.69895420916593,2.21534972075661,3.37668797852354,2.97807305753165,2.79520858159152,2.89903417289463,2.99929595977978,3.10206990038314,3.22609421842084
1995-12-01,1.64515113719514,-0.368966797538473,1.01582091744492,1.60397656918512,2.14802822155576,3.25484893886861,2.87338014942969,2.55134575319638,2.75187133901626,2.92039629829669,3.10304869864863,3.32703855975211
1996-01-01,1.7043282398462,-0.22075322819659,1.08923107093504,1.63626371308997,2.15384546560329,3.32067394309798,2.877681270736,2.47250739696558,2.72252775473107,2.9505475851998,3.20362651306659,3.51069983573056
1996-02-01,1.88399777703436,-0.0177367352472555,1.32717567445901,1.85537585053503,2.33496780197996,3.38987145787696,2.87620219551612,2.64603980792258,2.78139071350748,2.89742100133593,3.03992952282831,3.22477435255539
1996-03-01,1.99673306004608,-0.0977121442657862,1.35871780381147,1.96442106603502,2.49323690847788,3.64559703461,2.97140092009905,2.66547600198312,2.84299042397176,3.02888068888124,3.21204070981701,3.43780218875177
1996-04-01,2.00850310726268,-0.0823622855027651,1.2987352868095,1.92935100173037,2.50310728812637,3.56671620456494,3.02849400943426,2.67059025790177,2.89921627294272,3.12527819951532,3.36956377279742,3.69092959780432
1996-05-01,2.11437036496728,0.0454332640943978,1.4813038004934,2.108499523653,2.6229240938834,3.84023989072927,3.01287761572554,2.82306850235162,2.93945788277248,3.04587567649047,3.15453484572883,3.27232725355195
1996-06-01,2.08531003957099,-0.16217240777607,1.41221958917318,2.00326482610939,2.62777666504232,3.76795217350998,3.08060176099563,2.77697106647878,2.96218381561572,3.14383798707725,3.35812326974744,3.58423992122158
1996-07-01,1.99534612507108,-0.252512482039171,1.27636820963219,1.9317550598273,2.49908373940304,3.60148151166692,3.10543739281162,2.73464250450336,2.95755033480626,3.20078596504443,3.45557432933015,3.86173644931175
1996-08-01,1.97980807932861,-0.113948951097766,1.35125714744196,1.95289676474955,2.50623162511943,3.59807845971985,2.99129174669769,2.80728779171413,2.91610006407681,3.02305702705769,3.14218164453182,3.26221452857131
1996-09-01,2.0291376075971,-0.131006355722956,1.36136551889573,1.96828270255923,2.5575167838313,3.66869027842024,3.07536356174387,2.78760732098533,2.96715137159863,3.14461456558305,3.3380209867663,3.57677663992825
1996-10-01,1.94868050835758,-0.131412394683008,1.22891097922877,1.8489146349552,2.44447251638998,3.49447806034561,3.03426119236547,2.67513342366669,2.88429158305075,3.12899630667416,3.40206692971855,3.72411287940851
1996-11-01,1.85987358497748,-0.308658033007162,1.2125628065239,1.8310410501857,2.38205723361808,3.55089393849673,2.90983673050225,2.72476643074354,2.83312372559145,2.94015357900244,3.04753258286007,3.16880100504467
1996-12-01,1.86037429751386,-0.192019276779951,1.2134839536008,1.79104318980257,2.3735255898629,3.45325999999308,2.86566513686909,2.54792015788443,2.740579175929,2.92169641205968,3.1251553244933,3.35382473093323
1997-01-01,1.94011583154118,-0.138101753949947,1.27420642358845,1.86101144618304,2.42971963121203,3.49495515854328,2.9652083100194,2.60773447670678,2.81785836571287,3.05897478060814,3.30729414873208,3.61380799281095
1997-02-01,1.93769788912097,-0.0545207339431261,1.34810015673499,1.9030958646222,2.43218831091197,3.4595153597637,2.84999309036891,2.62871987499618,2.75534710898418,2.87640126905295,3.01723020381016,3.20964711035277
1997-03-01,2.02507012866876,-0.11659628527214,1.35538867160328,1.97283180614757,2.5400487801843,3.68783284255465,2.92492536075622,2.60935595396768,2.80385340882528,2.99409015356191,3.18837351446508,3.43662062116657
1997-04-01,1.97492378526697,-0.166536002302405,1.23372674252833,1.88067581679713,2.47590113804158,3.61058287981235,3.02326624458014,2.6523246162511,2.89280254592172,3.13618888431191,3.40074408581248,3.74311617874276
1997-05-01,1.97923972955465,-0.126689341248237,1.35967262470122,1.93954271876713,2.5224971540854,3.60067681146545,2.85374493898268,2.68549350734141,2.7769022407569,2.88670583786372,2.99518797691953,3.12493283874052
1997-06-01,1.88576098908392,-0.288175474019298,1.20414697925776,1.82980842324058,2.38978903728346,3.58676513477278,2.80829013050333,2.50572370988533,2.68834397077789,2.88129119279153,3.07261195026488,3.31384975748914
1997-07-01,1.81447079521326,-0.280165479584485,1.12363495363481,1.7462548196315,2.27936729483684,3.40824323488885,2.74781221212472,2.38365229272778,2.60334042226943,2.84004035993813,3.07344700393118,3.40601413784157
1997-08-01,1.88743127486188,-0.299623368020971,1.23627269666605,1.84978781846321,2.40720289081261,3.52509602310679,2.79832308868135,2.61479031577215,2.71861213969235,2.83551816839721,2.94366358374749,3.06191343734458
1997-09-01,1.83888766123995,-0.209594422890825,1.20755560308852,1.79834252174252,2.34494073037563,3.49430055233834,2.73077711387118,2.44735666725376,2.60613725941933,2.78898098928918,2.97605321631876,3.20316381074942
1997-10-01,1.80307348095118,-0.278181807728938,1.11141680464989,1.74137475785455,2.31794884281307,3.387675874691,2.6077518529261,2.25854402645974,2.4585621358154,2.68471350791813,2.92401009007568,3.2776480004465
1997-11-01,1.70338952557787,-0.438987715534607,1.08337483472155,1.66345343890279,2.22929092982671,3.31635281674883,2.57368862781339,2.38323049235539,2.49274602073529,2.59533400005869,2.70790190645518,2.8555599848136
1997-12-01,1.67890180001242,-0.357428601370254,1.00486618569883,1.62826551856128,2.19805494629508,3.29335755437485,2.44277171673165,2.16172857104126,2.3164248954277,2.49387099337976,2.68583641967514,2.91947703053752
1998-01-01,1.70991651361159,-0.301671922354819,1.05798668944317,1.66570255253916,2.2088253218014,3.31660614011594,2.33472517269638,1.92017001774376,2.18313089473337,2.38658498323767,2.65031004360099,3.00278646124417
1998-02-01,1.76299964658725,-0.143477826382625,1.19482831523167,1.74077479505568,2.22591068327386,3.29143577250945,2.55523852130157,2.31889601884889,2.44971530457659,2.57798385229461,2.7018893307344,2.87566208743304
1998-03-01,1.73814266316911,-0.250066665632397,1.0921418608221,1.70346472685878,2.2241805210178,3.39241856034261,2.38321767882299,2.08664337091822,2.24512086654488,2.43138264933818,2.61997454975035,2.84039131495188
1998-04-01,1.7520737686601,-0.287628410265731,1.06664284950883,1.66550548233075,2.25464422219751,3.38557736030489,2.24452905628336,1.82433681140786,2.10832828034861,2.33447592598611,2.58026263294831,2.88543155151249
1998-05-01,1.74917279627143,-0.303209860101138,1.13778601234765,1.71714357771471,2.27171432907672,3.46278037623767,2.27287115056343,2.09324219923762,2.18579209814926,2.29594103310414,2.41160165014999,2.53617878838049
1998-06-01,1.71356484463166,-0.32101577964528,1.09366680678,1.66875772677222,2.20422951721993,3.2840851927442,2.13109576845723,1.80389454393786,1.99054792626154,2.17279921643202,2.36720928454423,2.60194923664339
1998-07-01,1.76724970422822,-0.253185051071353,1.08539558086452,1.70173689357037,2.24318534414391,3.309916693764,2.01195460071691,1.62959443245298,1.8815246522699,2.08543996584558,2.31815844069415,2.64848727308303
1998-08-01,1.50101014965347,-0.534149958454381,0.899510817619509,1.47929340164972,2.00222410052851,3.17469042882226,2.3307550716776,2.15148160390595,2.24670118130038,2.34985365789826,2.45844324728938,2.57395326361877
1998-09-01,1.46626176156988,-0.473476716295879,0.853670612016448,1.4387785820411,1.94908965355711,3.07851187949686,2.04472738738641,1.72920137696262,1.90936994739232,2.08185385191178,2.2845756369969,2.44978315027019
1998-10-01,1.58426702532927,-0.376378459774684,0.943953003242161,1.54256477680303,2.03184327486348,3.14599814453151,1.83941398436668,1.42520057459457,1.66939168368701,1.89317751314885,2.14238727878637,2.40672945579759
1998-11-01,1.47109244999005,-0.564967739413713,0.889661459982549,1.44139599999322,1.96495808324778,3.20148810412884,2.25297060603712,2.05852617525682,2.15661657984503,2.27422932779421,2.37419111475855,2.48912877207847
1998-12-01,1.5201373316441,-0.467996715570193,0.92550176643988,1.49081529624141,1.98211783978908,3.12737045810522,2.01563281665428,1.70109978502544,1.8671094251417,2.0590593151798,2.22886357192986,2.42184209941602
1999-01-01,2.14006908996067,0.0858334290111538,1.45028499178608,2.07024912069729,2.57451943160685,3.66836062507602,1.27775247313194,0.829840964137407,1.14755472423362,1.3551599591913,1.634987119399,2.06757486098009
1999-02-01,2.05906729204402,0.170345485073371,1.46296600300634,2.01666414200143,2.45636133708172,3.57220632926214,1.90081903321563,1.67973183513146,1.82131929701488,1.9371592435332,2.09295575186007,2.30781876389649
1999-03-01,2.35486134299156,0.330717715842682,1.65388428715549,2.26923953871085,2.80130554701099,3.80058022779948,1.52419824285034,1.19544938176477,1.42786707470964,1.62050573233874,1.87083916785458,2.26094096413318
1999-04-01,2.49421628231879,0.421237145652142,1.776757630601,2.39081342111315,2.9055790242348,3.92216899544045,1.24609930629588,0.827737493072696,1.13531806170548,1.37259244443067,1.6894870112709,2.16796398678115
1999-05-01,2.2843917044908,0.184046161960502,1.61949121618022,2.21918519881728,2.73211160284929,3.90228017309689,1.92127779118813,1.69149826230981,1.85762882528121,1.97595442565296,2.13937415820235,2.3825490543751
1999-06-01,2.51282515549303,0.373177836730627,1.77208378989095,2.40137480630148,2.95430710741254,4.04270609315875,1.74047027615209,1.4100186169791,1.64642551680956,1.85542377869943,2.13972450550741,2.60796416816038
1999-07-01,2.65891455936739,0.45057751480135,1.86353789565562,2.53073600704961,3.09136371073682,4.10326988275708,1.48663347044136,1.0980318612221,1.39225504420889,1.63014199664154,1.97732214158327,2.57996173766302
1999-08-01,2.45218895251678,0.291093569507331,1.77123387310241,2.3736024578308,2.94563553182915,4.18444426474296,2.03255041740416,1.84627296307137,1.97755182771254,2.10242966445416,2.2658682282417,2.51803764517915
1999-09-01,2.62380300818943,0.312240048086435,1.88775964782547,2.5228504293605,3.07438985364518,4.1380054919703,1.77589707445504,1.46740197100345,1.68399866785359,1.88536297891159,2.16457658781043,2.6155492021992
1999-10-01,2.80783195038824,0.45599826862619,1.9948461920791,2.65300248523854,3.21700198619416,4.2899489093091,1.73034757440714,1.36610443875413,1.62745174598525,1.88657165050042,2.22625039209008,2.84474421997694
1999-11-01,2.51588319804849,0.404445934852086,1.83398639195711,2.45597387920753,3.01128986550332,4.05222893038898,2.00934294558746,1.82236738889872,1.95060217218747,2.08067284629971,2.24649686609314,2.50817856877116
1999-12-01,2.71126808538553,0.442282166590768,1.97225480686773,2.61544623710408,3.14724458134569,4.26426739308303,1.81957632505572,1.5108124387656,1.73162914324334,1.93619552121131,2.21591605226258,2.66526851203628
2000-01-01,2.84285003076389,0.552004316444542,2.04088848255442,2.69371978041214,3.26413604217452,4.30775195734792,1.76689702542577,1.4027825241671,1.66693678845409,1.92490356066873,2.27643403020008,2.89854912939877
2000-02-01,2.46585362201281,0.411170229445979,1.79876226724862,2.37594796594295,2.9000891421083,3.86103793422753,2.14389136164504,1.97290530756387,2.08350185288344,2.2082662594452,2.38978663007236,2.68917584582109
2000-03-01,2.38134255302598,0.146975954213009,1.63498423932596,2.27418756084782,2.82507722466949,3.85241142612748,1.91389519276432,1.62848215816497,1.83586133501511,2.02616187795961,2.3391447369011,2.81970690374595
2000-04-01,2.23332308237821,-0.015219278461708,1.43409700094163,2.11389912063318,2.65443080689148,3.67577284248763,1.79302770251486,1.41202487220899,1.69806522200649,1.93644578815147,2.3177961738363,2.87969310940777
2000-05-01,2.02357738772497,-0.128862971483624,1.31810003037422,1.95003456393405,2.50422577542847,3.59945765225663,2.28555772122862,2.09754418057682,2.23576040312434,2.36107354368535,2.52106997943702,2.8272436011486
2000-06-01,2.03777446187053,-0.237808961978836,1.30833854506069,1.93368631678393,2.49093849777883,3.49131175598662,1.93682759510045,1.57026858829397,1.84608961053271,2.04659148236574,2.33576693324266,2.8264307232948
2000-07-01,2.22039016560762,0.0315179889523997,1.41996048026313,2.10017643929179,2.6541601848165,3.67289029244497,1.81656090691134,1.40609925392685,1.7136221554322,1.9693970381142,2.27274566483635,2.84123564345675
2000-08-01,1.9717208922442,-0.103632968999362,1.31745601655582,1.90675201604072,2.43738130705803,3.62716429458169,2.13946386590348,1.92053729520461,2.07034827699886,2.20340287469223,2.35916936956287,2.60297910601953
2000-09-01,2.21582810782914,0.165174382407087,1.52445181232612,2.12557605268093,2.65926377819334,3.73262481580807,1.92689584613479,1.60610394354009,1.81341028142811,2.01276380925219,2.27637218035884,2.66528978998753
2000-10-01,2.33221295435765,0.272128215569188,1.58473746224842,2.24237971329444,2.77201541390566,3.8541791214728,1.81200075207827,1.3564043114678,1.69537253657525,1.91703305139164,2.24061541845294,2.73556766541003
2000-11-01,2.09885240997832,0.0766202767293352,1.47437734739438,2.05520819296012,2.54523722016129,3.72128462275582,2.18449294474906,1.96463175820247,2.10143279082192,2.23272217364968,2.37284164726368,2.59186234737239
2000-12-01,2.1487059004017,0.173651194776103,1.51209601134206,2.06960740768181,2.59379478800928,3.74912594465118,1.75278988176735,1.33645954862428,1.62550793356006,1.82895579219459,2.05936804595585,2.413630632695
2001-01-01,2.45337811837653,0.461511976176604,1.76784259294653,2.37333260102461,2.87521511571594,3.95188436389626,1.64232860172494,1.17044524545969,1.50910720565697,1.72827002649103,1.99777058557686,2.41385118183727
2001-02-01,2.22759945297798,0.40313865741932,1.67288462050253,2.1743177197453,2.67121402627355,3.71903358278575,2.13361644735506,1.88884484874737,2.04254227745287,2.17353258872288,2.31775893035165,2.5376415233432
2001-03-01,2.2904945987506,0.356669231249184,1.63941683177432,2.22217528688745,2.73073204780324,3.86229178475729,1.83782469080147,1.46498394878712,1.7193939791792,1.9079986048514,2.1297196148022,2.4470973138284
2001-04-01,2.54954852279704,0.551128594440434,1.8761809552446,2.45735514846717,2.98600243262744,4.06149978248771,1.74976836993844,1.3112993885741,1.62384690169218,1.84778791811372,2.12684906708439,2.53520431510953
2001-05-01,2.40520879056558,0.350234117928611,1.79339203602747,2.3625216165408,2.86219747679062,4.05647272321506,2.24307511520458,1.9972431275238,2.17131076722528,2.29390117522724,2.45536661189042,2.64243891830175
2001-06-01,2.5227555112171,0.512561918582239,1.87161328241676,2.45085954335451,2.9716751582885,4.08882913747947,2.04116581197949,1.6865356429196,1.92422223155636,2.12208864722532,2.35988569306422,2.82999164975175
2001-07-01,2.67229620464651,0.611565309127682,2.00749103068422,2.57742581263852,3.14214483083096,4.20538014620995,1.84512954626774,1.44248362669518,1.73553640003954,1.95438112689662,2.23637381300505,2.74435555602465
2001-08-01,2.41441126590155,0.419524424637063,1.78615966713694,2.36768002301316,2.90823312915296,4.0760512428432,2.19718764911411,1.9775483209846,2.12431498738884,2.24340494305361,2.38481337239841,2.58294366755318
2001-09-01,2.70924994666308,0.782131629393015,2.05067230200377,2.65527364735374,3.15776512297381,4.35259068654098,1.85312160703619,1.46203279348977,1.71602401047435,1.92506012125712,2.15888522963244,2.52894321853618
2001-10-01,2.91734840815233,0.806371432092737,2.27529833145734,2.84863891543834,3.39343152310985,4.57258963006363,1.58841282506537,1.10578116391499,1.44210157698047,1.67400150040988,1.93425806869889,2.32999139943387
2001-11-01,2.69301357271862,0.654688202217892,2.04088457009893,2.64897976398673,3.18307600145363,4.35416654496391,2.00866336198512,1.7994426019298,1.92045813141456,2.04152079975654,2.18479624943422,2.40577545591233
2001-12-01,3.22042361242381,1.01329309913844,2.4935001946933,3.14158857236972,3.69393228507015,4.8763449989374,1.59901637640386,1.25404893873393,1.49139806505848,1.68847571433766,1.93114645593977,2.3691754107733
2002-01-01,3.40165043881297,1.12811733185286,2.6397124280604,3.29459602089808,3.86867338118544,4.93075302169482,1.33776413441676,0.906660646024436,1.22020301521502,1.46245507529684,1.76662028749619,2.29748148105609
2002-02-01,2.8188312899632,0.92470286148883,2.19509710175424,2.7671318410811,3.26007958803862,4.26095802309363,1.99765034638837,1.79388078631832,1.93814889956182,2.05135304370282,2.20481833919104,2.43841668930065
2002-03-01,2.97858789906015,0.797019250640803,2.2590816622072,2.88733365347965,3.45385312932961,4.49806871619301,1.80290435136961,1.50327683111671,1.71363013881379,1.89870332279467,2.16940565884753,2.57410300216008
2002-04-01,2.90537413994956,0.647167042100349,2.11863377687744,2.78721744780132,3.35303653084353,4.40900201822128,1.83028004075428,1.43027316764841,1.7397912757545,1.97076208593213,2.2957406519894,2.82285412039569
2002-05-01,2.69569175656482,0.549352030576209,2.05645833639971,2.63409224292988,3.20403159051013,4.29307116827247,2.1844013672028,1.97326259503776,2.11185429121246,2.24108003845287,2.39914959350179,2.62589645121601
2002-06-01,2.82279793920926,0.712351056877025,2.11746229710515,2.73388601523132,3.28991821373881,4.41311000010694,1.85911852846999,1.48913852318788,1.75344808773733,1.95897505369126,2.18511284089106,2.55981832317519
2002-07-01,2.99499674141123,0.93216197261641,2.31937907172629,2.91374420337707,3.44878507122268,4.56219146780242,1.72490421239846,1.30217340254727,1.58973640055199,1.82908200217287,2.1059631678042,2.57614176627029
2002-08-01,2.6076049511885,0.683654050711203,2.0087153652099,2.5831126674693,3.09802982281126,4.26622694111652,2.16821212243493,1.93953324682163,2.06876380659692,2.19702027616315,2.32761375787216,2.52196596902376
2002-09-01,2.37314428205757,0.505048833297684,1.7800204091496,2.3314715800331,2.88316744775336,4.0273149790576,1.96534142019674,1.51134280084243,1.81260587545416,1.99813535588843,2.20238785133465,2.50770280453204
2002-10-01,2.5371430566612,0.60836870360703,1.95272330311146,2.51310342419746,3.02094986550155,4.1290924660707,1.89337435151354,1.36143665068768,1.71145420684323,1.93106716611271,2.1656405733217,2.50779316939551
2002-11-01,2.47581883665781,0.50332795934604,1.9062856029135,2.47279356016384,2.9839505538712,4.16901041335396,2.04582124557431,1.79864779356846,1.93536797050657,2.06072838851229,2.18978152788348,2.35467192233359
2002-12-01,2.62927472542872,0.689263898080514,2.01007892945888,2.5978744545509,3.13216023790725,4.30083071852706,1.85245942233059,1.4199242493405,1.6941267821954,1.89498993244414,2.10497610407479,2.39598184852258
2003-01-01,2.73525289489841,0.833150095324061,2.12298122276633,2.71270517014489,3.25378764556698,4.33134065008479,1.80844974368107,1.25986511745737,1.60938214114637,1.85383051514677,2.10639853541809,2.49685325277846
2003-02-01,2.44179578439679,0.727472515912483,1.92023016552514,2.41994067293053,2.89937727675179,3.84538490899038,2.17817738591421,1.89705871652964,2.07320223053911,2.19604661167907,2.33615631012094,2.5175709443683
2003-03-01,2.35331759883162,0.476479787677369,1.78817998993504,2.35366075989473,2.80483989683796,3.93379302814074,2.0844673664623,1.6569918180011,1.91486179404255,2.10829061843838,2.30357617362963,2.57068490500096
2003-04-01,2.51267038088285,0.662892114024295,1.90922325235526,2.4682714625193,3.00421815380241,4.14091652773928,1.97730122539323,1.43881784407136,1.80002654758522,2.01695295378916,2.26465964965612,2.59828181095988
2003-05-01,2.08086922164591,0.173725788125727,1.50888136825038,2.06220965657952,2.58661822076441,3.68749013598311,2.13525316414224,1.84867331112193,2.02456806005474,2.15276785540365,2.27010243509133,2.43745133675757
2003-06-01,1.98172020190555,0.198767185412531,1.4196744830291,1.9646823573267,2.4850548234421,3.68065686514496,1.93319021992076,1.44488600525731,1.74263591696508,1.93544077928,2.13609658822991,2.37752376490307
2003-07-01,2.50479666496867,0.702715879899324,1.91356712550499,2.46942720169836,3.00127859679128,4.18563830802452,1.95924387434028,1.39764197553812,1.77854406477417,1.9947339663046,2.22121255545666,2.53954831835753
2003-08-01,2.70358187904334,0.644630627124901,2.12077104191511,2.65880189837148,3.19997366432723,4.39892793727626,2.21190353520347,1.97102345839828,2.11899919140053,2.24041166885436,2.36449557754166,2.5418032276625
2003-09-01,2.69408639553185,0.806107136582552,2.06267258870765,2.66438530181324,3.179030703548,4.28605269431624,2.12198603090848,1.6914203502477,1.96925966294339,2.16978524748946,2.36982530084135,2.69012419398238
2003-10-01,2.62400570786846,0.776549788094326,1.99186826424203,2.58664355918194,3.10185851745142,4.19311196572465,2.13667637828861,1.6350165924478,1.96913720621627,2.20168969308613,2.43381529724322,2.79220236537661
2003-11-01,2.38810938287258,0.385936081380722,1.79908915592105,2.35096225073152,2.88647029588312,4.03122268297155,2.25049371952165,2.00276644592453,2.15058638528352,2.27881032075719,2.4106037243169,2.58693712360072
2003-12-01,2.36887570814475,0.299210398203847,1.71724242546007,2.31281998366588,2.85064901389006,4.00804406885219,2.15006116618545,1.76137422052448,2.01229025951637,2.20543226871187,2.42038616380358,2.7177181970544
2004-01-01,2.27024149079449,0.19891457617038,1.56875986883727,2.18274637966211,2.71239830367841,3.90882127964321,2.14819604568623,1.5951927193938,2.01545184501521,2.21329535802037,2.46981866226284,2.89330881653228
2004-02-01,2.02819517766288,0.32600942964723,1.38824652661982,1.95484811401158,2.41611144798012,3.3571754907494,2.26056606371105,1.8756881256907,2.17008907899268,2.30745511086769,2.50447376080248,2.86134191773185
2004-03-01,1.7865946664741,-0.0902122541108709,1.12117306593893,1.72877295801224,2.2118380267977,3.34646323863733,2.50560938628914,1.95471767830377,2.35842686486613,2.54809959947384,2.7763218985136,3.19395562859199
2004-04-01,2.05869509535748,0.0601836931932314,1.36238983716895,1.96550267794307,2.46637456826138,3.62862620506594,2.41810737991892,1.9162646061988,2.29481866717104,2.49569807318939,2.77167416710099,3.24615715212519
2004-05-01,2.1358728746847,0.175919011524983,1.40262557438145,2.03330169540779,2.56647504189554,3.68517821259309,2.39553320656383,2.06804669923361,2.32605791045268,2.4770439626063,2.7141532849077,3.15395848267771
2004-06-01,2.00107918033994,-0.0787213133167426,1.22985450121802,1.89139395656465,2.40957006834227,3.56632909931632,2.3721441728675,1.92388348444924,2.29061851937725,2.48161996311626,2.78715849785722,3.32275956419562
2004-07-01,1.8293961233641,-0.234154179269813,1.10799946404684,1.72528690497429,2.23488722416034,3.38163254218125,2.32928910320569,1.87334041115171,2.22654339920451,2.43569906487627,2.7355315831612,3.2791756117631
2004-08-01,1.70243980107752,-0.326300601953105,1.0319374137749,1.61326174401206,2.12929694042913,3.26842859984553,2.36735781084444,2.00754098941273,2.28489907470323,2.43178168986931,2.65500847805161,2.9985048453433
2004-09-01,1.55927307302423,-0.41709424014599,0.856467975922416,1.46618320787053,1.97947469608416,3.08594347698301,2.28997162333757,1.8164537569345,2.16877327059302,2.36777562996802,2.62384956178036,3.07437750368444
2004-10-01,1.4308563524338,-0.489248396281794,0.768784520203999,1.34664998842016,1.85249737324703,3.02892639706881,2.37779397703021,1.85224387650089,2.25269497565704,2.46946935932838,2.71425493760236,3.16773258762873
2004-11-01,1.26929998735927,-0.615312271152125,0.624374053704279,1.19382768349276,1.68274643460154,2.85311163567924,2.49829250608618,2.11532236561621,2.41095427761228,2.55653853650687,2.75967976211501,3.08514545481343
2004-12-01,1.09121193514558,-0.915539373094573,0.429178104044485,1.01740306069552,1.53458719011429,2.687524039548,2.58987438913698,2.09432138292836,2.4675311119591,2.66682534877695,2.92542412554692,3.38068691155318
2005-01-01,0.952587457767428,-1.00724143370556,0.262941936401925,0.867330263469282,1.33113051165632,2.5334188156429,2.47354116705888,1.96179741882861,2.35996509462443,2.55687363472909,2.83979172155761,3.34709688189145
2005-02-01,0.812894888794926,-0.949763380503072,0.199889842706025,0.73621112778192,1.15929572666795,2.19950389189392,2.5093979142573,2.18352559527156,2.42995554088076,2.56623481059533,2.77364554944483,3.1601248130592
2005-03-01,0.820210635464621,-1.08275921485735,0.182429695422451,0.734548296010213,1.21241347649463,2.30851463164136,2.66736427939952,2.22855449196783,2.56781086046728,2.76053841181993,3.03846009018612,3.54747188454649
2005-04-01,0.689097255482733,-1.21765774419793,0.00343121569050588,0.608682701492684,1.10159378402684,2.32198756967226,2.65603245266377,2.17160216763478,2.54907837185508,2.74795043463077,3.03246723213765,3.51145621845077
2005-05-01,0.570497273964297,-1.33798703118935,-0.0691692101713933,0.500555256226043,0.990907666693452,2.14950134853641,2.46554862028318,2.12640060769655,2.38142851397088,2.52860291086232,2.73561225488183,3.09887265802188
2005-06-01,0.482767503163095,-1.39181145887171,-0.167626058775817,0.414749392190256,0.911383466185751,2.04670916743554,2.29462285818872,1.82275095262614,2.18543959714525,2.36942110224381,2.63802873968957,3.11108391590143
2005-07-01,0.627496036471471,-1.37611438302247,-0.0612859397821679,0.55152773247194,1.03395938180179,2.19146259945887,2.17431933801908,1.70371093287666,2.05722206780063,2.2669574040658,2.55114802257624,3.10633924981007
2005-08-01,0.621948213383069,-1.26394824178686,-0.0211644295642933,0.539963731647923,1.03083142595927,2.24902079457199,2.34546457306411,1.99712071600758,2.24874112483175,2.41346299287663,2.6251514272106,3.00482659283469
2005-09-01,0.538394690593467,-1.40901177728423,-0.0922102234338252,0.464099428238039,0.954891308885098,2.11707368268791,2.48263761118723,1.99883965509442,2.36237536204536,2.56206970421718,2.82488973161403,3.30505674399721
2005-10-01,0.680414801302419,-1.16632320360287,0.0304854741045671,0.60955231068216,1.0894218239256,2.30585071239942,2.48761307395321,1.98549726084368,2.37595119382407,2.57863876973651,2.8802830923144,3.37372012248481
2005-11-01,0.787351589209499,-1.13699485597497,0.102481882636604,0.716063237996708,1.17171726436892,2.3683724806647,2.35653463777254,2.01524459216812,2.26870344627111,2.42881389435854,2.64456342079055,3.02113468558796
2005-12-01,0.784838679145423,-1.25898003886138,0.0867906692229131,0.679655147111286,1.18705730429804,2.30588188854996,2.13723137669503,1.67666688959032,2.03435487022646,2.23129879358734,2.52040532453069,3.04409976391325
2006-01-01,0.733913234198556,-1.25040213401824,0.0628840711173612,0.652625407755164,1.1184325823236,2.27982432117676,2.28288844261166,1.76305224874138,2.17317499703272,2.3694408644585,2.64883752092371,3.12261655720123
2006-02-01,0.809580049222197,-0.856577250491171,0.227508800999831,0.739966085299951,1.17240335063232,2.16657278668052,2.50162948054032,2.18260576670125,2.42119149089847,2.55513103258009,2.76833170865963,3.14784943123456
2006-03-01,0.874155640053697,-1.00848730575891,0.256338080707125,0.793876234101147,1.26464397200716,2.39940652996837,2.48126349989027,2.0018779562636,2.38108982698878,2.57821853700781,2.8386649004208,3.32468935219679
2006-04-01,1.10242797740708,-0.916798761508684,0.440776459101836,1.00970685685197,1.53133188455123,2.62163975102861,2.47930131477615,1.99429099396513,2.37885883724956,2.57305880413944,2.85716630424171,3.39777126789336
2006-05-01,1.21701941952417,-0.749272642126351,0.562038059577784,1.14682026787131,1.64073959453957,2.74261087257963,2.49082637152611,2.13988252562333,2.40930504641622,2.56677507890979,2.78136552948597,3.1765187694406
2006-06-01,1.18644971462833,-0.783578982901123,0.505952161626779,1.10565748553391,1.60460981468149,2.70164709436962,2.39856660539107,1.94604235218339,2.29961179517127,2.49306075446996,2.80016996956999,3.32150254547118
2006-07-01,1.18471700126793,-0.833856792423341,0.494331606689022,1.09912307832004,1.59281062664542,2.73246505870741,2.36722918927783,1.8911472418782,2.27093602308122,2.46853246616901,2.76659071198963,3.29062177278765
2006-08-01,1.07239424163381,-0.870242078365204,0.411111140681892,0.997823623174545,1.4759016448253,2.62868582918564,2.43332281939614,2.09365709927691,2.35065287470506,2.49626373442393,2.71131218756182,3.09052779588046
2006-09-01,1.05407876983853,-0.971729701132152,0.365577292852085,0.971956569057134,1.45968351604321,2.6311148402518,2.22033311437417,1.7814013423072,2.11101592826846,2.29812291444307,2.57665858274055,3.04701269912079
2006-10-01,1.10744474645031,-0.802966512344863,0.422358642733296,1.01098908295612,1.47869691256892,2.64881681680256,2.11335215539155,1.64511265931066,2.00723394069872,2.20456190230879,2.50259006839266,3.00892867350612
2006-11-01,0.969410299463467,-1.04293430344034,0.31017112373348,0.888647900770633,1.39396221877241,2.46221999681406,2.21889065005404,1.83862913475376,2.12234120076702,2.28626356427338,2.48329357757899,2.87292793537651
2006-12-01,0.965259523470374,-0.983969696825552,0.279799468477909,0.875488233984467,1.3808078506692,2.5282778909227,2.21195899653526,1.70567677387534,2.09123627758014,2.28813342776252,2.54478080248927,3.00339592279212
2007-01-01,1.11729680716684,-0.819841271136153,0.440107243991139,1.03492919675538,1.53280628747276,2.63167127641763,2.19419097101619,1.70841038762865,2.07705628238062,2.28542053248761,2.57136676335644,3.0668321387796
2007-02-01,1.18386787191538,-0.564443610468785,0.584147920029629,1.11815030278217,1.55525685394841,2.56176066841372,2.3242527462399,1.95504164948973,2.23607655073661,2.38207370338639,2.58371689765461,2.9407598801233
2007-03-01,1.04038590418414,-0.832741174535943,0.428173290274225,0.977098862940232,1.44755682157467,2.5854065041403,2.41543885098925,1.89102571043636,2.28933351540981,2.48181913421083,2.74188148401357,3.16849978370122
2007-04-01,1.08203227022696,-0.825400868793248,0.423239241970435,1.01181915424784,1.52999693489576,2.63649777492788,2.42189543535344,1.87215678072305,2.28963610069618,2.49914443966566,2.77560596240121,3.22344779992112
2007-05-01,1.10717416311266,-0.8756213204059,0.469068332254157,1.03260620645365,1.53169983720391,2.72619372407006,2.2806208914654,1.90400344519605,2.17940969107936,2.34168383518055,2.55102245372679,2.91830118417823
2007-06-01,1.39597711886874,-0.604288786919469,0.675058265979231,1.29349514652335,1.78318188449087,2.8837600123002,2.10362647215437,1.66318771867158,2.00348317566998,2.20334233052533,2.51558012150192,3.00413011550687
2007-07-01,1.48951526635568,-0.556229651315798,0.775301162919814,1.38418767455248,1.89361945801597,2.96489853561979,2.080453856865,1.60252906772543,1.97604708342973,2.17657951277218,2.50550926606677,3.00652794831903
2007-08-01,1.39914056640803,-0.655896678602587,0.708272342145179,1.29694309875377,1.78409088172489,2.95959442609474,2.05060572176108,1.67929405272922,1.96373146443617,2.12677684984703,2.32406332457436,2.72669353193136
2007-09-01,1.33056996915478,-0.617253706647425,0.616678543362893,1.23629675000235,1.74372659956688,2.87616016167098,1.99061986581827,1.50506151223526,1.884453532745,2.07355153642854,2.348465513113,2.84177944456921
2007-10-01,1.32582268531448,-0.700897841029041,0.654204922702358,1.23448496352958,1.72696842417608,2.85642431690906,2.12841834012159,1.63751559236082,2.0134157874605,2.21715664123894,2.50493141126043,2.98759499230791
2007-11-01,1.14751465825948,-0.753203757098997,0.515580792467915,1.07930326284226,1.57098008165157,2.69226743994451,2.35647343259793,1.96033156354635,2.25150078672928,2.40643828393981,2.59657624425831,2.92918228507623
2007-12-01,1.2473463047897,-0.718369213580821,0.595299677169004,1.17208756448578,1.66314668378125,2.8185369954605,2.31695636069272,1.80215416629827,2.17658774357981,2.38134413041925,2.61564417840183,3.00941206728304
2008-01-01,0.950353487280315,-0.824167005701762,0.344813436465282,0.902985216306964,1.39659580218068,2.64324502126214,2.81449800601209,2.19100825230187,2.62326415504372,2.86301238276289,3.10774912326963,3.55874858831403
2008-02-01,1.31213054800097,-0.278735079454454,0.798961517608967,1.29820537156581,1.74251869509553,2.78000959755032,2.73914537707494,2.43696159829756,2.62323241767287,2.74780458639805,2.8778801126848,3.09697935783505
2008-03-01,0.92108316830196,-0.745924612190571,0.374705752371139,0.893934513715332,1.39074664872677,2.50502269166871,3.12883217866268,2.64959662570432,2.94373803899023,3.14769697196067,3.35363771368227,3.64587568507613
2008-04-01,0.662577905201048,-1.06704568678961,0.0911382476930469,0.631348579750197,1.13115124528565,2.31582428938686,3.23896313200257,2.67165412880157,3.03198186360271,3.26532431046822,3.51372811617481,3.83500434030308
2008-05-01,0.97102453587321,-0.823569836076246,0.402577888321486,0.96221581634874,1.43977915610827,2.53005028564256,2.80199908181949,2.5321469058793,2.69148132403309,2.82544292045065,2.95712396021691,3.13444953591785
2008-06-01,0.809899927260343,-1.00592505881875,0.217229949003823,0.765824052871687,1.26453808993903,2.4132848133055,3.09867385240987,2.6697181858528,2.93708405233861,3.14135434175304,3.34705256471494,3.62516547203069
2008-07-01,0.61306331174744,-1.20444272791523,-0.0326036907249847,0.561152621983196,1.04729108868361,2.14715380416201,3.22080287107044,2.74631969128324,3.06268600193728,3.28340208727364,3.5372192407736,3.87187929409364
2008-08-01,0.959091535787516,-0.834806515474089,0.383582432134587,0.93465715437835,1.4143035352232,2.55089994024479,2.65640784243093,2.42091134206064,2.56439889846266,2.68556280492339,2.81105811012711,2.98712688922395
2008-09-01,0.987247316732431,-0.810667531033451,0.376554593568975,0.929120947342242,1.4467091493702,2.53494977562459,2.4714280177379,2.05676176244898,2.31232072389648,2.52033017710714,2.729881438667,2.97223967111527
2008-10-01,2.28401777401626,0.348215586677573,1.59884862837229,2.1959050941387,2.72084328731874,3.86162194094133,1.79578879757359,1.25675478934588,1.6056209348394,1.86122457498461,2.1100738165257,2.45938914010855
2008-11-01,2.56688121300324,0.565350525238984,1.88291960036011,2.48583954888321,3.00838790177943,4.15929793303586,1.91724622802031,1.65988229198586,1.80294278358352,1.93617881407508,2.06123802749258,2.21462113828157
2008-12-01,2.51140209234482,0.627449344369459,1.80996098395088,2.43166503102001,2.92576079675575,4.09495271538854,0.813024794968005,0.294765581536844,0.621418003342027,0.822961195496883,1.02735509030445,1.28084500641815
2009-01-01,2.60488864659009,0.611323110305046,1.88565524904808,2.5597443269626,3.11402336719094,4.26473348936494,0.772127826801715,0.19394207044804,0.563975834764038,0.7859572520593,1.01411936371737,1.33967438611991
2009-02-01,2.08009871219441,0.531507028239546,1.52434291713247,2.03766292480287,2.50370405437135,3.43990611311604,1.88910426200751,1.6089315183704,1.77314780839742,1.90156134021369,2.03574717729293,2.21109093075562
2009-03-01,1.90281462282783,0.0441801435440008,1.2613998593303,1.85090015522736,2.3655828397051,3.39191831307957,1.69894131639407,1.21802264794539,1.53922380581216,1.71216156935023,1.92021661850902,2.17040524204783
2009-04-01,1.76016164474041,0.0486297425574548,1.17876440473773,1.73266569791208,2.23052907583559,3.39040263335514,1.81125442791447,1.19631179313537,1.59932398803002,1.82920430795996,2.06010673611997,2.44674177841313
2009-05-01,1.92154771841567,0.0347163191606253,1.31286539141984,1.89689528264568,2.36429344742843,3.54791848653421,2.24510114007221,1.98274140751966,2.13910095044447,2.25468200147151,2.37682667762251,2.51566813491063
2009-06-01,2.1934603868759,0.23345227084182,1.59644506793464,2.15860900144216,2.66735410353082,3.70566656432093,2.40162886111431,1.95498920994371,2.23764143106286,2.43886991193918,2.63212731216218,2.90241715576179
2009-07-01,2.19595454163783,0.262153657422001,1.54539625694282,2.1524016651641,2.6615960808241,3.82589311437018,2.31860927821469,1.80161235464431,2.14097875149595,2.35280318994916,2.58814433567622,2.90928381854408
2009-08-01,2.10609620159409,0.0581284871021764,1.4840332627588,2.07435566333442,2.60004433753683,3.79971659823165,2.37577200963647,2.09565360620486,2.27530467953536,2.39657601562875,2.52343239260741,2.68754479950855
2009-09-01,1.98040121121249,-0.0642975064830094,1.35713283243472,1.9279598044574,2.46725986548728,3.62094178507355,2.34483666791478,1.90060601268998,2.16410704299541,2.36631788756186,2.55968714544024,2.8166184589792
2009-10-01,1.80438113278774,-0.171990282473921,1.17270991142214,1.75668636201036,2.27716562062983,3.41751057888312,2.44624485123609,1.92113023854331,2.24811646948765,2.48971323766299,2.72001424901708,3.0547192909814
2009-11-01,1.87314645844809,-0.199039026184258,1.23584914043232,1.85582685685744,2.3760811129744,3.62482602806842,2.4022633868272,2.14000411365166,2.2936324541357,2.42505033114982,2.54430033429119,2.72238715981931
2009-12-01,1.84021881925424,-0.201269237192771,1.20956108591228,1.82184146562867,2.37312046019912,3.52879317737501,2.68840840253896,2.18794014044637,2.50092309644357,2.71871276449672,2.90155276637288,3.15668534561352
2010-01-01,2.22808920577286,0.027838702384309,1.45034631632661,2.14836839695317,2.67366750421808,3.85332828520279,2.31489419139832,1.68664451668244,2.13998844858637,2.35367754681495,2.58173446249768,2.97270396422186
2010-02-01,2.17369282388075,0.393663725220849,1.52550403370125,2.09517301771358,2.52906411988654,3.50882646715403,2.23598860618046,1.88750616402174,2.13523884551433,2.27543844840184,2.44070523049292,2.78317836140703
2010-03-01,2.2460659399065,0.375081549236486,1.50706335702475,2.15223455194404,2.64400632732192,3.70906336392082,2.24267631794347,1.71625349625958,2.0922304454853,2.28000496553067,2.48882546287015,2.93076199723659
2010-04-01,2.22220253641538,0.0882004340461068,1.45133065470102,2.12981228511111,2.64531484245036,3.694442053904,2.32552832578909,1.78574953148996,2.16209183461494,2.38035878201573,2.62654614534576,3.04452922385267
2010-05-01,2.01069456762048,-0.107085317674422,1.24041327420747,1.9243913970193,2.46405567274798,3.63465561786961,2.24845149298755,1.80640509142198,2.12294099770872,2.27123317052867,2.44435661929732,2.76143237613695
2010-06-01,1.95230458883881,-0.16568683192311,1.18031280221401,1.86309403385772,2.38138309330532,3.52266651731046,2.02725349734026,1.45023499758233,1.84215755564945,2.05168774200015,2.26657443229738,2.64514706887252
2010-07-01,1.90910200533183,-0.148180214158873,1.13506646824117,1.83841998326754,2.33826161617283,3.47548351759223,1.91155816552652,1.26911020128696,1.6999483091872,1.9169638650937,2.1412254790237,2.50024859068321
2010-08-01,1.59536843545826,-0.302092283478476,0.871771734583629,1.52895471670798,2.04595203585758,3.26303224747447,2.01265897547988,1.48482944791823,1.83588570453028,2.00708004348798,2.16137621355377,2.38375566124466
2010-09-01,1.49581627695591,-0.396316332936748,0.745692354201866,1.44008627097194,1.9686899784345,3.18171313302872,1.98989314141185,1.29542841481309,1.75669486705076,1.97414728932984,2.1709159085507,2.47134298384536
2010-10-01,1.19988137515047,-0.689241759246121,0.531319575692536,1.17432818269726,1.71432071231088,2.97278586716256,2.34170041913075,1.57355032324424,2.04189054767658,2.30092475556609,2.49824562498471,2.83546679075079
2010-11-01,1.34265353318749,-0.553730240700255,0.608533483643573,1.29882680952254,1.81892036339695,3.11126294602876,2.33277210967897,1.78502687832219,2.13289327069576,2.32196549823961,2.4726801515073,2.69665699981558
2010-12-01,1.87993939455166,-0.146490892600726,1.1004484086771,1.81061203954723,2.32954088040154,3.50933593096862,2.36982347017698,1.70325786743777,2.16684014018986,2.37861275379201,2.57904378030208,2.93025160367667
2011-01-01,1.93922270102633,-0.0505329717154337,1.20368191493633,1.87897928212139,2.41638279609118,3.61803019062872,2.57767215011541,1.90397903260937,2.36044023515382,2.5757706261945,2.79774879173616,3.13378787039009
2011-02-01,1.85227752361936,0.141353474091548,1.23722743460164,1.79497051850356,2.24598841826462,3.17230137091551,2.34150680177908,1.96577711082569,2.23722877271278,2.37908038089395,2.5508098489866,2.89614069731829
2011-03-01,1.59240935780333,-0.201044214170835,0.988169147121408,1.55659696236903,2.03337335811902,3.1096742238684,2.5927758280356,2.11536958520744,2.45662224192083,2.65118543440792,2.8617831308744,3.26983840756541
2011-04-01,1.48252935588069,-0.376528928826862,0.859943299223909,1.45263840068923,1.95597304347027,3.09139908701708,2.68526948744479,2.14808114457197,2.54100391448645,2.75837695520547,2.9920964647775,3.39815841843926
2011-05-01,1.37157018924857,-0.49966864540996,0.727013889843724,1.34858437793179,1.84600182220609,3.01178021194059,2.50589971587348,2.12655916928015,2.41257853901317,2.55493751383557,2.71282122485971,3.00828564902826
2011-06-01,1.38061488013185,-0.516118933776248,0.691571654130746,1.36530387136379,1.8980210605587,3.0861602345309,2.44462009736495,1.93839294397381,2.29786121300669,2.47229426036379,2.67503459808775,2.9758273274099
2011-07-01,1.36634490570104,-0.598315812435544,0.659083782623347,1.34246218318296,1.90822761309718,3.06194917468333,2.62901092074952,2.03158477772765,2.4258962931515,2.64976057799703,2.84661088521989,3.22250107559711
2011-08-01,0.753987275523244,-1.17017320423695,0.0548904433649725,0.761600918477071,1.29243400400242,2.58601015564341,2.52469893353934,2.01745132600291,2.36308301086049,2.52305282687113,2.65663829782881,2.85643919177297
2011-09-01,0.362027579822545,-1.4918862922743,-0.272424271859122,0.389788617509591,0.917234646256604,2.220984178672,2.41074851416151,1.67889600757352,2.18558439171316,2.395792282743,2.56187588863339,2.83102052910936
2011-10-01,0.419574990375991,-1.38158659814846,-0.253727067692398,0.437972893662677,0.976717250357982,2.22186816388397,2.39607532477419,1.61777787938098,2.13202711110308,2.38912543957648,2.57118919115648,2.85386209840783
2011-11-01,0.102129962167523,-1.71265371751533,-0.540276588745005,0.13553632482806,0.662575102220414,2.04067073672545,2.46458434528032,1.94491071335668,2.2821485855586,2.45831891942129,2.58390352060497,2.77851197437427
2011-12-01,-0.0107291748164784,-1.85418599556166,-0.641907904778096,0.014677496262671,0.557223999829645,1.9826696784902,2.53105580734829,1.7635584427087,2.27082395358737,2.49922487991295,2.68343258163551,2.95242671712794
2012-01-01,-0.150642799526955,-1.92344670059506,-0.736209340242622,-0.109980525514043,0.454076796105132,1.78001982650326,2.64749833023864,1.83062278686195,2.37489754592904,2.63572585375158,2.81996483819798,3.15596649665662
2012-02-01,-0.265850322030706,-1.61473626045251,-0.733726299806412,-0.225911802589082,0.232385314886612,1.40476303259957,2.7794543156515,2.16114906224971,2.57676646906969,2.75139103945851,2.89440372232803,3.12505958511414
2012-03-01,-0.240566413213548,-1.77811923222976,-0.699689654688776,-0.174204935514491,0.289450799007576,1.52379775356708,2.87780478835325,2.18735872894103,2.6818856818769,2.89085798435402,3.06435167868553,3.3507723880106
2012-04-01,-0.375266216175754,-1.93940342938896,-0.872701031598434,-0.287147107355567,0.222285755278015,1.50728139581586,2.8231772459202,2.01876176974029,2.59328585040608,2.83502924246886,3.01923810721388,3.34667237437282
2012-05-01,-0.743347468493921,-2.33097956918176,-1.21728942273731,-0.653072324810283,-0.143692946267832,1.14208136677114,2.57506084481423,2.03516122717443,2.43274904263348,2.59557270553841,2.72503136117148,2.94587376893105
2012-06-01,-1.02665556382414,-2.66202049972389,-1.58650994444447,-0.97010027857946,-0.436010430195345,0.92217850312535,2.66459755723426,1.79814349932995,2.3322755728804,2.61227184977537,2.77580236075128,3.03518575461707
2012-07-01,-1.22614542048725,-2.90930575482602,-1.7696802011243,-1.18718244036182,-0.628464271066261,0.716414173881026,2.79285267041107,1.77845806628818,2.40466919956698,2.69827417195708,2.89881156931321,3.2100065689565
2012-08-01,-1.12519546237186,-2.76502955841117,-1.6506723118713,-1.04502889349115,-0.537721974738554,0.797622215932719,2.70909124929685,2.02544489538306,2.47331440976132,2.67818014677449,2.81609284935379,3.01677360932838
2012-09-01,-1.19717149189788,-2.83266426554335,-1.71583840993507,-1.11001157588722,-0.569434239572628,0.86846719304737,3.07773494668291,2.18172102857966,2.74944281226155,3.03283111752075,3.19902775547844,3.4714312387563
2012-10-01,-1.17629449013294,-2.81287438860173,-1.7292282468393,-1.13010907745198,-0.56458567496964,0.859282240861084,3.2193596273006,2.19750598416774,2.80142278427755,3.13838157016968,3.32566028128399,3.62905199158451
2012-11-01,-1.3432774929706,-2.93465942526189,-1.8929861766517,-1.27380068197338,-0.695231049748889,0.663751102020111,2.84687475092968,2.15485976718872,2.600248810884,2.81658840139475,2.95647764353389,3.16721744215993
2012-12-01,-1.30631246479106,-2.95460237159959,-1.84685337430616,-1.23622795548654,-0.67893139949636,0.756980617516434,3.14492226601576,2.21025978735814,2.797323514341,3.09463707394148,3.27559356352265,3.53694918158744
2013-01-01,-1.00698165902169,-2.62684044796982,-1.51977977135036,-0.953070399496892,-0.373522973098468,1.01883304451336,3.27828830873576,2.30725965948023,2.93896348271696,3.22983937950387,3.42085954167869,3.712780401554
2013-02-01,-0.828417508747757,-2.19158857455523,-1.28129364924648,-0.777926379525924,-0.31159879090053,0.866748821895944,3.00484608115044,2.39159008599558,2.81640168464194,3.00220867510127,3.12165060548128,3.37143930398995
2013-03-01,-0.940777734457963,-2.41762898835578,-1.41735813407221,-0.861739510399826,-0.337090751045394,0.850809699732456,3.2112921745503,2.44062502320084,2.99345669652551,3.2321700972841,3.40741538834691,3.67081005474653
2013-04-01,-1.12727675410657,-2.6795971101013,-1.60540584238956,-1.04467798303639,-0.493766639578757,0.79485269680838,3.12908810693801,2.26924854930802,2.88621138593879,3.13938714279803,3.32073119659039,3.60604875199266
2013-05-01,-0.798259993555199,-2.43536938957504,-1.30473386833607,-0.740842153013553,-0.204989234121461,1.07631415119943,2.59596578128773,2.11987364658046,2.47813796643821,2.6165246596859,2.75739253876621,2.97403067676845
2013-06-01,0.0383956544144276,-1.67666811162037,-0.501645457136343,0.0771577461672938,0.595994683531597,1.82758880201991,2.39883546421372,1.81699329996933,2.21745569011069,2.41957679267866,2.60682178281883,2.91683740952238
2013-07-01,0.548582504231266,-1.32176522953884,-0.0353681692939711,0.548853076628867,1.08546350426895,2.19805524975319,2.40757097009306,1.81615745030141,2.2350507455736,2.44557589461022,2.63859132181689,3.00007861282058
2013-08-01,0.861632667342622,-0.957627678424028,0.236156273577935,0.849838093976644,1.362802279798,2.52038031954678,2.27365643655599,1.89088411391575,2.16863086970001,2.30418143783936,2.45562807733764,2.69825141212966
2013-09-01,1.02082815018335,-0.962583699756275,0.333190397548859,0.991971470947089,1.52412995019601,2.67424196990398,2.29500356671386,1.7428002357352,2.13457198579796,2.33368077134109,2.53848129107148,2.87180433851903
2013-10-01,0.83124321464037,-1.10992163104305,0.164252164317059,0.803919551745536,1.32264315491598,2.61497983423928,2.43212122035628,1.8016059942579,2.22988395279506,2.45423960185436,2.64465902256796,2.999140255408
2013-11-01,1.01815923212828,-0.968246162259624,0.366277356717313,0.994131136855525,1.53280159582745,2.81201438178488,2.30961302715415,1.90421814810421,2.19153194190868,2.33338628002193,2.48506920683052,2.7247690917185
2013-12-01,1.30504276643078,-0.694284402243728,0.594867295106912,1.27066273015953,1.79865708887143,2.98482700374234,2.32610194293313,1.8030292969667,2.18021188380931,2.34758545771614,2.54701039442714,2.87192626458498
2014-01-01,1.14973432201879,-0.980776598041997,0.470609111423694,1.11151081741701,1.649096175373,2.92442248166688,2.41169640443187,1.84597199844788,2.25430424096315,2.45220305463741,2.67232674081973,3.01929495680782
2014-02-01,0.902490617529327,-0.727613053586265,0.33921224003209,0.850956735999135,1.3264699054458,2.30355625677473,2.30145905473873,1.9013803659068,2.19252655566393,2.33531436660355,2.49090722602479,2.80465845401355
2014-03-01,0.826750211942346,-0.965074875294911,0.215646469192886,0.777142848904458,1.28184156506699,2.38617439930402,2.30112960332833,1.82147105185578,2.16594388271839,2.3423186769581,2.53593999990517,2.91933684508388
2014-04-01,0.764499017599257,-1.17380451294879,0.11248830690352,0.704390708300895,1.19567306575783,2.3624465298782,2.23562972193556,1.74454231366601,2.09733376554932,2.29252587135724,2.50830002355445,2.88714835797711
2014-05-01,0.505884906060151,-1.47798041641022,-0.19137075875443,0.444700223682013,0.937098234636443,2.11558336265656,2.20380453810082,1.8460608325887,2.10299885842496,2.24047177229375,2.40532429728715,2.70715645545269
2014-06-01,0.443601751209936,-1.52515950841393,-0.239646802709713,0.35739505611155,0.880447853828957,2.12961220780819,2.24997982112325,1.78237812659119,2.10906904231613,2.29025731839437,2.50083934336733,2.89994134138561
2014-07-01,0.273024030729866,-1.78710279450652,-0.461794684206659,0.186597595224263,0.72185417546172,2.00792468506435,2.28729242710595,1.7175137581217,2.1289768549235,2.32811855024708,2.54395151293035,2.94867371664596
2014-08-01,0.133905173487519,-1.90591346384449,-0.606132802659487,0.0352981659778451,0.560373335661118,1.7743210821729,2.20001772741887,1.80942731025742,2.08136711596293,2.22703005792637,2.38214839379147,2.65400096721836
2014-09-01,0.336465182827043,-1.8868101023785,-0.49979652974534,0.201585174568563,0.706871835990234,1.90881062542716,2.02505002250227,1.50275962919432,1.86761951576817,2.05831945985702,2.27048935786586,2.63829420381128
2014-10-01,0.227110806776989,-1.91695665172962,-0.572657810518429,0.102915713784007,0.636534085501813,1.80057714082333,1.91442634444545,1.2851888452923,1.73164363939316,1.93868222477457,2.17728273707561,2.53542642499951
2014-11-01,0.237465646094749,-1.97494612514869,-0.597747046193588,0.127063412256573,0.644398239800244,1.86002298053341,1.9726508960715,1.52620224364458,1.83301177950331,1.98555250140379,2.13802617672286,2.40324100522341
2014-12-01,0.1323879239588,-2.05670305314189,-0.757522080669449,0.00398529226330896,0.538451104513387,1.67768878967217,1.71474157376613,1.16339470453265,1.5249947696725,1.72850010058684,1.92597778627595,2.25350201633144
2015-01-01,-0.334286616448757,-2.45907514420551,-1.14169248733538,-0.444762954797567,0.076229343925896,1.36026782243794,1.69690256270511,1.04743531436146,1.48635739968137,1.71041715939434,1.92572811672534,2.27762138394929
2015-02-01,-0.0945119437031982,-1.68202557697272,-0.592330803989169,-0.129900009934282,0.30016320269809,1.26987067805,2.10175120666834,1.60000004306988,1.93276023712141,2.10539271749767,2.25653068450204,2.49890060797709
2015-03-01,-0.219726417708447,-1.92384486287103,-0.801924565132756,-0.26278790262836,0.178898432614308,1.2905404099359,2.0255118972898,1.42597156379465,1.83393198207169,2.04201952337959,2.22013469483833,2.5760970727571
2015-04-01,-0.508614397741151,-2.27004744089292,-1.10514398089536,-0.545291231761918,-0.0716267989131318,1.08662751565094,2.10367236409463,1.4496119451336,1.90820317839288,2.12785552291701,2.33616145504341,2.6771685870073
2015-05-01,-0.180545080673972,-2.10375892731855,-0.825724218681556,-0.24083476790167,0.268013224412949,1.40778805561543,2.02034149575467,1.5989488014567,1.88617107515267,2.04410125303774,2.21019856092342,2.45695214616841
2015-06-01,0.0875354073996324,-1.95420195089518,-0.599608342809024,0.0202703197791985,0.533656775289593,1.76785811537789,1.93526828034237,1.37497233519817,1.77626185882658,1.97308374149591,2.17964745443094,2.54468216480334
2015-07-01,0.147260078653918,-1.88190016762994,-0.56643603475845,0.0611715455811565,0.570327341550365,1.86730312644445,1.84902593603223,1.24552681933447,1.66619612870212,1.87287170973199,2.08847850089895,2.47048054379699
2015-08-01,0.142187687483179,-1.93579747380555,-0.615491780025719,0.0554065499150258,0.552483522055729,1.74169528114101,1.80229458140731,1.30664057962464,1.64172472044502,1.81113015500523,1.96412416568645,2.21114245092619
2015-09-01,0.203181316103586,-1.85544813130285,-0.57323378953908,0.110726927369168,0.614703730062573,1.81364289932765,1.58428252356807,0.979792406752028,1.3920402655745,1.59939429418859,1.80970551146764,2.12174908427027
2015-10-01,0.0819843249362183,-1.91325821091585,-0.648018822220647,-0.0179627530138896,0.522146499979753,1.75991037933426,1.57679599248819,0.958263386853212,1.37385901939305,1.58949612679337,1.81145000678767,2.15749673193651
2015-11-01,0.162047008034929,-1.83514327595518,-0.541755544932777,0.0838195398149989,0.582547211289547,1.75456194667858,1.73512827010547,1.27713735703386,1.58747485235506,1.75205700730244,1.91833985193319,2.20822154992752
2015-12-01,0.0715728385013994,-1.83942541864379,-0.611160465900029,0.0103468694627687,0.512318851253848,1.61517389716661,1.57061860332857,0.961551540742454,1.41295311396272,1.60643559872981,1.823460466479,2.18532902094485
2016-01-01,-0.105566025728718,-2.04068333207849,-0.709836578122165,-0.150343258303536,0.359888198198226,1.50546657169378,1.54745659527772,0.911897884816864,1.36001638315984,1.5683602295167,1.79693099124475,2.17874630881097
2016-02-01,-0.17861082496173,-1.57842501782945,-0.668226524153107,-0.193903349152806,0.198502568596938,1.21622504705887,1.8315351661305,1.29400394370189,1.66227829454305,1.82077227723042,1.96558824190293,2.2394779666817
2016-03-01,-0.441012798839267,-2.07435840107855,-0.961139201785416,-0.453214897321816,0.0354638649480885,1.14401634623461,1.88518626680395,1.19973669985673,1.66055188068439,1.88688392852015,2.079431812598,2.44748753683102
2016-04-01,-0.672162677160779,-2.30175450902988,-1.23697981044894,-0.678068690883865,-0.198398917376849,0.946558433596532,1.94564274362794,1.20134946740431,1.70511793078537,1.94502476164622,2.1363008248553,2.48423129458648
2016-05-01,-0.722319395376463,-2.4084644838982,-1.28860985777631,-0.72900307067268,-0.234109291544651,1.09039354920361,1.97572843108319,1.44504523280879,1.79860715804302,1.96929960118289,2.13158545712115,2.38540409331667
2016-06-01,-0.898350087048737,-2.61613299242698,-1.45224073038067,-0.884373836913907,-0.408918725757518,0.827107232519479,1.89282252553337,1.16385453289966,1.65488724733223,1.8808138275955,2.0805618332135,2.40272242769157
2016-07-01,-1.13061831860347,-2.87665205504386,-1.66562853173218,-1.09842639312498,-0.614145253836619,0.676375796240685,1.86965592776728,1.08608671353516,1.59901365727931,1.85280930320191,2.03886541316277,2.42378908789193
2016-08-01,-1.09228646052284,-2.86881518725884,-1.65773513993531,-1.09291083954799,-0.60990925708028,0.720284641601867,1.83981951950843,1.28209143209129,1.64062830416112,1.8258469294013,1.97662216091226,2.25146164388943
2016-09-01,-1.06486329111633,-2.79084110816029,-1.62451971337385,-1.07363199455303,-0.587329215810885,0.726269529275966,1.80899723294966,1.06963580693255,1.57302097890038,1.80100160904427,1.98894090232366,2.34431578546158
2016-10-01,-1.01758392162043,-2.67506708180535,-1.55641236657713,-1.02037795452361,-0.515565509290275,0.802627628279551,1.9558622834653,1.20892540915908,1.72365989088212,1.95309969726147,2.16236511011862,2.50575533276232
2016-11-01,-0.514917671836516,-2.31042645382171,-1.08882679590216,-0.54528802746917,-0.0552408099642958,1.12947816354136,2.04425226723496,1.55413543494477,1.89595173125619,2.04619763550776,2.21283963746992,2.49558478192029
2016-12-01,-0.0650737684960664,-1.84938061369751,-0.643276470867733,-0.101211943199805,0.365258966133044,1.53313376313714,2.08034182937305,1.51380536711301,1.89207541550158,2.10561474401296,2.3284045913818,2.70671646042597
2017-01-01,-0.16251345871416,-2.00696829777171,-0.752934361415233,-0.197378004109932,0.289959949097921,1.47920985184819,2.20372897418702,1.56629777013727,2.02680395352502,2.23380361776713,2.44576863181539,2.83905510513058
2017-02-01,-0.193457623837421,-1.66947831800212,-0.711486117301472,-0.218851264731128,0.190280560654647,1.1620992109485,2.30469745538751,1.83214055121118,2.17152566564166,2.32170582906022,2.47619941063099,2.75753861866632
2017-03-01,-0.180263651810157,-1.84642852645258,-0.756216147312099,-0.211282434826728,0.253837306681922,1.45934537856927,2.27823884199986,1.6632350798177,2.11177220255177,2.31707115951744,2.50744944216669,2.89563428789253
2017-04-01,-0.361513804528147,-2.12617622303292,-0.908591783125063,-0.378825462592803,0.098280359398201,1.2643095389808,2.20678159299753,1.55546292545909,2.01002284835872,2.21999057875108,2.43774255124744,2.8283218825838
2017-05-01,-0.360613110959468,-2.05220892008612,-0.916057791290842,-0.378226203950129,0.0918851996828513,1.28856813768138,2.13412404667596,1.63598003031152,1.987772451746,2.14838567266819,2.31161181106827,2.58371247655827
2017-06-01,-0.518966363733177,-2.25970925359082,-1.11685580823893,-0.547567170959148,-0.0641672226619626,1.13683716895554,1.99977753465953,1.32071476155778,1.7950518269003,2.01189345348522,2.21303476663029,2.59976246407901
2017-07-01,-0.366297469275379,-2.13454156055594,-0.918699275264279,-0.389659963980648,0.07135194346147,1.30774390336497,1.97569066876393,1.29595590759155,1.77653469746911,1.98874508464237,2.21041549114304,2.56034829900684
2017-08-01,-0.486690301019734,-2.17900018207065,-1.0514261994814,-0.51961389659485,-0.0503875863652687,1.16634902827343,2.0194456893047,1.53483876337184,1.86119622110848,2.02855266259092,2.18609652929576,2.48056310637847
2017-09-01,-0.602461339178956,-2.48966366441707,-1.17689972608847,-0.621430005798639,-0.14698100893536,1.10299127803155,2.05015515735121,1.4089638550387,1.8492157148768,2.06370900433736,2.2685840584497,2.61162421463269
2017-10-01,-0.530280878287854,-2.33645524141311,-1.08429249963783,-0.566960799861505,-0.0877065073482436,1.13776093689336,2.03516126679328,1.37905132609656,1.84057551498236,2.06208882743264,2.28247915361646,2.65722913207031
2017-11-01,-0.613881609686695,-2.3932137246763,-1.20047073139613,-0.651717304274607,-0.152092856779422,1.04430576223509,2.02803731985539,1.53255955143642,1.88971208264584,2.05188501777398,2.21106404328628,2.50179267865537
2017-12-01,-0.688085700737907,-2.46857649595597,-1.25910157252298,-0.731465465176557,-0.249473088028215,0.98055900783226,1.99870088346009,1.43989722486565,1.84777952586825,2.03309226001138,2.24127125960957,2.64421006457698
2018-01-01,-0.658524415131518,-2.53459477086436,-1.28310769093313,-0.687567036448777,-0.219402177745339,0.917355613390089,2.11155162803328,1.51089228826541,1.96581114233981,2.15369549652137,2.3965424200919,2.82730706170105
2018-02-01,-0.309133944931377,-1.89865338496039,-0.854329682502154,-0.364332546588919,0.0413519324848173,1.02692972387124,2.19453092752748,1.79255459989463,2.08432836111293,2.23298154108506,2.40289100436335,2.73416422071725
2018-03-01,-0.400025776058359,-2.14688289110437,-0.986842542835235,-0.448167887871398,0.0128469996400089,1.12543597341873,2.21337038769485,1.65734925812766,2.07371233421194,2.2647735356955,2.49014796492848,2.90748779977193
2018-04-01,-0.47295120318067,-2.34470795196736,-1.07812086416477,-0.531307041904881,-0.0455188525936538,1.1111980644958,2.18411427838976,1.63372097986584,2.03764046260008,2.24150639505892,2.49486200354429,2.95405224922124
2018-05-01,-0.400081331655121,-2.2218251943563,-0.997749893463492,-0.44773989455271,0.0250803402741803,1.23521839472959,2.17723073883747,1.77730503377719,2.06331848585113,2.22748352904449,2.42008617785423,2.73784560835182
2018-06-01,-0.496217969016447,-2.41971939302667,-1.12645687621607,-0.551423716720742,-0.0718317218135471,1.15892263945402,2.13945260272945,1.59370479380009,2.01838583180601,2.1912685569562,2.44147627854327,2.8557258537419
2018-07-01,-0.59044061642144,-2.5155008075538,-1.24668035020843,-0.645227590390135,-0.169996221122016,0.975848267137051,2.10048282801378,1.54654717945412,1.96451586551227,2.16086421968047,2.41266324766651,2.89357289921266
2018-08-01,-0.601700372957591,-2.48513358125422,-1.22155337952999,-0.660102381543832,-0.172492983348837,1.01555856423765,2.08650817315543,1.64492827561564,1.98203134311149,2.1244428576811,2.30760139773921,2.64735618497558
2018-09-01,-0.530390204564927,-2.39099522247698,-1.15973291450325,-0.583538439998634,-0.102428026492315,1.08721675641477,2.07119179200109,1.53277655096332,1.93891171858021,2.13032319405269,2.38636945915672,2.804922361824
2018-10-01,-0.334017330706617,-2.24566050663217,-0.959916959487147,-0.410141320087587,0.0785460173840844,1.25724284534463,2.03629245980858,1.52693397738178,1.91670174695701,2.09376244143636,2.36500946723233,2.77859143486844
2018-11-01,-0.273763683047131,-2.16850706973077,-0.902906952098384,-0.334059266201323,0.120922500472869,1.27156197720731,1.97956704303432,1.58582511618848,1.87010192051601,2.0278237365422,2.21649872149691,2.55143304689806
2018-12-01,-0.427008812912438,-2.32535839419414,-1.06510864578422,-0.476076684751096,-0.0202055568343828,1.20695413161059,1.7630673217027,1.21953852851753,1.61974664856972,1.81913589521112,2.04408590265021,2.48278102074355
2019-01-01,-0.556392077933601,-2.39057096459799,-1.150385566745,-0.594759143675353,-0.140364511397784,1.07192346032864,1.82605243448459,1.27720719912553,1.6613784753126,1.87442341234354,2.11628434642563,2.53263640595225
2019-02-01,-0.536075086052249,-2.03911562612638,-1.03354031827029,-0.571508070225731,-0.176495947364414,0.889410098463555,2.07930472694776,1.614536770653,1.94930739950265,2.09946783922068,2.26083813941174,2.53332540714302
2019-03-01,-0.743130769004949,-2.4342332356672,-1.30219385274639,-0.771460420082223,-0.304762841438411,0.807859415244734,2.1240857716763,1.52455073545754,1.95649359902947,2.14339076777313,2.35988222606238,2.73524981271644
2019-04-01,-0.790094972136653,-2.60750548254539,-1.33896253438366,-0.821204189376742,-0.32816231326053,0.944658160198152,2.15261609828356,1.48644646041151,1.96665461404937,2.17730177360428,2.38939663187163,2.80187702868452
2019-05-01,-0.849267055579736,-2.56559971152011,-1.39251293823059,-0.869294196706848,-0.398725971062765,0.792666125132677,2.05842719328167,1.55599483966573,1.90699501695701,2.07149244126421,2.23863916014789,2.51499696849666
2019-06-01,-1.06930683150695,-2.80237725780704,-1.62572730280953,-1.0728893126925,-0.602311902530826,0.632019529941219,1.99779485126221,1.31655121505905,1.76729905950241,1.99396038654257,2.20423917890642,2.55218565127593
2019-07-01,-1.17521781874494,-2.94112085522724,-1.7321431510379,-1.18675528430422,-0.721416509240736,0.502778368196412,1.99158085814187,1.26683352593694,1.76567129881683,1.98859212748656,2.19854969821555,2.57397630207536
2019-08-01,-1.66747540208707,-3.41235897955946,-2.23204461557615,-1.67535392830291,-1.1803391409518,0.0203362551438982,1.95222712003255,1.34472714510013,1.76243814163756,1.93629007886241,2.09221770084454,2.34314810801201
2019-09-01,-1.71270674754349,-3.47729851402807,-2.27940460236589,-1.70759611800981,-1.22758548165684,-0.0599573542034209,1.86860099123237,1.17857139873767,1.64582165582659,1.86213115630014,2.06284665805848,2.39619594204689
2019-10-01,-1.67245793493702,-3.38205769541967,-2.25475006955612,-1.67104961992148,-1.16473428549106,-0.0385887061152245,1.78683676171987,1.07775205834368,1.54838351401702,1.78350245649072,1.99454396409578,2.34305004232608
2019-11-01,-1.56383902741675,-3.3392157400913,-2.12996470868692,-1.57952364837544,-1.11801683695787,0.13836371205299,1.8857539604926,1.38047690015129,1.72054996383584,1.89108815310493,2.04155025325543,2.3245631506849
2019-12-01,-1.50828832043724,-3.27357315141448,-2.07234697285463,-1.51673737070456,-1.01550174636839,0.106725063032903,1.93515756575156,1.27315835385998,1.72209269567116,1.9386621213279,2.14678378931287,2.51635107690754
2020-01-01,-1.64296855140335,-3.40448721685642,-2.23809068919898,-1.63816887702325,-1.16011751205497,0.0623537407410601,2.01412735780734,1.27791445401409,1.78689502720363,2.01331382303472,2.21984040449175,2.5580390031701
2020-02-01,-1.66422999575489,-3.03328105671067,-2.1311692515285,-1.64680278744717,-1.25759501546424,-0.233251040410764,2.16991924855057,1.57534357087057,1.97346468541238,2.15183445036315,2.3001270910056,2.53096828945853
2020-03-01,-2.10906294868733,-3.72948949733215,-2.65784038321573,-2.09314623030648,-1.60771499173012,-0.581099389053631,1.60107702304016,0.850018325734268,1.30819368668573,1.55379290871212,1.78009104080135,2.10026784613162
2020-04-01,-2.46127677464213,-3.97610491332938,-3.01034710595001,-2.4154709295819,-1.89766943452115,-0.693018685431251,1.50544725950697,0.510010056274396,1.12503558621081,1.43542079927135,1.67943210292861,1.92929472903043
2020-05-01,-2.69269612239419,-4.47684258881531,-3.28112321679537,-2.68169251753234,-2.10714297072643,-0.916689801705402,1.84500019301241,1.39386265797168,1.64984796456926,1.79740754914347,1.92569155493964,2.0547241243938
2020-06-01,-2.76336233404498,-4.4700279853299,-3.30592564959532,-2.73050901306532,-2.15861186334844,-0.874252042530462,1.98861743473078,1.19157157121747,1.65267173432101,1.89814016161363,2.11278363650596,2.3246814071541
2020-07-01,-3.1241061031421,-4.81520984134783,-3.68187248739648,-3.04074946911538,-2.46252977641499,-1.04108685187709,2.23634787947299,1.16574823985581,1.82773225451267,2.11869448047323,2.36198056781263,2.64015724743364
2020-08-01,-3.23913524812563,-4.96581853528865,-3.79767595742502,-3.14518481958679,-2.52597662498178,-1.12857424368791,2.11502447245806,1.61130348302183,1.92227039073984,2.07313569832131,2.19745098437497,2.32182063611757
2020-09-01,-3.36838479403133,-5.10135674357231,-3.91378642195704,-3.2292037011611,-2.60227147326795,-1.16352519273873,2.3707846619526,1.50255927792695,2.0442820488853,2.29606047093448,2.50186170269325,2.72722497059987
2020-10-01,-3.22846911821717,-4.86503623399973,-3.77162884454022,-3.10748473702956,-2.40305396960828,-1.04443692296683,2.5549398984184,1.43784557561799,2.15576839518043,2.47140097066066,2.69726848706003,2.94762897459576
2020-11-01,-2.9083886591256,-4.53813504350274,-3.4267095725854,-2.78642184249443,-2.16146043468975,-0.678004506900729,2.19695176799693,1.75596195140185,2.03562787795836,2.16560696412255,2.28575101113045,2.40273862852914
2020-12-01,-2.87077602899119,-4.55005583618435,-3.37072620430115,-2.70988993672702,-2.08964401008633,-0.589223330368496,2.48456079392549,1.71111116256517,2.22436316257971,2.45863195846677,2.62355170942844,2.83543216013784
2021-01-01,-2.73403728926018,-4.45043304851648,-3.23647562210574,-2.59224251593344,-1.9332853180202,-0.412870545222005,2.81375542220968,1.91132192983618,2.51047669042824,2.79243327743132,3.0059369472373,3.25932409678167
2021-02-01,-1.93877966754471,-3.22742634795831,-2.36796877485949,-1.85152470590301,-1.36033633799526,-0.272393797938171,2.5419229100655,2.08980189953396,2.37102831755104,2.5147951982566,2.62399992039852,2.77738486036609
2021-03-01,-1.58084720867177,-3.02567671919613,-2.01914482786372,-1.4646236214917,-0.925224802092367,0.176522719825502,2.88907918319106,2.30972793881958,2.74206185588263,2.93780403277441,3.10808862858866,3.39789329953134
2021-04-01,-1.50176062257401,-3.02549342799714,-2.00425803268848,-1.39001968060371,-0.81694395642784,0.474475425814688,2.88417689994137,2.28826403704637,2.74159437256132,2.93768863048736,3.12682091495922,3.50904810710085
2021-05-01,-1.68469351508235,-3.32843735237494,-2.15471412570376,-1.58814339267498,-0.960413694556843,0.231842603425508,2.62673977146165,2.27765510811614,2.56022735995475,2.69572994357521,2.85617477844051,3.14657766852862
2021-06-01,-1.75358378487828,-3.56446011447573,-2.27678068936091,-1.67958862275553,-1.04451189425953,0.207588664007743,2.5888218861446,2.14909906343744,2.4771359615157,2.65418057802018,2.8864881035231,3.19825104417328
2021-07-01,-2.15150444235943,-3.92889012278485,-2.68927622772361,-2.08063511591747,-1.4777163049143,-0.155235977366395,2.65705496032781,2.09677645945162,2.49946296756414,2.71017932072241,2.94405690926227,3.29326061048586
2021-08-01,-2.4000598620702,-4.2943316227238,-2.97056148847107,-2.35783976827657,-1.74736518051136,-0.30200067910292,2.54878670190154,2.12632485063327,2.42691644595544,2.57354329411715,2.72925589274637,2.97652705532748
2021-09-01,-2.34539164731794,-4.28479673167425,-2.94596941413058,-2.30131204388487,-1.69384506744468,-0.335596775963052,2.64107901081217,2.10076124227669,2.47896154651074,2.66751799252566,2.8920894644945,3.21145756260623
2021-10-01,-2.2207331819894,-4.08584599863536,-2.83467361910715,-2.19742551405668,-1.6444268848662,-0.170384139189736,2.80418066690585,2.2753326012646,2.6465620471492,2.838107457358,3.06475560005025,3.44368373486462
2021-11-01,-2.52339653080197,-4.51802298780189,-3.14436010635312,-2.50985452498811,-1.8857926139825,-0.621454122500228,2.71636479482657,2.36844351261124,2.60932455010459,2.74843693348416,2.92428588312692,3.19745382420604
2021-12-01,-2.75635592306439,-4.74118709228026,-3.3414012357979,-2.74513380945171,-2.10725809553768,-0.819998657851633,2.674086701355,2.16905125122086,2.54481293470854,2.71834684530972,2.95080711719942,3.34750608378276
2022-01-01,-2.48674586013287,-4.45031104724683,-3.11103560794677,-2.46895920877457,-1.84120612783239,-0.553098957216428,2.68315732537116,2.16282087908587,2.52312886139484,2.74341360622765,3.00597193551866,3.43677657719123
2022-02-01,-2.04584044637328,-3.57857453486829,-2.52101638493752,-2.01058083969495,-1.56291123451131,-0.63182657647957,2.80590123349184,2.34959405037752,2.67864581854885,2.82295628894901,2.98123732544215,3.25699483116371
2022-03-01,-2.46103975319317,-4.04912706402448,-2.93528509779398,-2.38765605175578,-1.90490246129142,-0.909860751570626,3.24797118335171,2.69864601786699,3.10355719772164,3.29837686906669,3.51769901296626,3.88684787295477
2022-04-01,-1.90909620471861,-3.69642637613712,-2.45581526662687,-1.89571682724603,-1.3869843806163,-0.30923993575186,3.13458335859472,2.61528247646656,3.01804123816506,3.21349750255213,3.50273098535,3.94637451241648
2022-05-01,-1.33515451710888,-3.24444155503213,-1.88557219385234,-1.33962017824598,-0.827768018436346,0.313886338516709,2.81073343643212,2.38432973091905,2.70595430382985,2.86683387117652,3.0620161610859,3.39402645112634
2022-06-01,-1.00380439047542,-2.81723065128013,-1.61859463155667,-1.0308986904513,-0.55334138422693,0.639636817834712,2.69709498076062,2.21747317641088,2.57706656383832,2.77691620400917,3.03635380378726,3.48620460946586
2022-07-01,-1.11050808512586,-2.95866970956303,-1.7066960079092,-1.13683471441479,-0.646858139205935,0.460419436391959,2.47957699976851,1.9253734389625,2.32078655733882,2.54036089346201,2.80490017556203,3.24979784505664
2022-08-01,-1.32557644687799,-3.13922027709827,-1.89415123892497,-1.36079891252079,-0.893962490604691,0.383120684825611,2.62890376093237,2.1788304811232,2.51583780784802,2.67271664840081,2.85033683472638,3.16383091245081
2022-09-01,-0.676880638752289,-2.61409138741196,-1.34116192371087,-0.755708389539646,-0.272196044625294,0.823890150028213,2.27193707724808,1.78501500342751,2.16506954850972,2.35412453267952,2.61560196056646,3.09762309676865
2022-10-01,-0.17348098390599,-2.16193302606799,-0.829505445851781,-0.25716877588386,0.223607378891458,1.34722173841285,2.19776141678622,1.71740165985511,2.10063829575707,2.2931312077646,2.60743437514709,3.13072390893857
2022-11-01,-0.282771694086916,-2.19231142329105,-0.922012716374367,-0.363893450077708,0.117406172968911,1.25717231398193,2.42518774690464,2.05117563382446,2.33663437216381,2.49383002941797,2.69614068380913,3.02104512452386
2022-12-01,-0.46283942704474,-2.4038664854651,-1.10233380240425,-0.52034874684894,-0.0452098838527776,1.12207489180459,2.20049009671477,1.68500836164703,2.08451260569662,2.2747211906106,2.51957813816854,2.93086705328465
2023-01-01,-0.494630859756237,-2.37969973132339,-1.15311089627648,-0.564403882980585,-0.0715926836746553,1.15492372705274,2.18310279688997,1.62557670605094,2.03406974292542,2.24073176997445,2.49211172091972,2.9279855914681
2023-02-01,-0.563803322646605,-2.2160657561816,-1.1332908393064,-0.61585811860856,-0.219789556969041,0.705456474358675,2.278682339815,1.90607332317248,2.18687964436248,2.32232137241673,2.51161042400888,2.85042402404953
2023-03-01,-0.397133678411456,-2.2428501284636,-0.974791093613681,-0.444716757293612,0.00714814821032134,1.12863036641461,2.42155705526981,1.88580579529931,2.28464888096906,2.48202849894917,2.71628994880175,3.1177263579282
2023-04-01,-0.386843639609524,-2.06757895263726,-0.962798398980683,-0.406715665806409,0.0400018335459168,1.23618623619513,2.4835345814453,1.8477774592212,2.29101182155515,2.51054202716589,2.73796536833793,3.15123260643342
2023-05-01,-0.199447450839122,-1.94104602853996,-0.764556737298077,-0.235261070941722,0.231369127521773,1.3516345698058,2.36376469074263,1.9027776611931,2.22336871674097,2.39351532268459,2.55732030570037,2.82321477727295
2023-06-01,-0.233463235966782,-2.08607124572633,-0.846345217868892,-0.286118287864382,0.188593747868589,1.3601155142792,2.21951536189197,1.66617479224327,2.06648785752588,2.27829414870549,2.5110456782816,2.8936718540703
2023-07-01,-0.213749154561882,-2.12308811133302,-0.830016370453524,-0.294564278962646,0.192386260354497,1.3723568952313,2.19308456331469,1.65369828055427,2.0553059368386,2.25179246603448,2.52031377265188,2.97545496788419
2023-08-01,0.0815016117371745,-1.75191030096381,-0.555801571862087,0.020544024748425,0.487968474665911,1.66956670463981,2.23349362668153,1.84289276274728,2.12087643184189,2.28140072941281,2.4758852684845,2.84204002965763
2023-09-01,0.357829109745645,-1.60259327377931,-0.288369624717032,0.284938391077239,0.769410098754436,1.9935089101558,2.24109010381012,1.77012456561385,2.11107580471921,2.30948021322981,2.57561322812276,3.00563166000601
2023-10-01,0.945601102709253,-1.03873574767367,0.259860833767156,0.861159255592796,1.33412015105266,2.49471771996124,2.23874869719596,1.74909340328814,2.11413148974306,2.32204914457742,2.60408243071264,3.08178810837254
2023-11-01,0.811993128792126,-1.1021770141754,0.160837518159586,0.743528440837121,1.21749725680331,2.36233537321414,2.226089910037,1.83805276016692,2.13301642111083,2.28751426983608,2.48283227741499,2.84288091731469
2023-12-01,0.519954996156504,-1.32915656649606,-0.0974909603639945,0.460375836757103,0.935029713067143,2.12875942898096,2.20964094064683,1.66092310532724,2.07092905082376,2.26734001213482,2.49019272961052,2.87840550942896
2024-01-01,0.577774880290338,-1.24889213870181,-0.0559680930356441,0.520442242060201,1.00609233181915,2.17008113747263,2.3309670852498,1.78310409426176,2.16820219255302,2.37655687410226,2.60069558112605,3.01159193141949
2024-02-01,0.398540727088104,-1.23200717406152,-0.154453402749751,0.365717842429728,0.765773845715706,1.78773892039505,2.17818448726176,1.80610506135378,2.08156918579633,2.21657738697001,2.41271484266256,2.77039194159351
2024-03-01,0.472698239969406,-1.360849709225,-0.114267195111004,0.416149394565722,0.900189533575224,2.0048459913726,2.39561084950513,1.85372257924359,2.26584223291424,2.44618019906403,2.66941380744243,3.10659060402571
2024-04-01,0.697147232612453,-1.27245713553957,0.0385081246657627,0.634587617168959,1.13813760513896,2.2763064702013,2.40360959433776,1.86547376988454,2.27228254305051,2.46569282449642,2.73641287551548,3.18506942683491
2024-05-01,0.689277725233786,-1.18616656778224,0.0452253210801435,0.634600728991488,1.10915602242767,2.26037651429801,2.31582343904674,1.90753963598207,2.22064418760399,2.37280915489057,2.56499194620337,2.89866729022955
2024-06-01,0.568930558093247,-1.25132284174915,-0.0524675742951299,0.507514105432646,0.979691165076147,2.15996922523126,2.2585593508481,1.75641237522004,2.13405799875255,2.32289292972291,2.5593809391515,3.00419341231577
2024-07-01,0.633063151328946,-1.27881270612488,0.0047017709877861,0.568852097585395,1.04602974138702,2.24745310514576,2.29503205022881,1.74399217428325,2.14825641574777,2.34850973442776,2.60428251120306,3.04462799604836
2024-08-01,0.603610694769538,-1.2599646403836,0.0239675674847414,0.545278441636738,1.01713236559502,2.18628900492462,2.22399314052278,1.76533982135717,2.0890425045835,2.25699782005348,2.42662898192332,2.73517582888465
2024-09-01,0.610401895583123,-1.17175581837464,0.01003507518458,0.569778597916161,1.03246561968914,2.25116094306935,2.29612539349786,1.71655766625216,2.11596576175156,2.32005825275894,2.52358381996015,2.89947288138018
2024-10-01,0.741118993769804,-1.16846674656302,0.120224436024095,0.692378480265081,1.17062047459638,2.36241654413783,2.3829715205023,1.80333480007338,2.22502753551958,2.42497034652718,2.68565978533504,3.09236567774801
2024-11-01,0.861159115681248,-1.05266648334956,0.22990372536872,0.798969546360976,1.28849429890752,2.39969775725808,2.29112050504481,1.92051952463492,2.19148353469291,2.34280438165384,2.54104388436728,2.91050693934846
2024-12-01,0.932177384862127,-1.03258236692038,0.279153603915961,0.858486539807678,1.3208577397173,2.51710542033105,2.26936061023716,1.77803372735287,2.15796088665646,2.3470922935936,2.59577910334231,3.02545805558642
2025-01-01,1.15068198941817,-0.734555292739037,0.494204344509502,1.08049260319259,1.57208588894276,2.73322951861149,2.35968128662912,1.84895448527006,2.24311679547985,2.44110903258898,2.71623052598787,3.22178139728122
2025-02-01,0.778211641012366,-0.942540918928539,0.242188372841344,0.720780438014955,1.1527252183945,2.1350345075035,2.32877106722757,1.9970372086032,2.24472156476327,2.38351531593078,2.58849199009869,2.92612232977535
2025-03-01,0.84459528026371,-1.02115958806829,0.238822365487584,0.786605068894048,1.27391425231256,2.36225861549852,2.50974722897644,1.97042941565189,2.36938068071867,2.57403890401378,2.81192832735514,3.23459203994037
2025-04-01,1.08436154602193,-0.744911234487967,0.480096991656211,1.0379961805166,1.5259347570631,2.67961774390675,2.50392697530652,1.92283844825406,2.35517427015595,2.55790916847326,2.80427429072148,3.2191465389641
2025-05-01,1.20099092211858,-0.657766234180752,0.600846155920657,1.14547099578033,1.65451779751217,2.82203200157333,2.43388605338825,2.01417352355602,2.33345814434758,2.48568795645799,2.65932040752784,2.97241945417208
2025-06-01,1.17818044960558,-0.666571253553333,0.559932250153993,1.11105050962587,1.61628786153506,2.79765359325299,2.43847327960555,1.88490367082391,2.28539902930705,2.49112130281156,2.7220067974415,3.1584859513641
2025-07-01,1.1178610667715,-0.781687202879446,0.500057995277859,1.07179762876111,1.56130421303565,2.67654347686327,2.56072329601156,1.99322096395793,2.39982164637539,2.60648639676138,2.84208125144882,3.31142984513624
2025-08-01,1.06862427663982,-0.730578074756162,0.458556782721174,1.02789726334825,1.50325275749017,2.693241124505,2.49043565748567,2.04960862629557,2.37241997892466,2.52774988042097,2.71296321557818,3.02012038189346
2025-09-01,0.922496255234749,-0.912105996589502,0.322939759532122,0.875901809115476,1.37943406510178,2.55329033837492,2.56909326160513,1.97107222784,2.42650040597675,2.61474377557481,2.83557219849554,3.25705946561119
2025-10-01,0.92628864192111,-0.943717809042845,0.278437319944917,0.875734641231952,1.36133817996761,2.55254634950765,2.48482918935991,1.87722846946351,2.31885111724592,2.52264728633347,2.75435427419922,3.18796810494123
2025-11-01,0.96772386776284,-0.903748408344356,0.372425627493966,0.918159003826421,1.38499031921037,2.54859190850858,2.33421093458276,1.92285636933837,2.22187164769187,2.37439157179381,2.55856771477179,2.88189237803381
2025-12-01,1.06348817934179,-0.867525964081493,0.433652367393936,0.995486725813817,1.49934005142368,2.63798951023255,2.27750347502331,1.71346470968852,2.14143898834693,2.33119663923777,2.57064327666761,2.99574068653776
2026-01-01,1.07252627994905,-0.805134893555052,0.436990657421353,1.01866342061737,1.49598112286923,2.65024809215333,2.37152971941633,1.82317807494356,2.23644237247098,2.42689089194865,2.6852533129122,3.1250025383923
2026-02-01,0.807605454737906,-0.814625243472508,0.256873172670245,0.760282030539287,1.18168560999852,2.23459107397794,2.29800655215855,1.93464747705295,2.19655550156039,2.3440468237307,2.53223552933512,2.85453817505704
2026-03-01,0.899009660238882,-0.91581226103381,0.268381164956094,0.839627008161457,1.29983927699279,2.39983798104892,2.48291844369767,1.95442743080935,2.35511937015167,2.54290177343135,2.78762948391734,3.19732328297739
2026-04-01,0.947338316568178,-0.929269551969347,0.309903131950164,0.889974253713789,1.36311945691707,2.51063105209083,2.51478889610427,1.97202492938228,2.38752011689903,2.5806364616611,2.83849196998264,3.2732119275638
2026-05-01,1.04373432741887,-0.934278987823903,0.39707509499467,0.965974434952254,1.47336129175657,2.67159687098003,2.46077059107055,2.07532110081789,2.37108039914837,2.51960828896612,2.73205408462486,3.09387873025804
2026-06-01,1.05207408497129,-0.908517920939552,0.418829627119366,0.972092255730671,1.44963117265874,2.62704264253639,2.27206741972803,1.80341107445135,2.17021748754634,2.3578924642122,2.6423387928766,3.0819780126082
2026-07-01,1.17790233975506,-0.76659349111236,0.48856951323411,1.07209109985265,1.58521060442281,2.75692372842826,2.11232621653672,1.65679902633393,2.00443055465086,2.2020512068036,2.51746195507007,3.02340403639861
2026-08-01,1.33658855350657,-0.682860183114052,0.635247975361191,1.23163356243083,1.73109751603084,2.88963025168364,2.20851298237638,1.85654987572171,2.12425610272159,2.27591964939528,2.47858845528937,2.84815298705142
