"date","nominal_tp_5y","nominal_tp_10y","nominal_tp_10y_acm","nominal_tp_10y_kw","nominal_tp_10y_survey","real_tp_5y","real_tp_10y","real_tp_10y_dkw","real_tp_10y_survey","inflation_rp_5y","inflation_rp_10y","inflation_rp_10y_dkw","inflation_rp_10y_survey"
1968-10-01,0.120561920952039,0.645571086065739,0.802297916,NA,NA,0.291131640621661,0.626214569345354,NA,NA,-0.132879959854735,0.152346255359993,NA,NA
1968-11-01,0.307201071881763,0.841793211151998,0.713405457,NA,NA,0.412493538202999,0.755067515305097,NA,NA,-0.0671751345379399,0.220935529202562,NA,NA
1968-12-01,0.715394436304799,1.29995427868813,0.84828173,NA,NA,0.675256817686274,1.05965527608989,NA,NA,0.0794997496407582,0.378294185917167,NA,NA
1969-01-01,0.781136721981806,1.33306763545735,0.857487901,NA,NA,0.725363301829318,1.07995381864295,NA,NA,0.0952318016214438,0.391104885942106,NA,NA
1969-02-01,0.97035383102634,1.44093729378441,0.638396055,NA,NA,0.868925210808398,1.14894894964376,NA,NA,0.141175748196275,0.4302125456265,NA,NA
1969-03-01,1.13243360079226,1.51987035746643,1.12290978,NA,NA,0.995039074509507,1.1990831963168,NA,NA,0.177361303383045,0.459016554137301,NA,NA
1969-04-01,0.939448872534214,1.38864678526193,0.948496656,NA,NA,0.85199353697525,1.11308040913825,NA,NA,0.127067558469745,0.413191939113801,NA,NA
1969-05-01,1.21668874100969,1.58911455758305,1.017430918,NA,NA,1.05635636450919,1.24618915308288,NA,NA,0.200485327381035,0.481631706243638,NA,NA
1969-06-01,1.41095864006622,1.66737898827953,0.797036413,NA,NA,1.21083014034287,1.29481634498262,NA,NA,0.240513412147075,0.511000930921127,NA,NA
1969-07-01,1.62045505868848,1.72746377627633,0.288992224,NA,NA,1.38157561035584,1.32954586560226,NA,NA,0.279444261239824,0.535577700896515,NA,NA
1969-08-01,1.70265616550402,1.76123010240241,0.640734942,NA,NA,1.44548771910495,1.34929266918969,NA,NA,0.297822416788067,0.549424852848783,NA,NA
1969-09-01,1.99479470283955,2.06849640836507,0.853130448,NA,NA,1.64877741635596,1.56352961821178,NA,NA,0.387264496643169,0.645234688072126,NA,NA
1969-10-01,1.86211966190315,2.01662110098258,0.170891485,NA,NA,1.54449422187788,1.53287963718359,NA,NA,0.358737953767584,0.624180423895234,NA,NA
1969-11-01,1.79025841636547,1.92562972600859,0.962069983,NA,NA,1.49805150147672,1.46988408896966,NA,NA,0.333162608753198,0.595376744809955,NA,NA
1969-12-01,1.72965112263911,1.99479071833076,0.162417912,NA,NA,1.43690341870816,1.52549713868321,NA,NA,0.333742641815722,0.610240829826756,NA,NA
1970-01-01,1.79725353804771,2.1288763554814,1.005138896,NA,NA,1.47481317801601,1.62223701197845,NA,NA,0.363568079538636,0.648664279387233,NA,NA
1970-02-01,1.81394187323292,2.15938094904462,0.481169444,NA,NA,1.48323694006519,1.64294344244291,NA,NA,0.371889036588614,0.658695789997728,NA,NA
1970-03-01,1.54544293789,1.94535576496597,1.160403387,NA,NA,1.2841481456402,1.49539320639413,NA,NA,0.302181275317103,0.591365122293403,NA,NA
1970-04-01,1.7962364918114,2.18512072639747,1.634552102,NA,NA,1.46211855617246,1.66102054340195,NA,NA,0.375343537153186,0.666715576266582,NA,NA
1970-05-01,2.20749254712627,2.46526555460839,1.343194953,NA,NA,1.77122501979107,1.84874249246348,NA,NA,0.4778640009541,0.759971917177337,NA,NA
1970-06-01,2.24797274877384,2.47538264218998,1.562860289,NA,NA,1.80274960354484,1.85281689593347,NA,NA,0.486889996973899,0.766035854224361,NA,NA
1970-07-01,2.08071671111881,2.36922464362583,1.554647551,NA,NA,1.6753443532803,1.78177903088453,NA,NA,0.446907473793434,0.730655791550458,NA,NA
1970-08-01,1.98448093064315,2.34783807859877,1.651554168,NA,NA,1.5966143500544,1.7709353142759,NA,NA,0.429319787054538,0.720253682702498,NA,NA
1970-09-01,1.82080974293601,2.22874988673086,1.738883747,NA,NA,1.47430744164994,1.69017985433575,NA,NA,0.387803453956621,0.681545685023027,NA,NA
1970-10-01,1.76965304903044,2.1705696606823,1.64882966,NA,NA,1.43925415904959,1.64937778280575,NA,NA,0.371637645322601,0.663856946831666,NA,NA
1970-11-01,1.38056063762201,1.88700754651834,2.023138884,NA,NA,1.14943729240361,1.45787065986005,NA,NA,0.271856951412109,0.570727398027968,NA,NA
1970-12-01,1.08869073945091,1.63937027952073,1.451403462,NA,NA,0.938077302796894,1.28893972978392,NA,NA,0.190780465728733,0.490691535733243,NA,NA
1971-01-01,1.10717400807046,1.72059906826613,2.244582465,NA,NA,0.940024187258482,1.34697097757995,NA,NA,0.207446398796782,0.514724536627208,NA,NA
1971-02-01,0.997428973937443,1.71013925541769,2.196467299,NA,NA,0.845954463274963,1.34294564664811,NA,NA,0.191619353339448,0.508655799000163,NA,NA
1971-03-01,0.704965045194198,1.41525243427336,1.953259741,NA,NA,0.642309810514426,1.13990128693236,NA,NA,0.101893424264376,0.414850545070822,NA,NA
1971-04-01,1.18048940646242,1.7274117495173,1.667791598,NA,NA,0.998401821556102,1.34545267128379,NA,NA,0.222388392037585,0.522773938294785,NA,NA
1971-05-01,1.7368723570472,2.07533609970819,1.758967912,NA,NA,1.41905551972476,1.57430099612839,NA,NA,0.359036523515972,0.643020061129951,NA,NA
1971-06-01,1.7638616944496,2.07945481828341,1.615953921,NA,NA,1.44446826090986,1.57868860566774,NA,NA,0.360606352662685,0.642615558694156,NA,NA
1971-07-01,1.81087411078486,2.14323355876012,1.675284175,NA,NA,1.47676365025868,1.6253260028102,NA,NA,0.375387877875165,0.660182955376936,NA,NA
1971-08-01,1.94772663974437,2.11194718772126,1.375860075,NA,NA,1.58875869980926,1.58596148049054,NA,NA,0.400417740273353,0.667307690720849,NA,NA
1971-09-01,1.57775298228216,1.789226110444,1.281657673,NA,NA,1.32901679424944,1.37182973531251,NA,NA,0.289401407604403,0.556491172086126,NA,NA
1971-10-01,1.39851936349709,1.67504685322362,1.3844794,NA,NA,1.19223761985074,1.29509336639913,NA,NA,0.246596953513185,0.518551569236282,NA,NA
1971-11-01,1.3080453685475,1.64862841837393,1.563355325,NA,NA,1.11827791276078,1.27943452494436,NA,NA,0.229962908088631,0.508055306073254,NA,NA
1971-12-01,1.3046338035741,1.65936734375778,1.685184095,NA,NA,1.11466807782084,1.28853939757212,NA,NA,0.230187335850827,0.509908195385297,NA,NA
1972-01-01,1.50858864586249,1.79904375688438,1.78169505,NA,NA,1.26440247447444,1.37921943914229,NA,NA,0.284814717302708,0.55957417741217,NA,NA
1972-02-01,1.72360001217005,1.94105611894157,1.816474236,NA,NA,1.42487698591677,1.47251948455533,NA,NA,0.339778007758666,0.608907793022403,NA,NA
1972-03-01,1.73431152794444,1.90857843197063,1.406000048,NA,NA,1.44168634284558,1.45021793747233,NA,NA,0.333618562944973,0.598179116021889,NA,NA
1972-04-01,2.074345714391,2.10063937878368,1.600262119,NA,NA,1.70109470226144,1.57406358315376,NA,NA,0.414804736126907,0.666872852550172,NA,NA
1972-05-01,1.75542675672069,1.89922835154238,1.656724873,NA,NA,1.46144350737297,1.44251863533813,NA,NA,0.334975558379458,0.596239070635086,NA,NA
1972-06-01,1.71789986461401,1.85925962804667,1.325105847,NA,NA,1.43696522137709,1.41601938635848,NA,NA,0.321821184575076,0.582419304487873,NA,NA
1972-07-01,1.83263288257847,1.90893347975807,1.475639659,NA,NA,1.52571637765111,1.44549443464824,NA,NA,0.347973140815867,0.60251377252839,NA,NA
1972-08-01,1.83423817115615,1.94239038894769,1.436083577,NA,NA,1.52268505611963,1.4709345477224,NA,NA,0.352665232270629,0.611064761172392,NA,NA
1972-09-01,1.69664124039151,1.88594415134085,1.359285488,NA,NA,1.41969927983525,1.44139733284661,NA,NA,0.317841727239189,0.58430063404562,NA,NA
1972-10-01,1.67570400447321,1.83841809844551,1.312951842,NA,NA,1.4087136882993,1.40679849205484,NA,NA,0.307798082468876,0.570804291041047,NA,NA
1972-11-01,1.50896577263329,1.72892807493643,1.302584543,NA,NA,1.28379680036963,1.33465898439531,NA,NA,0.265684237526756,0.532991097767401,NA,NA
1972-12-01,1.36929808574484,1.63387908295776,1.201112395,NA,NA,1.18222310714395,1.27413344644269,NA,NA,0.227347795751016,0.498071839086142,NA,NA
1973-01-01,1.39754336120001,1.61119414927032,1.092228979,NA,NA,1.21317045587299,1.25897965619567,NA,NA,0.224628527148213,0.490020167181662,NA,NA
1973-02-01,1.55972792804201,1.71099004835555,0.935871662,NA,NA,1.33832802939735,1.32661401209122,NA,NA,0.261919716462087,0.522570088008717,NA,NA
1973-03-01,1.53070400723281,1.63440433844539,0.903627511,NA,NA,1.32997399234528,1.27562453083774,NA,NA,0.241103699810858,0.496067932201566,NA,NA
1973-04-01,1.31062494233189,1.47200852025282,1.036556997,NA,NA,1.16992923825879,1.1691220350144,NA,NA,0.180707203204306,0.439394380849699,NA,NA
1973-05-01,1.27654026755781,1.46718885538834,0.94723658,NA,NA,1.14333011869467,1.16890325278736,NA,NA,0.173234568219929,0.435107728861664,NA,NA
1973-06-01,0.758668395339264,1.12112830997508,0.742881611,NA,NA,0.758174835963942,0.94215270924371,NA,NA,0.0398066142664365,0.314570197867595,NA,NA
1973-07-01,0.904669357092044,1.19514582688882,0.920985181,NA,NA,0.874820426461343,0.992705936783897,NA,NA,0.0694522055396329,0.338271964767857,NA,NA
1973-08-01,0.6689848700968,1.02811428259405,0.843039409,NA,NA,0.704013981944422,0.885052487333094,NA,NA,0.0044085628089597,0.278596165473487,NA,NA
1973-09-01,0.295346996530932,0.776541330655146,1.248051853,NA,NA,0.423462530261563,0.717313795833968,NA,NA,-0.0892377339577345,0.19379412693935,NA,NA
1973-10-01,0.444088484583751,0.871499503824521,0.902756143,NA,NA,0.53539462463063,0.779682589072136,NA,NA,-0.0523609535771331,0.226606338237876,NA,NA
1973-11-01,0.251612897572779,0.743177386164525,0.644306227,NA,NA,0.391533073915131,0.695000913307337,NA,NA,-0.101181428433029,0.182572870312275,NA,NA
1973-12-01,0.277659816118244,0.761680589545506,1.030161114,NA,NA,0.410785373534541,0.707239100547742,NA,NA,-0.0943905797134777,0.188900620920854,NA,NA
1974-01-01,0.12136954747437,0.695562503562935,1.261685487,NA,NA,0.288701226940729,0.666892040570449,NA,NA,-0.128531763416012,0.163687560337854,NA,NA
1974-02-01,0.179631345139775,0.762127980435497,1.06731449,NA,NA,0.328427526250124,0.71315667465247,NA,NA,-0.109852243217865,0.184604327076776,NA,NA
1974-03-01,0.261305633536577,0.809313813955439,1.022819503,NA,NA,0.392193507405508,0.745121495697122,NA,NA,-0.0917038041402068,0.200055642817839,NA,NA
1974-04-01,0.675545458143108,1.05156687536749,1.111579377,NA,NA,0.711922850581911,0.906591271685166,NA,NA,0.00328980525198044,0.281402850717315,NA,NA
1974-05-01,1.02206537681632,1.24951563202488,1.202698862,NA,NA,0.979340580251068,1.03762244258576,NA,NA,0.0826716147227714,0.348603955205449,NA,NA
1974-06-01,1.14369740645042,1.33572937428267,1.164261367,NA,NA,1.06905498818302,1.09465910335512,NA,NA,0.114685836156861,0.377998948662968,NA,NA
1974-07-01,1.74109304257888,1.70995767862735,0.79176598,NA,NA,1.52229219758861,1.34261465857672,NA,NA,0.259334291340384,0.505045086574994,NA,NA
1974-08-01,1.02169130902537,1.33459140327876,1.237338582,NA,NA,0.965248779660725,1.09962846317553,NA,NA,0.0965436911354516,0.372617458888296,NA,NA
1974-09-01,1.20266624220885,1.4665789332867,1.593451138,NA,NA,1.09896139805683,1.18781999370347,NA,NA,0.143937037373725,0.4167766518959,NA,NA
1974-10-01,1.26952088649572,1.47302298385959,1.154132482,NA,NA,1.15339043122317,1.18814221518464,NA,NA,0.156345538672203,0.422573403401835,NA,NA
1974-11-01,0.893289066928846,1.24451346281343,1.322996686,NA,NA,0.865555067080285,1.0362006340505,NA,NA,0.0676163771726142,0.345551252927521,NA,NA
1974-12-01,0.695622023928516,1.13123733662474,1.354773522,NA,NA,0.711754775382633,0.96015666774529,NA,NA,0.0235162717892066,0.308057790833248,NA,NA
1975-01-01,1.21162904723606,1.48161315794278,1.796009433,NA,NA,1.09734667820451,1.19279831868813,NA,NA,0.154455554485642,0.426789629976299,NA,NA
1975-02-01,1.17778435459799,1.52460359309764,1.898939162,NA,NA,1.05909215945372,1.22370180724943,NA,NA,0.158895857519505,0.439458139283758,NA,NA
1975-03-01,1.33136783441106,1.66352728291844,1.954282009,NA,NA,1.16805865816278,1.31809035261769,NA,NA,0.203724133598901,0.484610492183839,NA,NA
1975-04-01,2.11117266090592,2.16833063031579,2.272789801,NA,NA,1.75901885028329,1.65531030688478,NA,NA,0.393247412774154,0.653345441930307,NA,NA
1975-05-01,2.05567518535606,2.13308692309344,2.270180155,NA,NA,1.71635281701156,1.6313262208239,NA,NA,0.38039770739327,0.642018108643885,NA,NA
1975-06-01,1.7585057470689,1.92982532405332,1.877889009,NA,NA,1.49345127365978,1.49533610915814,NA,NA,0.305864261275768,0.574223251099824,NA,NA
1975-07-01,1.82985858899507,1.94984136773866,1.689118478,NA,NA,1.55275705585685,1.50802714240926,NA,NA,0.317927815790899,0.581427241700542,NA,NA
1975-08-01,2.11297915208351,2.14041012203952,1.867127092,NA,NA,1.76645321720706,1.63608611347401,NA,NA,0.387561699324017,0.644400222849667,NA,NA
1975-09-01,2.22785355764987,2.2360867139311,1.965306903,NA,NA,1.85016313643989,1.70140577923726,NA,NA,0.418811996345006,0.675072793528925,NA,NA
1975-10-01,2.0146484459023,2.14338188574785,2.212994115,NA,NA,1.68011641729329,1.64127434534358,NA,NA,0.375551630806383,0.642564713488488,NA,NA
1975-11-01,1.98227925976089,2.17316367311994,2.309703128,NA,NA,1.6451853070672,1.66247328505018,NA,NA,0.37815342722272,0.65152484189813,NA,NA
1975-12-01,2.06530915791908,2.21332685826136,2.279549815,NA,NA,1.70803647799817,1.68661092255293,NA,NA,0.398427888020049,0.66767721283125,NA,NA
1976-01-01,1.99725511683031,2.21837392282255,2.452401428,NA,NA,1.64500005423512,1.69005313729955,NA,NA,0.393450444003976,0.66966034092624,NA,NA
1976-02-01,2.08857457056155,2.28998778416529,2.156734118,NA,NA,1.71020516320532,1.73701782561982,NA,NA,0.419678720965989,0.694626674959966,NA,NA
1976-03-01,2.17465626987565,2.30881558448097,2.190800685,NA,NA,1.78046345204779,1.74646726582528,NA,NA,0.435574824533695,0.70391663314292,NA,NA
1976-04-01,1.99605014049129,2.19257127888967,2.198035664,NA,NA,1.64464177804432,1.66828479939919,NA,NA,0.392645343425607,0.665593884431889,NA,NA
1976-05-01,2.18700719432065,2.3155380432733,2.054505414,NA,NA,1.79103555771238,1.75175671329796,NA,NA,0.437335936358354,0.7053247080326,NA,NA
1976-06-01,2.08787691148997,2.2425545600536,2.165266736,NA,NA,1.71829327659716,1.70328485814781,NA,NA,0.41083757013214,0.680566611858123,NA,NA
1976-07-01,1.98300767731422,2.19809281526596,2.311476596,NA,NA,1.63550191830249,1.67544941361962,NA,NA,0.388678607501068,0.663932124650704,NA,NA
1976-08-01,1.81522001276397,2.11479004348923,2.343650725,NA,NA,1.50401465535632,1.62119338097878,NA,NA,0.352249205826077,0.634832020625239,NA,NA
1976-09-01,1.64872772773686,2.01935235845583,2.429580547,NA,NA,1.37507052439559,1.55756934698354,NA,NA,0.314564312466701,0.602895502615194,NA,NA
1976-10-01,1.3350711962334,1.83148711514159,2.471654049,NA,NA,1.13511758924588,1.43320180611812,NA,NA,0.240554586151518,0.53902028354159,NA,NA
1976-11-01,1.25301127831118,1.77432020326074,2.734450661,NA,NA,1.07262723066701,1.39395278890786,NA,NA,0.220887378697426,0.520965396949148,NA,NA
1976-12-01,1.11973149972731,1.62512380893402,2.200501429,NA,NA,0.979682778744833,1.28851278711358,NA,NA,0.18027007285892,0.476430006405158,NA,NA
1977-01-01,1.51170992742167,1.88646728818114,2.168611892,NA,NA,1.27499749229602,1.4631057688501,NA,NA,0.277461182213634,0.563985584305726,NA,NA
1977-02-01,1.64292017119927,1.98422428509321,2.340727758,NA,NA,1.37366909428811,1.53033920012789,NA,NA,0.310150325877259,0.594803204790099,NA,NA
1977-03-01,1.68144542790659,2.0182764055992,2.419739282,NA,NA,1.40217935589552,1.55432253988416,NA,NA,0.320206888383705,0.604973061185006,NA,NA
1977-04-01,1.56919856544514,1.94201774602451,2.418092657,NA,NA,1.31820259026967,1.5035852125088,NA,NA,0.29181287603396,0.579224880083078,NA,NA
1977-05-01,1.54671938390437,1.93107248648998,2.400946876,NA,NA,1.30154762100624,1.49735347109695,NA,NA,0.285960063722791,0.574493324524076,NA,NA
1977-06-01,1.35115099603183,1.78244979144964,2.32774684,NA,NA,1.15709349109777,1.39687401856491,NA,NA,0.234613022260561,0.525849847216306,NA,NA
1977-07-01,1.37458937532337,1.79896060948766,2.101484216,NA,NA,1.17434069041216,1.40774778160057,NA,NA,0.240834250241816,0.531552138089774,NA,NA
1977-08-01,1.52161382387733,1.85763820585139,1.938099774,NA,NA,1.29142380999155,1.44444515702942,NA,NA,0.270898268160212,0.553465979291642,NA,NA
1977-09-01,1.40277873564896,1.75533436471524,1.85372262,NA,NA,1.20678856546358,1.37566391969406,NA,NA,0.236537508176873,0.519478721276105,NA,NA
1977-10-01,1.54917030473628,1.84629170377417,1.754216932,NA,NA,1.31896163568493,1.43672862413934,NA,NA,0.270904644246283,0.549584652142615,NA,NA
1977-11-01,1.59570903566264,1.88553096720983,1.806165431,NA,NA,1.35280077163432,1.46354859354935,NA,NA,0.283659270171942,0.562166033601729,NA,NA
1977-12-01,1.66253789270736,1.95034000964993,2.041728365,NA,NA,1.40096726034657,1.50905029938475,NA,NA,0.302396314820371,0.581744602310705,NA,NA
1978-01-01,1.68295839146938,1.99226685102415,2.064634381,NA,NA,1.4145886394681,1.54122991895683,NA,NA,0.309201471828217,0.59166256511106,NA,NA
1978-02-01,1.70931796281812,2.01997217857843,2.07530038,NA,NA,1.43358405560391,1.56100392711069,NA,NA,0.316584329926128,0.59967490925201,NA,NA
1978-03-01,1.82244158405879,2.08548684741521,2.041620912,NA,NA,1.52000727675005,1.60381644144297,NA,NA,0.343376537860989,0.622499957162293,NA,NA
1978-04-01,2.01576203567181,2.20097128203179,2.022532138,NA,NA,1.66763795265768,1.68000110705031,NA,NA,0.389212465847079,0.662021385928318,NA,NA
1978-05-01,2.19720678330516,2.29704347629846,2.003668571,NA,NA,1.80915868350744,1.74332379136078,NA,NA,0.429244783250988,0.69485115310339,NA,NA
1978-06-01,2.19302944849055,2.30220459033987,2.046228832,NA,NA,1.80640147304765,1.74869978106403,NA,NA,0.42778030306483,0.694609620578081,NA,NA
1978-07-01,2.22197315347457,2.32682675006013,2.008389207,NA,NA,1.82936077826924,1.76717026908206,NA,NA,0.433735244892208,0.70073783850235,NA,NA
1978-08-01,2.0021095105322,2.1325823209426,1.832126162,NA,NA,1.67136110982655,1.63436128255038,NA,NA,0.371715892281894,0.638660933621888,NA,NA
1978-09-01,1.5836940868971,1.86624777478021,1.708417736,NA,NA,1.35559168339942,1.45846643137991,NA,NA,0.268750463472521,0.547629769263514,NA,NA
1978-10-01,1.71711204178162,1.94789935943162,1.820136991,NA,NA,1.45860916750496,1.51367071316602,NA,NA,0.299222567646842,0.574185630080051,NA,NA
1978-11-01,1.82084645848472,1.95132634490033,1.52294871,NA,NA,1.54908046494692,1.51339480042458,NA,NA,0.312493193041921,0.577516672725709,NA,NA
1978-12-01,1.82760045397686,1.97651327672792,1.541316182,NA,NA,1.55205745293399,1.53251457628467,NA,NA,0.316262666363674,0.583715706107395,NA,NA
1979-01-01,1.76288355396348,1.93021668762495,1.556170554,NA,NA,1.50522239180623,1.50249515536157,NA,NA,0.298322716986804,0.567283330262285,NA,NA
1979-02-01,1.46308733995343,1.77146645988478,1.733140127,NA,NA,1.27286285291801,1.39888031191088,NA,NA,0.230737647249291,0.512003931022115,NA,NA
1979-03-01,1.35924457037298,1.72383596472368,1.738239576,NA,NA,1.1916984406429,1.36870299803896,NA,NA,0.208011274437288,0.494528751507814,NA,NA
1979-04-01,1.3191206356903,1.71140578147516,1.846418046,NA,NA,1.16007808075139,1.36182095014279,NA,NA,0.199490486203428,0.488973658176099,NA,NA
1979-05-01,1.1922877499461,1.63818982404256,1.737079694,NA,NA,1.06295522042406,1.31367194201615,NA,NA,0.169723161264246,0.46380204387743,NA,NA
1979-06-01,1.05148386336445,1.52833612689333,1.717682969,NA,NA,0.958621122567165,1.2386104544838,NA,NA,0.133166960207543,0.428767769740157,NA,NA
1979-07-01,0.884691648986307,1.43644418721534,1.722434412,NA,NA,0.829558226834451,1.17806120252242,NA,NA,0.0953632783161622,0.397339744781406,NA,NA
1979-08-01,0.931862112790546,1.46548132766535,1.677722257,NA,NA,0.865987560616627,1.19773154464927,NA,NA,0.106134058241659,0.406742262408317,NA,NA
1979-09-01,1.01968314035849,1.50252848536618,1.648649877,NA,NA,0.937197653583428,1.22245203122971,NA,NA,0.12278395099637,0.419020886110074,NA,NA
1979-10-01,1.24100441967577,1.73463059083203,1.79270401,NA,NA,1.09296791453474,1.38429777037267,NA,NA,0.188451393238157,0.489756198138909,NA,NA
1979-11-01,1.26052961554181,1.794212828679,2.276699657,NA,NA,1.10160239756929,1.42737328972077,NA,NA,0.199344997189855,0.506279466438193,NA,NA
1979-12-01,0.514953862515535,1.30504765898595,2.306237526,NA,NA,0.536866242809738,1.0988112139778,NA,NA,0.0183143020366556,0.345093152670758,NA,NA
1980-01-01,0.598021827896363,1.43506341738521,3.045017003,NA,NA,0.58839844242898,1.18996001511756,NA,NA,0.0499029402403463,0.384076500643149,NA,NA
1980-02-01,1.62079817703762,2.22299566745012,2.837748196,NA,NA,1.34802411614505,1.72619014248503,NA,NA,0.313177762699335,0.635980788729245,NA,NA
1980-03-01,1.37140180498131,1.88721138439892,2.706555357,NA,NA,1.1895224093788,1.4935354593677,NA,NA,0.222233489889988,0.532489406914074,NA,NA
1980-04-01,0.493433980146935,1.2867400348807,3.351559979,NA,NA,0.526774950961191,1.08772252886798,NA,NA,0.00690894656732097,0.337440406142723,NA,NA
1980-05-01,1.03174077041262,1.649125444491,4.029678267,NA,NA,0.93185770335799,1.33100383206867,NA,NA,0.140227721893643,0.456964541511537,NA,NA
1980-06-01,1.62868868147645,2.00214996681415,3.355167892,NA,NA,1.38824809690328,1.56532203537024,NA,NA,0.280977399642456,0.576215342681364,NA,NA
1980-07-01,1.46828184320869,2.01009056317013,3.728926749,NA,NA,1.24738301619239,1.57600035453256,NA,NA,0.261390446528042,0.573593037190615,NA,NA
1980-08-01,2.03096990661533,2.44515439121847,2.854675962,NA,NA,1.66480306740782,1.87249941003385,NA,NA,0.406720636497737,0.712341567243933,NA,NA
1980-09-01,2.22939228049405,2.55958221945333,3.476699179,NA,NA,1.81908565035448,1.94941088694916,NA,NA,0.450849850469621,0.7498225393132,NA,NA
1980-10-01,1.66565883173098,2.21302052389059,3.294387915,NA,NA,1.38855538615694,1.71758097544726,NA,NA,0.317532376080009,0.634658854994323,NA,NA
1980-11-01,1.27381299293366,2.05005198080571,2.643306389,NA,NA,1.07655504314964,1.61196190367167,NA,NA,0.237609673008282,0.576931792304472,NA,NA
1980-12-01,0.439458704490091,1.54235776976703,2.824559867,NA,NA,0.436128695350817,1.27136808832894,NA,NA,0.0436191498504598,0.409543759937001,NA,NA
1981-01-01,-0.0749575836565021,1.27104130383945,2.89492958,NA,NA,0.033879651242113,1.09081207177501,NA,NA,-0.0685778130175327,0.318639453794513,NA,NA
1981-02-01,0.529117351329037,1.75819674820417,3.505412841,NA,NA,0.477634927025329,1.42253202414356,NA,NA,0.0917798817890478,0.474126830555754,NA,NA
1981-03-01,1.39351283887058,2.3498303011054,4.163612486,NA,NA,1.12976289193419,1.82239957613887,NA,NA,0.304093893015157,0.666146404341292,NA,NA
1981-04-01,1.80205231049988,2.63506042389832,3.68688067,NA,NA,1.43770168724933,2.01534979221575,NA,NA,0.404701633339903,0.758421179291236,NA,NA
1981-05-01,1.10974413407579,2.12361343509163,2.970654459,NA,NA,0.922291946403859,1.66836919731248,NA,NA,0.227762941368431,0.59371416422595,NA,NA
1981-06-01,1.31050437004822,2.18207187396207,3.527538295,NA,NA,1.08670618601937,1.70511510852411,NA,NA,0.264133393998113,0.615641040049317,NA,NA
1981-07-01,1.95858642146769,2.64917106457322,3.255311644,NA,NA,1.57284899303782,2.02155558196958,NA,NA,0.426082308122935,0.766269269626119,NA,NA
1981-08-01,2.46751798242025,2.9795038095932,4.038948407,NA,NA,1.96104368411806,2.24409866343999,NA,NA,0.54682041313797,0.874021492813732,NA,NA
1981-09-01,3.18792579881546,3.50423522619033,4.63073483,NA,NA,2.50011771775742,2.59973272817616,NA,NA,0.728161398572255,1.0431035872477,NA,NA
1981-10-01,3.19036251801902,3.51425922312306,4.735599258,NA,NA,2.50144245681619,2.60638296180494,NA,NA,0.729269334879048,1.0463166006641,NA,NA
1981-11-01,2.73782314774217,3.06368147450082,4.375207396,NA,NA,2.1825902551568,2.29678130136087,NA,NA,0.595643581008495,0.905648726900324,NA,NA
1981-12-01,3.30741560675056,3.47584108741942,4.626923876,NA,NA,2.60820325471287,2.5762301274781,NA,NA,0.739650595274183,1.03854904010126,NA,NA
1982-01-01,3.36467490022955,3.59202556443989,4.479160982,NA,NA,2.63964506477011,2.65752684106598,NA,NA,0.765409124179203,1.07311173895209,NA,NA
1982-02-01,2.61534872060304,3.07044181768308,4.268235143,NA,NA,2.07554412952791,2.30468740852006,NA,NA,0.580156462083144,0.90422839016395,NA,NA
1982-03-01,2.61821603717192,3.01293672364603,3.819294527,NA,NA,2.08683828017889,2.26386644131711,NA,NA,0.571761765518412,0.887783411442365,NA,NA
1982-04-01,2.73858135730068,3.04365246312296,3.824444957,NA,NA,2.1864700312493,2.28278480353825,NA,NA,0.59250944766918,0.899666228095482,NA,NA
1982-05-01,2.79428625050469,3.09389918186379,4.293298858,NA,NA,2.22572115724739,2.31716315200751,NA,NA,0.608982884613584,0.915658558957051,NA,NA
1982-06-01,3.10276474566599,3.41171523478146,4.011423066,NA,NA,2.44056216079103,2.53591367592923,NA,NA,0.702599716512649,1.01463781347543,NA,NA
1982-07-01,3.39922947787089,3.53814247591241,4.527355448,NA,NA,2.67740334983783,2.61842673529377,NA,NA,0.762263729349197,1.05870856141118,NA,NA
1982-08-01,4.050894618376,3.84968092491226,4.396414066,NA,NA,3.1900633556532,2.82308827921668,NA,NA,0.901448236114354,1.16624896148247,NA,NA
1982-09-01,4.29515577888226,3.88216454883699,4.113769987,NA,NA,3.39421275748282,2.83831668801768,NA,NA,0.941765148291801,1.18416196428382,NA,NA
1982-10-01,3.18962779863508,3.12528716163903,3.597334365,NA,NA,2.55804812106076,2.32637504203496,NA,NA,0.672369124287453,0.939065950604843,NA,NA
1982-11-01,2.58574671347748,2.79799151230499,3.757411076,NA,NA,2.08590682562016,2.10845737661388,NA,NA,0.540561305508522,0.829726042492228,NA,NA
1982-12-01,2.58096818771762,2.89770659281381,3.559193096,NA,NA,2.06343093212081,2.17960908316396,NA,NA,0.558270366233547,0.858529677904871,NA,NA
1983-01-01,2.26771769581707,2.75188929737677,4.071338321,NA,NA,1.81542020925869,2.08411975167869,2.55489993095398,NA,0.492966936935258,0.808075420763605,0.584399700164795,NA
1983-02-01,2.38526736287016,2.8879724552701,3.616978799,NA,NA,1.89410367218876,2.17822693586489,2.36500000953674,NA,0.531842366963897,0.850197118718305,0.529200077056885,NA
1983-03-01,2.11493560126174,2.68376485599752,3.62923582,NA,NA,1.6928018894395,2.0393744121806,2.35389995574951,NA,0.462786385956891,0.78482646994793,0.51039981842041,NA
1983-04-01,2.07863081692161,2.63006105642534,3.591030363,NA,NA,1.67027426267488,2.0018538187217,2.3050000667572,NA,0.449011065119976,0.768625143160201,0.504700183868408,NA
1983-05-01,2.02076575103109,2.62581116346542,3.720629369,NA,NA,1.62009974733385,2.00028606023324,2.4381000995636,NA,0.441317043307472,0.766002053633651,0.540200233459473,NA
1983-06-01,2.27011688568564,2.82972558750541,3.69405633,NA,NA,1.80309572976347,2.13973033326511,2.42449998855591,NA,0.507675079400022,0.83051901169553,0.527699947357178,NA
1983-07-01,2.54025532977771,3.0627760861893,4.1712737,NA,NA,2.00026157192981,2.29975497134378,2.6774001121521,NA,0.580620517322949,0.903381354502687,0.601699829101562,NA
1983-08-01,2.70647308057565,3.21945243604999,4.25134282,NA,NA,2.11920835325623,2.40765842623086,2.71580004692078,NA,0.627867467360096,0.952038722694759,0.612499713897705,NA
1983-09-01,2.64127462321752,3.16153914469198,4.074805535,NA,NA,2.07240650407773,2.36795595753887,2.62039995193481,NA,0.609474101062771,0.933785909865203,0.593900203704834,NA
1983-10-01,2.59899674658805,3.12068697655425,4.370827989,NA,NA,2.04294510074719,2.33990895058653,2.74729990959167,NA,0.596655189513388,0.92089472885796,0.63770055770874,NA
1983-11-01,2.60766258213126,3.15277970409131,4.080797834,NA,NA,2.0451572916615,2.36271360357273,2.65019989013672,NA,0.603096561489663,0.93014373589894,0.602399826049805,NA
1983-12-01,2.61553031829421,3.16575971974653,4.230028378,NA,NA,2.05006742169244,2.37191658883234,2.69860005378723,NA,0.606039997052811,0.93387220632868,0.613200187683105,NA
1984-01-01,2.48012759552921,3.04940737465022,4.172897723,NA,NA,1.95207501467446,2.29238765013019,2.6547999382019,NA,0.568622575365532,0.896995859505373,0.601499557495117,NA
1984-02-01,2.47322771336407,3.07806628281605,4.340954231,NA,NA,1.94124548393095,2.31314578258706,2.75869989395142,NA,0.57253808604325,0.904857116293135,0.630200386047363,NA
1984-03-01,2.63318633961314,3.25254504383542,4.419034591,NA,NA,2.05186280723586,2.43388771107541,2.82520008087158,NA,0.621841055912544,0.958397080372889,0.638299942016602,NA
1984-04-01,2.785984679365,3.36350629859142,4.633017749,NA,NA,2.1672098870358,2.50928281514249,2.94899988174438,NA,0.65927001631633,0.993784958295327,0.679299831390381,NA
1984-05-01,3.40412909836867,3.83415357407421,5.21175337,NA,NA,2.62670472074755,2.82925655233508,3.26309990882874,NA,0.81790685377312,1.14433422427856,0.768500328063965,NA
1984-06-01,3.81304801914856,4.03673570714956,5.033798618,NA,NA,2.94904110784124,2.96323947667109,3.22709989547729,NA,0.904515042039788,1.21303975547049,0.759500503540039,NA
1984-07-01,3.52824308575022,3.7631716706025,4.437640594,NA,NA,2.74841203886949,2.77544218629092,2.86050009727478,NA,0.820325208857123,1.1271388709879,0.63770055770874,NA
1984-08-01,2.91361525823892,3.27494961731041,4.038033061,NA,NA,2.29510028367413,2.44289944874507,2.75760006904602,NA,0.659016142145938,0.971557217048416,0.601999759674072,NA
1984-09-01,2.90548336384238,3.26103945997249,3.860291339,NA,NA,2.28914738713374,2.43297351824431,2.69309997558594,NA,0.656869631099843,0.967801437117535,0.590299606323242,NA
1984-10-01,2.8337822585286,3.18457224362941,3.835081103,NA,NA,2.23901218679203,2.37994628695662,2.58410000801086,NA,0.6353366726858,0.944478318439427,0.57319974899292,NA
1984-11-01,2.76710299518159,3.14453277351673,4.102167354,NA,NA,2.18588412113469,2.35238599831724,2.7063000202179,NA,0.621852546457183,0.932280167468057,0.62939977645874,NA
1984-12-01,2.86597898172133,3.27916302923479,4.465333959,NA,NA,2.24793389803417,2.44559618165618,2.79970002174377,NA,0.658713098881836,0.973887192000428,0.668499946594238,NA
1985-01-01,2.85532363939009,3.29205082516694,4.009798434,NA,NA,2.23606369370936,2.45493925695476,2.62450003623962,NA,0.659939769170407,0.977477537864567,0.61199951171875,NA
1985-02-01,2.70729106867925,3.24798071008274,4.452334791,NA,NA,2.11416946925922,2.4275660531168,2.82030010223389,NA,0.63376607673089,0.960781472250821,0.6596999168396,NA
1985-03-01,3.02449619575822,3.5001419422326,4.425186884,NA,NA,2.3472912555824,2.59932537914,2.77480006217957,NA,0.717862870112192,1.04131641334648,0.649500370025635,NA
1985-04-01,2.81922279987082,3.33206333914829,4.581522461,NA,NA,2.196599502527,2.48434851152992,2.78769993782043,NA,0.663303760615414,0.988247810899056,0.662800312042236,NA
1985-05-01,2.48761277250079,3.07301666560181,3.936402887,NA,NA,1.95022868547484,2.30735142853358,2.47390007972717,NA,0.578097295909253,0.906372890441667,0.578199625015259,NA
1985-06-01,2.25015590987928,2.84907536850502,4.031995901,NA,NA,1.77904670001765,2.15227772553801,2.51200008392334,NA,0.511886144253159,0.837806065272708,0.595200538635254,NA
1985-07-01,2.27820693611582,2.92116566484727,4.216514448,NA,NA,1.79112388734131,2.20325459623084,2.58229994773865,NA,0.527849643858768,0.858957050315812,0.609399795532227,NA
1985-08-01,2.40746037273702,3.01811820082729,3.978878214,NA,NA,1.88640589448597,2.26870795097142,2.51090002059937,NA,0.561859051809257,0.890649670135002,0.59380030632019,NA
1985-09-01,2.4569798820129,3.05954125087117,4.164246823,NA,NA,1.92221086516697,2.29685786437265,2.52690005302429,NA,0.5755877116098,0.903990061749802,0.594799995422363,NA
1985-10-01,2.29108445069076,2.92338647459233,3.967282846,NA,NA,1.80103801945758,2.20405534327643,2.38059997558594,NA,0.53083755562577,0.860542296122245,0.544299840927124,NA
1985-11-01,1.92481749999259,2.60930851104248,3.761644497,NA,NA,1.53440758622441,1.98874305542375,2.23230004310608,NA,0.431166855527828,0.761745187015782,0.496500253677368,NA
1985-12-01,1.63623091711659,2.33025334209601,3.376170853,NA,NA,1.32892197749849,1.79586037646239,1.96920001506805,NA,0.348029951980777,0.675535013525026,0.409400463104248,NA
1986-01-01,1.67211698113387,2.30852724176653,3.533774572,NA,NA,1.36341438549997,1.77882033591153,2.02029991149902,NA,0.349442682362761,0.670845313741878,0.426000118255615,NA
1986-02-01,1.54198248368646,2.12681476007583,2.331355869,NA,NA,1.27898085264068,1.65067893774094,1.59179997444153,NA,0.30371468329759,0.617151412902286,0.293300151824951,NA
1986-03-01,1.36786013227319,1.83525176170842,1.910676322,NA,NA,1.17189407051343,1.44216120249081,1.38810002803802,NA,0.236554548320248,0.53344169681809,0.239499807357788,NA
1986-04-01,1.41379583489679,1.8025438736271,2.022247538,NA,NA,1.21208667523404,1.41261852370513,1.47010004520416,NA,0.242304817251453,0.53004989823142,0.274700164794922,NA
1986-05-01,1.77870210845993,2.14825796643794,2.493624643,NA,NA,1.4704012348371,1.64996127661544,1.76559996604919,NA,0.34927717256567,0.639727928611701,0.371299743652344,NA
1986-06-01,1.8474711775247,2.23718099098036,2.212385928,NA,NA,1.51581190772787,1.71251875220798,1.55859994888306,NA,0.372687412562151,0.66639663783407,0.305400133132935,NA
1986-07-01,1.56800928398225,2.010544464733,2.621660687,NA,NA,1.30930306862782,1.55650622728167,1.61370003223419,NA,0.29953900421401,0.595256796017952,0.322599649429321,NA
1986-08-01,1.37324205558069,1.89084319525615,2.605347777,NA,NA,1.15929883590751,1.47578487231495,1.53919994831085,NA,0.254616299730382,0.556096528975365,0.312199831008911,NA
1986-09-01,1.54874629068885,2.0848883937441,2.931897655,NA,NA,1.28016830425302,1.61106768828412,1.73780000209808,NA,0.309450386419164,0.615510477907966,0.373200178146362,NA
1986-10-01,1.41243690220844,1.99387108738803,2.886706262,NA,NA,1.17800100476045,1.55063556696254,1.65059995651245,NA,0.275187337872579,0.584689479487768,0.343500137329102,NA
1986-11-01,1.2433363122332,1.84303109660829,2.759907913,NA,NA,1.05609884376681,1.44699669564074,1.557000041008,NA,0.227812263002994,0.537064290775372,0.31060004234314,NA
1986-12-01,1.0939360539878,1.69061190159079,2.654143217,NA,NA,0.951739951731734,1.34164745257449,1.50989997386932,NA,0.182569147265245,0.489413803491037,0.288000106811523,NA
1987-01-01,1.13893979103317,1.69921534381252,2.605629777,NA,NA,0.988584813833416,1.34562557762474,1.48829996585846,NA,0.190748252872671,0.493964961454497,0.283100128173828,NA
1987-02-01,1.20753932972561,1.75390246058209,2.478147584,NA,NA,1.03863812980576,1.38258825844572,1.45749998092651,NA,0.209383091325711,0.511895019915342,0.273999929428101,NA
1987-03-01,1.22978559106239,1.7466621512119,2.624167749,NA,NA,1.05899237291606,1.37639107712561,1.53690004348755,NA,0.211273971580228,0.510714729042897,0.295100212097168,NA
1987-04-01,1.82340616633582,2.23310502914706,2.974580219,NA,NA,1.49474066694207,1.70966406119428,1.79739999771118,NA,0.369704318240391,0.665249862563111,0.378500461578369,NA
1987-05-01,2.47419421523258,2.68965284012111,2.930831021,NA,NA,1.98468944496212,2.01885532542478,1.83120000362396,NA,0.530888371229222,0.813322873358932,0.385000228881836,NA
1987-06-01,2.25242148965152,2.4949951468004,2.946903435,NA,NA,1.82588110695473,1.88641326175186,1.82169997692108,NA,0.467786361387354,0.750564448464654,0.382099628448486,NA
1987-07-01,2.0488487693683,2.40721499402947,3.208697054,NA,NA,1.66579601970543,1.8314310962844,1.93939995765686,NA,0.424150414266675,0.717592993438871,0.420999765396118,NA
1987-08-01,2.02863773588244,2.44838382041224,3.287117065,NA,NA,1.64366853795158,1.86373344524643,2.01139998435974,NA,0.425998744535025,0.726442524232028,0.439599752426147,NA
1987-09-01,2.37210783453751,2.74509387620589,3.569232965,NA,NA,1.89517978508727,2.06889996201028,2.19099998474121,NA,0.517995717632994,0.818137551606381,0.488699913024902,NA
1987-10-01,2.71113472017678,2.95541794084249,3.281040478,NA,NA,2.15409644941946,2.20932744402602,2.04719996452332,NA,0.598236373954553,0.888274873515559,0.4590003490448,NA
1987-11-01,2.34265752131365,2.6235236710704,3.422294227,NA,NA,1.88765677447344,1.98012015609026,2.06500005722046,NA,0.49616735672663,0.78527823879932,0.462599515914917,NA
1987-12-01,2.37821105807896,2.66480569276923,3.427546406,NA,NA,1.91225367962775,2.00927109010514,2.00189995765686,NA,0.507114670490713,0.797433108002039,0.440299987792969,NA
1988-01-01,2.0573307849805,2.41406225302842,3.280893542,NA,NA,1.67545560951539,1.83867113616021,1.80569994449615,NA,0.422898859974152,0.716909838508672,0.373500108718872,NA
1988-02-01,1.7084561107135,2.14065895936342,3.23853267,NA,NA,1.41697133305839,1.65173943964799,1.78929996490479,NA,0.332344714763759,0.630031182473657,0.371999979019165,NA
1988-03-01,1.78061838201734,2.23645077852642,3.515865174,NA,NA,1.46346897549855,1.71853330891626,1.9433000087738,NA,0.358063438418079,0.659320565226183,0.420299768447876,NA
1988-04-01,1.92021155677217,2.39010725842723,3.697817451,NA,NA,1.56016471238447,1.82589474981996,2.03329992294312,NA,0.401008812020953,0.705859337134263,0.445099592208862,NA
1988-05-01,2.06400490637907,2.53362834054539,3.592984315,NA,NA,1.66207341453819,1.92567912890716,2.06049990653992,NA,0.442918033089953,0.749749747934497,0.447499990463257,NA
1988-06-01,1.98617949330301,2.42082605290707,3.271544002,NA,NA,1.61264938696433,1.84625018347355,1.90629994869232,NA,0.414498213394328,0.716239687198394,0.398899555206299,NA
1988-07-01,1.99433044309069,2.43299479664912,3.520250481,NA,NA,1.61888368078188,1.85567729852305,1.97329998016357,NA,0.416385027004759,0.718897674544301,0.407300233840942,NA
1988-08-01,2.10871359814161,2.50648384965958,3.136658554,NA,NA,1.70651007415243,1.90546179043978,1.90369999408722,NA,0.443162106840869,0.742643749326529,0.379600286483765,NA
1988-09-01,1.87354600836317,2.29876984483132,2.845042183,NA,NA,1.53647448034599,1.76278243425312,1.76419997215271,NA,0.377945473644155,0.677316234292367,0.336499691009521,NA
1988-10-01,1.683358854779,2.15038794412918,2.818663648,NA,NA,1.39585647853563,1.66169546951446,1.69430005550385,NA,0.328289690452087,0.629791334233476,0.313699960708618,NA
1988-11-01,1.73289100146014,2.19214206804434,2.654846749,NA,NA,1.43211663071864,1.69047331201563,1.72899997234344,NA,0.341575272693437,0.642844873598382,0.31510066986084,NA
1988-12-01,1.98720699188429,2.33804855211741,2.322626338,NA,NA,1.62777089735553,1.7869042826873,1.69449996948242,NA,0.400350504367909,0.692557288819077,0.301099538803101,NA
1989-01-01,1.98281736015812,2.32446521185522,2.08686514,NA,NA,1.62602585550474,1.77709898326498,1.59940004348755,NA,0.397703071672548,0.688756486169985,0.267599821090698,NA
1989-02-01,1.99772651030334,2.33502151575541,2.174781917,NA,NA,1.63734963059253,1.78438572824114,1.66989994049072,NA,0.401285386167663,0.692039398344898,0.283100128173828,NA
1989-03-01,2.16075667108319,2.43488008273824,1.90253946,NA,NA,1.76231122635238,1.85122972386346,1.60549998283386,NA,0.439407503266935,0.72517987659511,0.259299993515015,NA
1989-04-01,2.03650064242861,2.32915361416319,2.164882592,NA,NA,1.67217970484077,1.77895951027581,1.59210002422333,NA,0.40523612487753,0.691492632167836,0.259999990463257,NA
1989-05-01,1.76285992980219,2.1370272179539,1.874705019,NA,NA,1.46621642361992,1.64882854687881,1.45420002937317,NA,0.33744852774969,0.629195308519924,0.217499494552612,NA
1989-06-01,1.39739664420571,1.85339731624079,1.899888262,NA,NA,1.19422539896936,1.4543601471819,1.35669994354248,NA,0.243778176513969,0.539487612497411,0.194600343704224,NA
1989-07-01,1.03052449613015,1.6417775105356,1.967471543,NA,NA,0.910204197629395,1.31309737861576,1.28960001468658,NA,0.160688890116889,0.468884768477821,0.177000045776367,NA
1989-08-01,1.34849907942571,1.84726962277052,1.845971668,NA,NA,1.1497779418561,1.44920681530298,1.41380000114441,NA,0.239331956270114,0.538762374863864,0.216600179672241,NA
1989-09-01,1.59614199114814,2.01750307332719,1.81384696,NA,NA,1.33470559703884,1.56260010343315,1.41999995708466,NA,0.302239653461986,0.596056774575499,0.215499639511108,NA
1989-10-01,1.46184727274153,1.92609227042062,1.787413732,NA,NA,1.23289254689175,1.50061345517186,1.33050000667572,NA,0.269666804964464,0.566455338257175,0.191699743270874,NA
1989-11-01,1.23401582928172,1.77914380788781,1.728225665,NA,NA,1.05985582757933,1.40224857724132,1.3206000328064,NA,0.214696626166043,0.517567447852644,0.193399667739868,NA
1989-12-01,1.27052763153278,1.80138827156685,1.807124909,NA,NA,1.08676019136267,1.41619358556584,1.35640001296997,NA,0.224335874637256,0.52594959437783,0.204000234603882,NA
1990-01-01,1.51143709426467,2.01328449913928,2.031701946,2.0312,NA,1.26158982891439,1.56231963470635,1.51559996604919,NA,0.290625021860248,0.592357007069653,0.252999544143677,NA
1990-02-01,1.6929064616142,2.16280124552896,2.102568253,2.0701,NA,1.39543731792129,1.66541486410267,1.55750000476837,NA,0.338354783963262,0.6390759458148,0.266900062561035,NA
1990-03-01,1.81604134505009,2.24326896027166,2.061221921,2.1089,NA,1.4890923717648,1.71961962696826,1.58790004253387,NA,0.367896360604355,0.665462664784525,0.276200532913208,NA
1990-04-01,2.0063572869499,2.37570072126571,2.301908708,2.3162,NA,1.63313064456138,1.80968296734943,1.71780002117157,NA,0.414258836315793,0.707981061895034,0.316100120544434,NA
1990-05-01,1.93091283620185,2.3178250915668,2.109298882,2.124,NA,1.57842529104107,1.7712225667859,1.59319996833801,NA,0.393462920152235,0.688351185557806,0.279799938201904,NA
1990-06-01,1.64233484966179,2.10216349468082,2.146519294,2.0452,NA,1.36406345039572,1.62508187287379,1.54359996318817,NA,0.319087376865357,0.618389477151719,0.263999938964844,NA
1990-07-01,1.51828031766367,2.03697992443179,2.365047284,2.0285,NA,1.26807923564703,1.58278665242582,1.55820000171661,NA,0.290943455096903,0.595384496291452,0.271899700164795,NA
1990-08-01,1.4981631933798,2.10109468713617,2.917309856,2.3062,NA,1.24176675716269,1.63126759212763,1.78760004043579,NA,0.297131653739109,0.61116644942604,0.344899654388428,NA
1990-09-01,1.51291454035706,2.15450166271781,2.979942396,2.3464,NA,1.24679061125425,1.67020860693047,1.81200003623962,NA,0.306860048983632,0.625677018119112,0.356600046157837,NA
1990-10-01,1.38733954640949,2.02100120467791,2.941061206,2.2453,NA,1.16089669951212,1.57841674489264,1.74070000648499,NA,0.267098950980311,0.583605618781132,0.33370041847229,NA
1990-11-01,1.22067045905957,1.85540807025776,2.601662256,2.0769,NA,1.04305492480649,1.4636794661245,1.59640002250671,NA,0.218164891505718,0.532427369889375,0.28939962387085,NA
1990-12-01,1.21724614145888,1.79507891002166,2.784056313,2.135,NA,1.04875041951058,1.41903590983515,1.66449999809265,NA,0.209013140838373,0.51652669247558,0.324099779129028,NA
1991-01-01,1.37009846823743,1.90745984828708,2.804385257,2.1499,NA,1.16286499734101,1.4951674495092,1.67569994926453,NA,0.247861173243794,0.552974862084126,0.333700180053711,NA
1991-02-01,1.30917959520443,1.84694559587974,2.785618452,2.1936,NA,1.11908539102268,1.4526373944218,1.70850002765656,NA,0.230672154191774,0.534856533167524,0.349700212478638,NA
1991-03-01,1.624682162155,2.10493019976413,2.758435023,2.293,NA,1.34885942046358,1.62778499257214,1.77970004081726,NA,0.316654397765468,0.618367694609291,0.381299734115601,NA
1991-04-01,1.65994524279271,2.12219542129763,2.944443634,2.314,NA,1.37610840363442,1.63865317239592,1.80659997463226,NA,0.324699181021335,0.624794346764783,0.392300128936768,NA
1991-05-01,1.67091238855734,2.16683517839432,3.077368585,2.3536,NA,1.37808819246619,1.67051941517394,1.82039999961853,NA,0.333709557314436,0.637744811038421,0.393900156021118,NA
1991-06-01,1.84835598253169,2.3123013620367,3.158072787,2.4551,NA,1.50768761494065,1.76966717202106,1.90400004386902,NA,0.381664405510335,0.684376993922716,0.422800064086914,NA
1991-07-01,1.77904520040728,2.27045667857015,3.068854028,2.3828,NA,1.45490417555165,1.74204530254355,1.84839999675751,NA,0.365092456171141,0.670064348947455,0.404099464416504,NA
1991-08-01,1.37584387235979,2.0014895607693,3.201663623,2.2691,NA,1.14957945350685,1.56098963129503,1.78840005397797,NA,0.26696512853479,0.581742350298991,0.387000560760498,NA
1991-09-01,1.21931989072346,1.88307641308478,3.018650423,2.1287,NA,1.03221617922431,1.47969801481056,1.6797000169754,NA,0.227684402916703,0.54446640109246,0.356500148773193,NA
1991-10-01,1.07585526422727,1.7806531907304,3.413961929,2.1692,NA,0.924621459315103,1.41033924041325,1.7441999912262,NA,0.191679971508912,0.511189196592467,0.380099773406982,NA
1991-11-01,1.24677594399194,2.03092504112784,3.646653993,2.2385,NA,1.02209197154102,1.57859405337315,1.81110000610352,NA,0.265420178808883,0.594760849141456,0.410099983215332,1.35233047809505
1991-12-01,0.980347777897028,1.83942312650005,3.258627229,2.0433,NA,0.823740988118478,1.44983279969708,1.64549994468689,NA,0.197026603341826,0.531492770536475,0.368799686431885,NA
1992-01-01,1.11561525375548,1.93536517387867,3.582898999,2.3294,NA,0.924725603685269,1.51425047282722,1.86759996414185,NA,0.231455467429288,0.563214909779296,0.443100214004517,NA
1992-02-01,1.66512977223147,2.34551441031384,3.38972439,2.3343,2.53940287654453,1.32558490082084,1.78599938084239,1.84940004348755,1.25516905652394,0.380768700616746,0.703109304946715,0.438399791717529,1.28423382002059
1992-03-01,1.8562600047966,2.45859673476766,3.164696637,2.4182,NA,1.4745122449988,1.86287559630613,1.894700050354,NA,0.423098501100901,0.739337860720336,0.454499959945679,NA
1992-04-01,1.66391917687709,2.34389957738916,3.496345755,2.5127,NA,1.32960006163593,1.78883590056142,1.98459994792938,NA,0.375469815475075,0.698219519610292,0.488200187683105,NA
1992-05-01,1.57192530074495,2.29445491784355,3.477777056,2.3726,NA,1.25726598364112,1.75562279946663,1.8782000541687,NA,0.35574389964864,0.681995151365261,0.450999975204468,1.20461422645647
1992-06-01,1.32935715326201,2.10697035049979,3.811074464,2.2968,NA,1.07997524092004,1.62981260554742,1.869500041008,NA,0.290199984254479,0.619767862364928,0.446199893951416,NA
1992-07-01,0.83991025578468,1.74772108528562,3.613322289,2.1499,NA,0.718239794209129,1.38906671546843,1.75530004501343,NA,0.161846611449344,0.50020783958044,0.415299892425537,NA
1992-08-01,0.817355947591317,1.74004588135036,3.956660845,2.1254,NA,0.695275534012684,1.38051244474398,1.76049995422363,NA,0.162183191819895,0.50139208316744,0.414299964904785,1.00613802321574
1992-09-01,0.608773744658625,1.59517145907316,4.034477883,2.0865,NA,0.540696319196355,1.28470515369108,1.7474000453949,NA,0.107810013993539,0.451818201604221,0.416700124740601,NA
1992-10-01,0.814751681886106,1.7329599034314,3.583020275,2.236,NA,0.696130716957182,1.37703125824421,1.80910003185272,NA,0.158707361352999,0.497603573786648,0.43720006942749,NA
1992-11-01,1.3234746649111,2.10396414796928,3.293466933,2.283,NA,1.06903287552365,1.62255158243121,1.81110000610352,NA,0.295283992626619,0.624456631853095,0.436800003051758,1.05116509548411
1992-12-01,1.35980543988787,2.0782478943852,3.217058643,2.1793,NA,1.10431617886698,1.60209279313304,1.74570000171661,NA,0.29634379338246,0.618987994911749,0.418600082397461,NA
1993-01-01,1.16680008362468,1.92248868724196,3.297397846,2.0471,NA,0.964284803006812,1.49716879082744,1.65450000762939,NA,0.243066853294005,0.567566714968684,0.390200138092041,NA
1993-02-01,1.24295106198289,1.84336522857993,3.157459713,1.8398,2.68602461785521,1.03452526168072,1.42892349741577,1.50960004329681,2.0001509605851,0.248908630206024,0.556093171357589,0.339900255203247,0.685873657270109
1993-03-01,0.830842663239894,1.58487896378447,3.188090654,1.8688,NA,0.726197046220503,1.26147930400326,1.53699994087219,NA,0.144387092213327,0.464167304618861,0.350299835205078,NA
1993-04-01,0.700362534730332,1.51557913638939,3.21228736,1.8144,NA,0.626712820300088,1.21778334507995,1.49860000610352,NA,0.113167791204929,0.438395737233638,0.336800098419189,NA
1993-05-01,0.637178885310064,1.43009754115235,2.934557453,1.8189,NA,0.590086796162835,1.16139918362277,1.47689998149872,NA,0.0864772875744711,0.408664626573915,0.328299999237061,0.0383494344962069
1993-06-01,0.791741708633371,1.44758062258845,2.623107314,1.6232,NA,0.717714378400751,1.16529777263351,1.33369994163513,NA,0.113509455692996,0.421720836166333,0.283900260925293,NA
1993-07-01,0.797944834769594,1.40491192570246,2.46615216,1.6369,NA,0.727903611721743,1.13192728555497,1.32249999046326,NA,0.109357240835615,0.411816249972653,0.281200170516968,NA
1993-08-01,0.796032174338263,1.39850515430532,2.293497642,1.4554,NA,0.725469371469378,1.12563969325681,1.18320000171661,NA,0.109810702960325,0.411584536504453,0.235200166702271,0.0400553974575939
1993-09-01,0.680634289580001,1.2454803174098,2.179309042,1.4421,NA,0.649881246777622,1.0174988832589,1.17840003967285,NA,0.0693673269507276,0.365049906486175,0.236600160598755,NA
1993-10-01,0.654608075054484,1.20860786585961,2.153043408,1.4414,NA,0.633508508269859,0.99162003755277,1.16649997234344,NA,0.0595689166375014,0.353605616736667,0.229700088500977,NA
1993-11-01,0.832076561977914,1.37657662251657,2.401436869,1.6109,NA,0.761826024749779,1.10964716055864,1.29690003395081,NA,0.109510791893913,0.405146349414803,0.270600080490112,-0.0662206129279398
1993-12-01,0.936445661637276,1.45145087283514,2.410264867,1.6307,NA,0.837681644891619,1.15828343727289,1.32019996643066,NA,0.138257803716932,0.43175288866209,0.280900239944458,NA
1994-01-01,0.946206398882381,1.45527381654766,2.252606401,1.5535,NA,0.844373493935845,1.159672130022,1.24580001831055,NA,0.141310896135391,0.434152827372177,0.258299827575684,NA
1994-02-01,1.3004285840297,1.68364280001979,2.513679784,1.7761,2.11728405750142,1.10790365341279,1.30753359132267,1.40849995613098,1.72470163325837,0.23277239751138,0.515595538915922,0.303300142288208,0.392582424243056
1994-03-01,1.58015356317205,1.98208974601568,2.717001017,2.0618,NA,1.30359262803657,1.51697543856739,1.61979997158051,NA,0.317526446749498,0.606694598595034,0.371000051498413,NA
1994-04-01,1.99896345439079,2.31235189283993,2.604077705,2.1036,NA,1.61325291396404,1.74305876235581,1.62849998474121,NA,0.427262803681292,0.712138030498427,0.365700006484985,NA
1994-05-01,2.09580519482799,2.379836146386,2.582192666,2.0885,NA,1.68657451400335,1.78903228496786,1.60599994659424,NA,0.450864970205038,0.733863828449752,0.349400043487549,1.17272232189243
1994-06-01,2.00793839405895,2.28942171636288,2.788195296,2.1965,NA,1.62648819772201,1.72744905630199,1.70019996166229,NA,0.422955311421874,0.704552368772237,0.38100004196167,NA
1994-07-01,2.02784207731374,2.32234615638737,2.528961857,2.0523,NA,1.64206639708432,1.75405877773154,1.56700003147125,NA,0.427247037240444,0.710898233775332,0.335700035095215,NA
1994-08-01,2.03624107945172,2.3359913867378,2.461274674,2.022,NA,1.64349688318474,1.76046408175923,1.55850005149841,NA,0.434281157920818,0.718420776981992,0.329300165176392,1.24537230509415
1994-09-01,2.09315154573354,2.40351028721144,2.596677735,2.2211,NA,1.68474623182781,1.81029479999823,1.68320000171661,NA,0.449953551818595,0.736276577914053,0.363099813461304,NA
1994-10-01,2.20077399968401,2.48452507953188,2.621169973,2.2413,NA,1.76825358567861,1.86846812140851,1.70099997520447,NA,0.474081082125262,0.759137565299187,0.36460018157959,NA
1994-11-01,2.47197199240497,2.69523349709226,2.221712045,2.2004,NA,1.96494179023099,2.00869457293406,1.62979996204376,NA,0.548857313810224,0.830480166059794,0.33489990234375,1.71934018059123
1994-12-01,2.65984421559906,2.66708369089091,1.991339437,2.1267,NA,2.13128002786728,1.97997145974535,1.56470000743866,NA,0.570520542368608,0.830311571100711,0.309000015258789,NA
1995-01-01,2.51623739367391,2.55364980672801,1.933417592,1.9862,NA,2.02906746368949,1.90587926411586,1.47669994831085,NA,0.528932160755903,0.790404493177266,0.279400110244751,NA
1995-02-01,2.17719495467918,2.34031652581478,1.977013542,1.8119,2.2505,1.76671832817549,1.75976765795508,1.37479996681213,0.804473556094268,0.452029143025922,0.722886963971881,0.2461998462677,1.44602644390573
1995-03-01,1.7759350413722,2.06392218477456,1.950346538,1.8116,NA,1.46795702712743,1.57649280314103,1.38119995594025,NA,0.349070700283527,0.628800301687768,0.25,NA
1995-04-01,1.53526446341151,1.88395633734382,1.845443553,1.7133,NA,1.29178656675614,1.4568229963814,1.30980002880096,NA,0.284252751880349,0.567750349582307,0.225799798965454,NA
1995-05-01,1.19079318095147,1.61581101852297,1.585512217,1.3336,NA,1.03571627856697,1.27265123590851,1.03960001468658,NA,0.195307932296246,0.482529783602239,0.138300180435181,0.683357402826435
1995-06-01,0.872442402869739,1.33390366228281,1.503025724,1.3357,NA,0.807780315036327,1.08034165201914,1.04419994354248,NA,0.104141176132669,0.390999272151931,0.145999908447266,NA
1995-07-01,0.974219880195527,1.41925744111738,1.687033855,1.4682,NA,0.881250167656592,1.13817471643557,1.14240002632141,NA,0.132690378748567,0.419103535673325,0.178400039672852,NA
1995-08-01,1.2277714010537,1.64194308669233,1.532220306,1.41,NA,1.06042920913322,1.2875115826481,1.08819997310638,NA,0.207608601650771,0.493893310100416,0.162899971008301,0.621058435162536
1995-09-01,1.12608553157481,1.50998955442091,1.364778101,1.3642,NA,0.993767551909662,1.1947283501155,1.03100001811981,NA,0.172244360546427,0.453468730198274,0.144299983978271,NA
1995-10-01,1.04944609144628,1.41045262375065,1.31884483,1.2475,NA,0.94354338376278,1.12469504693915,0.958599984645844,NA,0.145531015431945,0.422873159323848,0.119600057601929,NA
1995-11-01,0.842564862880633,1.2881825311144,1.241230355,1.1312,NA,0.785287642818352,1.04411888526205,0.872500002384186,NA,0.0964955806113709,0.380730230087417,0.091599702835083,0.18289736531179
1995-12-01,0.814049996925239,1.23046231059224,1.139856805,1.11,NA,0.768991076592641,1.0019356925619,0.850000023841858,NA,0.0840103429153416,0.364247115523274,0.0916001796722412,NA
1996-01-01,0.693215852906982,1.16434813891098,1.367336002,1.1084,NA,0.676272452149666,0.959333813016998,0.886799991130829,NA,0.055631339799039,0.34057963010801,0.10450005531311,NA
1996-02-01,0.748976717686993,1.25973485638825,1.716262017,1.3983,1.3240928049894,0.707345943745412,1.02553749865267,1.10210001468658,1.32998247201787,0.0806323288957772,0.371047168558973,0.174599885940552,-0.00588966702847454
1996-03-01,1.22283697394091,1.64350419683167,1.745425341,1.5295,NA,1.05163716257461,1.28486591692253,1.19249999523163,NA,0.211424973084845,0.498114208655826,0.205000162124634,NA
1996-04-01,1.53103688402184,1.8731997018841,1.867266354,1.6633,NA,1.27934266711905,1.43940780628282,1.29200005531311,NA,0.29248522976607,0.574431166208149,0.236799955368042,NA
1996-05-01,1.66807781831681,2.00201095513849,1.864980959,1.7456,NA,1.3760235496114,1.52744603053868,1.34920001029968,NA,0.333103256224684,0.616008166648898,0.255800008773804,0.701883904942832
1996-06-01,1.82031963420149,2.10998866761968,1.790468546,1.6812,NA,1.49043928602433,1.60071958002011,1.28219997882843,NA,0.371135285405511,0.651121063641944,0.23360013961792,NA
1996-07-01,1.75662515115695,2.03931747988242,1.754314443,1.6836,NA,1.44759641065375,1.55219494063688,1.2882000207901,NA,0.350163053171143,0.628496491347594,0.233500003814697,NA
1996-08-01,1.5955572610312,1.90418724986539,1.96253108,1.7725,NA,1.32925071163973,1.45870291232506,1.36749994754791,NA,0.307181057089327,0.586139791522701,0.25920033454895,0.533050476025037
1996-09-01,1.74806636990852,2.0399083739959,1.82773758,1.6923,NA,1.43963261687255,1.55254126504902,1.30610001087189,NA,0.349568223365133,0.628803565837651,0.243500232696533,NA
1996-10-01,1.49731244371865,1.83094395930376,1.605913356,1.4889,NA,1.25735519833569,1.4100826575415,1.14450001716614,NA,0.280662624293048,0.561153046013744,0.187399864196777,NA
1996-11-01,1.24856094927319,1.60931187110468,1.370570557,1.3315,NA,1.07864763522716,1.25797192413631,1.02030003070831,NA,0.210066200377932,0.490101341348174,0.147500038146973,0.144527988288538
1996-12-01,1.42127529908678,1.72513010870767,1.514143887,1.4933,NA,1.20682573871837,1.33368334880027,1.15559995174408,NA,0.254916993298388,0.530719164281223,0.191999912261963,NA
1997-01-01,1.57667539157986,1.87435712884895,1.618252187,1.5719,NA,1.31751363996213,1.43734882178709,1.20550000667572,NA,0.299980682952627,0.577387023916848,0.209500074386597,NA
1997-02-01,1.51287251645573,1.81213947812491,1.574495141,1.5954,1.74260345747244,1.2710912891675,1.39301340288887,1.21879994869232,1.30960679339909,0.282462506516012,0.559052173475061,0.212799787521362,0.43299666407335
1997-03-01,1.74029785540835,2.01137611857803,1.762193326,1.7496,NA,1.43544541267375,1.5299419506051,1.34609997272491,NA,0.345963134692101,0.622607780429346,0.251899719238281,NA
1997-04-01,1.9459064879775,2.15460217769638,1.662612441,1.6686,NA,1.59025012760393,1.62688500217637,1.26660001277924,NA,0.397046072239263,0.669443194267389,0.226300239562988,NA
1997-05-01,1.87974930178346,2.08485034149134,1.668847459,1.6779,NA,1.54177203074435,1.57596858780487,1.25720000267029,NA,0.379280457147943,0.650183211049233,0.224999904632568,0.700343946613133
1997-06-01,1.78110054267309,1.97880756055603,1.542910502,1.5918,NA,1.47310789292024,1.50165456273126,1.22800004482269,NA,0.349101809158959,0.617655450126916,0.218700170516968,NA
1997-07-01,1.5070089161937,1.75421276990075,1.222958997,1.3114,NA,1.27407511178922,1.34941846641648,0.999499976634979,NA,0.273496799844334,0.543853272682266,0.140799999237061,NA
1997-08-01,1.47874707642496,1.76454423233511,1.471852952,1.4878,NA,1.24930310873295,1.35942956430681,1.14040005207062,NA,0.270019713242086,0.544565300216628,0.186300039291382,0.322693652478339
1997-09-01,1.54244145488805,1.78454165187606,1.347062787,1.412,NA,1.29909650710542,1.36957688497731,1.07079994678497,NA,0.283985956414179,0.554235925832113,0.166400194168091,NA
1997-10-01,1.45517814617518,1.69435344215202,1.106400454,1.246,NA,1.23725417502176,1.30590774677697,0.944199979305267,NA,0.258323140444994,0.526865053420119,0.123199939727783,NA
1997-11-01,1.2972569978359,1.54714754671577,0.903301158,1.2179,NA,1.12624062282198,1.20579465436717,0.908399999141693,NA,0.210980666480742,0.478445984922692,0.110499858856201,0.0119086612393118
1997-12-01,1.31401699421579,1.53307482121081,0.85973717,1.1325,NA,1.14102549318951,1.19277371563297,0.854499995708466,NA,0.212896495350859,0.476852036394037,0.0916001796722412,NA
1998-01-01,1.06471190038047,1.35295323357144,0.973768796,1.0636,NA,0.955698276671923,1.07162470673391,0.811699986457825,NA,0.148228707978638,0.416515389767945,0.0791001319885254,NA
1998-02-01,0.927072265919125,1.30297792800734,0.910447527,1.1171,0.824557288004526,0.849677263971063,1.04537780498628,0.850600004196167,1.06303097407578,0.116513007261338,0.393398602711089,0.091900110244751,-0.23847368607125
1998-03-01,1.21829999216959,1.47610409906162,0.896084876,1.1632,NA,1.06733131853788,1.15468585395212,0.877600014209747,NA,0.190654309465186,0.457704093460368,0.103699922561646,NA
1998-04-01,1.33231636659764,1.54118974887531,1.04037509,1.2027,NA,1.15161520409366,1.19414194986533,0.898899972438812,NA,0.220587421855854,0.483413202429013,0.110000371932983,NA
1998-05-01,1.32110242868351,1.53631233754866,0.894275794,1.1235,NA,1.14350245547679,1.19178557096661,0.833199977874756,NA,0.217477828326454,0.48093253119491,0.0868000984191895,-0.00793680539533242
1998-06-01,1.3025750365848,1.49269166230279,0.723843084,1.0657,NA,1.13256201438805,1.15844833930991,0.787800014019012,NA,0.209709786997481,0.469747588973228,0.0748996734619141,NA
1998-07-01,1.29032435909076,1.4840811147758,0.75499713,1.0868,NA,1.12154188878177,1.1507714920409,0.813499987125397,NA,0.208418979605164,0.468635146697487,0.0839998722076416,NA
1998-08-01,1.06633874116275,1.28982702945585,0.664476133,0.8773,NA,0.967427536208603,1.02522528166127,0.667100012302399,NA,0.137849874923819,0.3982361747092,0.0370998382568359,-0.59417133652676
1998-09-01,0.750489561841374,1.02080706882991,0.637370655,0.6761,NA,0.738927033739982,0.84114483021215,0.526700019836426,NA,0.0490192148884631,0.309689045580095,-0.00230002403259277,NA
1998-10-01,0.696285309051246,0.9912788859695,1.004894126,0.7828,NA,0.692953462936531,0.817846032744838,0.637499988079071,NA,0.0403129648539332,0.302843345199601,0.0346000194549561,NA
1998-11-01,0.711394973771227,1.02228057869001,0.69560845,0.8203,NA,0.707488665237226,0.846618465546596,0.621900022029877,NA,0.0414615080042808,0.306652652316653,0.0288999080657959,-0.767212075160325
1998-12-01,0.694443732380785,0.993860268461267,0.789482665,0.8337,NA,0.694748385151645,0.823575350712981,0.656199991703033,NA,0.0369398231067177,0.300244948793033,0.040600061416626,NA
1999-01-01,1.00360170060974,1.29528695134222,0.835986976,0.833,NA,0.894210086852894,1.01345611865451,0.66540002822876,NA,0.147861156817255,0.41496986058287,0.0449998378753662,NA
1999-02-01,0.956562548446133,1.3246049879393,1.09115563,1.1395,0.962062497805052,0.860018297996954,1.0485406250351,0.891099989414215,1.78433684933311,0.135422768472789,0.411331001763187,0.116999626159668,-0.822274351528059
1999-03-01,1.31203063480336,1.61208675030788,1.263038182,1.1684,NA,1.10896410574156,1.23359240215939,0.923600018024445,NA,0.24302235104671,0.516086063617403,0.130300045013428,NA
1999-04-01,1.33647910551271,1.6321341099663,1.248395947,1.1542,NA,1.12114144645162,1.24153365780626,0.905700027942657,NA,0.255321716628639,0.528200437800925,0.121899843215942,NA
1999-05-01,1.35544344616916,1.67804994294853,1.261166658,1.3286,NA,1.14240714890084,1.28700707229454,1.02100002765656,NA,0.253272702555318,0.529763220706754,0.158599853515625,-0.474956805303269
1999-06-01,1.77683934025699,2.02030531811477,1.527767333,1.3809,NA,1.44412982865358,1.51418064533656,1.05069994926453,NA,0.373992364660017,0.647358821382325,0.162299633026123,NA
1999-07-01,1.73832896632679,2.00168626054388,1.501229142,1.4629,NA,1.40978558559537,1.49797016441916,1.13660001754761,NA,0.369783684858286,0.644952674032888,0.196499824523926,NA
1999-08-01,1.6442936577214,1.9508042486118,1.62556078,1.447,NA,1.34806172268429,1.47568831889258,1.11360001564026,NA,0.33726765292386,0.616206611839107,0.179399967193604,-0.245811312836813
1999-09-01,1.69414375657682,2.00268243458587,1.675080141,1.4546,NA,1.378083863546,1.50712488173654,1.13359999656677,NA,0.357241360747753,0.637120824387881,0.190000057220459,NA
1999-10-01,1.7918537092253,2.12382897499349,1.625674187,1.4613,NA,1.44251094149407,1.59165785162869,1.11609995365143,NA,0.390788841740822,0.674864302869207,0.178299903869629,NA
1999-11-01,1.54557249964963,1.89784442400295,1.649031599,1.4522,NA,1.27329753691703,1.44266422785166,1.10979998111725,NA,0.31315158223296,0.596165874186863,0.169899940490723,-0.188682718798116
1999-12-01,1.75833586678274,2.08212925666107,1.796757308,1.5763,NA,1.42326312494994,1.56520398216,1.18970000743866,NA,0.376409585077164,0.659207412278717,0.193300247192383,NA
2000-01-01,2.04257773486784,2.31709813767136,1.352682355,1.5888,NA,1.62882442341175,1.72402652924759,1.17470002174377,NA,0.455590385823098,0.736768606292011,0.190699815750122,NA
2000-02-01,1.92414317351689,2.16809743175935,1.142658639,1.4812,1.78872325721905,1.55793657802573,1.62661513169875,1.09159994125366,1.95089500694275,0.407708303093748,0.683775544451589,0.160899639129639,-0.162171749723698
2000-03-01,1.84057811988592,2.04749487280394,0.811686789,1.2759,NA,1.50205099372067,1.53820778471232,0.916899979114532,NA,0.379839081910528,0.650436380696644,0.10129976272583,NA
2000-04-01,1.75079848221773,1.91947243351983,0.832285594,1.3783,NA,1.44330514361074,1.44588833698228,0.99210000038147,NA,0.348534656667755,0.613262735493607,0.128200054168701,NA
2000-05-01,1.97995656460894,2.08590707953349,0.95861433,1.3933,NA,1.62143437098313,1.56572482496392,0.979700028896332,NA,0.399924927968286,0.660865638900771,0.117899894714355,-0.233700304918218
2000-06-01,1.83779449790004,1.93973710096858,0.931139315,1.2379,NA,1.51697528106629,1.45890674479389,0.89410001039505,NA,0.361936760356783,0.620134286454346,0.0899999141693115,NA
2000-07-01,1.57609284447212,1.79615009658461,0.779974456,1.1502,NA,1.31528053059873,1.36536144298034,0.8367999792099,NA,0.301499176466955,0.569744695440993,0.0680000782012939,NA
2000-08-01,1.2615807720547,1.54420244607692,0.673641901,1.0274,NA,1.09276159158715,1.20166483824601,0.74889999628067,NA,0.208777865029039,0.479702237179586,0.0373003482818604,-0.540935915959599
2000-09-01,1.18383986253417,1.53571532516627,1.007593413,1.0438,NA,1.02421624205069,1.19593330764532,0.788500010967255,NA,0.199510773011859,0.477417999600689,0.0479001998901367,NA
2000-10-01,0.983129242732482,1.41484952174495,0.836609745,0.961,NA,0.871013323856527,1.116016508764,0.72979998588562,NA,0.151582947752074,0.435933367245618,0.0270001888275146,NA
2000-11-01,0.790627439330252,1.25990165570975,0.72704938,0.8355,NA,0.737392113492909,1.01776676634454,0.633300006389618,NA,0.092264354397666,0.378238995650271,-0.00200009346008301,-0.588092098257996
2000-12-01,0.647176436551019,1.11416670999499,0.786573506,0.7575,NA,0.632760775166655,0.912077697597504,0.598900020122528,NA,0.0525929556474983,0.335937633118313,-0.00579977035522461,NA
2001-01-01,0.559584459033724,1.13072436659192,1.131805533,0.9386,NA,0.551833410188909,0.925519958151038,0.760500013828278,NA,0.0458150990849086,0.340285639286491,0.0648999214172363,NA
2001-02-01,0.436328084139276,1.04316207412599,1.093854696,0.8932,0.796610812790627,0.46751937536078,0.874428475201297,0.717100024223328,1.414626311513,0.00665525385891048,0.303640548496707,0.0541000366210938,-0.618015498722371
2001-03-01,0.523089820272033,1.08207658902581,1.379303377,1.0054,NA,0.530202743478278,0.893472424675113,0.836300015449524,NA,0.0305891441648777,0.323015543978669,0.10479998588562,NA
2001-04-01,0.806741951154846,1.35027395367062,1.705359788,1.2719,NA,0.723840290452828,1.0713098184083,1.0184999704361,NA,0.121671774851151,0.4161909781046,0.168800115585327,NA
2001-05-01,0.910862490727967,1.44972611805935,1.843994726,1.387,NA,0.802701807369753,1.14528819568662,1.11549997329712,NA,0.147445837718811,0.44287005709244,0.210200309753418,-0.307906480234515
2001-06-01,0.921933399764798,1.46576470515742,1.822977012,1.3742,NA,0.805937495745549,1.15299155674586,1.10829997062683,NA,0.155248929328322,0.45130202781722,0.206799745559692,NA
2001-07-01,0.893881026731331,1.46471734209414,1.666857985,1.1931,NA,0.779244167926029,1.15075405422578,0.967499971389771,NA,0.153810495045361,0.452632649285079,0.162099838256836,NA
2001-08-01,0.590833273259394,1.21917151683916,1.615615544,1.1432,NA,0.566961911847638,0.992378236915353,0.936200022697449,NA,0.0620493896584935,0.363619034889867,0.154800176620483,-0.688939234251604
2001-09-01,0.498649814233095,1.19651401907203,2.089893895,1.2208,NA,0.486452614210101,0.97504006242136,1.02939999103546,NA,0.0497934340105594,0.358311470157907,0.200500011444092,NA
2001-10-01,0.473001574668597,1.204489212728,1.91888272,1.1313,NA,0.458885516779657,0.977840418889857,0.95990002155304,NA,0.0513228058146579,0.363567042217767,0.187000036239624,NA
2001-11-01,0.58020095099503,1.27189147905941,2.334410527,1.4692,NA,0.543196909846742,1.0259490215495,1.21879994869232,NA,0.0747317819487379,0.383447336619608,0.279399871826172,-0.750424997005462
2001-12-01,1.19479500358789,1.82063863945424,2.415914095,1.6605,NA,0.965015151876913,1.38479480660513,1.33980000019073,NA,0.26987345255937,0.577964974627836,0.321200132369995,NA
2002-01-01,1.1873687855875,1.83408406631305,2.310142128,1.6086,NA,0.951908371707526,1.39052448987693,1.29739999771118,NA,0.275531743861997,0.58598287132632,0.305799961090088,NA
2002-02-01,0.958095644730893,1.58155896112372,2.330803205,1.529,1.64042105263158,0.810103828359771,1.22930786714143,1.24769997596741,2.29321049224452,0.187204369791161,0.492241479809932,0.288100242614746,-0.65278943961294
2002-03-01,1.45095043912238,1.9559811640123,2.424149387,1.7972,NA,1.16404473719341,1.47345043988314,1.42869997024536,NA,0.3277023561574,0.625002050825745,0.347599744796753,NA
2002-04-01,1.36386076252306,1.87467332666417,2.281024885,1.6323,NA,1.10302701820629,1.41836689618969,1.31470000743866,NA,0.301337517720604,0.598138510919838,0.311999797821045,NA
2002-05-01,1.09211865221031,1.66540008291718,2.418754574,1.5736,NA,0.913067612992373,1.28621167470973,1.28190004825592,NA,0.218741850841346,0.519611429738141,0.299100160598755,-0.246018187366832
2002-06-01,0.90999457794704,1.52799595158614,2.376035885,1.4712,NA,0.77587877361662,1.19055684296353,1.22409999370575,NA,0.173057680285241,0.476863118261587,0.280999898910522,NA
2002-07-01,0.483152762099186,1.25565720177339,2.436328935,1.2541,NA,0.46045903828197,1.01623576574453,1.07120001316071,NA,0.0599793622093961,0.377213767417371,0.225200176239014,NA
2002-08-01,-0.118622158129587,0.761821306624306,2.2053468,1.0562,NA,0.0467308537960533,0.702300999798527,0.91839998960495,NA,-0.130966430121412,0.192956733013984,0.17520010471344,-0.515563657639243
2002-09-01,-0.308653189706782,0.522906464114961,2.058702259,0.7929,NA,-0.0702592996145276,0.541856064296833,0.741400003433228,NA,-0.206083107582517,0.110308239716885,0.117200136184692,NA
2002-10-01,-0.307405851278789,0.5632864363719,2.414616005,0.9538,NA,-0.076951637154101,0.570197406921729,0.87610000371933,NA,-0.197949792785214,0.123296756473917,0.161200284957886,NA
2002-11-01,-0.115198183180699,0.704024760120956,2.398019693,1.1939,NA,0.0602653562450747,0.660505900940782,1.03569996356964,NA,-0.14192039284014,0.175206582146635,0.222800254821777,-0.541721029622932
2002-12-01,-0.0948086582273492,0.737988880266402,2.26142826,0.9418,NA,0.0699527315237984,0.682063677034536,0.852699995040894,NA,-0.131276398229432,0.187897117186368,0.159700036048889,NA
2003-01-01,-0.159339901077711,0.716675691046887,2.229702723,1.0506,NA,0.0203683912310252,0.671330732623319,0.926999986171722,NA,-0.146507457062113,0.177429119129638,0.18720006942749,NA
2003-02-01,-0.432249462244494,0.478076997928654,2.077128968,0.8748,0.394252631578947,-0.159068330510692,0.523530801138744,0.792400002479553,0.705231576507969,-0.241521221023035,0.084261553827908,0.141599893569946,-0.310978944929022
2003-03-01,-0.42952688920863,0.439198136500797,2.213416434,0.9628,NA,-0.149232249413901,0.495737736090672,0.867500007152557,NA,-0.249205242820194,0.0718330008064462,0.167100310325623,NA
2003-04-01,-0.274040262284824,0.586905489671079,2.171999778,0.9681,NA,-0.0487294793101421,0.588909935262744,0.864400029182434,NA,-0.19310824738003,0.128260515485638,0.166599869728088,NA
2003-05-01,-0.59943411832104,0.236336470363098,1.840005259,0.6507,NA,-0.24722818848002,0.367738975726626,0.632000029087067,NA,-0.323269373333878,-0.00685950847036983,0.0898000001907349,-0.644619075829643
2003-06-01,-0.677517028177795,0.118605123127215,1.984955578,0.7835,NA,-0.283665471243058,0.294403961808541,0.726999998092651,NA,-0.366929104902726,-0.0548740102431731,0.124500155448914,NA
2003-07-01,-0.275715850308596,0.578128974539649,2.822644614,1.3074,NA,-0.0463718151302625,0.584461949300884,1.15590000152588,NA,-0.197517466930379,0.123542057407871,0.264400005340576,NA
2003-08-01,0.0657488951118777,0.928386217275866,2.55612757,1.331,NA,0.174693557091264,0.813049040033867,1.14279997348785,NA,-0.0739195313077548,0.25035116236787,0.263099908828735,-0.0634142886933814
2003-09-01,-0.103214383932025,0.787777076057574,2.331409257,1.0319,NA,0.0588602354803537,0.723020751580915,0.913399994373322,NA,-0.128245396317239,0.198210462693799,0.185000061988831,NA
2003-10-01,-0.0527570203333829,0.805219084068955,2.476830215,1.2303,NA,0.0974881842308674,0.731930573375192,1.0657000541687,NA,-0.116251475431774,0.206647649118715,0.237099766731262,NA
2003-11-01,0.0892739230834692,0.853127885555043,2.355430218,1.2404,NA,0.206900000559703,0.756700870707632,1.07560002803802,NA,-0.0830243596344033,0.229609492042098,0.242500066757202,0.109738889312744
2003-12-01,0.143029073043829,0.872305581563543,2.366227348,1.1962,NA,0.246944277696688,0.765526136647934,1.03709995746613,NA,-0.0692829725349788,0.239692988911219,0.229299902915955,NA
2004-01-01,0.0152045358511184,0.7479674371589,2.22929711,1.1553,NA,0.163203023903682,0.685224026877581,0.994899988174438,NA,-0.114383954166289,0.1939638825507,0.216399908065796,NA
2004-02-01,0.00541556274717605,0.682977220375192,2.111858072,1.0519,1.06411052631579,0.167459628575756,0.640088837674068,0.918099999427795,0.942247373430351,-0.128813085970606,0.172666540451752,0.189800024032593,0.121863152885438
2004-03-01,-0.337669130010312,0.391404675389859,2.108485282,0.9577,NA,-0.0598072198682213,0.459730705083353,0.853900015354156,NA,-0.2468740972265,0.0581337532034988,0.16759979724884,NA
2004-04-01,0.254700580666954,0.896469702758611,2.327699591,1.3634,NA,0.337580193348827,0.777508658667337,1.14289999008179,NA,-0.0476512020144558,0.251654373262974,0.265700101852417,NA
2004-05-01,0.731239803290531,1.26221432928578,2.332816253,1.4072,NA,0.673164319539001,1.0114694308414,1.15960001945496,NA,0.0957880108486266,0.38680891598251,0.267099976539612,0.353255002613069
2004-06-01,0.813444986274628,1.27597157900735,2.16095656,1.3252,NA,0.740190565756078,1.01653283019474,1.07739996910095,NA,0.111200196042644,0.395043678508379,0.234399676322937,NA
2004-07-01,0.636229144877634,1.09059018773561,2.029659159,1.2436,NA,0.621704106207878,0.891774374468875,1.01429998874664,NA,0.0513830140959305,0.331980311435723,0.212000250816345,NA
2004-08-01,0.364063416205092,0.861942638357642,1.830857076,1.0064,NA,0.434085471559421,0.744503240081843,0.844600021839142,NA,-0.0346138221743375,0.248057778549266,0.152900099754333,0.115809094689109
2004-09-01,0.249070656681174,0.726939926444497,1.654631094,0.9459,NA,0.361076506418853,0.653988962176084,0.79830002784729,NA,-0.0775522896593205,0.201128852294764,0.134400129318237,NA
2004-10-01,0.198520235372237,0.664467257364034,1.572442589,0.8747,NA,0.331216649858239,0.613663969453138,0.737299978733063,NA,-0.0985336312033925,0.178038195083917,0.110399961471558,NA
2004-11-01,0.242262138651491,0.664018397367506,1.57487462,0.9718,NA,0.370023177566133,0.612574841896948,0.81360000371933,NA,-0.0932455315546815,0.178407698149601,0.131899833679199,0.170695005140305
2004-12-01,0.32811268316878,0.684732820307054,1.351833277,0.9007,NA,0.440064031127561,0.623704603573438,0.726300001144409,NA,-0.07714868191944,0.187549892136005,0.10040009021759,NA
2005-01-01,0.514258465537734,0.762254077507742,0.986512033,0.8181,NA,0.582315311294157,0.667337759386145,0.643400013446808,NA,-0.0327875407329521,0.22067305461989,0.0726997852325439,NA
2005-02-01,0.487590193781597,0.707650066815556,0.955634246,0.88,0.5949,0.571302752747279,0.631254509647525,0.695299983024597,0.466476464944727,-0.0487042045876032,0.200857540456827,0.0868997573852539,0.128423535055273
2005-03-01,0.767108037716976,0.92509340654668,0.972837743,0.9607,NA,0.771889517222286,0.774324842965982,0.731000006198883,NA,0.0319051560892639,0.278385374515137,0.0981000661849976,NA
2005-04-01,0.650304686860172,0.80401812388534,0.725891571,0.7671,NA,0.694563615304046,0.693888776927368,0.5939000248909,NA,-0.00836517888844653,0.235602515936283,0.0506999492645264,NA
2005-05-01,0.606561563999509,0.71763453904506,0.511625196,0.6627,NA,0.671262638392346,0.632473493651944,0.50739997625351,NA,-0.0296226657759557,0.207666088271277,0.0233000516891479,0.0347714319774081
2005-06-01,0.594589151463574,0.665676942643207,0.353828651,0.5871,NA,0.669244109552708,0.594474502823269,0.4442999958992,NA,-0.0401728442158798,0.191237182273491,-0.000800013542175293,NA
2005-07-01,0.735503989899532,0.789061466650373,0.423962582,0.7044,NA,0.765235620669964,0.673605568840873,0.528299987316132,NA,0.00569253473078051,0.23738255572953,0.0210002660751343,NA
2005-08-01,0.697235946472426,0.780116033692906,0.268026107,0.5631,NA,0.73782294642504,0.672687176279566,0.407700002193451,NA,-0.004942463756674,0.230411550530466,-0.0207998752593994,-0.265069565590569
2005-09-01,0.521317737104511,0.650081687770035,0.443931997,0.7118,NA,0.614274746426235,0.591495308674178,0.520099997520447,NA,-0.0580556899342902,0.180407566669227,0.0122998952865601,NA
2005-10-01,0.710463782014582,0.821843020405339,0.523281958,0.7687,NA,0.744513613718477,0.704759544747,0.560199975967407,NA,0.00215891239632691,0.24193225601215,0.0185998678207397,NA
2005-11-01,0.821602340244623,0.913727253691917,0.495210274,0.7245,NA,0.82117329353955,0.763256743234911,0.532299995422363,NA,0.037140780044119,0.276279256791246,0.00749969482421875,0.0240300051498414
2005-12-01,0.888301388152913,0.933198216309804,0.233321863,0.6442,NA,0.871165979493136,0.770289363820284,0.456000000238419,NA,0.0537530890761993,0.287568794544664,-0.0171000957489014,NA
2006-01-01,0.617706621483518,0.747610119315219,0.281474297,0.6515,NA,0.677669826648025,0.654876441252013,0.474900007247925,NA,-0.024285699198995,0.216062658164446,-0.0164998769760132,NA
2006-02-01,0.603273012167359,0.784796331595871,0.145058296,0.6567,0.414442105263158,0.661707781279544,0.685419733944017,0.465499997138977,0.358263169549641,-0.0221564319779915,0.225080513056725,-0.0202997922897339,0.0561789357135176
2006-03-01,0.716121517401193,0.87947335436943,0.479424655,0.7891,NA,0.740832093065141,0.747408935506733,0.58270001411438,NA,0.0121245444313181,0.259018393801519,0.0145998001098633,NA
2006-04-01,0.788661177638878,0.996212436682484,0.722254318,0.8508,NA,0.782138093322892,0.827858958988064,0.641099989414215,NA,0.0440813558264225,0.297904160278742,0.029900074005127,NA
2006-05-01,0.770894762605462,1.0190642228945,0.681384737,0.8681,NA,0.763272664847842,0.845577924246605,0.644699990749359,NA,0.0453600738545029,0.304024898911595,0.027900218963623,0.214518201706627
2006-06-01,0.870581794369951,1.06769058093698,0.592997017,0.8508,NA,0.839246346504456,0.874865838652765,0.61599999666214,NA,0.0692661747761589,0.323167247033127,0.0161001682281494,NA
2006-07-01,0.7946433666028,1.0100345113768,0.521512264,0.7454,NA,0.784380506286142,0.836924303018127,0.555000007152557,NA,0.0479269151493366,0.302840318233886,-0.0038001537322998,NA
2006-08-01,0.546088987082385,0.812068383402026,0.370738037,0.6325,NA,0.607733754310148,0.707565288264712,0.465799987316132,NA,-0.0249912011839595,0.232095013179303,-0.0326000452041626,-0.0343304285629936
2006-09-01,0.608194084427132,0.823696378525111,0.305888854,0.5975,NA,0.655800738797923,0.709766977100094,0.436800003051758,NA,-0.0111812209262666,0.240258990582667,-0.04010009765625,NA
2006-10-01,0.641216102686302,0.848745908106125,0.26459683,0.5596,NA,0.678151071112645,0.724644631573406,0.402599990367889,NA,-0.000438210055755343,0.250456991156313,-0.0537000894546509,NA
2006-11-01,0.507058837894482,0.728913120726,0.161469465,0.4861,NA,0.586938023810989,0.647271776070854,0.343300014734268,NA,-0.0440387831254028,0.206413128373699,-0.0727002620697021,-0.237495255152383
2006-12-01,0.473346111308109,0.703449025208323,0.306165362,0.6177,NA,0.562665323535184,0.630641186694094,0.455700010061264,NA,-0.0536556521258329,0.197242372834229,-0.0350000858306885,NA
2007-01-01,0.599533851721021,0.832529661519836,0.334066489,0.6744,NA,0.646781352617859,0.716466822132886,0.491299986839294,NA,-0.0107141581453696,0.242832220725262,-0.0235998630523682,NA
2007-02-01,0.398345428668287,0.727724435018753,0.282885047,0.5149,0.430873684210526,0.495120127702045,0.652902439640932,0.388099998235703,0.447463180963616,-0.0606274664284033,0.201855232665417,-0.0592000484466553,-0.0165894967530901
2007-03-01,0.20361956624449,0.561581981444992,0.448306132,0.5768,NA,0.36008229235009,0.544924917895308,0.442299991846085,NA,-0.121303150474766,0.141571048106613,-0.0416998863220215,NA
2007-04-01,0.32935580004933,0.662157252499659,0.40422331,0.5847,NA,0.449100586999599,0.610500093681821,0.433400005102158,NA,-0.0839590126329327,0.177870081998831,-0.0431997776031494,NA
2007-05-01,0.538341463948555,0.797749611688634,0.458370262,0.7563,NA,0.601557406373737,0.695488380561397,0.561500012874603,NA,-0.0268252389913209,0.229097772170714,0.00329995155334473,-0.0617954373272972
2007-06-01,0.975406883549903,1.16479677410649,0.642919075,0.8435,NA,0.906928748618849,0.934810661086188,0.624599993228912,NA,0.106693855220352,0.361067537322001,0.0241999626159668,NA
2007-07-01,0.724630511354859,1.01420034620169,0.631711304,0.6747,NA,0.71888859419186,0.838563804294085,0.509599983692169,NA,0.0432358976938089,0.30595396660806,-0.0184998512268066,NA
2007-08-01,0.618597485774164,0.909913812980779,0.78358893,0.7131,NA,0.644724158775805,0.766901921917629,0.556900024414062,NA,0.0105543325120955,0.27152482708377,0.0126001834869385,-0.125308677258698
2007-09-01,0.5345653746854,0.823744939218006,0.983055133,0.773,NA,0.58694763528974,0.707831071536664,0.593999981880188,NA,-0.0164302514414232,0.242712758110805,0.0265997648239136,NA
2007-10-01,0.429616534260195,0.766219500090355,0.884133051,0.6847,NA,0.509749001234334,0.67401279986839,0.547100007534027,NA,-0.0444051116430569,0.219174207686522,0.00999999046325684,NA
2007-11-01,0.0738024160208354,0.492766759521638,1.124977471,0.5911,NA,0.259465206846702,0.500087940658973,0.485700011253357,NA,-0.151924403383678,0.116679374713061,0.000900030136108398,0.0230149984836584
2007-12-01,-0.000273386083821103,0.463846378396356,1.253919757,0.5981,NA,0.201308375937508,0.482888433947553,0.492700010538101,NA,-0.168246496728276,0.105031268444082,-0.00119996070861816,NA
2008-01-01,-0.629036487487057,-0.00968923468043989,1.574009374,0.6225,NA,-0.233883444329442,0.190041701837907,0.576799988746643,NA,-0.365476761313407,-0.0803172880045762,0.0530000925064087,NA
2008-02-01,-0.692858947997559,0.0336750830769181,1.823336181,0.6181,0.22664,-0.293703890982361,0.225997683505462,0.581499993801117,0.177719990682602,-0.369818321937758,-0.0707316562239444,0.0565001964569092,0.0489200093173988
2008-03-01,-0.75483596075061,-0.0844052725262483,1.949932031,0.6515,NA,-0.311996115910872,0.156383211471739,0.614499986171722,NA,-0.415088940588705,-0.121667328238212,0.0746001005172729,NA
2008-04-01,-0.338078228358801,0.160609674046878,1.585871835,0.8545,NA,-0.0147699762139203,0.299234678530903,0.728299975395203,NA,-0.292805866148008,-0.0175211423705274,0.117499947547913,NA
2008-05-01,-0.0309284742534444,0.419507479041986,1.593415806,0.9559,NA,0.188453951378168,0.458135969754564,0.805800020694733,NA,-0.186790290871366,0.085211461460465,0.137800097465515,0.0826952216829586
2008-06-01,0.154456186649799,0.541934626179056,1.457282412,0.8904,NA,0.324395263454387,0.536858941994986,0.726300001144409,NA,-0.135815174373194,0.130923569841345,0.108300089836121,NA
2008-07-01,0.08637599895046,0.451076878639344,1.598118348,0.9109,NA,0.284910321027541,0.47733896616207,0.766600012779236,NA,-0.165161901148173,0.0979024754812917,0.126800060272217,NA
2008-08-01,0.0459842870134454,0.453593215991825,1.568917861,0.7875,NA,0.245435578302452,0.476295477992457,0.680999994277954,NA,-0.166808262398038,0.100544930903513,0.0940999984741211,-0.112052360643659
2008-09-01,0.0891591265653288,0.469642667193877,2.051328835,0.9242,NA,0.276513535877463,0.482817702101717,0.787899971008301,NA,-0.155296146232499,0.109010937566345,0.133600115776062,NA
2008-10-01,0.0873584820920585,0.755216028871164,3.46819086,1.2185,NA,0.218051487194307,0.681315963414468,1.09829998016357,NA,-0.097631952177867,0.203665610915319,0.237899780273438,NA
2008-11-01,-0.289054931679733,0.566941377149236,2.415828546,0.7475,NA,-0.0423773022889708,0.587965568360324,0.684300005435944,NA,-0.216368087513532,0.107956654916336,0.117000102996826,-1.72556111000909
2008-12-01,-0.584907292748683,0.151963083375798,1.487355808,0.393,NA,-0.175010697449997,0.339659433437121,0.41729998588562,NA,-0.387857676788359,-0.0724170431834492,0.039799839258194,NA
2009-01-01,-0.573856305839038,0.187754729221236,2.251721877,0.719,NA,-0.181589006046561,0.356672411861588,0.691399991512299,NA,-0.369329046843172,-0.0521903582099211,0.123499989509583,NA
2009-02-01,-0.680463196023364,0.120228706324146,2.278513482,0.7636,0.344026323740105,-0.266768894576956,0.3118021448329,0.730599999427795,1.36136316504228,-0.388372940845512,-0.071390725992624,0.13510000705719,-1.01733684130217
2009-03-01,-0.556194571054724,0.138962170886191,1.722299765,0.5283,NA,-0.171369482721445,0.312529237169555,0.519200026988983,NA,-0.359725946179768,-0.0556917265468792,0.0680001974105835,NA
2009-04-01,-0.518208193357538,0.140858896325995,2.174712081,0.78,NA,-0.140231088664768,0.311511666778599,0.747699975967407,NA,-0.352751354200014,-0.0531319134777363,0.145500063896179,NA
2009-05-01,-0.524743009475232,0.238591029339447,2.632875135,0.9989,NA,-0.16510157011095,0.381275086886423,0.896099984645844,NA,-0.332367122298414,-0.0198647464445056,0.191799998283386,-0.6726150039196
2009-06-01,-0.227533773715537,0.569373449717723,2.390965723,1.0322,NA,0.00777074003230117,0.586073359166009,0.899800002574921,NA,-0.204063144019055,0.112582317205241,0.196300029754639,NA
2009-07-01,-0.382945447919369,0.438780622491495,2.303362818,1.049,NA,-0.0911057743106499,0.5085770677247,0.908999979496002,NA,-0.262209955072241,0.0575346227114675,0.202800154685974,NA
2009-08-01,-0.297265335175724,0.485831284766632,2.289573596,0.9688,NA,-0.0323212155362414,0.533267528859311,0.859300017356873,NA,-0.234634489697515,0.0802965953826534,0.185899972915649,-0.445380974669683
2009-09-01,-0.419770872421273,0.348121531765885,2.128712965,0.9012,NA,-0.101536500284119,0.449407969170758,0.807600021362305,NA,-0.289652642316495,0.0237757339289024,0.170899927616119,NA
2009-10-01,-0.401381851506783,0.321917612467218,2.273093964,0.9519,NA,-0.0798448951912964,0.430997674205073,0.846499979496002,NA,-0.293221350644283,0.0150315830536374,0.183000206947327,NA
2009-11-01,-0.404209802478606,0.327047391982634,2.255752365,0.7964,NA,-0.0759635816965171,0.44063833413739,0.741199970245361,NA,-0.30052368754628,0.0103437789501965,0.145099997520447,0.0206737009650782
2009-12-01,-0.450508623730752,0.322559641164594,2.574440776,1.1347,NA,-0.113688583372358,0.441066964386197,1.00559997558594,NA,-0.308448713852225,0.00680719066618145,0.233399987220764,NA
2010-01-01,-0.35120816327776,0.467880736580893,2.553860283,1.0065,NA,-0.0670895780177515,0.529590718555245,0.909200012683868,NA,-0.254546920916814,0.0658671718995125,0.200699925422668,NA
2010-02-01,-0.260380421695058,0.504750246997851,2.596663985,0.9873,0.938721019905493,0.00277144885557081,0.550412169940902,0.899600028991699,0.854963151480023,-0.233758302666026,0.0813880474764435,0.195300102233887,0.0837578684254697
2010-03-01,-0.34364261026224,0.469594901408995,2.558272392,1.0908,NA,-0.0621903585090807,0.529263199702027,0.96969997882843,NA,-0.251932094636974,0.0677263248145347,0.220099806785583,NA
2010-04-01,-0.280052353258514,0.524876228168776,2.349625281,1.0051,NA,-0.0239012271639423,0.560893112892043,0.894400000572205,NA,-0.225729155914753,0.0924091278377448,0.196300029754639,NA
2010-05-01,-0.557774948757439,0.237082845303031,2.071239847,0.807,NA,-0.188088610739073,0.385897674489224,0.752699971199036,NA,-0.342646058162745,-0.025607764017254,0.149799942970276,-0.0853950447559349
2010-06-01,-0.618412039962957,0.140559639538306,1.80840211,0.6169,NA,-0.212731030023269,0.327443977476199,0.596700012683868,NA,-0.380481542893881,-0.0669071883327398,0.0972000360488892,NA
2010-07-01,-0.794638374728558,-0.0271170555198177,1.933999301,0.5591,NA,-0.310392774658496,0.234747491530883,0.561699986457825,NA,-0.461715882009381,-0.145735367485862,0.0838999152183533,NA
2010-08-01,-1.05906751006301,-0.314693347194109,1.283107674,0.323,NA,-0.442004530002656,0.0778833412326577,0.35809999704361,NA,-0.598824818325345,-0.283410397032317,0.0209001004695892,-0.51935455756621
2010-09-01,-1.06465559523184,-0.349499684923929,1.484160967,0.3129,NA,-0.436219200786565,0.0569624823834078,0.375900000333786,NA,-0.610870110820375,-0.299047507173335,0.0241999626159668,NA
2010-10-01,-1.30431527966681,-0.587689016959317,1.811652753,0.3436,NA,-0.550771498603578,-0.0613206007463217,0.413500010967255,NA,-0.739382353915686,-0.423552930400269,0.0333999991416931,NA
2010-11-01,-1.23819768914779,-0.488752672182392,1.852368426,0.4543,NA,-0.537474217523641,-0.0152058192360355,0.49779999256134,NA,-0.684447151909284,-0.367118837647245,0.0616000294685364,-0.107100011253357
2010-12-01,-0.897917434765566,-0.0521185273356315,2.164721353,0.7701,NA,-0.392275802624771,0.224301890244701,0.726999998092651,NA,-0.48214534983891,-0.157565940570381,0.138599932193756,NA
2011-01-01,-0.948057391171989,-0.0479140254688922,2.446987806,0.7728,NA,-0.432003806944,0.233194831805408,0.762499988079071,NA,-0.492131215706743,-0.160600783406858,0.147600114345551,NA
2011-02-01,-0.311304276131786,0.38169351722762,2.18321159,0.8288,0.865394743588097,-0.0111367795132515,0.471165835106854,0.776899993419647,0.641657896302877,-0.272181167479449,0.0345465561706735,0.156499981880188,0.223736847285219
2011-03-01,-0.295918385454231,0.34241223377323,2.156833614,0.8735,NA,0.0170983725982016,0.449423563011105,0.806299984455109,NA,-0.285860539586365,0.0156985714169777,0.167599856853485,NA
2011-04-01,-0.173010438657858,0.418474746632422,2.258939134,0.7799,NA,0.0969703068431618,0.48860136485481,0.742200016975403,NA,-0.241924006698635,0.0533664148460211,0.145200133323669,NA
2011-05-01,-0.291190246179017,0.262544584755413,2.109982773,0.6062,NA,0.0449652085361072,0.399754286859328,0.615499973297119,NA,-0.311152097004978,-0.0183240840865913,0.101999878883362,-0.0475761734599157
2011-06-01,-0.529612285423933,0.0576786170598141,2.316977086,0.6537,NA,-0.0801523540372908,0.299224567320702,0.677699983119965,NA,-0.427824754689029,-0.126720933733362,0.121000051498413,NA
2011-07-01,-0.751819981535473,-0.098541341910204,2.009589169,0.458,NA,-0.216835447249471,0.219376234273265,0.490299999713898,NA,-0.514688040952041,-0.204161050169299,0.0583001673221588,NA
2011-08-01,-1.04018554317837,-0.540302685895409,1.283723422,0.1409,NA,-0.278354177403923,0.00615289978030465,0.250499993562698,NA,-0.750605242451774,-0.449044373680103,-0.0144998878240585,-0.218713062139941
2011-09-01,-1.04437696263993,-0.654379761733655,0.662682187,0.043,NA,-0.236524765904473,-0.0529302545477471,0.133699998259544,NA,-0.799518934939128,-0.512421566729653,-0.047199971973896,NA
2011-10-01,-1.07156591427758,-0.623153090668583,1.060727383,0.1603,NA,-0.320831490096972,-0.0755319265256406,0.226099997758865,NA,-0.739447211128034,-0.454871054678782,-0.019799929112196,NA
2011-11-01,-1.03405129554508,-0.679175837963417,0.910514034,0.0693,NA,-0.250216670969833,-0.0924684720160557,0.175799995660782,NA,-0.774760502290424,-0.499343321370997,-0.0346999056637287,-0.409585005246056
2011-12-01,-1.11603588292707,-0.759101354651251,0.609791873,-0.004,NA,-0.29476265861831,-0.135636336393566,0.0944999977946281,NA,-0.813124426201525,-0.538215971258486,-0.0598001182079315,NA
2012-01-01,-1.06814826619043,-0.751637316575851,0.603743456,-0.0661,NA,-0.250489412397962,-0.128320132272273,0.0522999987006187,NA,-0.809718937586556,-0.538762575023736,-0.075999841094017,NA
2012-02-01,-1.06581854024344,-0.762481825835435,0.694660459,-0.0064,-0.60265498738289,-0.251222367502702,-0.139727751429589,0.110399998724461,-0.419460000175238,-0.806375394995592,-0.538067220709076,-0.0573998838663101,-0.183194987207652
2012-03-01,-0.891323959483127,-0.594771835363483,1.028434061,0.1337,NA,-0.194486268947716,-0.0808910067640428,0.223900005221367,NA,-0.684491668311025,-0.422777730106591,-0.021899938583374,NA
2012-04-01,-0.933157124600543,-0.670778347190103,0.697850044,-0.0204,NA,-0.190100788225788,-0.110299147177478,0.0939000025391579,NA,-0.732880354532654,-0.473977985028881,-0.0637999624013901,NA
2012-05-01,-0.809795236060314,-0.680289729295499,0.081582972,-0.179,NA,-0.066944733882256,-0.107295374480007,-0.066600002348423,NA,-0.735243148324196,-0.495818372399026,-0.111400038003922,-0.198877281431718
2012-06-01,-1.21255577125342,-1.01624920424022,0.169577916,-0.1621,NA,-0.294205880542895,-0.27697264448828,-0.0373000018298626,NA,-0.914739939022291,-0.671561391647435,-0.102300018072128,NA
2012-07-01,-1.33926747600257,-1.14774863509795,0.066548138,-0.2371,NA,-0.33609777290674,-0.326981671646448,-0.0998999997973442,NA,-1.00211923173573,-0.758136947187884,-0.122600167989731,NA
2012-08-01,-1.15831641253266,-0.990773795695315,0.164292393,-0.2029,NA,-0.261412902324269,-0.268550335837789,-0.0744000002741814,NA,-0.892825516469854,-0.65460974607898,-0.115200012922287,-0.211308696282428
2012-09-01,-1.28705195786821,-1.08929508937091,0.262911387,-0.1891,NA,-0.332575381021044,-0.315430973373858,-0.049100000411272,NA,-0.951056666327131,-0.704702875494909,-0.107999980449677,NA
2012-10-01,-1.4492040110121,-1.19269144237164,0.283606596,-0.1357,NA,-0.444209682880466,-0.374628181520339,-0.0195000004023314,NA,-1.00209537030782,-0.748398457381146,-0.0977000892162323,NA
2012-11-01,-1.16949162573504,-1.03890144248944,0.194309376,-0.1971,NA,-0.242323698304857,-0.284184396907247,-0.0601000003516674,NA,-0.924292928283792,-0.690184497588095,-0.110500067472458,0.079605001807213
2012-12-01,-1.30520639401884,-1.11784838563787,0.408628238,-0.1174,NA,-0.340950911929223,-0.332580154337588,0.0116999996826053,NA,-0.961108718645675,-0.717281716780955,-0.087399959564209,NA
2013-01-01,-1.29919979825889,-1.04322830076887,0.74953757,0.0066,NA,-0.380820749716132,-0.308995009034357,0.11710000038147,NA,-0.912519496311954,-0.657681888317758,-0.0552000477910042,NA
2013-02-01,-0.926546389317032,-0.752149918225037,0.635029574,-0.0646,-0.415863167853103,-0.15655178705058,-0.155533871076502,0.0636000037193298,-0.723536837577819,-0.761379100244375,-0.515735966351048,-0.0733000487089157,0.307673669724716
2013-03-01,-0.859824799843028,-0.72122911716375,0.573715814,-0.0693,NA,-0.102999277956691,-0.134919077112427,0.0566999986767769,NA,-0.748152873670598,-0.50446551382043,-0.0745999813079834,NA
2013-04-01,-0.915530947656287,-0.821965754862611,0.346838557,-0.1508,NA,-0.0863889224831454,-0.16395354266558,-0.0142000000923872,NA,-0.823651398758343,-0.583318753771013,-0.095599889755249,NA
2013-05-01,-0.608947114505226,-0.53224721656722,0.891104132,0.104,NA,0.0343542737243907,-0.0481580461594912,0.200699999928474,NA,-0.633694264030502,-0.403998014899189,-0.0266998242586851,0.105899978115071
2013-06-01,-0.62946304611783,-0.358470766083154,1.184430711,0.3272,NA,-0.0667429918493257,0.0293466067531365,0.365399986505508,NA,-0.547368043539937,-0.293309472158795,0.0265999734401703,NA
2013-07-01,-0.527817521796983,-0.155415580176684,1.448589305,0.367,NA,-0.0421930634278686,0.146444206004827,0.405099987983704,NA,-0.466834810032526,-0.197757435690895,0.0374999046325684,NA
2013-08-01,-0.383246620568203,0.0225109846949324,1.494376197,0.492,NA,0.0271603777310947,0.247334337321081,0.500599980354309,NA,-0.389524260311243,-0.115884156220703,0.071100115776062,0.097168177550489
2013-09-01,-0.434463093641743,0.0287359622195957,1.487828085,0.3935,NA,-0.0149713411809605,0.25640421768229,0.42969998717308,NA,-0.39801279659848,-0.11675811104992,0.0466999709606171,NA
2013-10-01,-0.632930264891068,-0.173614592888055,1.451614548,0.3334,NA,-0.105060244539143,0.157704642103807,0.388999998569489,NA,-0.509739337141927,-0.225234025434973,0.0318001508712769,NA
2013-11-01,-0.512899645021698,-0.050234500958486,1.795283215,0.4156,NA,-0.0352711101963345,0.230723827185998,0.467200011014938,NA,-0.458639156060493,-0.172554576356501,0.0534998774528503,0.0322526400716673
2013-12-01,-0.482834343167898,0.0597126647542166,1.884498875,0.5992,NA,-0.0453907527804849,0.294268555355225,0.598299980163574,NA,-0.416149339345946,-0.121196035235233,0.0991998910903931,NA
2014-01-01,-0.451494877587566,0.0580125708442307,1.419811689,0.4404,NA,-0.0280933411958925,0.283737336351231,0.450399994850159,NA,-0.401627749318014,-0.112674022446323,0.0543001294136047,NA
2014-02-01,-0.247964386988204,0.138228637381291,1.352731886,0.4227,0.488026314785605,0.107231299747042,0.31121190037669,0.438300013542175,0.503215786524823,-0.333614865242102,-0.0621016812987379,0.0499998331069946,-0.0151894717392173
2014-03-01,-0.194797886424173,0.168616496116181,1.164444612,0.4991,NA,0.130621729728421,0.316690190825215,0.47979998588562,NA,-0.302644804993142,-0.036655988311991,0.0682001113891602,NA
2014-04-01,-0.116484164426698,0.211861599812626,1.096604251,0.4801,NA,0.173115466442118,0.329909900029218,0.453700006008148,NA,-0.266031287817786,-0.00661505362238649,0.0606999397277832,NA
2014-05-01,-0.0940678608237927,0.162622218314458,0.888177748,0.361,NA,0.195220203188695,0.289029667538328,0.365799993276596,NA,-0.266824174025609,-0.0186014760423835,0.0318000018596649,-0.035290485368456
2014-06-01,-0.0677788882661617,0.17553704605244,0.87689758,0.4043,NA,0.208566933132936,0.291473177732504,0.389699995517731,NA,-0.253044737304085,-0.00762917342560301,0.0407000482082367,NA
2014-07-01,-0.0919916041130149,0.120219152704902,0.723345305,0.4476,NA,0.200244608294734,0.255457958299612,0.417800009250641,NA,-0.269146756916288,-0.02886547044602,0.0535000264644623,NA
2014-08-01,-0.111786972784759,0.0639695571321253,0.451028263,0.3473,NA,0.19590918032013,0.218439579959691,0.324600011110306,NA,-0.285501187605808,-0.0512718663307933,0.0245001614093781,-0.0645714375938698
2014-09-01,-0.0156250816242707,0.171816405451886,0.579670217,0.4476,NA,0.241858057219709,0.275963369835383,0.403299987316132,NA,-0.233479356290594,0.00196256161936774,0.0509999692440033,NA
2014-10-01,-0.147215662934073,0.0310884184448851,0.493200383,0.347,NA,0.17791488522545,0.201383862859694,0.328500002622604,NA,-0.303985597451703,-0.0696069673105596,0.0250001847743988,NA
2014-11-01,-0.192844852225897,0.00432209689647349,0.280142924,0.271,NA,0.150112038747468,0.189867204939489,0.251700013875961,NA,-0.321573408880957,-0.0843646524994694,0.00049988180398941,-0.301455567057928
2014-12-01,-0.15944334060254,-0.0144564417310689,0.046730873,0.2808,NA,0.175659949778174,0.169353537308966,0.236599996685982,NA,-0.314013427849952,-0.0863590283047455,-0.000899933278560638,NA
2015-01-01,-0.224899784202015,-0.166644271957459,-0.261828554,0.0276,NA,0.166341732563312,0.0819751933231832,0.0414000004529953,NA,-0.373589719309827,-0.160937078876707,-0.0648998916149139,NA
2015-02-01,-0.601624729089242,-0.366916076881403,-0.05133291,0.1994,-0.485300009054887,-0.0735525366172727,-0.00442672001673419,0.182799994945526,-0.0802473687165657,-0.511222211721741,-0.270776613993516,-0.0181000530719757,-0.405052640338321
2015-03-01,-0.387996818265582,-0.240152081271229,-0.029340105,0.132,NA,0.0596125763749556,0.0535064444829047,0.133699998259544,NA,-0.429296988582947,-0.201713994084961,-0.0374001041054726,NA
2015-04-01,-0.350467106050707,-0.27019713444777,0.154741456,0.1857,NA,0.100491111682466,0.034326709861286,0.196899995207787,NA,-0.43396443076945,-0.216552045523933,-0.0162000227719545,NA
2015-05-01,-0.208511581939458,-0.0957800569140969,0.256595564,0.2382,NA,0.158381189796189,0.123439581911985,0.232999995350838,NA,-0.34659937168844,-0.123871475706641,-0.00459994003176689,-0.288634994864464
2015-06-01,-0.120550266094559,0.024915839811069,0.497481349,0.3468,NA,0.195237109851237,0.190418477065301,0.3192999958992,NA,-0.293451625466973,-0.0652774693429781,0.0214000195264816,NA
2015-07-01,-0.205179840464132,-0.0342346352993742,0.256944795,0.2605,NA,0.146452488596817,0.162915035877564,0.238299995660782,NA,-0.330371757309099,-0.0984299763801071,-0.00420000404119492,NA
2015-08-01,-0.456556390021669,-0.226764647995797,0.272280764,0.2484,NA,-0.00090123543163371,0.0654853802021488,0.230000004172325,NA,-0.436839193375083,-0.197731018175492,-0.0102999657392502,-0.62718096110026
2015-09-01,-0.363628806074876,-0.163180705254697,0.211105937,0.1762,NA,0.0570405487877173,0.0974279678650309,0.187199994921684,NA,-0.401641557163115,-0.166643538942351,-0.0203998647630215,NA
2015-10-01,-0.388349020671338,-0.211339689050508,0.189496548,0.224,NA,0.054474296826692,0.0730662522139618,0.212799996137619,NA,-0.42511842384284,-0.193450013202882,-0.0143999755382538,NA
2015-11-01,-0.294672072412487,-0.104238358416257,0.137518359,0.2441,NA,0.0904372818623794,0.123746507150629,0.212899997830391,NA,-0.364046620612876,-0.130940494103646,-0.0175998955965042,-0.602784198831257
2015-12-01,-0.186534020215104,-0.0575320097580264,0.11744373,0.2776,NA,0.162644630498842,0.141822007192781,0.230700001120567,NA,-0.327627975044659,-0.104022820195265,-0.0122001469135284,NA
2016-01-01,-0.303005158393639,-0.184064254113088,-0.015498399,0.0528,NA,0.105740689167342,0.0747706783800627,0.0784000009298325,NA,-0.389585246516221,-0.168932977654791,-0.0634998977184296,NA
2016-02-01,-0.76421958564154,-0.522566816007452,-0.24236502,-0.0465,-0.569865003633498,-0.158776258553883,-0.0851492900350616,-0.00659999996423721,0.357225005531311,-0.591537951852335,-0.353220626415488,-0.0922000408172607,-0.927090009164809
2016-03-01,-0.554984008264604,-0.415480537576821,-0.16606506,-0.0181,NA,-0.0274870780306962,-0.0419333927019123,0.0171000007539988,NA,-0.511552308956417,-0.289283211934272,-0.0821999907493591,NA
2016-04-01,-0.606041148464858,-0.497678735499899,-0.182899845,0.0066,NA,-0.0378709631329618,-0.0811262313567601,0.034000001847744,NA,-0.554106146281209,-0.337017066456304,-0.0763000398874283,NA
2016-05-01,-0.589919070233574,-0.49236400821527,-0.284978137,0.01,NA,-0.0290073764405472,-0.0812650983438118,0.033100001513958,NA,-0.546487595881534,-0.331518198067983,-0.0770999044179916,-0.67915236702533
2016-06-01,-0.642257489029198,-0.570825165554992,-0.513045425,-0.1822,NA,-0.037478162665377,-0.114419113409796,-0.111400000751019,NA,-0.59264959263354,-0.382878636693526,-0.122600108385086,NA
2016-07-01,-0.686673003394638,-0.64747482845211,-0.616426002,-0.1857,NA,-0.0380066458082443,-0.144776296351599,-0.127900004386902,NA,-0.638725730525833,-0.435410508546006,-0.126999884843826,NA
2016-08-01,-0.626314516127997,-0.596584351216598,-0.618397644,-0.1271,NA,-0.0110219980522957,-0.125006866582279,-0.0854000002145767,NA,-0.604204061876803,-0.402504659790875,-0.113999933004379,-0.830282596970641
2016-09-01,-0.541918656290442,-0.530853859576695,-0.523162235,-0.1248,NA,0.0317387789383111,-0.0975798985454628,-0.0759000033140182,NA,-0.561267418676444,-0.362301464186738,-0.111500084400177,NA
2016-10-01,-0.504785454098224,-0.486683228030714,-0.274630243,-0.0099,NA,0.0400834565798226,-0.0818662736884037,0.0156999994069338,NA,-0.530765258395035,-0.32956302029628,-0.0837998986244202,NA
2016-11-01,-0.395989901997482,-0.30021691806614,0.140849861,0.2725,NA,0.0605110975097098,0.00955059032663375,0.242200002074242,NA,-0.437645302042991,-0.221276068847553,-0.011299803853035,-0.454490014684201
2016-12-01,-0.210411702256349,-0.0611857179714494,0.19236949,0.3322,NA,0.143522684084306,0.141791463897094,0.280400007963181,NA,-0.330523532529835,-0.103188715753176,0.00129988789558411,NA
2017-01-01,-0.291772239153186,-0.132481640276512,0.185216415,0.317,NA,0.095671275130365,0.10275920327735,0.268999993801117,NA,-0.364821005705027,-0.136649886509435,-0.00290000438690186,NA
2017-02-01,-0.351720884969785,-0.174627536333072,0.022527229,0.2697,0.029878970858924,0.0573929550840982,0.080319886523348,0.226500004529953,0.438399999038797,-0.386802436589306,-0.156400860470314,-0.0171000808477402,-0.408521028179873
2017-03-01,-0.31638850006231,-0.146916512946546,0.002428012,0.2325,NA,0.0778272246158369,0.094247592186932,0.197500005364418,NA,-0.371212462723905,-0.141943762725658,-0.0319999754428864,NA
2017-04-01,-0.4394508410083,-0.283478614072044,-0.082831047,0.1504,NA,0.0142776934969804,0.0178362506540603,0.130300000309944,NA,-0.433153395038728,-0.207875728955981,-0.0566000044345856,NA
2017-05-01,-0.421417191060108,-0.275410499854528,-0.201244593,0.0803,NA,0.0267208662521252,0.0213945682946668,0.0786999985575676,NA,-0.427524601224654,-0.203948467886701,-0.0755999386310577,-0.494727261506427
2017-06-01,-0.409029243739713,-0.310541853431992,-0.164910001,0.1051,NA,0.0488370881842636,0.00076757368002243,0.107199996709824,NA,-0.438354662476573,-0.22289640716471,-0.0670000612735748,NA
2017-07-01,-0.375639215141267,-0.25532734871639,-0.121122777,0.097,NA,0.059308797098213,0.030958835702859,0.102799996733665,NA,-0.414350613680465,-0.194870163404998,-0.0690000057220459,NA
2017-08-01,-0.441613350292382,-0.325546754860259,-0.323259576,0.0187,NA,0.0256290500828803,-0.00680328093185271,0.0320000015199184,NA,-0.447821349995396,-0.22994622642087,-0.0902998857200146,-0.522117416506228
2017-09-01,-0.406364504879983,-0.322329465812792,-0.207657507,0.1117,NA,0.054209754599472,-0.00660980049324107,0.104299999773502,NA,-0.441086592094617,-0.227962287968823,-0.0685001462697983,NA
2017-10-01,-0.239030645136662,-0.188310100011027,-0.258418098,0.1347,NA,0.154072865712308,0.0641246190425809,0.107500001788139,NA,-0.371337498812212,-0.160882367452158,-0.0681000649929047,NA
2017-11-01,-0.188898039129853,-0.17097595795312,-0.351360517,0.129,NA,0.191435024785074,0.0722613122331323,0.103699997067451,NA,-0.358198929538827,-0.15233900010972,-0.0713001489639282,-0.385390459501176
2017-12-01,-0.0495917685271945,-0.0906993598384928,-0.470651642,0.1233,NA,0.286606069252334,0.114773129121566,0.0819000005722046,NA,-0.312940484408433,-0.114164698443394,-0.078799843788147,NA
2018-01-01,0.0746396220147367,0.0105563043878579,-0.3408982,0.2742,NA,0.364518556009389,0.17213977754591,0.19030000269413,NA,-0.264706755371269,-0.066405430724076,-0.0447999835014343,NA
2018-02-01,0.127456238462846,0.132603416701696,-0.201727536,0.321,0.263384207554868,0.379207799744241,0.248495688228394,0.229100003838539,0.442042103626854,-0.224242589477643,-0.0131403716512926,-0.0374999642372131,-0.178657896071985
2018-03-01,0.139444172963345,0.121180199529323,-0.406473439,0.235,NA,0.39278763412343,0.241035956838613,0.153500005602837,NA,-0.225933755720878,-0.018117565581372,-0.0627999603748322,NA
2018-04-01,0.227154730911817,0.162991521484886,-0.340297368,0.3293,NA,0.457208337462088,0.264085185355296,0.221499994397163,NA,-0.20221816612463,0.000230366886988694,-0.0413998961448669,NA
2018-05-01,0.304598083632559,0.232819639742531,-0.413630687,0.2481,NA,0.506748846545886,0.306431072370194,0.164299994707108,NA,-0.173351807339567,0.0297561044723594,-0.0619999766349792,-0.178409112137015
2018-06-01,0.315485949362956,0.214996984852337,-0.379084872,0.2603,NA,0.520044402142402,0.293988517558702,0.173700004816055,NA,-0.176139804259127,0.0225335850691059,-0.0589000582695007,NA
2018-07-01,0.36120295941324,0.222027799503129,-0.368196859,0.2979,NA,0.557204149288393,0.296352415176615,0.197899997234344,NA,-0.16765874210708,0.0257682901083274,-0.0524000525474548,NA
2018-08-01,0.342687798321533,0.205225924784761,-0.45194333,0.2206,NA,0.54605397430377,0.286683301422896,0.141200006008148,NA,-0.175213451730068,0.018080464148011,-0.0730001926422119,-0.209904343613334
2018-09-01,0.434777141601671,0.283340016317174,-0.344052798,0.3096,NA,0.606029550682922,0.333659481237416,0.209700003266335,NA,-0.142087909418191,0.0513209243293398,-0.0518999099731445,NA
2018-10-01,0.46970040852879,0.349323093789794,-0.216418706,0.316,NA,0.620889376335199,0.375903777429708,0.23029999434948,NA,-0.121096347792823,0.0781784157806825,-0.0497999787330627,NA
2018-11-01,0.406867057772988,0.314722704537624,-0.373791673,0.238,NA,0.575364941314482,0.355755851374783,0.162300005555153,NA,-0.138794334352463,0.063316667540666,-0.0730001330375671,-0.286850010156632
2018-12-01,0.25584218383532,0.157788807525036,-0.530701557,0.0497,NA,0.483000546552348,0.258519102848471,0.0167999994009733,NA,-0.199954301902983,-0.00334166791577679,-0.12349995970726,NA
2019-01-01,0.106892202129741,0.0317640485206242,-0.589946661,0.0182,NA,0.389043950798067,0.185629604088061,-0.00279999990016222,NA,-0.256570932363697,-0.0598038688015422,-0.127700060606003,NA
2019-02-01,-0.100990538632282,-0.0887773792001119,-0.517820698,0.052,-0.0474631620909039,0.243496693937463,0.118985618995696,0.0377999991178513,0.323763156920986,-0.319613039068706,-0.112595755430237,-0.115899980068207,-0.371226319011889
2019-03-01,-0.180135512712121,-0.185256838615369,-0.709541507,-0.105,NA,0.203249063807421,0.063421709660264,-0.088699996471405,NA,-0.359979914672607,-0.157597482895526,-0.157099843025208,NA
2019-04-01,-0.234829706622749,-0.231120263673285,-0.557020387,-0.0546,NA,0.169440551842961,0.0376378272794061,-0.0487999990582466,NA,-0.381506957517938,-0.178891407159048,-0.144999772310257,NA
2019-05-01,-0.3130992515779,-0.303907914016853,-0.816405814,-0.2298,NA,0.124773655376404,-0.00220777510235707,-0.18979999423027,NA,-0.416662469676054,-0.215469743043137,-0.189499989151955,-0.373618171026491
2019-06-01,-0.537758084848698,-0.50742166948185,-0.812235891,-0.268,NA,0.00129592666949002,-0.107257864304496,-0.205400004982948,NA,-0.522108677605784,-0.322958225827328,-0.190200060606003,NA
2019-07-01,-0.486294915406369,-0.492055228111994,-0.921872141,-0.2398,NA,0.0425938553161603,-0.0981517952525778,-0.195500001311302,NA,-0.512035514227606,-0.318149041645278,-0.184899901971221,NA
2019-08-01,-0.630736899483258,-0.679377306924092,-1.28298548,-0.4838,NA,0.00127921933788054,-0.178389949164703,-0.375999987125397,NA,-0.620282023151546,-0.439085062477206,-0.239300012588501,-0.674031812104854
2019-09-01,-0.465268987701625,-0.575159785952684,-1.149522596,-0.3677,NA,0.10664495696791,-0.126898796262935,-0.290800005197525,NA,-0.5587613472675,-0.385681109809506,-0.209299936890602,NA
2019-10-01,-0.397566533357587,-0.525131674099083,-1.041170717,-0.2973,NA,0.148096010691616,-0.101154975645265,-0.239700004458427,NA,-0.532202252627864,-0.360976528289996,-0.186399921774864,NA
2019-11-01,-0.315058243671326,-0.447399229613829,-0.999127838,-0.2569,NA,0.184752102284609,-0.0685019555772043,-0.204199999570847,NA,-0.48429724651647,-0.310504898385279,-0.175599932670593,-0.581978953700316
2019-12-01,-0.304691502833344,-0.428979734572895,-0.776114288,-0.1876,NA,0.184990716367086,-0.0610819916159065,-0.140499994158745,NA,-0.473511594898388,-0.297369706495909,-0.155599936842918,NA
2020-01-01,-0.430162485030955,-0.535684739412038,-1.111402881,-0.3998,NA,0.117843705530532,-0.111807803270341,-0.316399991512299,NA,-0.533806275519543,-0.357158006347664,-0.212300002574921,NA
2020-02-01,-0.774568083714288,-0.774508558381421,-1.275517553,-0.5573,-0.735936846241198,-0.086937940878725,-0.224496803544834,-0.407999992370605,-0.0869894728856649,-0.677332511239103,-0.487691280124374,-0.234899997711182,-0.648947373355533
2020-03-01,-0.728754808379106,-0.834267156178134,-1.188099442,-0.5203,NA,0.0724016789196701,-0.165902132222463,-0.391200006008148,NA,-0.799830154205808,-0.629325686734745,-0.206499934196472,NA
2020-04-01,-0.811255140741039,-0.946644046744512,-1.282196062,-0.5691,NA,0.148959933525811,-0.124526237422201,-0.423000007867813,NA,-0.965040840022118,-0.798055712136517,-0.216400027275085,NA
2020-05-01,-0.934123657744498,-1.0689506765907,-1.238052591,-0.5904,NA,0.131514487122447,-0.147474050044599,-0.44310000538826,NA,-1.07280295334646,-0.900966927308168,-0.226000010967255,-1.02520499953032
2020-06-01,-0.977384278079173,-1.10684085227303,-1.215279327,-0.6055,NA,0.10274597635202,-0.171264885507759,-0.447200000286102,NA,-1.08734243924145,-0.914725408905362,-0.227699995040894,NA
2020-07-01,-1.03621479380689,-1.19312632885377,-1.359991115,-0.6471,NA,0.136093169866035,-0.166232442375084,-0.488099992275238,NA,-1.18186535118707,-1.01240983802083,-0.238299906253815,NA
2020-08-01,-0.91390709876369,-1.11126074717397,-1.097218296,-0.5781,NA,0.206686392554341,-0.127325512777121,-0.420899987220764,NA,-1.12950295410076,-0.971017653333349,-0.218800067901611,-0.480047619311015
2020-09-01,-0.939123016395732,-1.14900900910042,-1.164061626,-0.5978,NA,0.19398425073976,-0.151908151678006,-0.433499991893768,NA,-1.14204488364624,-0.983339471546238,-0.222199976444244,NA
2020-10-01,-0.986988402711609,-1.17379670231061,-0.901487412,-0.5045,NA,0.12289530762299,-0.202452949999419,-0.350300014019012,NA,-1.11756566820749,-0.951662966582825,-0.196200013160706,NA
2020-11-01,-0.800791010395349,-0.999288259986488,-0.954279715,-0.5084,NA,0.169727737292365,-0.160198217383832,-0.364600002765656,NA,-0.975218584589479,-0.813503695771039,-0.200100064277649,-0.456452629355381
2020-12-01,-0.801717547438853,-1.00552184756321,-0.798255042,-0.4849,NA,0.15648625361609,-0.18017986871829,-0.336299985647202,NA,-0.96211114207835,-0.79469035368799,-0.192499995231628,NA
2021-01-01,-0.795812477548164,-0.988674052709276,-0.516585579,-0.4041,NA,0.120283795569207,-0.206799641083246,-0.254200011491776,NA,-0.917957131807369,-0.742384470000154,-0.166999995708466,NA
2021-02-01,-0.755614801087653,-0.853602633450219,-0.095521835,-0.1807,-0.341721052631579,0.0745974428832765,-0.168665578349768,-0.0749000012874603,-0.33862105422271,-0.828746280248599,-0.632085161059267,-0.109900087118149,-0.00309999840886919
2021-03-01,-0.436950943582952,-0.517520720697215,0.310067071,-0.0374,NA,0.134246394399946,-0.0790857408377527,0.0480000004172325,NA,-0.561275309428722,-0.364233219468857,-0.0717000067234039,NA
2021-04-01,-0.335333846286219,-0.418712282765262,0.177079268,-0.0826,NA,0.168938768901668,-0.0430633416572465,0.00719999987632036,NA,-0.492965529298192,-0.298015088418647,-0.0835999250411987,NA
2021-05-01,-0.0428723809948548,-0.197408889472731,0.148224254,-0.1156,NA,0.25031542804852,-0.00591981661515126,-0.0199999995529652,NA,-0.279642352969347,-0.113330447511765,-0.0929000079631805,0.209299993867874
2021-06-01,-0.06109347093846,-0.228533702285056,-0.257638208,-0.1466,NA,0.251035179220641,-0.0177590301043873,-0.0724999979138374,NA,-0.298968304584105,-0.134691832586161,-0.106000006198883,NA
2021-07-01,-0.139020402271014,-0.358989756118106,-0.478816858,-0.268,NA,0.247152670597504,-0.0707729402995736,-0.164900004863739,NA,-0.375708183339096,-0.220723661521606,-0.1353999376297,NA
2021-08-01,-0.0876247172574592,-0.350263223856139,-0.474398485,-0.2339,NA,0.26257752270823,-0.0872511658204043,-0.140900000929832,NA,-0.339727817245541,-0.199731080837399,-0.127100050449371,-0.0762772691423243
2021-09-01,-0.0955800731429512,-0.35237347863249,-0.298389496,-0.1031,NA,0.266580412348196,-0.0807619266399194,-0.0401000007987022,NA,-0.35036209208613,-0.205629548004239,-0.0935999751091003,NA
2021-10-01,-0.0277583193043302,-0.280322634784525,-0.46724841,-0.0441,NA,0.296408461678062,-0.0478847640162615,-0.0113000003620982,NA,-0.308618482019983,-0.159029002641783,-0.08079993724823,NA
2021-11-01,0.201560173778738,-0.139685796440111,-0.710054146,-0.0822,NA,0.384173832319121,-0.0267466011951533,-0.0635000020265579,NA,-0.164243624919504,-0.0398735438952538,-0.0965000689029694,0.0663600051260005
2021-12-01,0.205464409447512,-0.189049764455272,-0.666499986,-0.0588,NA,0.427138463084367,-0.0344780641020953,-0.0461000017821789,NA,-0.203671871948665,-0.086642131355511,-0.0913999080657959,NA
2022-01-01,0.345414038770511,-0.0647451303062388,-0.645616593,0.0721,NA,0.52853296207992,0.0472839747303375,0.0300999991595745,NA,-0.161558813135052,-0.0364780267303803,-0.0705999135971069,NA
2022-02-01,0.125000689890716,-0.177448647498161,-0.780979733,0.0768,-0.0949105263157891,0.443758261392231,0.0443242230590656,0.0120000001043081,-0.11581052327909,-0.297271195472612,-0.141301548585761,-0.0786000639200211,0.0208999969633007
2022-03-01,0.351610734015061,-0.0800666640069189,-0.847968672,0.32,NA,0.610560182649052,0.0956504138338698,0.175999999046326,NA,-0.234735512419532,-0.0928064083481948,-0.0252998918294907,NA
2022-04-01,0.796998456423018,0.320732443893188,-0.379664211,0.534,NA,0.895449649028785,0.336058387278383,0.359400004148483,NA,-0.068350115272018,0.081506011273963,0.0246999859809875,NA
2022-05-01,0.7058362994368,0.353128078177953,-0.372182457,0.4417,NA,0.817661778799644,0.366643622957592,0.299800008535385,NA,-0.0814099132353004,0.0873493200248083,-0.00279998779296875,-0.134571431683359
2022-06-01,0.802544189206568,0.480081615034415,-0.333478502,0.389,NA,0.879308691630456,0.452935225483622,0.210199996829033,NA,-0.0447287794215453,0.132848094259819,-0.0532999634742737,NA
2022-07-01,0.472418817144427,0.2087564830051,-0.865812752,0.0544,NA,0.664092877181263,0.290984408967402,-0.023700000718236,NA,-0.16277341206433,0.015598597264695,-0.140099942684174,NA
2022-08-01,0.407189951435934,0.126666004140128,-0.7472322,0.2419,NA,0.632006712391875,0.243921294376867,0.121200002729893,NA,-0.196570567106256,-0.0217944049657179,-0.09989994764328,-0.465665220377756
2022-09-01,0.920386259566103,0.592962957139666,-0.503588214,0.5169,NA,0.963660246869434,0.529533612311484,0.317099988460541,NA,-0.0101298236541321,0.170649752141486,-0.0461999177932739,NA
2022-10-01,1.09202814170448,0.824335341424266,-0.192152182,0.5055,NA,1.06615138260766,0.683503796807343,0.317900002002716,NA,0.0613392299791555,0.256068098186616,-0.0643998384475708,NA
2022-11-01,0.76612024771587,0.594379203465228,-0.741665422,0.1996,NA,0.838503668595854,0.543911596955757,0.0780000016093254,NA,-0.0382609558852774,0.163721160055349,-0.144999861717224,-0.76039501651764
2022-12-01,0.559388437191655,0.387923013982476,-0.570942959,0.2801,NA,0.702857669402426,0.409699772128138,0.153099998831749,NA,-0.111588380216258,0.0845789746270696,-0.122900009155273,NA
2023-01-01,0.303081481247671,0.204035220695389,-0.792365291,0.0255,NA,0.523854258761061,0.297083852294947,-0.0282000005245209,NA,-0.190497579755441,0.0101328597259932,-0.186200022697449,NA
2023-02-01,0.55201960559876,0.364877913679321,-0.484982538,0.258,0.983442105263159,0.704220695747333,0.396871656027502,0.123599998652935,1.13337893828342,-0.120279893158548,0.0737910628439514,-0.139900088310242,-0.149936833020261
2023-03-01,0.280618001952133,0.232588545532531,-0.722665056,0.0305,NA,0.498841905064581,0.31817091717912,-0.0318999998271465,NA,-0.186952215953051,0.0217132732142878,-0.190099954605103,NA
2023-04-01,-0.200626961479727,-0.0888122511333597,-0.734034124,-0.0635,NA,0.155557001845837,0.121202203396399,-0.0812000036239624,NA,-0.327567005404397,-0.106514065611804,-0.211899876594543,NA
2023-05-01,-0.225736824973618,-0.0711112999175993,-0.681508689,-0.0186,NA,0.127956791485044,0.13209474635744,-0.0658000037074089,NA,-0.324746934390884,-0.0983204904917072,-0.214900016784668,-0.205686351264607
2023-06-01,0.227889290312016,0.217790860504665,-0.76082866,0.1019,NA,0.455597370728138,0.308937613460163,0.0131999999284744,NA,-0.196453479317843,0.0160790685190126,-0.183899998664856,NA
2023-07-01,0.414067679778771,0.347082918315756,-0.624935736,0.1462,NA,0.588235578438069,0.389259620835463,0.0627000033855438,NA,-0.141838356697889,0.0668200234746433,-0.168999910354614,NA
2023-08-01,0.463174771293072,0.459016890562551,-0.509854511,0.2064,NA,0.605970927983527,0.463178196567862,0.11540000140667,NA,-0.109207860907619,0.109855069383313,-0.153499960899353,-0.15020869575998
2023-09-01,0.546666650325313,0.589783878082668,0.155782159,0.47,NA,0.65072849114348,0.549895605871625,0.338899999856949,NA,-0.0692831726842182,0.158250687475295,-0.0831998586654663,NA
2023-10-01,0.623161751173761,0.805065243813607,0.411429105,0.6231,NA,0.673812856080588,0.697309325688551,0.461899995803833,NA,-0.0141949187885754,0.233327228988069,-0.0450999736785889,NA
2023-11-01,0.397310111278587,0.609109459149583,0.060282845,0.3449,NA,0.5167478513778,0.568644846639136,0.259900003671646,NA,-0.0842633307469735,0.162918604862784,-0.108699798583984,-0.113657136717297
2023-12-01,-0.014022877273966,0.242749778697256,-0.334155499,0.0917,NA,0.236719408467767,0.331540288119274,0.0590000003576279,NA,-0.218461345048035,0.0267157485044866,-0.171799898147583,NA
2024-01-01,-0.160539458315257,0.169795313416135,-0.202347702,0.1709,NA,0.125816992647289,0.287816201624409,0.111100003123283,NA,-0.254375437026073,-0.00186053025557839,-0.154300093650818,NA
2024-02-01,0.250236356848178,0.38968265362663,-0.155374258,0.3095,1.393245,0.434389667656164,0.422076856272344,0.211799994111061,1.36159998116493,-0.150980799980258,0.0834092036242519,-0.120400190353394,0.0316450188350668
2024-03-01,0.0766909474427632,0.313066992464105,-0.262044429,0.2732,NA,0.301817767019091,0.377959527835581,0.177300006151199,NA,-0.191985432933837,0.0525353699161813,-0.13189971446991,NA
2024-04-01,0.346219746065631,0.562364641299308,-0.032257307,0.5251,NA,0.48386292207448,0.540139029010929,0.374399989843369,NA,-0.102599924685139,0.144439586613014,-0.0658000707626343,NA
2024-05-01,0.346318003745098,0.550079741420359,0.008989584,0.4418,NA,0.485504483319004,0.530572182729909,0.307399988174438,NA,-0.10435647615447,0.140917444616692,-0.0888000726699829,-0.0757045052788477
2024-06-01,0.241531792079179,0.438038135340025,-0.120992874,0.3312,NA,0.417270352609768,0.456411737861178,0.240899994969368,NA,-0.141852302274288,0.100315142352668,-0.110699892044067,NA
2024-07-01,0.0510460334807934,0.327547642204948,-0.11079362,0.2197,NA,0.275311273720704,0.387632454876479,0.161100000143051,NA,-0.191102241559116,0.0581693901211433,-0.135200142860413,NA
2024-08-01,-0.334480982380355,0.0439529465820624,NA,NA,NA,0.00213512947677286,0.208155641418248,NA,NA,-0.306053717394087,-0.0504046095951206,NA,-0.198922725833546
2024-09-01,-0.508055808104172,-0.0682103866943107,NA,NA,NA,-0.122446828496659,0.1396670385226,NA,NA,-0.356146325230163,-0.0950565849959932,NA,NA
2024-10-01,-0.0767418527758475,0.277484147041303,NA,NA,NA,0.175212315097784,0.358329923887535,NA,NA,-0.219339298884528,0.0381536482527456,NA,NA
2024-11-01,0.321398983399965,0.57782860459169,NA,NA,NA,0.456398562028868,0.549185786000097,NA,NA,-0.100298005989603,0.151319696434527,NA,0.0583210653706591
2024-12-01,0.390478706200409,0.643414748299081,NA,NA,NA,0.502404242545517,0.591645820254638,NA,NA,-0.0768307665771691,0.175519338065519,NA,NA
2025-01-01,0.463262926743248,0.767945581551455,NA,NA,NA,0.541955688799046,0.677339440190919,NA,NA,-0.042633486288172,0.217725960610043,NA,NA
2025-02-01,0.493782394469196,0.679244094596196,NA,NA,1.32503157894737,0.584683896768144,0.612695405126286,NA,1.2643526328639,-0.0556324731811537,0.189788269919648,NA,0.0606789460834707
2025-03-01,0.10452543376714,0.44746254215832,NA,NA,NA,0.297374431684256,0.469464476813476,NA,NA,-0.158849099138967,0.100527117510089,NA,NA
2025-04-01,-0.137921251527202,0.344917167739925,NA,NA,NA,0.108658755470316,0.407991109705949,NA,NA,-0.213126394307474,0.0602380544748952,NA,NA
2025-05-01,-0.0467432839118974,0.434081855776402,NA,NA,NA,0.168665274565842,0.465631069286855,NA,NA,-0.181319323118602,0.0931514367802906,NA,-0.0441047501336956
2025-06-01,-0.102151552465041,0.389163551421271,NA,NA,NA,0.129946641999773,0.436667999720249,NA,NA,-0.198314494884436,0.0766076473904078,NA,NA
2025-07-01,-0.168837356616797,0.339872953934043,NA,NA,NA,0.0833349665488805,0.406176890723077,NA,NA,-0.218575466508996,0.0576129629981445,NA,NA
2025-08-01,-0.239972281485753,0.266955217767524,NA,NA,NA,0.0365158764083585,0.358050892590999,NA,NA,-0.243670097414041,0.0311587512717836,NA,-0.0145047598975051
2025-09-01,-0.279615974541588,0.206603516121388,NA,NA,NA,0.0157574963352293,0.318878837694397,NA,NA,-0.263126633233377,0.00857905757989247,NA,NA
2025-10-01,-0.221350911406243,0.238534348450019,NA,NA,NA,0.058926867815547,0.337960560850331,NA,NA,-0.248008212519103,0.0211748192189319,NA,NA
2025-11-01,-0.0959820917848192,0.320448302050737,NA,NA,NA,0.148813064401649,0.387970362519789,NA,NA,-0.212156188068341,0.05326816529808,NA,-0.102394442590077
2025-12-01,0.015886066744567,0.418951411585143,NA,NA,NA,0.224172360529967,0.4506957090775,NA,NA,-0.175044670517278,0.0904541497871565,NA,NA
2026-01-01,0.05817080938535,0.462502892549152,NA,NA,NA,0.252494986109319,0.480025488879381,NA,NA,-0.160640537671214,0.105808303575672,NA,NA
2026-02-01,0.125524237251623,0.426707563909787,NA,NA,1.21244736842105,0.317038669829654,0.451375366448734,NA,1.1811157925656,-0.158433522073781,0.0955811749280763,NA,0.0313315758554565
2026-03-01,0.134057539912939,0.480055585022846,NA,NA,NA,0.315459920824595,0.490177279638172,NA,NA,-0.147444572662377,0.112817882314814,NA,NA
2026-04-01,0.179113957513152,0.529237786127894,NA,NA,NA,0.344729740803978,0.522919585097299,NA,NA,-0.131220316526693,0.13035892441906,NA,NA
2026-05-01,0.408051868114957,0.710969475915197,NA,NA,NA,0.505442363560748,0.639792034834697,NA,NA,-0.0618180111644192,0.197418549922881,NA,0.0261050069618218
2026-06-01,0.585775065692538,0.814641184002673,NA,NA,NA,0.635778333826417,0.702357135570756,NA,NA,-0.0139708869165171,0.238530550250828,NA,NA
2026-07-01,0.741469805797437,0.939850154419837,NA,NA,NA,0.743646959325982,0.781718681608177,NA,NA,0.0345286815265498,0.285618062166856,NA,NA
2026-08-01,0.582618827556898,0.886797382467762,NA,NA,NA,0.619531982116202,0.753698212552912,NA,NA,-0.000340449463023633,0.26172157612086,NA,-0.0953571543012342
