"r_star","pi_star","lower_bound_probability"
-2,1,0.664912702615893
-1.95,1,0.657118991565388
-1.9,1,0.649257839172397
-1.85,1,0.64133225673706
-1.8,1,0.633345338901502
-1.75,1,0.625300260088086
-1.7,1,0.617200270764899
-1.65,1,0.609048693545638
-1.6,1,0.600848919131627
-1.55,1,0.592604402104126
-1.5,1,0.584318656575595
-1.45,1,0.575995251708993
-1.4,1,0.567637807114599
-1.35,1,0.559249988134227
-1.3,1,0.550835501023071
-1.25,1,0.542398088039717
-1.2,1,0.533941522455151
-1.15,1,0.525469603491873
-1.1,1,0.516986151204398
-1.05,1,0.508495001312668
-1,1,0.5
-0.95,1,0.491504998687332
-0.9,1,0.483013848795602
-0.85,1,0.474530396508127
-0.8,1,0.466058477544849
-0.75,1,0.457601911960283
-0.7,1,0.449164498976929
-0.65,1,0.440750011865773
-0.6,1,0.432362192885401
-0.55,1,0.424004748291007
-0.5,1,0.415681343424405
-0.45,1,0.407395597895874
-0.4,1,0.399151080868373
-0.35,1,0.390951306454362
-0.3,1,0.382799729235101
-0.25,1,0.374699739911914
-0.2,1,0.366654661098498
-0.15,1,0.35866774326294
-0.0999999999999999,1,0.350742160827603
-0.0499999999999998,1,0.342881008434612
0,1,0.335087297384107
0.0500000000000003,1,0.327363952251973
0.1,1,0.319713807693148
0.15,1,0.312139605436116
0.2,1,0.304643991473574
0.25,1,0.297229513453727
0.3,1,0.289898618276042
0.35,1,0.282653649894721
0.4,1,0.275496847332541
0.45,1,0.268430342907141
0.5,1,0.26145616067118
0.55,1,0.25457621506726
0.6,1,0.247792309797874
0.65,1,0.241106136910058
0.7,1,0.234519276093871
0.75,1,0.228033194193253
0.8,1,0.221649244927231
0.85,1,0.215368668818961
0.9,1,0.209192593329517
0.95,1,0.203122033192865
1,1,0.197157890947967
1.05,1,0.1913009576635
1.1,1,0.185551913850215
1.15,1,0.179911330555577
1.2,1,0.174379670634887
1.25,1,0.168957290192767
1.3,1,0.163644440188498
1.35,1,0.158441268198427
1.4,1,0.153347820328341
1.45,1,0.148364043268455
1.5,1,0.14348978648344
1.55,1,0.138724804529688
1.6,1,0.134068759491872
1.65,1,0.129521223530673
1.7,1,0.12508168153346
1.75,1,0.120749533859606
1.8,1,0.116524099172068
1.85,1,0.112404617346819
1.9,1,0.108390252451716
1.95,1,0.104480095786431
2,1,0.10067316897506
2.05,1,0.0969684271031832
2.1,1,0.0933647618911535
2.15,1,0.0898610048955827
2.2,1,0.0864559307310892
2.25,1,0.0831482603045559
2.3,1,0.0799366640543183
2.35,1,0.0768197651869078
2.4,1,0.0737961429041908
2.45,1,0.0708643356139761
2.5,1,0.0680228441174168
2.55,1,0.0652701347667884
2.6,1,0.0626046425875043
2.65,1,0.0600247743585109
2.7,1,0.0575289116455015
2.75,1,0.0551154137816889
2.8,1,0.0527826207911873
2.85,1,0.0505288562503667
2.9,1,0.0483524300828655
2.95,1,0.0462516412842625
3,1,0.0442247805727414
3.05,1,0.0422701329623958
3.1,1,0.0403859802561523
3.15,1,0.0385706034556066
3.2,1,0.0368222850853888
3.25,1,0.0351393114299846
3.3,1,0.0335199746812522
3.35,1,0.031962574995175
3.4,1,0.03046542245669
3.45,1,0.0290268389517166
3.5,1,0.0276451599457974
3.55,1,0.0263187361690278
3.6,1,0.0250459352072194
3.65,1,0.0238251429994904
3.7,1,0.0226547652427199
3.75,1,0.0215332287035328
3.8,1,0.0204589824387005
3.85,1,0.0194304989250518
3.9,1,0.0184462751001806
3.95,1,0.0175048333154243
4,1,0.0166047222027529
4.05,1,0.0157445174573709
4.1,1,0.014922822537979
4.15,1,0.0141382692867739
4.2,1,0.0133895184713905
4.25,1,0.0126752602510941
4.3,1,0.0119942145696317
4.35,1,0.0113451314772338
4.4,1,0.010726791384333
4.45,1,0.0101380052496266
4.5,1,0.00957761470516288
4.55,1,0.0090444921211693
4.6,1,0.0085375406133723
4.65,1,0.00805569399557788
4.7,1,0.00759791668029255
4.75,1,0.00716320353016561
4.8,1,0.00675057966302687
4.85,1,0.00635910021327772
4.9,1,0.00598785005237086
4.95,1,0.00563594347108301
5,1,0.00530252382624787
5.05,1,0.00498676315457265
5.1,1,0.00468786175611245
5.15,1,0.00440504774992124
5.2,1,0.00413757660433922
5.25,1,0.00388473064431142
5.3,1,0.00364581853806495
5.35,1,0.00342017476540015
5.4,1,0.0032071590697766
5.45,1,0.00300615589629734
5.5,1,0.0028165738176154
5.55,1,0.00263784494970526
5.6,1,0.00246942435935904
5.65,1,0.00231078946518364
5.7,1,0.00216143943379037
5.75,1,0.00202089457278387
5.8,1,0.00188869572207211
5.85,1,0.00176440364493485
5.9,1,0.00164759842020359
5.95,1,0.00153787883682297
6,1,0.0014348617919813
-2,1.05,0.657118991565388
-1.95,1.05,0.649257839172397
-1.9,1.05,0.64133225673706
-1.85,1.05,0.633345338901502
-1.8,1.05,0.625300260088086
-1.75,1.05,0.617200270764899
-1.7,1.05,0.609048693545638
-1.65,1.05,0.600848919131627
-1.6,1.05,0.592604402104126
-1.55,1.05,0.584318656575595
-1.5,1.05,0.575995251708993
-1.45,1.05,0.567637807114599
-1.4,1.05,0.559249988134227
-1.35,1.05,0.550835501023071
-1.3,1.05,0.542398088039717
-1.25,1.05,0.533941522455151
-1.2,1.05,0.525469603491873
-1.15,1.05,0.516986151204398
-1.1,1.05,0.508495001312668
-1.05,1.05,0.5
-1,1.05,0.491504998687332
-0.95,1.05,0.483013848795602
-0.9,1.05,0.474530396508127
-0.85,1.05,0.466058477544849
-0.8,1.05,0.457601911960283
-0.75,1.05,0.449164498976929
-0.7,1.05,0.440750011865773
-0.65,1.05,0.432362192885401
-0.6,1.05,0.424004748291007
-0.55,1.05,0.415681343424405
-0.5,1.05,0.407395597895874
-0.45,1.05,0.399151080868373
-0.4,1.05,0.390951306454362
-0.35,1.05,0.382799729235101
-0.3,1.05,0.374699739911914
-0.25,1.05,0.366654661098498
-0.2,1.05,0.35866774326294
-0.15,1.05,0.350742160827603
-0.0999999999999999,1.05,0.342881008434612
-0.0499999999999998,1.05,0.335087297384107
0,1.05,0.327363952251973
0.0500000000000003,1.05,0.319713807693148
0.1,1.05,0.312139605436116
0.15,1.05,0.304643991473574
0.2,1.05,0.297229513453727
0.25,1.05,0.289898618276043
0.3,1.05,0.282653649894721
0.35,1.05,0.275496847332541
0.4,1.05,0.268430342907141
0.45,1.05,0.26145616067118
0.5,1.05,0.25457621506726
0.55,1.05,0.247792309797874
0.6,1.05,0.241106136910058
0.65,1.05,0.234519276093871
0.7,1.05,0.228033194193253
0.75,1.05,0.221649244927231
0.8,1.05,0.215368668818961
0.85,1.05,0.209192593329517
0.9,1.05,0.203122033192865
0.95,1.05,0.197157890947967
1,1.05,0.1913009576635
1.05,1.05,0.185551913850215
1.1,1.05,0.179911330555577
1.15,1.05,0.174379670634887
1.2,1.05,0.168957290192767
1.25,1.05,0.163644440188498
1.3,1.05,0.158441268198427
1.35,1.05,0.153347820328341
1.4,1.05,0.148364043268455
1.45,1.05,0.14348978648344
1.5,1.05,0.138724804529688
1.55,1.05,0.134068759491872
1.6,1.05,0.129521223530673
1.65,1.05,0.12508168153346
1.7,1.05,0.120749533859606
1.75,1.05,0.116524099172068
1.8,1.05,0.112404617346818
1.85,1.05,0.108390252451717
1.9,1.05,0.104480095786431
1.95,1.05,0.10067316897506
2,1.05,0.0969684271031832
2.05,1.05,0.0933647618911535
2.1,1.05,0.0898610048955827
2.15,1.05,0.0864559307310892
2.2,1.05,0.0831482603045559
2.25,1.05,0.0799366640543183
2.3,1.05,0.0768197651869079
2.35,1.05,0.0737961429041909
2.4,1.05,0.0708643356139761
2.45,1.05,0.0680228441174168
2.5,1.05,0.0652701347667884
2.55,1.05,0.0626046425875043
2.6,1.05,0.0600247743585109
2.65,1.05,0.0575289116455015
2.7,1.05,0.0551154137816889
2.75,1.05,0.0527826207911873
2.8,1.05,0.0505288562503667
2.85,1.05,0.0483524300828655
2.9,1.05,0.0462516412842625
2.95,1.05,0.0442247805727414
3,1.05,0.0422701329623959
3.05,1.05,0.0403859802561523
3.1,1.05,0.0385706034556066
3.15,1.05,0.0368222850853888
3.2,1.05,0.0351393114299846
3.25,1.05,0.0335199746812522
3.3,1.05,0.031962574995175
3.35,1.05,0.03046542245669
3.4,1.05,0.0290268389517166
3.45,1.05,0.0276451599457974
3.5,1.05,0.0263187361690278
3.55,1.05,0.0250459352072194
3.6,1.05,0.0238251429994904
3.65,1.05,0.0226547652427199
3.7,1.05,0.0215332287035328
3.75,1.05,0.0204589824387006
3.8,1.05,0.0194304989250518
3.85,1.05,0.0184462751001806
3.9,1.05,0.0175048333154243
3.95,1.05,0.0166047222027529
4,1.05,0.0157445174573709
4.05,1.05,0.014922822537979
4.1,1.05,0.0141382692867739
4.15,1.05,0.0133895184713905
4.2,1.05,0.0126752602510941
4.25,1.05,0.0119942145696317
4.3,1.05,0.0113451314772338
4.35,1.05,0.010726791384333
4.4,1.05,0.0101380052496266
4.45,1.05,0.00957761470516288
4.5,1.05,0.0090444921211693
4.55,1.05,0.0085375406133723
4.6,1.05,0.00805569399557787
4.65,1.05,0.00759791668029255
4.7,1.05,0.00716320353016562
4.75,1.05,0.00675057966302688
4.8,1.05,0.00635910021327772
4.85,1.05,0.00598785005237086
4.9,1.05,0.00563594347108301
4.95,1.05,0.00530252382624787
5,1.05,0.00498676315457265
5.05,1.05,0.00468786175611245
5.1,1.05,0.00440504774992124
5.15,1.05,0.00413757660433922
5.2,1.05,0.00388473064431142
5.25,1.05,0.00364581853806495
5.3,1.05,0.00342017476540016
5.35,1.05,0.0032071590697766
5.4,1.05,0.00300615589629734
5.45,1.05,0.0028165738176154
5.5,1.05,0.00263784494970527
5.55,1.05,0.00246942435935904
5.6,1.05,0.00231078946518364
5.65,1.05,0.00216143943379037
5.7,1.05,0.00202089457278387
5.75,1.05,0.00188869572207211
5.8,1.05,0.00176440364493485
5.85,1.05,0.00164759842020359
5.9,1.05,0.00153787883682297
5.95,1.05,0.0014348617919813
6,1.05,0.00133818169391701
-2,1.1,0.649257839172397
-1.95,1.1,0.64133225673706
-1.9,1.1,0.633345338901502
-1.85,1.1,0.625300260088086
-1.8,1.1,0.617200270764899
-1.75,1.1,0.609048693545638
-1.7,1.1,0.600848919131627
-1.65,1.1,0.592604402104126
-1.6,1.1,0.584318656575595
-1.55,1.1,0.575995251708993
-1.5,1.1,0.567637807114599
-1.45,1.1,0.559249988134227
-1.4,1.1,0.550835501023071
-1.35,1.1,0.542398088039717
-1.3,1.1,0.533941522455151
-1.25,1.1,0.525469603491873
-1.2,1.1,0.516986151204398
-1.15,1.1,0.508495001312668
-1.1,1.1,0.5
-1.05,1.1,0.491504998687332
-1,1.1,0.483013848795602
-0.95,1.1,0.474530396508127
-0.9,1.1,0.466058477544849
-0.85,1.1,0.457601911960283
-0.8,1.1,0.449164498976929
-0.75,1.1,0.440750011865773
-0.7,1.1,0.432362192885401
-0.65,1.1,0.424004748291007
-0.6,1.1,0.415681343424405
-0.55,1.1,0.407395597895874
-0.5,1.1,0.399151080868373
-0.45,1.1,0.390951306454362
-0.4,1.1,0.382799729235101
-0.35,1.1,0.374699739911914
-0.3,1.1,0.366654661098498
-0.25,1.1,0.35866774326294
-0.2,1.1,0.350742160827603
-0.15,1.1,0.342881008434612
-0.0999999999999999,1.1,0.335087297384107
-0.0499999999999998,1.1,0.327363952251973
0,1.1,0.319713807693148
0.0500000000000003,1.1,0.312139605436116
0.1,1.1,0.304643991473574
0.15,1.1,0.297229513453727
0.2,1.1,0.289898618276042
0.25,1.1,0.282653649894721
0.3,1.1,0.275496847332541
0.35,1.1,0.268430342907141
0.4,1.1,0.26145616067118
0.45,1.1,0.25457621506726
0.5,1.1,0.247792309797874
0.55,1.1,0.241106136910058
0.6,1.1,0.234519276093871
0.65,1.1,0.228033194193253
0.7,1.1,0.221649244927231
0.75,1.1,0.215368668818961
0.8,1.1,0.209192593329517
0.85,1.1,0.203122033192865
0.9,1.1,0.197157890947967
0.95,1.1,0.1913009576635
1,1.1,0.185551913850215
1.05,1.1,0.179911330555577
1.1,1.1,0.174379670634887
1.15,1.1,0.168957290192767
1.2,1.1,0.163644440188498
1.25,1.1,0.158441268198427
1.3,1.1,0.153347820328341
1.35,1.1,0.148364043268455
1.4,1.1,0.14348978648344
1.45,1.1,0.138724804529688
1.5,1.1,0.134068759491872
1.55,1.1,0.129521223530673
1.6,1.1,0.12508168153346
1.65,1.1,0.120749533859606
1.7,1.1,0.116524099172068
1.75,1.1,0.112404617346818
1.8,1.1,0.108390252451717
1.85,1.1,0.104480095786431
1.9,1.1,0.10067316897506
1.95,1.1,0.0969684271031832
2,1.1,0.0933647618911535
2.05,1.1,0.0898610048955827
2.1,1.1,0.0864559307310892
2.15,1.1,0.0831482603045559
2.2,1.1,0.0799366640543182
2.25,1.1,0.0768197651869079
2.3,1.1,0.0737961429041909
2.35,1.1,0.0708643356139761
2.4,1.1,0.0680228441174168
2.45,1.1,0.0652701347667884
2.5,1.1,0.0626046425875043
2.55,1.1,0.0600247743585109
2.6,1.1,0.0575289116455015
2.65,1.1,0.0551154137816889
2.7,1.1,0.0527826207911873
2.75,1.1,0.0505288562503668
2.8,1.1,0.0483524300828654
2.85,1.1,0.0462516412842625
2.9,1.1,0.0442247805727414
2.95,1.1,0.0422701329623959
3,1.1,0.0403859802561523
3.05,1.1,0.0385706034556066
3.1,1.1,0.0368222850853888
3.15,1.1,0.0351393114299846
3.2,1.1,0.0335199746812522
3.25,1.1,0.0319625749951751
3.3,1.1,0.03046542245669
3.35,1.1,0.0290268389517166
3.4,1.1,0.0276451599457974
3.45,1.1,0.0263187361690278
3.5,1.1,0.0250459352072194
3.55,1.1,0.0238251429994904
3.6,1.1,0.0226547652427199
3.65,1.1,0.0215332287035328
3.7,1.1,0.0204589824387006
3.75,1.1,0.0194304989250518
3.8,1.1,0.0184462751001805
3.85,1.1,0.0175048333154243
3.9,1.1,0.0166047222027528
3.95,1.1,0.015744517457371
4,1.1,0.014922822537979
4.05,1.1,0.0141382692867739
4.1,1.1,0.0133895184713905
4.15,1.1,0.0126752602510941
4.2,1.1,0.0119942145696317
4.25,1.1,0.0113451314772339
4.3,1.1,0.010726791384333
4.35,1.1,0.0101380052496266
4.4,1.1,0.00957761470516288
4.45,1.1,0.0090444921211693
4.5,1.1,0.00853754061337231
4.55,1.1,0.00805569399557788
4.6,1.1,0.00759791668029255
4.65,1.1,0.00716320353016561
4.7,1.1,0.00675057966302688
4.75,1.1,0.00635910021327772
4.8,1.1,0.00598785005237085
4.85,1.1,0.00563594347108301
4.9,1.1,0.00530252382624786
4.95,1.1,0.00498676315457265
5,1.1,0.00468786175611245
5.05,1.1,0.00440504774992123
5.1,1.1,0.00413757660433922
5.15,1.1,0.00388473064431142
5.2,1.1,0.00364581853806495
5.25,1.1,0.00342017476540016
5.3,1.1,0.0032071590697766
5.35,1.1,0.00300615589629733
5.4,1.1,0.0028165738176154
5.45,1.1,0.00263784494970526
5.5,1.1,0.00246942435935905
5.55,1.1,0.00231078946518364
5.6,1.1,0.00216143943379037
5.65,1.1,0.00202089457278387
5.7,1.1,0.00188869572207211
5.75,1.1,0.00176440364493486
5.8,1.1,0.00164759842020359
5.85,1.1,0.00153787883682297
5.9,1.1,0.0014348617919813
5.95,1.1,0.00133818169391701
6,1.1,0.00124748987042818
-2,1.15,0.64133225673706
-1.95,1.15,0.633345338901502
-1.9,1.15,0.625300260088086
-1.85,1.15,0.617200270764899
-1.8,1.15,0.609048693545638
-1.75,1.15,0.600848919131627
-1.7,1.15,0.592604402104126
-1.65,1.15,0.584318656575595
-1.6,1.15,0.575995251708993
-1.55,1.15,0.567637807114599
-1.5,1.15,0.559249988134227
-1.45,1.15,0.550835501023071
-1.4,1.15,0.542398088039717
-1.35,1.15,0.533941522455151
-1.3,1.15,0.525469603491873
-1.25,1.15,0.516986151204398
-1.2,1.15,0.508495001312668
-1.15,1.15,0.5
-1.1,1.15,0.491504998687332
-1.05,1.15,0.483013848795602
-1,1.15,0.474530396508127
-0.95,1.15,0.466058477544849
-0.9,1.15,0.457601911960283
-0.85,1.15,0.449164498976929
-0.8,1.15,0.440750011865773
-0.75,1.15,0.432362192885401
-0.7,1.15,0.424004748291007
-0.65,1.15,0.415681343424405
-0.6,1.15,0.407395597895874
-0.55,1.15,0.399151080868373
-0.5,1.15,0.390951306454362
-0.45,1.15,0.382799729235101
-0.4,1.15,0.374699739911914
-0.35,1.15,0.366654661098498
-0.3,1.15,0.35866774326294
-0.25,1.15,0.350742160827603
-0.2,1.15,0.342881008434612
-0.15,1.15,0.335087297384107
-0.0999999999999999,1.15,0.327363952251973
-0.0499999999999998,1.15,0.319713807693148
0,1.15,0.312139605436116
0.0500000000000003,1.15,0.304643991473574
0.1,1.15,0.297229513453727
0.15,1.15,0.289898618276043
0.2,1.15,0.282653649894721
0.25,1.15,0.275496847332541
0.3,1.15,0.268430342907141
0.35,1.15,0.26145616067118
0.4,1.15,0.25457621506726
0.45,1.15,0.247792309797874
0.5,1.15,0.241106136910058
0.55,1.15,0.234519276093871
0.6,1.15,0.228033194193253
0.65,1.15,0.221649244927231
0.7,1.15,0.215368668818961
0.75,1.15,0.209192593329517
0.8,1.15,0.203122033192865
0.85,1.15,0.197157890947967
0.9,1.15,0.1913009576635
0.95,1.15,0.185551913850215
1,1.15,0.179911330555577
1.05,1.15,0.174379670634887
1.1,1.15,0.168957290192767
1.15,1.15,0.163644440188498
1.2,1.15,0.158441268198427
1.25,1.15,0.153347820328341
1.3,1.15,0.148364043268455
1.35,1.15,0.14348978648344
1.4,1.15,0.138724804529688
1.45,1.15,0.134068759491872
1.5,1.15,0.129521223530673
1.55,1.15,0.12508168153346
1.6,1.15,0.120749533859606
1.65,1.15,0.116524099172068
1.7,1.15,0.112404617346819
1.75,1.15,0.108390252451717
1.8,1.15,0.104480095786431
1.85,1.15,0.10067316897506
1.9,1.15,0.0969684271031832
1.95,1.15,0.0933647618911535
2,1.15,0.0898610048955827
2.05,1.15,0.0864559307310892
2.1,1.15,0.0831482603045558
2.15,1.15,0.0799366640543182
2.2,1.15,0.0768197651869079
2.25,1.15,0.0737961429041909
2.3,1.15,0.0708643356139762
2.35,1.15,0.0680228441174168
2.4,1.15,0.0652701347667884
2.45,1.15,0.0626046425875043
2.5,1.15,0.0600247743585109
2.55,1.15,0.0575289116455015
2.6,1.15,0.0551154137816889
2.65,1.15,0.0527826207911873
2.7,1.15,0.0505288562503668
2.75,1.15,0.0483524300828655
2.8,1.15,0.0462516412842625
2.85,1.15,0.0442247805727414
2.9,1.15,0.0422701329623959
2.95,1.15,0.0403859802561523
3,1.15,0.0385706034556066
3.05,1.15,0.0368222850853888
3.1,1.15,0.0351393114299846
3.15,1.15,0.0335199746812522
3.2,1.15,0.0319625749951751
3.25,1.15,0.03046542245669
3.3,1.15,0.0290268389517166
3.35,1.15,0.0276451599457974
3.4,1.15,0.0263187361690278
3.45,1.15,0.0250459352072194
3.5,1.15,0.0238251429994904
3.55,1.15,0.0226547652427199
3.6,1.15,0.0215332287035328
3.65,1.15,0.0204589824387006
3.7,1.15,0.0194304989250518
3.75,1.15,0.0184462751001806
3.8,1.15,0.0175048333154243
3.85,1.15,0.0166047222027528
3.9,1.15,0.0157445174573709
3.95,1.15,0.014922822537979
4,1.15,0.0141382692867739
4.05,1.15,0.0133895184713905
4.1,1.15,0.0126752602510941
4.15,1.15,0.0119942145696317
4.2,1.15,0.0113451314772339
4.25,1.15,0.010726791384333
4.3,1.15,0.0101380052496266
4.35,1.15,0.00957761470516287
4.4,1.15,0.0090444921211693
4.45,1.15,0.0085375406133723
4.5,1.15,0.00805569399557788
4.55,1.15,0.00759791668029255
4.6,1.15,0.00716320353016561
4.65,1.15,0.00675057966302688
4.7,1.15,0.00635910021327773
4.75,1.15,0.00598785005237086
4.8,1.15,0.00563594347108301
4.85,1.15,0.00530252382624786
4.9,1.15,0.00498676315457265
4.95,1.15,0.00468786175611245
5,1.15,0.00440504774992124
5.05,1.15,0.00413757660433921
5.1,1.15,0.00388473064431142
5.15,1.15,0.00364581853806495
5.2,1.15,0.00342017476540016
5.25,1.15,0.0032071590697766
5.3,1.15,0.00300615589629734
5.35,1.15,0.0028165738176154
5.4,1.15,0.00263784494970526
5.45,1.15,0.00246942435935904
5.5,1.15,0.00231078946518364
5.55,1.15,0.00216143943379037
5.6,1.15,0.00202089457278386
5.65,1.15,0.00188869572207211
5.7,1.15,0.00176440364493485
5.75,1.15,0.00164759842020359
5.8,1.15,0.00153787883682297
5.85,1.15,0.0014348617919813
5.9,1.15,0.00133818169391701
5.95,1.15,0.00124748987042818
6,1.15,0.00116245398403483
-2,1.2,0.633345338901502
-1.95,1.2,0.625300260088086
-1.9,1.2,0.617200270764899
-1.85,1.2,0.609048693545638
-1.8,1.2,0.600848919131627
-1.75,1.2,0.592604402104126
-1.7,1.2,0.584318656575595
-1.65,1.2,0.575995251708993
-1.6,1.2,0.567637807114599
-1.55,1.2,0.559249988134227
-1.5,1.2,0.550835501023071
-1.45,1.2,0.542398088039717
-1.4,1.2,0.533941522455151
-1.35,1.2,0.525469603491873
-1.3,1.2,0.516986151204398
-1.25,1.2,0.508495001312668
-1.2,1.2,0.5
-1.15,1.2,0.491504998687332
-1.1,1.2,0.483013848795602
-1.05,1.2,0.474530396508127
-1,1.2,0.466058477544849
-0.95,1.2,0.457601911960283
-0.9,1.2,0.449164498976929
-0.85,1.2,0.440750011865773
-0.8,1.2,0.432362192885401
-0.75,1.2,0.424004748291007
-0.7,1.2,0.415681343424405
-0.65,1.2,0.407395597895874
-0.6,1.2,0.399151080868373
-0.55,1.2,0.390951306454362
-0.5,1.2,0.382799729235101
-0.45,1.2,0.374699739911914
-0.4,1.2,0.366654661098498
-0.35,1.2,0.35866774326294
-0.3,1.2,0.350742160827603
-0.25,1.2,0.342881008434612
-0.2,1.2,0.335087297384107
-0.15,1.2,0.327363952251973
-0.0999999999999999,1.2,0.319713807693148
-0.0499999999999998,1.2,0.312139605436116
0,1.2,0.304643991473574
0.0500000000000003,1.2,0.297229513453727
0.1,1.2,0.289898618276042
0.15,1.2,0.282653649894721
0.2,1.2,0.275496847332541
0.25,1.2,0.268430342907141
0.3,1.2,0.26145616067118
0.35,1.2,0.25457621506726
0.4,1.2,0.247792309797874
0.45,1.2,0.241106136910058
0.5,1.2,0.234519276093871
0.55,1.2,0.228033194193253
0.6,1.2,0.221649244927231
0.65,1.2,0.215368668818961
0.7,1.2,0.209192593329517
0.75,1.2,0.203122033192865
0.8,1.2,0.197157890947967
0.85,1.2,0.1913009576635
0.9,1.2,0.185551913850215
0.95,1.2,0.179911330555577
1,1.2,0.174379670634887
1.05,1.2,0.168957290192767
1.1,1.2,0.163644440188498
1.15,1.2,0.158441268198427
1.2,1.2,0.153347820328341
1.25,1.2,0.148364043268456
1.3,1.2,0.14348978648344
1.35,1.2,0.138724804529688
1.4,1.2,0.134068759491872
1.45,1.2,0.129521223530673
1.5,1.2,0.12508168153346
1.55,1.2,0.120749533859606
1.6,1.2,0.116524099172068
1.65,1.2,0.112404617346818
1.7,1.2,0.108390252451717
1.75,1.2,0.104480095786431
1.8,1.2,0.10067316897506
1.85,1.2,0.0969684271031832
1.9,1.2,0.0933647618911535
1.95,1.2,0.0898610048955827
2,1.2,0.0864559307310892
2.05,1.2,0.0831482603045559
2.1,1.2,0.0799366640543182
2.15,1.2,0.0768197651869078
2.2,1.2,0.0737961429041909
2.25,1.2,0.0708643356139762
2.3,1.2,0.0680228441174168
2.35,1.2,0.0652701347667884
2.4,1.2,0.0626046425875043
2.45,1.2,0.0600247743585109
2.5,1.2,0.0575289116455015
2.55,1.2,0.0551154137816889
2.6,1.2,0.0527826207911873
2.65,1.2,0.0505288562503668
2.7,1.2,0.0483524300828655
2.75,1.2,0.0462516412842625
2.8,1.2,0.0442247805727414
2.85,1.2,0.0422701329623959
2.9,1.2,0.0403859802561523
2.95,1.2,0.0385706034556066
3,1.2,0.0368222850853888
3.05,1.2,0.0351393114299846
3.1,1.2,0.0335199746812522
3.15,1.2,0.0319625749951751
3.2,1.2,0.03046542245669
3.25,1.2,0.0290268389517166
3.3,1.2,0.0276451599457974
3.35,1.2,0.0263187361690278
3.4,1.2,0.0250459352072194
3.45,1.2,0.0238251429994904
3.5,1.2,0.0226547652427199
3.55,1.2,0.0215332287035328
3.6,1.2,0.0204589824387006
3.65,1.2,0.0194304989250518
3.7,1.2,0.0184462751001806
3.75,1.2,0.0175048333154243
3.8,1.2,0.0166047222027528
3.85,1.2,0.0157445174573709
3.9,1.2,0.014922822537979
3.95,1.2,0.0141382692867739
4,1.2,0.0133895184713905
4.05,1.2,0.0126752602510941
4.1,1.2,0.0119942145696317
4.15,1.2,0.0113451314772339
4.2,1.2,0.010726791384333
4.25,1.2,0.0101380052496266
4.3,1.2,0.00957761470516288
4.35,1.2,0.0090444921211693
4.4,1.2,0.0085375406133723
4.45,1.2,0.00805569399557788
4.5,1.2,0.00759791668029255
4.55,1.2,0.00716320353016561
4.6,1.2,0.00675057966302688
4.65,1.2,0.00635910021327772
4.7,1.2,0.00598785005237087
4.75,1.2,0.00563594347108301
4.8,1.2,0.00530252382624786
4.85,1.2,0.00498676315457265
4.9,1.2,0.00468786175611245
4.95,1.2,0.00440504774992124
5,1.2,0.00413757660433922
5.05,1.2,0.00388473064431142
5.1,1.2,0.00364581853806495
5.15,1.2,0.00342017476540016
5.2,1.2,0.0032071590697766
5.25,1.2,0.00300615589629734
5.3,1.2,0.0028165738176154
5.35,1.2,0.00263784494970526
5.4,1.2,0.00246942435935904
5.45,1.2,0.00231078946518364
5.5,1.2,0.00216143943379037
5.55,1.2,0.00202089457278386
5.6,1.2,0.00188869572207211
5.65,1.2,0.00176440364493485
5.7,1.2,0.00164759842020359
5.75,1.2,0.00153787883682297
5.8,1.2,0.0014348617919813
5.85,1.2,0.00133818169391701
5.9,1.2,0.00124748987042818
5.95,1.2,0.00116245398403483
6,1.2,0.00108275745466744
-2,1.25,0.625300260088087
-1.95,1.25,0.617200270764899
-1.9,1.25,0.609048693545638
-1.85,1.25,0.600848919131627
-1.8,1.25,0.592604402104126
-1.75,1.25,0.584318656575595
-1.7,1.25,0.575995251708993
-1.65,1.25,0.567637807114599
-1.6,1.25,0.559249988134227
-1.55,1.25,0.550835501023071
-1.5,1.25,0.542398088039717
-1.45,1.25,0.533941522455151
-1.4,1.25,0.525469603491873
-1.35,1.25,0.516986151204398
-1.3,1.25,0.508495001312668
-1.25,1.25,0.5
-1.2,1.25,0.491504998687332
-1.15,1.25,0.483013848795602
-1.1,1.25,0.474530396508127
-1.05,1.25,0.466058477544849
-1,1.25,0.457601911960283
-0.95,1.25,0.449164498976929
-0.9,1.25,0.440750011865773
-0.85,1.25,0.432362192885401
-0.8,1.25,0.424004748291007
-0.75,1.25,0.415681343424405
-0.7,1.25,0.407395597895874
-0.65,1.25,0.399151080868373
-0.6,1.25,0.390951306454362
-0.55,1.25,0.382799729235101
-0.5,1.25,0.374699739911914
-0.45,1.25,0.366654661098498
-0.4,1.25,0.35866774326294
-0.35,1.25,0.350742160827603
-0.3,1.25,0.342881008434612
-0.25,1.25,0.335087297384107
-0.2,1.25,0.327363952251973
-0.15,1.25,0.319713807693148
-0.0999999999999999,1.25,0.312139605436116
-0.0499999999999998,1.25,0.304643991473574
0,1.25,0.297229513453727
0.0500000000000003,1.25,0.289898618276042
0.1,1.25,0.282653649894721
0.15,1.25,0.275496847332541
0.2,1.25,0.268430342907141
0.25,1.25,0.26145616067118
0.3,1.25,0.25457621506726
0.35,1.25,0.247792309797874
0.4,1.25,0.241106136910058
0.45,1.25,0.234519276093871
0.5,1.25,0.228033194193253
0.55,1.25,0.221649244927231
0.6,1.25,0.215368668818961
0.65,1.25,0.209192593329517
0.7,1.25,0.203122033192865
0.75,1.25,0.197157890947967
0.8,1.25,0.1913009576635
0.85,1.25,0.185551913850215
0.9,1.25,0.179911330555577
0.95,1.25,0.174379670634887
1,1.25,0.168957290192767
1.05,1.25,0.163644440188498
1.1,1.25,0.158441268198427
1.15,1.25,0.153347820328341
1.2,1.25,0.148364043268455
1.25,1.25,0.14348978648344
1.3,1.25,0.138724804529688
1.35,1.25,0.134068759491872
1.4,1.25,0.129521223530673
1.45,1.25,0.12508168153346
1.5,1.25,0.120749533859606
1.55,1.25,0.116524099172068
1.6,1.25,0.112404617346818
1.65,1.25,0.108390252451717
1.7,1.25,0.104480095786431
1.75,1.25,0.10067316897506
1.8,1.25,0.0969684271031832
1.85,1.25,0.0933647618911535
1.9,1.25,0.0898610048955827
1.95,1.25,0.0864559307310892
2,1.25,0.0831482603045559
2.05,1.25,0.0799366640543183
2.1,1.25,0.0768197651869078
2.15,1.25,0.0737961429041909
2.2,1.25,0.0708643356139762
2.25,1.25,0.0680228441174168
2.3,1.25,0.0652701347667884
2.35,1.25,0.0626046425875043
2.4,1.25,0.0600247743585109
2.45,1.25,0.0575289116455015
2.5,1.25,0.0551154137816889
2.55,1.25,0.0527826207911873
2.6,1.25,0.0505288562503667
2.65,1.25,0.0483524300828655
2.7,1.25,0.0462516412842625
2.75,1.25,0.0442247805727414
2.8,1.25,0.0422701329623959
2.85,1.25,0.0403859802561523
2.9,1.25,0.0385706034556066
2.95,1.25,0.0368222850853888
3,1.25,0.0351393114299846
3.05,1.25,0.0335199746812522
3.1,1.25,0.031962574995175
3.15,1.25,0.03046542245669
3.2,1.25,0.0290268389517166
3.25,1.25,0.0276451599457974
3.3,1.25,0.0263187361690278
3.35,1.25,0.0250459352072194
3.4,1.25,0.0238251429994904
3.45,1.25,0.0226547652427199
3.5,1.25,0.0215332287035328
3.55,1.25,0.0204589824387005
3.6,1.25,0.0194304989250518
3.65,1.25,0.0184462751001806
3.7,1.25,0.0175048333154243
3.75,1.25,0.0166047222027529
3.8,1.25,0.0157445174573709
3.85,1.25,0.014922822537979
3.9,1.25,0.0141382692867739
3.95,1.25,0.0133895184713905
4,1.25,0.0126752602510941
4.05,1.25,0.0119942145696317
4.1,1.25,0.0113451314772338
4.15,1.25,0.010726791384333
4.2,1.25,0.0101380052496266
4.25,1.25,0.00957761470516288
4.3,1.25,0.0090444921211693
4.35,1.25,0.0085375406133723
4.4,1.25,0.00805569399557788
4.45,1.25,0.00759791668029255
4.5,1.25,0.00716320353016562
4.55,1.25,0.00675057966302688
4.6,1.25,0.00635910021327772
4.65,1.25,0.00598785005237086
4.7,1.25,0.00563594347108302
4.75,1.25,0.00530252382624787
4.8,1.25,0.00498676315457265
4.85,1.25,0.00468786175611245
4.9,1.25,0.00440504774992124
4.95,1.25,0.00413757660433922
5,1.25,0.00388473064431142
5.05,1.25,0.00364581853806495
5.1,1.25,0.00342017476540016
5.15,1.25,0.0032071590697766
5.2,1.25,0.00300615589629734
5.25,1.25,0.0028165738176154
5.3,1.25,0.00263784494970527
5.35,1.25,0.00246942435935904
5.4,1.25,0.00231078946518364
5.45,1.25,0.00216143943379037
5.5,1.25,0.00202089457278387
5.55,1.25,0.00188869572207211
5.6,1.25,0.00176440364493485
5.65,1.25,0.00164759842020359
5.7,1.25,0.00153787883682297
5.75,1.25,0.0014348617919813
5.8,1.25,0.00133818169391701
5.85,1.25,0.00124748987042818
5.9,1.25,0.00116245398403483
5.95,1.25,0.00108275745466744
6,1.25,0.00100809889068148
-2,1.3,0.617200270764899
-1.95,1.3,0.609048693545638
-1.9,1.3,0.600848919131627
-1.85,1.3,0.592604402104126
-1.8,1.3,0.584318656575595
-1.75,1.3,0.575995251708993
-1.7,1.3,0.567637807114599
-1.65,1.3,0.559249988134227
-1.6,1.3,0.550835501023071
-1.55,1.3,0.542398088039717
-1.5,1.3,0.533941522455151
-1.45,1.3,0.525469603491873
-1.4,1.3,0.516986151204398
-1.35,1.3,0.508495001312668
-1.3,1.3,0.5
-1.25,1.3,0.491504998687332
-1.2,1.3,0.483013848795602
-1.15,1.3,0.474530396508127
-1.1,1.3,0.466058477544849
-1.05,1.3,0.457601911960283
-1,1.3,0.449164498976929
-0.95,1.3,0.440750011865773
-0.9,1.3,0.432362192885401
-0.85,1.3,0.424004748291007
-0.8,1.3,0.415681343424405
-0.75,1.3,0.407395597895874
-0.7,1.3,0.399151080868373
-0.65,1.3,0.390951306454362
-0.6,1.3,0.382799729235101
-0.55,1.3,0.374699739911914
-0.5,1.3,0.366654661098498
-0.45,1.3,0.35866774326294
-0.4,1.3,0.350742160827603
-0.35,1.3,0.342881008434612
-0.3,1.3,0.335087297384107
-0.25,1.3,0.327363952251973
-0.2,1.3,0.319713807693148
-0.15,1.3,0.312139605436116
-0.0999999999999999,1.3,0.304643991473574
-0.0499999999999998,1.3,0.297229513453727
0,1.3,0.289898618276043
0.0500000000000003,1.3,0.282653649894721
0.1,1.3,0.275496847332541
0.15,1.3,0.268430342907141
0.2,1.3,0.26145616067118
0.25,1.3,0.25457621506726
0.3,1.3,0.247792309797874
0.35,1.3,0.241106136910058
0.4,1.3,0.234519276093871
0.45,1.3,0.228033194193253
0.5,1.3,0.221649244927231
0.55,1.3,0.215368668818961
0.6,1.3,0.209192593329517
0.65,1.3,0.203122033192865
0.7,1.3,0.197157890947967
0.75,1.3,0.1913009576635
0.8,1.3,0.185551913850215
0.85,1.3,0.179911330555577
0.9,1.3,0.174379670634887
0.95,1.3,0.168957290192767
1,1.3,0.163644440188498
1.05,1.3,0.158441268198427
1.1,1.3,0.153347820328341
1.15,1.3,0.148364043268455
1.2,1.3,0.14348978648344
1.25,1.3,0.138724804529688
1.3,1.3,0.134068759491872
1.35,1.3,0.129521223530673
1.4,1.3,0.12508168153346
1.45,1.3,0.120749533859606
1.5,1.3,0.116524099172068
1.55,1.3,0.112404617346818
1.6,1.3,0.108390252451717
1.65,1.3,0.104480095786431
1.7,1.3,0.10067316897506
1.75,1.3,0.0969684271031832
1.8,1.3,0.0933647618911535
1.85,1.3,0.0898610048955827
1.9,1.3,0.0864559307310892
1.95,1.3,0.0831482603045559
2,1.3,0.0799366640543183
2.05,1.3,0.0768197651869079
2.1,1.3,0.0737961429041909
2.15,1.3,0.0708643356139762
2.2,1.3,0.0680228441174168
2.25,1.3,0.0652701347667884
2.3,1.3,0.0626046425875043
2.35,1.3,0.0600247743585109
2.4,1.3,0.0575289116455015
2.45,1.3,0.0551154137816889
2.5,1.3,0.0527826207911873
2.55,1.3,0.0505288562503668
2.6,1.3,0.0483524300828655
2.65,1.3,0.0462516412842625
2.7,1.3,0.0442247805727414
2.75,1.3,0.0422701329623959
2.8,1.3,0.0403859802561523
2.85,1.3,0.0385706034556066
2.9,1.3,0.0368222850853888
2.95,1.3,0.0351393114299846
3,1.3,0.0335199746812522
3.05,1.3,0.031962574995175
3.1,1.3,0.03046542245669
3.15,1.3,0.0290268389517166
3.2,1.3,0.0276451599457974
3.25,1.3,0.0263187361690278
3.3,1.3,0.0250459352072194
3.35,1.3,0.0238251429994904
3.4,1.3,0.0226547652427199
3.45,1.3,0.0215332287035328
3.5,1.3,0.0204589824387006
3.55,1.3,0.0194304989250518
3.6,1.3,0.0184462751001806
3.65,1.3,0.0175048333154243
3.7,1.3,0.0166047222027529
3.75,1.3,0.015744517457371
3.8,1.3,0.014922822537979
3.85,1.3,0.0141382692867739
3.9,1.3,0.0133895184713905
3.95,1.3,0.0126752602510941
4,1.3,0.0119942145696317
4.05,1.3,0.0113451314772339
4.1,1.3,0.010726791384333
4.15,1.3,0.0101380052496266
4.2,1.3,0.00957761470516288
4.25,1.3,0.0090444921211693
4.3,1.3,0.0085375406133723
4.35,1.3,0.00805569399557788
4.4,1.3,0.00759791668029255
4.45,1.3,0.00716320353016562
4.5,1.3,0.00675057966302688
4.55,1.3,0.00635910021327772
4.6,1.3,0.00598785005237086
4.65,1.3,0.00563594347108301
4.7,1.3,0.00530252382624787
4.75,1.3,0.00498676315457265
4.8,1.3,0.00468786175611245
4.85,1.3,0.00440504774992123
4.9,1.3,0.00413757660433922
4.95,1.3,0.00388473064431142
5,1.3,0.00364581853806495
5.05,1.3,0.00342017476540016
5.1,1.3,0.0032071590697766
5.15,1.3,0.00300615589629734
5.2,1.3,0.0028165738176154
5.25,1.3,0.00263784494970526
5.3,1.3,0.00246942435935905
5.35,1.3,0.00231078946518364
5.4,1.3,0.00216143943379037
5.45,1.3,0.00202089457278387
5.5,1.3,0.00188869572207211
5.55,1.3,0.00176440364493485
5.6,1.3,0.00164759842020359
5.65,1.3,0.00153787883682297
5.7,1.3,0.0014348617919813
5.75,1.3,0.00133818169391701
5.8,1.3,0.00124748987042818
5.85,1.3,0.00116245398403483
5.9,1.3,0.00108275745466744
5.95,1.3,0.00100809889068148
6,1.3,0.000938191528925716
-2,1.35,0.609048693545638
-1.95,1.35,0.600848919131627
-1.9,1.35,0.592604402104126
-1.85,1.35,0.584318656575595
-1.8,1.35,0.575995251708993
-1.75,1.35,0.567637807114599
-1.7,1.35,0.559249988134227
-1.65,1.35,0.550835501023071
-1.6,1.35,0.542398088039717
-1.55,1.35,0.533941522455151
-1.5,1.35,0.525469603491873
-1.45,1.35,0.516986151204398
-1.4,1.35,0.508495001312668
-1.35,1.35,0.5
-1.3,1.35,0.491504998687332
-1.25,1.35,0.483013848795602
-1.2,1.35,0.474530396508127
-1.15,1.35,0.466058477544849
-1.1,1.35,0.457601911960283
-1.05,1.35,0.449164498976929
-1,1.35,0.440750011865773
-0.95,1.35,0.432362192885401
-0.9,1.35,0.424004748291007
-0.85,1.35,0.415681343424405
-0.8,1.35,0.407395597895874
-0.75,1.35,0.399151080868373
-0.7,1.35,0.390951306454362
-0.65,1.35,0.382799729235101
-0.6,1.35,0.374699739911914
-0.55,1.35,0.366654661098498
-0.5,1.35,0.35866774326294
-0.45,1.35,0.350742160827603
-0.4,1.35,0.342881008434612
-0.35,1.35,0.335087297384107
-0.3,1.35,0.327363952251973
-0.25,1.35,0.319713807693148
-0.2,1.35,0.312139605436116
-0.15,1.35,0.304643991473574
-0.0999999999999999,1.35,0.297229513453727
-0.0499999999999998,1.35,0.289898618276042
0,1.35,0.282653649894721
0.0500000000000003,1.35,0.275496847332541
0.1,1.35,0.268430342907141
0.15,1.35,0.26145616067118
0.2,1.35,0.25457621506726
0.25,1.35,0.247792309797874
0.3,1.35,0.241106136910058
0.35,1.35,0.234519276093871
0.4,1.35,0.228033194193253
0.45,1.35,0.221649244927231
0.5,1.35,0.215368668818961
0.55,1.35,0.209192593329517
0.6,1.35,0.203122033192865
0.65,1.35,0.197157890947967
0.7,1.35,0.1913009576635
0.75,1.35,0.185551913850215
0.8,1.35,0.179911330555577
0.85,1.35,0.174379670634887
0.9,1.35,0.168957290192767
0.95,1.35,0.163644440188498
1,1.35,0.158441268198427
1.05,1.35,0.153347820328341
1.1,1.35,0.148364043268455
1.15,1.35,0.14348978648344
1.2,1.35,0.138724804529688
1.25,1.35,0.134068759491872
1.3,1.35,0.129521223530673
1.35,1.35,0.12508168153346
1.4,1.35,0.120749533859606
1.45,1.35,0.116524099172068
1.5,1.35,0.112404617346818
1.55,1.35,0.108390252451717
1.6,1.35,0.104480095786431
1.65,1.35,0.10067316897506
1.7,1.35,0.0969684271031832
1.75,1.35,0.0933647618911535
1.8,1.35,0.0898610048955827
1.85,1.35,0.0864559307310892
1.9,1.35,0.0831482603045558
1.95,1.35,0.0799366640543182
2,1.35,0.0768197651869078
2.05,1.35,0.0737961429041909
2.1,1.35,0.0708643356139761
2.15,1.35,0.0680228441174168
2.2,1.35,0.0652701347667884
2.25,1.35,0.0626046425875043
2.3,1.35,0.0600247743585109
2.35,1.35,0.0575289116455015
2.4,1.35,0.0551154137816889
2.45,1.35,0.0527826207911873
2.5,1.35,0.0505288562503668
2.55,1.35,0.0483524300828655
2.6,1.35,0.0462516412842625
2.65,1.35,0.0442247805727414
2.7,1.35,0.0422701329623959
2.75,1.35,0.0403859802561523
2.8,1.35,0.0385706034556066
2.85,1.35,0.0368222850853888
2.9,1.35,0.0351393114299846
2.95,1.35,0.0335199746812522
3,1.35,0.0319625749951751
3.05,1.35,0.03046542245669
3.1,1.35,0.0290268389517166
3.15,1.35,0.0276451599457974
3.2,1.35,0.0263187361690278
3.25,1.35,0.0250459352072194
3.3,1.35,0.0238251429994904
3.35,1.35,0.0226547652427199
3.4,1.35,0.0215332287035328
3.45,1.35,0.0204589824387006
3.5,1.35,0.0194304989250518
3.55,1.35,0.0184462751001805
3.6,1.35,0.0175048333154243
3.65,1.35,0.0166047222027528
3.7,1.35,0.015744517457371
3.75,1.35,0.014922822537979
3.8,1.35,0.0141382692867739
3.85,1.35,0.0133895184713905
3.9,1.35,0.0126752602510941
3.95,1.35,0.0119942145696317
4,1.35,0.0113451314772339
4.05,1.35,0.010726791384333
4.1,1.35,0.0101380052496266
4.15,1.35,0.00957761470516288
4.2,1.35,0.0090444921211693
4.25,1.35,0.00853754061337231
4.3,1.35,0.00805569399557788
4.35,1.35,0.00759791668029255
4.4,1.35,0.00716320353016561
4.45,1.35,0.00675057966302688
4.5,1.35,0.00635910021327773
4.55,1.35,0.00598785005237086
4.6,1.35,0.00563594347108301
4.65,1.35,0.00530252382624786
4.7,1.35,0.00498676315457265
4.75,1.35,0.00468786175611245
4.8,1.35,0.00440504774992123
4.85,1.35,0.00413757660433921
4.9,1.35,0.00388473064431142
4.95,1.35,0.00364581853806495
5,1.35,0.00342017476540016
5.05,1.35,0.0032071590697766
5.1,1.35,0.00300615589629734
5.15,1.35,0.0028165738176154
5.2,1.35,0.00263784494970527
5.25,1.35,0.00246942435935904
5.3,1.35,0.00231078946518364
5.35,1.35,0.00216143943379037
5.4,1.35,0.00202089457278386
5.45,1.35,0.00188869572207211
5.5,1.35,0.00176440364493485
5.55,1.35,0.00164759842020359
5.6,1.35,0.00153787883682297
5.65,1.35,0.0014348617919813
5.7,1.35,0.00133818169391701
5.75,1.35,0.00124748987042818
5.8,1.35,0.00116245398403483
5.85,1.35,0.00108275745466744
5.9,1.35,0.00100809889068148
5.95,1.35,0.000938191528925715
6,1.35,0.000872762684522766
-2,1.4,0.600848919131627
-1.95,1.4,0.592604402104126
-1.9,1.4,0.584318656575595
-1.85,1.4,0.575995251708993
-1.8,1.4,0.567637807114599
-1.75,1.4,0.559249988134227
-1.7,1.4,0.550835501023071
-1.65,1.4,0.542398088039717
-1.6,1.4,0.533941522455151
-1.55,1.4,0.525469603491873
-1.5,1.4,0.516986151204398
-1.45,1.4,0.508495001312668
-1.4,1.4,0.5
-1.35,1.4,0.491504998687332
-1.3,1.4,0.483013848795602
-1.25,1.4,0.474530396508127
-1.2,1.4,0.466058477544849
-1.15,1.4,0.457601911960283
-1.1,1.4,0.449164498976929
-1.05,1.4,0.440750011865773
-1,1.4,0.432362192885401
-0.95,1.4,0.424004748291007
-0.9,1.4,0.415681343424405
-0.85,1.4,0.407395597895874
-0.8,1.4,0.399151080868373
-0.75,1.4,0.390951306454362
-0.7,1.4,0.382799729235101
-0.65,1.4,0.374699739911914
-0.6,1.4,0.366654661098498
-0.55,1.4,0.35866774326294
-0.5,1.4,0.350742160827603
-0.45,1.4,0.342881008434612
-0.4,1.4,0.335087297384107
-0.35,1.4,0.327363952251973
-0.3,1.4,0.319713807693148
-0.25,1.4,0.312139605436116
-0.2,1.4,0.304643991473574
-0.15,1.4,0.297229513453727
-0.0999999999999999,1.4,0.289898618276043
-0.0499999999999998,1.4,0.282653649894721
0,1.4,0.275496847332541
0.0500000000000003,1.4,0.268430342907141
0.1,1.4,0.26145616067118
0.15,1.4,0.25457621506726
0.2,1.4,0.247792309797874
0.25,1.4,0.241106136910058
0.3,1.4,0.234519276093871
0.35,1.4,0.228033194193253
0.4,1.4,0.221649244927231
0.45,1.4,0.215368668818961
0.5,1.4,0.209192593329517
0.55,1.4,0.203122033192865
0.6,1.4,0.197157890947967
0.65,1.4,0.1913009576635
0.7,1.4,0.185551913850215
0.75,1.4,0.179911330555577
0.8,1.4,0.174379670634887
0.85,1.4,0.168957290192767
0.9,1.4,0.163644440188498
0.95,1.4,0.158441268198427
1,1.4,0.153347820328341
1.05,1.4,0.148364043268455
1.1,1.4,0.14348978648344
1.15,1.4,0.138724804529688
1.2,1.4,0.134068759491872
1.25,1.4,0.129521223530673
1.3,1.4,0.12508168153346
1.35,1.4,0.120749533859606
1.4,1.4,0.116524099172068
1.45,1.4,0.112404617346819
1.5,1.4,0.108390252451717
1.55,1.4,0.104480095786431
1.6,1.4,0.10067316897506
1.65,1.4,0.0969684271031832
1.7,1.4,0.0933647618911535
1.75,1.4,0.0898610048955827
1.8,1.4,0.0864559307310892
1.85,1.4,0.0831482603045559
1.9,1.4,0.0799366640543182
1.95,1.4,0.0768197651869079
2,1.4,0.0737961429041909
2.05,1.4,0.0708643356139762
2.1,1.4,0.0680228441174168
2.15,1.4,0.0652701347667884
2.2,1.4,0.0626046425875043
2.25,1.4,0.0600247743585109
2.3,1.4,0.0575289116455015
2.35,1.4,0.0551154137816889
2.4,1.4,0.0527826207911873
2.45,1.4,0.0505288562503668
2.5,1.4,0.0483524300828655
2.55,1.4,0.0462516412842625
2.6,1.4,0.0442247805727414
2.65,1.4,0.0422701329623959
2.7,1.4,0.0403859802561523
2.75,1.4,0.0385706034556066
2.8,1.4,0.0368222850853888
2.85,1.4,0.0351393114299846
2.9,1.4,0.0335199746812522
2.95,1.4,0.0319625749951751
3,1.4,0.03046542245669
3.05,1.4,0.0290268389517166
3.1,1.4,0.0276451599457974
3.15,1.4,0.0263187361690278
3.2,1.4,0.0250459352072194
3.25,1.4,0.0238251429994904
3.3,1.4,0.0226547652427199
3.35,1.4,0.0215332287035328
3.4,1.4,0.0204589824387006
3.45,1.4,0.0194304989250518
3.5,1.4,0.0184462751001806
3.55,1.4,0.0175048333154243
3.6,1.4,0.0166047222027528
3.65,1.4,0.015744517457371
3.7,1.4,0.014922822537979
3.75,1.4,0.0141382692867739
3.8,1.4,0.0133895184713905
3.85,1.4,0.0126752602510941
3.9,1.4,0.0119942145696317
3.95,1.4,0.0113451314772339
4,1.4,0.010726791384333
4.05,1.4,0.0101380052496266
4.1,1.4,0.00957761470516288
4.15,1.4,0.0090444921211693
4.2,1.4,0.00853754061337231
4.25,1.4,0.00805569399557788
4.3,1.4,0.00759791668029255
4.35,1.4,0.00716320353016561
4.4,1.4,0.00675057966302688
4.45,1.4,0.00635910021327773
4.5,1.4,0.00598785005237087
4.55,1.4,0.00563594347108301
4.6,1.4,0.00530252382624786
4.65,1.4,0.00498676315457265
4.7,1.4,0.00468786175611245
4.75,1.4,0.00440504774992124
4.8,1.4,0.00413757660433921
4.85,1.4,0.00388473064431142
4.9,1.4,0.00364581853806495
4.95,1.4,0.00342017476540016
5,1.4,0.0032071590697766
5.05,1.4,0.00300615589629734
5.1,1.4,0.0028165738176154
5.15,1.4,0.00263784494970527
5.2,1.4,0.00246942435935905
5.25,1.4,0.00231078946518364
5.3,1.4,0.00216143943379037
5.35,1.4,0.00202089457278386
5.4,1.4,0.00188869572207211
5.45,1.4,0.00176440364493485
5.5,1.4,0.00164759842020359
5.55,1.4,0.00153787883682297
5.6,1.4,0.0014348617919813
5.65,1.4,0.00133818169391701
5.7,1.4,0.00124748987042818
5.75,1.4,0.00116245398403483
5.8,1.4,0.00108275745466744
5.85,1.4,0.00100809889068148
5.9,1.4,0.000938191528925715
5.95,1.4,0.000872762684522766
6,1.4,0.000811553210952962
-2,1.45,0.592604402104126
-1.95,1.45,0.584318656575595
-1.9,1.45,0.575995251708993
-1.85,1.45,0.567637807114599
-1.8,1.45,0.559249988134227
-1.75,1.45,0.550835501023071
-1.7,1.45,0.542398088039717
-1.65,1.45,0.533941522455151
-1.6,1.45,0.525469603491873
-1.55,1.45,0.516986151204398
-1.5,1.45,0.508495001312668
-1.45,1.45,0.5
-1.4,1.45,0.491504998687332
-1.35,1.45,0.483013848795602
-1.3,1.45,0.474530396508127
-1.25,1.45,0.466058477544849
-1.2,1.45,0.457601911960283
-1.15,1.45,0.449164498976929
-1.1,1.45,0.440750011865773
-1.05,1.45,0.432362192885401
-1,1.45,0.424004748291007
-0.95,1.45,0.415681343424405
-0.9,1.45,0.407395597895874
-0.85,1.45,0.399151080868373
-0.8,1.45,0.390951306454362
-0.75,1.45,0.382799729235101
-0.7,1.45,0.374699739911914
-0.65,1.45,0.366654661098498
-0.6,1.45,0.35866774326294
-0.55,1.45,0.350742160827603
-0.5,1.45,0.342881008434612
-0.45,1.45,0.335087297384107
-0.4,1.45,0.327363952251973
-0.35,1.45,0.319713807693148
-0.3,1.45,0.312139605436116
-0.25,1.45,0.304643991473574
-0.2,1.45,0.297229513453727
-0.15,1.45,0.289898618276042
-0.0999999999999999,1.45,0.282653649894721
-0.0499999999999998,1.45,0.275496847332541
0,1.45,0.268430342907141
0.0500000000000003,1.45,0.26145616067118
0.1,1.45,0.25457621506726
0.15,1.45,0.247792309797874
0.2,1.45,0.241106136910058
0.25,1.45,0.234519276093871
0.3,1.45,0.228033194193253
0.35,1.45,0.221649244927231
0.4,1.45,0.215368668818961
0.45,1.45,0.209192593329517
0.5,1.45,0.203122033192865
0.55,1.45,0.197157890947967
0.6,1.45,0.1913009576635
0.65,1.45,0.185551913850215
0.7,1.45,0.179911330555577
0.75,1.45,0.174379670634887
0.8,1.45,0.168957290192767
0.85,1.45,0.163644440188498
0.9,1.45,0.158441268198427
0.95,1.45,0.153347820328341
1,1.45,0.148364043268455
1.05,1.45,0.14348978648344
1.1,1.45,0.138724804529688
1.15,1.45,0.134068759491872
1.2,1.45,0.129521223530673
1.25,1.45,0.12508168153346
1.3,1.45,0.120749533859606
1.35,1.45,0.116524099172068
1.4,1.45,0.112404617346818
1.45,1.45,0.108390252451717
1.5,1.45,0.104480095786431
1.55,1.45,0.10067316897506
1.6,1.45,0.0969684271031832
1.65,1.45,0.0933647618911535
1.7,1.45,0.0898610048955827
1.75,1.45,0.0864559307310892
1.8,1.45,0.0831482603045559
1.85,1.45,0.0799366640543183
1.9,1.45,0.0768197651869078
1.95,1.45,0.0737961429041909
2,1.45,0.0708643356139762
2.05,1.45,0.0680228441174168
2.1,1.45,0.0652701347667884
2.15,1.45,0.0626046425875043
2.2,1.45,0.0600247743585109
2.25,1.45,0.0575289116455015
2.3,1.45,0.0551154137816889
2.35,1.45,0.0527826207911873
2.4,1.45,0.0505288562503667
2.45,1.45,0.0483524300828655
2.5,1.45,0.0462516412842625
2.55,1.45,0.0442247805727414
2.6,1.45,0.0422701329623959
2.65,1.45,0.0403859802561523
2.7,1.45,0.0385706034556066
2.75,1.45,0.0368222850853888
2.8,1.45,0.0351393114299846
2.85,1.45,0.0335199746812522
2.9,1.45,0.0319625749951751
2.95,1.45,0.03046542245669
3,1.45,0.0290268389517166
3.05,1.45,0.0276451599457974
3.1,1.45,0.0263187361690278
3.15,1.45,0.0250459352072194
3.2,1.45,0.0238251429994904
3.25,1.45,0.0226547652427199
3.3,1.45,0.0215332287035328
3.35,1.45,0.0204589824387006
3.4,1.45,0.0194304989250518
3.45,1.45,0.0184462751001806
3.5,1.45,0.0175048333154243
3.55,1.45,0.0166047222027528
3.6,1.45,0.0157445174573709
3.65,1.45,0.014922822537979
3.7,1.45,0.0141382692867739
3.75,1.45,0.0133895184713905
3.8,1.45,0.0126752602510941
3.85,1.45,0.0119942145696317
3.9,1.45,0.0113451314772339
3.95,1.45,0.010726791384333
4,1.45,0.0101380052496266
4.05,1.45,0.00957761470516288
4.1,1.45,0.0090444921211693
4.15,1.45,0.0085375406133723
4.2,1.45,0.00805569399557788
4.25,1.45,0.00759791668029255
4.3,1.45,0.00716320353016561
4.35,1.45,0.00675057966302688
4.4,1.45,0.00635910021327772
4.45,1.45,0.00598785005237087
4.5,1.45,0.00563594347108301
4.55,1.45,0.00530252382624786
4.6,1.45,0.00498676315457265
4.65,1.45,0.00468786175611245
4.7,1.45,0.00440504774992124
4.75,1.45,0.00413757660433922
4.8,1.45,0.00388473064431142
4.85,1.45,0.00364581853806494
4.9,1.45,0.00342017476540016
4.95,1.45,0.0032071590697766
5,1.45,0.00300615589629734
5.05,1.45,0.0028165738176154
5.1,1.45,0.00263784494970526
5.15,1.45,0.00246942435935905
5.2,1.45,0.00231078946518364
5.25,1.45,0.00216143943379037
5.3,1.45,0.00202089457278387
5.35,1.45,0.00188869572207211
5.4,1.45,0.00176440364493485
5.45,1.45,0.00164759842020359
5.5,1.45,0.00153787883682297
5.55,1.45,0.0014348617919813
5.6,1.45,0.00133818169391701
5.65,1.45,0.00124748987042818
5.7,1.45,0.00116245398403483
5.75,1.45,0.00108275745466744
5.8,1.45,0.00100809889068148
5.85,1.45,0.000938191528925713
5.9,1.45,0.000872762684522766
5.95,1.45,0.00081155321095296
6,1.45,0.000754316970968028
-2,1.5,0.584318656575595
-1.95,1.5,0.575995251708993
-1.9,1.5,0.567637807114599
-1.85,1.5,0.559249988134227
-1.8,1.5,0.550835501023071
-1.75,1.5,0.542398088039717
-1.7,1.5,0.533941522455151
-1.65,1.5,0.525469603491873
-1.6,1.5,0.516986151204398
-1.55,1.5,0.508495001312668
-1.5,1.5,0.5
-1.45,1.5,0.491504998687332
-1.4,1.5,0.483013848795602
-1.35,1.5,0.474530396508127
-1.3,1.5,0.466058477544849
-1.25,1.5,0.457601911960283
-1.2,1.5,0.449164498976929
-1.15,1.5,0.440750011865773
-1.1,1.5,0.432362192885401
-1.05,1.5,0.424004748291007
-1,1.5,0.415681343424405
-0.95,1.5,0.407395597895874
-0.9,1.5,0.399151080868373
-0.85,1.5,0.390951306454362
-0.8,1.5,0.382799729235101
-0.75,1.5,0.374699739911914
-0.7,1.5,0.366654661098498
-0.65,1.5,0.35866774326294
-0.6,1.5,0.350742160827603
-0.55,1.5,0.342881008434612
-0.5,1.5,0.335087297384107
-0.45,1.5,0.327363952251973
-0.4,1.5,0.319713807693148
-0.35,1.5,0.312139605436116
-0.3,1.5,0.304643991473574
-0.25,1.5,0.297229513453727
-0.2,1.5,0.289898618276043
-0.15,1.5,0.282653649894721
-0.0999999999999999,1.5,0.275496847332541
-0.0499999999999998,1.5,0.268430342907141
0,1.5,0.26145616067118
0.0500000000000003,1.5,0.25457621506726
0.1,1.5,0.247792309797874
0.15,1.5,0.241106136910058
0.2,1.5,0.234519276093871
0.25,1.5,0.228033194193253
0.3,1.5,0.221649244927231
0.35,1.5,0.215368668818961
0.4,1.5,0.209192593329517
0.45,1.5,0.203122033192865
0.5,1.5,0.197157890947967
0.55,1.5,0.1913009576635
0.6,1.5,0.185551913850215
0.65,1.5,0.179911330555577
0.7,1.5,0.174379670634887
0.75,1.5,0.168957290192767
0.8,1.5,0.163644440188498
0.85,1.5,0.158441268198427
0.9,1.5,0.153347820328341
0.95,1.5,0.148364043268455
1,1.5,0.14348978648344
1.05,1.5,0.138724804529688
1.1,1.5,0.134068759491872
1.15,1.5,0.129521223530673
1.2,1.5,0.12508168153346
1.25,1.5,0.120749533859606
1.3,1.5,0.116524099172068
1.35,1.5,0.112404617346818
1.4,1.5,0.108390252451717
1.45,1.5,0.104480095786431
1.5,1.5,0.10067316897506
1.55,1.5,0.0969684271031832
1.6,1.5,0.0933647618911535
1.65,1.5,0.0898610048955827
1.7,1.5,0.0864559307310892
1.75,1.5,0.0831482603045559
1.8,1.5,0.0799366640543182
1.85,1.5,0.0768197651869079
1.9,1.5,0.0737961429041909
1.95,1.5,0.0708643356139762
2,1.5,0.0680228441174168
2.05,1.5,0.0652701347667884
2.1,1.5,0.0626046425875043
2.15,1.5,0.0600247743585109
2.2,1.5,0.0575289116455015
2.25,1.5,0.0551154137816889
2.3,1.5,0.0527826207911873
2.35,1.5,0.0505288562503667
2.4,1.5,0.0483524300828655
2.45,1.5,0.0462516412842625
2.5,1.5,0.0442247805727414
2.55,1.5,0.0422701329623959
2.6,1.5,0.0403859802561523
2.65,1.5,0.0385706034556066
2.7,1.5,0.0368222850853888
2.75,1.5,0.0351393114299846
2.8,1.5,0.0335199746812522
2.85,1.5,0.031962574995175
2.9,1.5,0.03046542245669
2.95,1.5,0.0290268389517166
3,1.5,0.0276451599457974
3.05,1.5,0.0263187361690278
3.1,1.5,0.0250459352072194
3.15,1.5,0.0238251429994904
3.2,1.5,0.0226547652427199
3.25,1.5,0.0215332287035328
3.3,1.5,0.0204589824387005
3.35,1.5,0.0194304989250518
3.4,1.5,0.0184462751001806
3.45,1.5,0.0175048333154243
3.5,1.5,0.0166047222027529
3.55,1.5,0.0157445174573709
3.6,1.5,0.014922822537979
3.65,1.5,0.0141382692867739
3.7,1.5,0.0133895184713905
3.75,1.5,0.0126752602510941
3.8,1.5,0.0119942145696317
3.85,1.5,0.0113451314772338
3.9,1.5,0.010726791384333
3.95,1.5,0.0101380052496266
4,1.5,0.00957761470516288
4.05,1.5,0.0090444921211693
4.1,1.5,0.0085375406133723
4.15,1.5,0.00805569399557788
4.2,1.5,0.00759791668029255
4.25,1.5,0.00716320353016562
4.3,1.5,0.00675057966302688
4.35,1.5,0.00635910021327772
4.4,1.5,0.00598785005237086
4.45,1.5,0.00563594347108301
4.5,1.5,0.00530252382624787
4.55,1.5,0.00498676315457265
4.6,1.5,0.00468786175611245
4.65,1.5,0.00440504774992124
4.7,1.5,0.00413757660433922
4.75,1.5,0.00388473064431142
4.8,1.5,0.00364581853806494
4.85,1.5,0.00342017476540015
4.9,1.5,0.0032071590697766
4.95,1.5,0.00300615589629734
5,1.5,0.0028165738176154
5.05,1.5,0.00263784494970526
5.1,1.5,0.00246942435935904
5.15,1.5,0.00231078946518364
5.2,1.5,0.00216143943379037
5.25,1.5,0.00202089457278386
5.3,1.5,0.00188869572207211
5.35,1.5,0.00176440364493485
5.4,1.5,0.00164759842020359
5.45,1.5,0.00153787883682297
5.5,1.5,0.0014348617919813
5.55,1.5,0.00133818169391701
5.6,1.5,0.00124748987042818
5.65,1.5,0.00116245398403483
5.7,1.5,0.00108275745466744
5.75,1.5,0.00100809889068148
5.8,1.5,0.000938191528925715
5.85,1.5,0.000872762684522765
5.9,1.5,0.00081155321095296
5.95,1.5,0.000754316970968027
6,1.5,0.000700820318798776
-2,1.55,0.575995251708993
-1.95,1.55,0.567637807114599
-1.9,1.55,0.559249988134227
-1.85,1.55,0.550835501023071
-1.8,1.55,0.542398088039717
-1.75,1.55,0.533941522455151
-1.7,1.55,0.525469603491873
-1.65,1.55,0.516986151204398
-1.6,1.55,0.508495001312668
-1.55,1.55,0.5
-1.5,1.55,0.491504998687332
-1.45,1.55,0.483013848795602
-1.4,1.55,0.474530396508127
-1.35,1.55,0.466058477544849
-1.3,1.55,0.457601911960283
-1.25,1.55,0.449164498976929
-1.2,1.55,0.440750011865773
-1.15,1.55,0.432362192885401
-1.1,1.55,0.424004748291007
-1.05,1.55,0.415681343424405
-1,1.55,0.407395597895874
-0.95,1.55,0.399151080868373
-0.9,1.55,0.390951306454362
-0.85,1.55,0.382799729235101
-0.8,1.55,0.374699739911914
-0.75,1.55,0.366654661098498
-0.7,1.55,0.35866774326294
-0.65,1.55,0.350742160827603
-0.6,1.55,0.342881008434612
-0.55,1.55,0.335087297384107
-0.5,1.55,0.327363952251973
-0.45,1.55,0.319713807693148
-0.4,1.55,0.312139605436116
-0.35,1.55,0.304643991473574
-0.3,1.55,0.297229513453727
-0.25,1.55,0.289898618276043
-0.2,1.55,0.282653649894721
-0.15,1.55,0.275496847332541
-0.0999999999999999,1.55,0.268430342907141
-0.0499999999999998,1.55,0.26145616067118
0,1.55,0.25457621506726
0.0500000000000003,1.55,0.247792309797874
0.1,1.55,0.241106136910058
0.15,1.55,0.234519276093871
0.2,1.55,0.228033194193253
0.25,1.55,0.221649244927231
0.3,1.55,0.215368668818961
0.35,1.55,0.209192593329517
0.4,1.55,0.203122033192865
0.45,1.55,0.197157890947967
0.5,1.55,0.1913009576635
0.55,1.55,0.185551913850215
0.6,1.55,0.179911330555577
0.65,1.55,0.174379670634887
0.7,1.55,0.168957290192767
0.75,1.55,0.163644440188498
0.8,1.55,0.158441268198427
0.85,1.55,0.153347820328341
0.9,1.55,0.148364043268455
0.95,1.55,0.14348978648344
1,1.55,0.138724804529688
1.05,1.55,0.134068759491872
1.1,1.55,0.129521223530673
1.15,1.55,0.12508168153346
1.2,1.55,0.120749533859606
1.25,1.55,0.116524099172068
1.3,1.55,0.112404617346818
1.35,1.55,0.108390252451717
1.4,1.55,0.104480095786431
1.45,1.55,0.10067316897506
1.5,1.55,0.0969684271031832
1.55,1.55,0.0933647618911535
1.6,1.55,0.0898610048955827
1.65,1.55,0.0864559307310892
1.7,1.55,0.0831482603045559
1.75,1.55,0.0799366640543183
1.8,1.55,0.0768197651869078
1.85,1.55,0.0737961429041909
1.9,1.55,0.0708643356139761
1.95,1.55,0.0680228441174168
2,1.55,0.0652701347667884
2.05,1.55,0.0626046425875043
2.1,1.55,0.0600247743585109
2.15,1.55,0.0575289116455015
2.2,1.55,0.0551154137816889
2.25,1.55,0.0527826207911873
2.3,1.55,0.0505288562503668
2.35,1.55,0.0483524300828655
2.4,1.55,0.0462516412842625
2.45,1.55,0.0442247805727414
2.5,1.55,0.0422701329623959
2.55,1.55,0.0403859802561523
2.6,1.55,0.0385706034556066
2.65,1.55,0.0368222850853888
2.7,1.55,0.0351393114299846
2.75,1.55,0.0335199746812522
2.8,1.55,0.031962574995175
2.85,1.55,0.03046542245669
2.9,1.55,0.0290268389517166
2.95,1.55,0.0276451599457974
3,1.55,0.0263187361690278
3.05,1.55,0.0250459352072194
3.1,1.55,0.0238251429994904
3.15,1.55,0.0226547652427199
3.2,1.55,0.0215332287035328
3.25,1.55,0.0204589824387006
3.3,1.55,0.0194304989250518
3.35,1.55,0.0184462751001806
3.4,1.55,0.0175048333154243
3.45,1.55,0.0166047222027529
3.5,1.55,0.015744517457371
3.55,1.55,0.014922822537979
3.6,1.55,0.0141382692867739
3.65,1.55,0.0133895184713905
3.7,1.55,0.0126752602510941
3.75,1.55,0.0119942145696317
3.8,1.55,0.0113451314772338
3.85,1.55,0.010726791384333
3.9,1.55,0.0101380052496266
3.95,1.55,0.00957761470516288
4,1.55,0.0090444921211693
4.05,1.55,0.0085375406133723
4.1,1.55,0.00805569399557788
4.15,1.55,0.00759791668029255
4.2,1.55,0.00716320353016562
4.25,1.55,0.00675057966302688
4.3,1.55,0.00635910021327772
4.35,1.55,0.00598785005237086
4.4,1.55,0.00563594347108301
4.45,1.55,0.00530252382624787
4.5,1.55,0.00498676315457265
4.55,1.55,0.00468786175611245
4.6,1.55,0.00440504774992123
4.65,1.55,0.00413757660433922
4.7,1.55,0.00388473064431142
4.75,1.55,0.00364581853806495
4.8,1.55,0.00342017476540015
4.85,1.55,0.0032071590697766
4.9,1.55,0.00300615589629734
4.95,1.55,0.0028165738176154
5,1.55,0.00263784494970527
5.05,1.55,0.00246942435935904
5.1,1.55,0.00231078946518364
5.15,1.55,0.00216143943379037
5.2,1.55,0.00202089457278387
5.25,1.55,0.00188869572207211
5.3,1.55,0.00176440364493485
5.35,1.55,0.00164759842020359
5.4,1.55,0.00153787883682297
5.45,1.55,0.0014348617919813
5.5,1.55,0.00133818169391701
5.55,1.55,0.00124748987042818
5.6,1.55,0.00116245398403483
5.65,1.55,0.00108275745466744
5.7,1.55,0.00100809889068148
5.75,1.55,0.000938191528925716
5.8,1.55,0.000872762684522766
5.85,1.55,0.00081155321095296
5.9,1.55,0.000754316970968027
5.95,1.55,0.000700820318798776
6,1.55,0.000650841594061393
-2,1.6,0.567637807114599
-1.95,1.6,0.559249988134227
-1.9,1.6,0.550835501023071
-1.85,1.6,0.542398088039717
-1.8,1.6,0.533941522455151
-1.75,1.6,0.525469603491873
-1.7,1.6,0.516986151204398
-1.65,1.6,0.508495001312668
-1.6,1.6,0.5
-1.55,1.6,0.491504998687332
-1.5,1.6,0.483013848795602
-1.45,1.6,0.474530396508127
-1.4,1.6,0.466058477544849
-1.35,1.6,0.457601911960283
-1.3,1.6,0.449164498976929
-1.25,1.6,0.440750011865773
-1.2,1.6,0.432362192885401
-1.15,1.6,0.424004748291007
-1.1,1.6,0.415681343424405
-1.05,1.6,0.407395597895874
-1,1.6,0.399151080868373
-0.95,1.6,0.390951306454362
-0.9,1.6,0.382799729235101
-0.85,1.6,0.374699739911914
-0.8,1.6,0.366654661098498
-0.75,1.6,0.35866774326294
-0.7,1.6,0.350742160827603
-0.65,1.6,0.342881008434612
-0.6,1.6,0.335087297384107
-0.55,1.6,0.327363952251973
-0.5,1.6,0.319713807693148
-0.45,1.6,0.312139605436116
-0.4,1.6,0.304643991473574
-0.35,1.6,0.297229513453727
-0.3,1.6,0.289898618276042
-0.25,1.6,0.282653649894721
-0.2,1.6,0.275496847332541
-0.15,1.6,0.268430342907141
-0.0999999999999999,1.6,0.26145616067118
-0.0499999999999998,1.6,0.25457621506726
0,1.6,0.247792309797874
0.0500000000000003,1.6,0.241106136910058
0.1,1.6,0.234519276093871
0.15,1.6,0.228033194193253
0.2,1.6,0.221649244927231
0.25,1.6,0.215368668818961
0.3,1.6,0.209192593329517
0.35,1.6,0.203122033192865
0.4,1.6,0.197157890947967
0.45,1.6,0.1913009576635
0.5,1.6,0.185551913850215
0.55,1.6,0.179911330555577
0.6,1.6,0.174379670634887
0.65,1.6,0.168957290192767
0.7,1.6,0.163644440188498
0.75,1.6,0.158441268198427
0.8,1.6,0.153347820328341
0.85,1.6,0.148364043268455
0.9,1.6,0.14348978648344
0.95,1.6,0.138724804529688
1,1.6,0.134068759491872
1.05,1.6,0.129521223530673
1.1,1.6,0.12508168153346
1.15,1.6,0.120749533859606
1.2,1.6,0.116524099172068
1.25,1.6,0.112404617346818
1.3,1.6,0.108390252451717
1.35,1.6,0.104480095786431
1.4,1.6,0.10067316897506
1.45,1.6,0.0969684271031832
1.5,1.6,0.0933647618911535
1.55,1.6,0.0898610048955827
1.6,1.6,0.0864559307310892
1.65,1.6,0.0831482603045558
1.7,1.6,0.0799366640543182
1.75,1.6,0.0768197651869078
1.8,1.6,0.0737961429041909
1.85,1.6,0.0708643356139762
1.9,1.6,0.0680228441174168
1.95,1.6,0.0652701347667884
2,1.6,0.0626046425875043
2.05,1.6,0.0600247743585109
2.1,1.6,0.0575289116455015
2.15,1.6,0.0551154137816889
2.2,1.6,0.0527826207911873
2.25,1.6,0.0505288562503668
2.3,1.6,0.0483524300828655
2.35,1.6,0.0462516412842625
2.4,1.6,0.0442247805727414
2.45,1.6,0.0422701329623959
2.5,1.6,0.0403859802561523
2.55,1.6,0.0385706034556066
2.6,1.6,0.0368222850853888
2.65,1.6,0.0351393114299846
2.7,1.6,0.0335199746812522
2.75,1.6,0.0319625749951751
2.8,1.6,0.03046542245669
2.85,1.6,0.0290268389517166
2.9,1.6,0.0276451599457974
2.95,1.6,0.0263187361690278
3,1.6,0.0250459352072194
3.05,1.6,0.0238251429994904
3.1,1.6,0.0226547652427199
3.15,1.6,0.0215332287035328
3.2,1.6,0.0204589824387006
3.25,1.6,0.0194304989250518
3.3,1.6,0.0184462751001805
3.35,1.6,0.0175048333154243
3.4,1.6,0.0166047222027528
3.45,1.6,0.015744517457371
3.5,1.6,0.014922822537979
3.55,1.6,0.0141382692867739
3.6,1.6,0.0133895184713905
3.65,1.6,0.0126752602510941
3.7,1.6,0.0119942145696317
3.75,1.6,0.0113451314772339
3.8,1.6,0.010726791384333
3.85,1.6,0.0101380052496266
3.9,1.6,0.00957761470516288
3.95,1.6,0.0090444921211693
4,1.6,0.0085375406133723
4.05,1.6,0.00805569399557788
4.1,1.6,0.00759791668029255
4.15,1.6,0.00716320353016561
4.2,1.6,0.00675057966302688
4.25,1.6,0.00635910021327773
4.3,1.6,0.00598785005237086
4.35,1.6,0.00563594347108301
4.4,1.6,0.00530252382624786
4.45,1.6,0.00498676315457265
4.5,1.6,0.00468786175611245
4.55,1.6,0.00440504774992123
4.6,1.6,0.00413757660433921
4.65,1.6,0.00388473064431142
4.7,1.6,0.00364581853806495
4.75,1.6,0.00342017476540016
4.8,1.6,0.0032071590697766
4.85,1.6,0.00300615589629733
4.9,1.6,0.0028165738176154
4.95,1.6,0.00263784494970526
5,1.6,0.00246942435935905
5.05,1.6,0.00231078946518364
5.1,1.6,0.00216143943379037
5.15,1.6,0.00202089457278387
5.2,1.6,0.00188869572207211
5.25,1.6,0.00176440364493485
5.3,1.6,0.00164759842020359
5.35,1.6,0.00153787883682297
5.4,1.6,0.0014348617919813
5.45,1.6,0.00133818169391701
5.5,1.6,0.00124748987042818
5.55,1.6,0.00116245398403483
5.6,1.6,0.00108275745466744
5.65,1.6,0.00100809889068148
5.7,1.6,0.000938191528925716
5.75,1.6,0.000872762684522766
5.8,1.6,0.00081155321095296
5.85,1.6,0.000754316970968027
5.9,1.6,0.000700820318798776
5.95,1.6,0.000650841594061392
6,1.6,0.000604170627709873
-2,1.65,0.559249988134227
-1.95,1.65,0.550835501023071
-1.9,1.65,0.542398088039717
-1.85,1.65,0.533941522455151
-1.8,1.65,0.525469603491873
-1.75,1.65,0.516986151204398
-1.7,1.65,0.508495001312668
-1.65,1.65,0.5
-1.6,1.65,0.491504998687332
-1.55,1.65,0.483013848795602
-1.5,1.65,0.474530396508127
-1.45,1.65,0.466058477544849
-1.4,1.65,0.457601911960283
-1.35,1.65,0.449164498976929
-1.3,1.65,0.440750011865773
-1.25,1.65,0.432362192885401
-1.2,1.65,0.424004748291007
-1.15,1.65,0.415681343424405
-1.1,1.65,0.407395597895874
-1.05,1.65,0.399151080868373
-1,1.65,0.390951306454362
-0.95,1.65,0.382799729235101
-0.9,1.65,0.374699739911914
-0.85,1.65,0.366654661098498
-0.8,1.65,0.35866774326294
-0.75,1.65,0.350742160827603
-0.7,1.65,0.342881008434612
-0.65,1.65,0.335087297384107
-0.6,1.65,0.327363952251973
-0.55,1.65,0.319713807693148
-0.5,1.65,0.312139605436116
-0.45,1.65,0.304643991473574
-0.4,1.65,0.297229513453727
-0.35,1.65,0.289898618276043
-0.3,1.65,0.282653649894721
-0.25,1.65,0.275496847332541
-0.2,1.65,0.268430342907141
-0.15,1.65,0.26145616067118
-0.0999999999999999,1.65,0.25457621506726
-0.0499999999999998,1.65,0.247792309797874
0,1.65,0.241106136910058
0.0500000000000003,1.65,0.234519276093871
0.1,1.65,0.228033194193253
0.15,1.65,0.221649244927231
0.2,1.65,0.215368668818961
0.25,1.65,0.209192593329517
0.3,1.65,0.203122033192865
0.35,1.65,0.197157890947967
0.4,1.65,0.1913009576635
0.45,1.65,0.185551913850215
0.5,1.65,0.179911330555577
0.55,1.65,0.174379670634887
0.6,1.65,0.168957290192767
0.65,1.65,0.163644440188498
0.7,1.65,0.158441268198427
0.75,1.65,0.153347820328341
0.8,1.65,0.148364043268455
0.85,1.65,0.14348978648344
0.9,1.65,0.138724804529688
0.95,1.65,0.134068759491872
1,1.65,0.129521223530673
1.05,1.65,0.12508168153346
1.1,1.65,0.120749533859606
1.15,1.65,0.116524099172068
1.2,1.65,0.112404617346818
1.25,1.65,0.108390252451717
1.3,1.65,0.104480095786431
1.35,1.65,0.10067316897506
1.4,1.65,0.0969684271031832
1.45,1.65,0.0933647618911535
1.5,1.65,0.0898610048955827
1.55,1.65,0.0864559307310892
1.6,1.65,0.0831482603045559
1.65,1.65,0.0799366640543182
1.7,1.65,0.0768197651869079
1.75,1.65,0.0737961429041909
1.8,1.65,0.0708643356139762
1.85,1.65,0.0680228441174168
1.9,1.65,0.0652701347667884
1.95,1.65,0.0626046425875043
2,1.65,0.0600247743585109
2.05,1.65,0.0575289116455015
2.1,1.65,0.0551154137816889
2.15,1.65,0.0527826207911873
2.2,1.65,0.0505288562503668
2.25,1.65,0.0483524300828655
2.3,1.65,0.0462516412842625
2.35,1.65,0.0442247805727414
2.4,1.65,0.0422701329623959
2.45,1.65,0.0403859802561523
2.5,1.65,0.0385706034556066
2.55,1.65,0.0368222850853888
2.6,1.65,0.0351393114299846
2.65,1.65,0.0335199746812522
2.7,1.65,0.0319625749951751
2.75,1.65,0.03046542245669
2.8,1.65,0.0290268389517166
2.85,1.65,0.0276451599457974
2.9,1.65,0.0263187361690278
2.95,1.65,0.0250459352072194
3,1.65,0.0238251429994904
3.05,1.65,0.0226547652427199
3.1,1.65,0.0215332287035328
3.15,1.65,0.0204589824387006
3.2,1.65,0.0194304989250518
3.25,1.65,0.0184462751001806
3.3,1.65,0.0175048333154243
3.35,1.65,0.0166047222027528
3.4,1.65,0.015744517457371
3.45,1.65,0.014922822537979
3.5,1.65,0.0141382692867739
3.55,1.65,0.0133895184713905
3.6,1.65,0.0126752602510941
3.65,1.65,0.0119942145696317
3.7,1.65,0.0113451314772339
3.75,1.65,0.010726791384333
3.8,1.65,0.0101380052496266
3.85,1.65,0.00957761470516288
3.9,1.65,0.0090444921211693
3.95,1.65,0.00853754061337231
4,1.65,0.00805569399557788
4.05,1.65,0.00759791668029255
4.1,1.65,0.00716320353016561
4.15,1.65,0.00675057966302688
4.2,1.65,0.00635910021327773
4.25,1.65,0.00598785005237087
4.3,1.65,0.00563594347108301
4.35,1.65,0.00530252382624786
4.4,1.65,0.00498676315457265
4.45,1.65,0.00468786175611245
4.5,1.65,0.00440504774992124
4.55,1.65,0.00413757660433922
4.6,1.65,0.00388473064431142
4.65,1.65,0.00364581853806495
4.7,1.65,0.00342017476540016
4.75,1.65,0.0032071590697766
4.8,1.65,0.00300615589629733
4.85,1.65,0.0028165738176154
4.9,1.65,0.00263784494970526
4.95,1.65,0.00246942435935905
5,1.65,0.00231078946518364
5.05,1.65,0.00216143943379037
5.1,1.65,0.00202089457278387
5.15,1.65,0.00188869572207211
5.2,1.65,0.00176440364493486
5.25,1.65,0.00164759842020359
5.3,1.65,0.00153787883682297
5.35,1.65,0.0014348617919813
5.4,1.65,0.00133818169391701
5.45,1.65,0.00124748987042818
5.5,1.65,0.00116245398403483
5.55,1.65,0.00108275745466744
5.6,1.65,0.00100809889068148
5.65,1.65,0.000938191528925716
5.7,1.65,0.000872762684522766
5.75,1.65,0.000811553210952963
5.8,1.65,0.000754316970968028
5.85,1.65,0.000700820318798776
5.9,1.65,0.000650841594061392
5.95,1.65,0.000604170627709873
6,1.65,0.000560608260327774
-2,1.7,0.550835501023071
-1.95,1.7,0.542398088039717
-1.9,1.7,0.533941522455151
-1.85,1.7,0.525469603491873
-1.8,1.7,0.516986151204398
-1.75,1.7,0.508495001312668
-1.7,1.7,0.5
-1.65,1.7,0.491504998687332
-1.6,1.7,0.483013848795602
-1.55,1.7,0.474530396508127
-1.5,1.7,0.466058477544849
-1.45,1.7,0.457601911960283
-1.4,1.7,0.449164498976929
-1.35,1.7,0.440750011865773
-1.3,1.7,0.432362192885401
-1.25,1.7,0.424004748291007
-1.2,1.7,0.415681343424405
-1.15,1.7,0.407395597895874
-1.1,1.7,0.399151080868373
-1.05,1.7,0.390951306454362
-1,1.7,0.382799729235101
-0.95,1.7,0.374699739911914
-0.9,1.7,0.366654661098498
-0.85,1.7,0.35866774326294
-0.8,1.7,0.350742160827603
-0.75,1.7,0.342881008434612
-0.7,1.7,0.335087297384107
-0.65,1.7,0.327363952251973
-0.6,1.7,0.319713807693148
-0.55,1.7,0.312139605436116
-0.5,1.7,0.304643991473574
-0.45,1.7,0.297229513453727
-0.4,1.7,0.289898618276042
-0.35,1.7,0.282653649894721
-0.3,1.7,0.275496847332541
-0.25,1.7,0.268430342907141
-0.2,1.7,0.26145616067118
-0.15,1.7,0.25457621506726
-0.0999999999999999,1.7,0.247792309797874
-0.0499999999999998,1.7,0.241106136910058
0,1.7,0.234519276093871
0.0500000000000003,1.7,0.228033194193253
0.1,1.7,0.221649244927231
0.15,1.7,0.215368668818961
0.2,1.7,0.209192593329517
0.25,1.7,0.203122033192865
0.3,1.7,0.197157890947967
0.35,1.7,0.1913009576635
0.4,1.7,0.185551913850215
0.45,1.7,0.179911330555577
0.5,1.7,0.174379670634887
0.55,1.7,0.168957290192767
0.6,1.7,0.163644440188498
0.65,1.7,0.158441268198427
0.7,1.7,0.153347820328341
0.75,1.7,0.148364043268455
0.8,1.7,0.14348978648344
0.85,1.7,0.138724804529688
0.9,1.7,0.134068759491872
0.95,1.7,0.129521223530673
1,1.7,0.12508168153346
1.05,1.7,0.120749533859606
1.1,1.7,0.116524099172068
1.15,1.7,0.112404617346818
1.2,1.7,0.108390252451717
1.25,1.7,0.104480095786431
1.3,1.7,0.10067316897506
1.35,1.7,0.0969684271031832
1.4,1.7,0.0933647618911535
1.45,1.7,0.0898610048955827
1.5,1.7,0.0864559307310892
1.55,1.7,0.0831482603045559
1.6,1.7,0.0799366640543182
1.65,1.7,0.0768197651869078
1.7,1.7,0.0737961429041909
1.75,1.7,0.0708643356139762
1.8,1.7,0.0680228441174168
1.85,1.7,0.0652701347667884
1.9,1.7,0.0626046425875043
1.95,1.7,0.0600247743585109
2,1.7,0.0575289116455015
2.05,1.7,0.0551154137816889
2.1,1.7,0.0527826207911873
2.15,1.7,0.0505288562503667
2.2,1.7,0.0483524300828655
2.25,1.7,0.0462516412842625
2.3,1.7,0.0442247805727414
2.35,1.7,0.0422701329623959
2.4,1.7,0.0403859802561523
2.45,1.7,0.0385706034556066
2.5,1.7,0.0368222850853888
2.55,1.7,0.0351393114299846
2.6,1.7,0.0335199746812522
2.65,1.7,0.0319625749951751
2.7,1.7,0.03046542245669
2.75,1.7,0.0290268389517166
2.8,1.7,0.0276451599457974
2.85,1.7,0.0263187361690278
2.9,1.7,0.0250459352072194
2.95,1.7,0.0238251429994904
3,1.7,0.0226547652427199
3.05,1.7,0.0215332287035328
3.1,1.7,0.0204589824387006
3.15,1.7,0.0194304989250518
3.2,1.7,0.0184462751001806
3.25,1.7,0.0175048333154243
3.3,1.7,0.0166047222027528
3.35,1.7,0.0157445174573709
3.4,1.7,0.014922822537979
3.45,1.7,0.0141382692867739
3.5,1.7,0.0133895184713905
3.55,1.7,0.0126752602510941
3.6,1.7,0.0119942145696317
3.65,1.7,0.0113451314772339
3.7,1.7,0.010726791384333
3.75,1.7,0.0101380052496266
3.8,1.7,0.00957761470516287
3.85,1.7,0.0090444921211693
3.9,1.7,0.0085375406133723
3.95,1.7,0.00805569399557788
4,1.7,0.00759791668029255
4.05,1.7,0.00716320353016561
4.1,1.7,0.00675057966302688
4.15,1.7,0.00635910021327772
4.2,1.7,0.00598785005237087
4.25,1.7,0.00563594347108301
4.3,1.7,0.00530252382624786
4.35,1.7,0.00498676315457265
4.4,1.7,0.00468786175611245
4.45,1.7,0.00440504774992124
4.5,1.7,0.00413757660433922
4.55,1.7,0.00388473064431142
4.6,1.7,0.00364581853806494
4.65,1.7,0.00342017476540016
4.7,1.7,0.0032071590697766
4.75,1.7,0.00300615589629734
4.8,1.7,0.0028165738176154
4.85,1.7,0.00263784494970526
4.9,1.7,0.00246942435935904
4.95,1.7,0.00231078946518364
5,1.7,0.00216143943379037
5.05,1.7,0.00202089457278386
5.1,1.7,0.00188869572207211
5.15,1.7,0.00176440364493485
5.2,1.7,0.00164759842020359
5.25,1.7,0.00153787883682297
5.3,1.7,0.0014348617919813
5.35,1.7,0.00133818169391701
5.4,1.7,0.00124748987042818
5.45,1.7,0.00116245398403483
5.5,1.7,0.00108275745466744
5.55,1.7,0.00100809889068148
5.6,1.7,0.000938191528925715
5.65,1.7,0.000872762684522766
5.7,1.7,0.000811553210952962
5.75,1.7,0.000754316970968028
5.8,1.7,0.000700820318798776
5.85,1.7,0.000650841594061392
5.9,1.7,0.000604170627709872
5.95,1.7,0.000560608260327774
6,1.7,0.000519965873000746
-2,1.75,0.542398088039717
-1.95,1.75,0.533941522455151
-1.9,1.75,0.525469603491873
-1.85,1.75,0.516986151204398
-1.8,1.75,0.508495001312668
-1.75,1.75,0.5
-1.7,1.75,0.491504998687332
-1.65,1.75,0.483013848795602
-1.6,1.75,0.474530396508127
-1.55,1.75,0.466058477544849
-1.5,1.75,0.457601911960283
-1.45,1.75,0.449164498976929
-1.4,1.75,0.440750011865773
-1.35,1.75,0.432362192885401
-1.3,1.75,0.424004748291007
-1.25,1.75,0.415681343424405
-1.2,1.75,0.407395597895874
-1.15,1.75,0.399151080868373
-1.1,1.75,0.390951306454362
-1.05,1.75,0.382799729235101
-1,1.75,0.374699739911914
-0.95,1.75,0.366654661098498
-0.9,1.75,0.35866774326294
-0.85,1.75,0.350742160827603
-0.8,1.75,0.342881008434612
-0.75,1.75,0.335087297384107
-0.7,1.75,0.327363952251973
-0.65,1.75,0.319713807693148
-0.6,1.75,0.312139605436116
-0.55,1.75,0.304643991473574
-0.5,1.75,0.297229513453727
-0.45,1.75,0.289898618276042
-0.4,1.75,0.282653649894721
-0.35,1.75,0.275496847332541
-0.3,1.75,0.268430342907141
-0.25,1.75,0.26145616067118
-0.2,1.75,0.25457621506726
-0.15,1.75,0.247792309797874
-0.0999999999999999,1.75,0.241106136910058
-0.0499999999999998,1.75,0.234519276093871
0,1.75,0.228033194193253
0.0500000000000003,1.75,0.221649244927231
0.1,1.75,0.215368668818961
0.15,1.75,0.209192593329517
0.2,1.75,0.203122033192865
0.25,1.75,0.197157890947967
0.3,1.75,0.1913009576635
0.35,1.75,0.185551913850215
0.4,1.75,0.179911330555577
0.45,1.75,0.174379670634887
0.5,1.75,0.168957290192767
0.55,1.75,0.163644440188498
0.6,1.75,0.158441268198427
0.65,1.75,0.153347820328341
0.7,1.75,0.148364043268455
0.75,1.75,0.14348978648344
0.8,1.75,0.138724804529688
0.85,1.75,0.134068759491872
0.9,1.75,0.129521223530673
0.95,1.75,0.12508168153346
1,1.75,0.120749533859606
1.05,1.75,0.116524099172068
1.1,1.75,0.112404617346818
1.15,1.75,0.108390252451717
1.2,1.75,0.104480095786431
1.25,1.75,0.10067316897506
1.3,1.75,0.0969684271031832
1.35,1.75,0.0933647618911535
1.4,1.75,0.0898610048955827
1.45,1.75,0.0864559307310892
1.5,1.75,0.0831482603045559
1.55,1.75,0.0799366640543182
1.6,1.75,0.0768197651869078
1.65,1.75,0.0737961429041909
1.7,1.75,0.0708643356139762
1.75,1.75,0.0680228441174168
1.8,1.75,0.0652701347667884
1.85,1.75,0.0626046425875043
1.9,1.75,0.0600247743585109
1.95,1.75,0.0575289116455015
2,1.75,0.0551154137816889
2.05,1.75,0.0527826207911873
2.1,1.75,0.0505288562503667
2.15,1.75,0.0483524300828655
2.2,1.75,0.0462516412842625
2.25,1.75,0.0442247805727414
2.3,1.75,0.0422701329623959
2.35,1.75,0.0403859802561523
2.4,1.75,0.0385706034556066
2.45,1.75,0.0368222850853888
2.5,1.75,0.0351393114299846
2.55,1.75,0.0335199746812522
2.6,1.75,0.031962574995175
2.65,1.75,0.03046542245669
2.7,1.75,0.0290268389517166
2.75,1.75,0.0276451599457974
2.8,1.75,0.0263187361690278
2.85,1.75,0.0250459352072194
2.9,1.75,0.0238251429994904
2.95,1.75,0.0226547652427199
3,1.75,0.0215332287035328
3.05,1.75,0.0204589824387005
3.1,1.75,0.0194304989250518
3.15,1.75,0.0184462751001806
3.2,1.75,0.0175048333154243
3.25,1.75,0.0166047222027529
3.3,1.75,0.0157445174573709
3.35,1.75,0.014922822537979
3.4,1.75,0.0141382692867739
3.45,1.75,0.0133895184713905
3.5,1.75,0.0126752602510941
3.55,1.75,0.0119942145696317
3.6,1.75,0.0113451314772338
3.65,1.75,0.010726791384333
3.7,1.75,0.0101380052496266
3.75,1.75,0.00957761470516288
3.8,1.75,0.0090444921211693
3.85,1.75,0.0085375406133723
3.9,1.75,0.00805569399557788
3.95,1.75,0.00759791668029255
4,1.75,0.00716320353016561
4.05,1.75,0.00675057966302688
4.1,1.75,0.00635910021327772
4.15,1.75,0.00598785005237086
4.2,1.75,0.00563594347108301
4.25,1.75,0.00530252382624787
4.3,1.75,0.00498676315457265
4.35,1.75,0.00468786175611245
4.4,1.75,0.00440504774992124
4.45,1.75,0.00413757660433922
4.5,1.75,0.00388473064431142
4.55,1.75,0.00364581853806495
4.6,1.75,0.00342017476540015
4.65,1.75,0.0032071590697766
4.7,1.75,0.00300615589629734
4.75,1.75,0.0028165738176154
4.8,1.75,0.00263784494970526
4.85,1.75,0.00246942435935904
4.9,1.75,0.00231078946518364
4.95,1.75,0.00216143943379037
5,1.75,0.00202089457278387
5.05,1.75,0.00188869572207211
5.1,1.75,0.00176440364493485
5.15,1.75,0.00164759842020359
5.2,1.75,0.00153787883682297
5.25,1.75,0.0014348617919813
5.3,1.75,0.00133818169391701
5.35,1.75,0.00124748987042818
5.4,1.75,0.00116245398403483
5.45,1.75,0.00108275745466744
5.5,1.75,0.00100809889068148
5.55,1.75,0.000938191528925715
5.6,1.75,0.000872762684522766
5.65,1.75,0.000811553210952962
5.7,1.75,0.000754316970968028
5.75,1.75,0.000700820318798777
5.8,1.75,0.000650841594061393
5.85,1.75,0.000604170627709872
5.9,1.75,0.000560608260327774
5.95,1.75,0.000519965873000746
6,1.75,0.000482064930962231
-2,1.8,0.533941522455151
-1.95,1.8,0.525469603491873
-1.9,1.8,0.516986151204398
-1.85,1.8,0.508495001312668
-1.8,1.8,0.5
-1.75,1.8,0.491504998687332
-1.7,1.8,0.483013848795602
-1.65,1.8,0.474530396508127
-1.6,1.8,0.466058477544849
-1.55,1.8,0.457601911960283
-1.5,1.8,0.449164498976929
-1.45,1.8,0.440750011865773
-1.4,1.8,0.432362192885401
-1.35,1.8,0.424004748291007
-1.3,1.8,0.415681343424405
-1.25,1.8,0.407395597895874
-1.2,1.8,0.399151080868373
-1.15,1.8,0.390951306454362
-1.1,1.8,0.382799729235101
-1.05,1.8,0.374699739911914
-1,1.8,0.366654661098498
-0.95,1.8,0.35866774326294
-0.9,1.8,0.350742160827603
-0.85,1.8,0.342881008434612
-0.8,1.8,0.335087297384107
-0.75,1.8,0.327363952251973
-0.7,1.8,0.319713807693148
-0.65,1.8,0.312139605436116
-0.6,1.8,0.304643991473574
-0.55,1.8,0.297229513453727
-0.5,1.8,0.289898618276043
-0.45,1.8,0.282653649894721
-0.4,1.8,0.275496847332541
-0.35,1.8,0.268430342907141
-0.3,1.8,0.26145616067118
-0.25,1.8,0.25457621506726
-0.2,1.8,0.247792309797874
-0.15,1.8,0.241106136910058
-0.0999999999999999,1.8,0.234519276093871
-0.0499999999999998,1.8,0.228033194193253
0,1.8,0.221649244927231
0.0500000000000003,1.8,0.215368668818961
0.1,1.8,0.209192593329517
0.15,1.8,0.203122033192865
0.2,1.8,0.197157890947967
0.25,1.8,0.1913009576635
0.3,1.8,0.185551913850215
0.35,1.8,0.179911330555577
0.4,1.8,0.174379670634887
0.45,1.8,0.168957290192767
0.5,1.8,0.163644440188498
0.55,1.8,0.158441268198427
0.6,1.8,0.153347820328341
0.65,1.8,0.148364043268455
0.7,1.8,0.14348978648344
0.75,1.8,0.138724804529688
0.8,1.8,0.134068759491872
0.85,1.8,0.129521223530673
0.9,1.8,0.12508168153346
0.95,1.8,0.120749533859606
1,1.8,0.116524099172068
1.05,1.8,0.112404617346818
1.1,1.8,0.108390252451717
1.15,1.8,0.104480095786431
1.2,1.8,0.10067316897506
1.25,1.8,0.0969684271031832
1.3,1.8,0.0933647618911535
1.35,1.8,0.0898610048955827
1.4,1.8,0.0864559307310892
1.45,1.8,0.0831482603045559
1.5,1.8,0.0799366640543183
1.55,1.8,0.0768197651869078
1.6,1.8,0.0737961429041909
1.65,1.8,0.0708643356139761
1.7,1.8,0.0680228441174168
1.75,1.8,0.0652701347667884
1.8,1.8,0.0626046425875043
1.85,1.8,0.0600247743585109
1.9,1.8,0.0575289116455015
1.95,1.8,0.0551154137816889
2,1.8,0.0527826207911873
2.05,1.8,0.0505288562503668
2.1,1.8,0.0483524300828655
2.15,1.8,0.0462516412842625
2.2,1.8,0.0442247805727414
2.25,1.8,0.0422701329623959
2.3,1.8,0.0403859802561523
2.35,1.8,0.0385706034556066
2.4,1.8,0.0368222850853888
2.45,1.8,0.0351393114299846
2.5,1.8,0.0335199746812522
2.55,1.8,0.0319625749951751
2.6,1.8,0.03046542245669
2.65,1.8,0.0290268389517166
2.7,1.8,0.0276451599457974
2.75,1.8,0.0263187361690278
2.8,1.8,0.0250459352072194
2.85,1.8,0.0238251429994904
2.9,1.8,0.0226547652427199
2.95,1.8,0.0215332287035328
3,1.8,0.0204589824387006
3.05,1.8,0.0194304989250518
3.1,1.8,0.0184462751001806
3.15,1.8,0.0175048333154243
3.2,1.8,0.0166047222027528
3.25,1.8,0.015744517457371
3.3,1.8,0.014922822537979
3.35,1.8,0.0141382692867739
3.4,1.8,0.0133895184713905
3.45,1.8,0.0126752602510941
3.5,1.8,0.0119942145696317
3.55,1.8,0.0113451314772338
3.6,1.8,0.010726791384333
3.65,1.8,0.0101380052496266
3.7,1.8,0.00957761470516288
3.75,1.8,0.0090444921211693
3.8,1.8,0.00853754061337229
3.85,1.8,0.00805569399557788
3.9,1.8,0.00759791668029255
3.95,1.8,0.00716320353016562
4,1.8,0.00675057966302688
4.05,1.8,0.00635910021327772
4.1,1.8,0.00598785005237086
4.15,1.8,0.00563594347108301
4.2,1.8,0.00530252382624787
4.25,1.8,0.00498676315457265
4.3,1.8,0.00468786175611245
4.35,1.8,0.00440504774992123
4.4,1.8,0.00413757660433922
4.45,1.8,0.00388473064431142
4.5,1.8,0.00364581853806495
4.55,1.8,0.00342017476540016
4.6,1.8,0.0032071590697766
4.65,1.8,0.00300615589629734
4.7,1.8,0.0028165738176154
4.75,1.8,0.00263784494970526
4.8,1.8,0.00246942435935904
4.85,1.8,0.00231078946518364
4.9,1.8,0.00216143943379037
4.95,1.8,0.00202089457278387
5,1.8,0.00188869572207211
5.05,1.8,0.00176440364493485
5.1,1.8,0.00164759842020359
5.15,1.8,0.00153787883682297
5.2,1.8,0.0014348617919813
5.25,1.8,0.00133818169391701
5.3,1.8,0.00124748987042818
5.35,1.8,0.00116245398403483
5.4,1.8,0.00108275745466744
5.45,1.8,0.00100809889068148
5.5,1.8,0.000938191528925716
5.55,1.8,0.000872762684522766
5.6,1.8,0.00081155321095296
5.65,1.8,0.000754316970968028
5.7,1.8,0.000700820318798776
5.75,1.8,0.000650841594061394
5.8,1.8,0.000604170627709873
5.85,1.8,0.000560608260327774
5.9,1.8,0.000519965873000745
5.95,1.8,0.000482064930962231
6,1.8,0.000446736540158385
-2,1.85,0.525469603491873
-1.95,1.85,0.516986151204398
-1.9,1.85,0.508495001312668
-1.85,1.85,0.5
-1.8,1.85,0.491504998687332
-1.75,1.85,0.483013848795602
-1.7,1.85,0.474530396508127
-1.65,1.85,0.466058477544849
-1.6,1.85,0.457601911960283
-1.55,1.85,0.449164498976929
-1.5,1.85,0.440750011865773
-1.45,1.85,0.432362192885401
-1.4,1.85,0.424004748291007
-1.35,1.85,0.415681343424405
-1.3,1.85,0.407395597895874
-1.25,1.85,0.399151080868373
-1.2,1.85,0.390951306454362
-1.15,1.85,0.382799729235101
-1.1,1.85,0.374699739911914
-1.05,1.85,0.366654661098498
-1,1.85,0.35866774326294
-0.95,1.85,0.350742160827603
-0.9,1.85,0.342881008434612
-0.85,1.85,0.335087297384107
-0.8,1.85,0.327363952251973
-0.75,1.85,0.319713807693148
-0.7,1.85,0.312139605436116
-0.65,1.85,0.304643991473574
-0.6,1.85,0.297229513453727
-0.55,1.85,0.289898618276042
-0.5,1.85,0.282653649894721
-0.45,1.85,0.275496847332541
-0.4,1.85,0.268430342907141
-0.35,1.85,0.26145616067118
-0.3,1.85,0.25457621506726
-0.25,1.85,0.247792309797874
-0.2,1.85,0.241106136910058
-0.15,1.85,0.234519276093871
-0.0999999999999999,1.85,0.228033194193253
-0.0499999999999998,1.85,0.221649244927231
0,1.85,0.215368668818961
0.0500000000000003,1.85,0.209192593329517
0.1,1.85,0.203122033192865
0.15,1.85,0.197157890947967
0.2,1.85,0.1913009576635
0.25,1.85,0.185551913850215
0.3,1.85,0.179911330555577
0.35,1.85,0.174379670634887
0.4,1.85,0.168957290192767
0.45,1.85,0.163644440188498
0.5,1.85,0.158441268198427
0.55,1.85,0.153347820328341
0.6,1.85,0.148364043268455
0.65,1.85,0.14348978648344
0.7,1.85,0.138724804529688
0.75,1.85,0.134068759491872
0.8,1.85,0.129521223530673
0.85,1.85,0.12508168153346
0.9,1.85,0.120749533859606
0.95,1.85,0.116524099172068
1,1.85,0.112404617346819
1.05,1.85,0.108390252451717
1.1,1.85,0.104480095786431
1.15,1.85,0.10067316897506
1.2,1.85,0.0969684271031832
1.25,1.85,0.0933647618911535
1.3,1.85,0.0898610048955827
1.35,1.85,0.0864559307310892
1.4,1.85,0.0831482603045559
1.45,1.85,0.0799366640543183
1.5,1.85,0.0768197651869079
1.55,1.85,0.0737961429041909
1.6,1.85,0.0708643356139762
1.65,1.85,0.0680228441174168
1.7,1.85,0.0652701347667884
1.75,1.85,0.0626046425875043
1.8,1.85,0.0600247743585109
1.85,1.85,0.0575289116455015
1.9,1.85,0.0551154137816889
1.95,1.85,0.0527826207911873
2,1.85,0.0505288562503668
2.05,1.85,0.0483524300828655
2.1,1.85,0.0462516412842625
2.15,1.85,0.0442247805727414
2.2,1.85,0.0422701329623959
2.25,1.85,0.0403859802561523
2.3,1.85,0.0385706034556066
2.35,1.85,0.0368222850853888
2.4,1.85,0.0351393114299846
2.45,1.85,0.0335199746812522
2.5,1.85,0.0319625749951751
2.55,1.85,0.03046542245669
2.6,1.85,0.0290268389517166
2.65,1.85,0.0276451599457974
2.7,1.85,0.0263187361690278
2.75,1.85,0.0250459352072194
2.8,1.85,0.0238251429994904
2.85,1.85,0.0226547652427199
2.9,1.85,0.0215332287035328
2.95,1.85,0.0204589824387006
3,1.85,0.0194304989250518
3.05,1.85,0.0184462751001806
3.1,1.85,0.0175048333154243
3.15,1.85,0.0166047222027529
3.2,1.85,0.0157445174573709
3.25,1.85,0.014922822537979
3.3,1.85,0.0141382692867739
3.35,1.85,0.0133895184713905
3.4,1.85,0.0126752602510941
3.45,1.85,0.0119942145696317
3.5,1.85,0.0113451314772339
3.55,1.85,0.010726791384333
3.6,1.85,0.0101380052496266
3.65,1.85,0.00957761470516288
3.7,1.85,0.0090444921211693
3.75,1.85,0.0085375406133723
3.8,1.85,0.00805569399557787
3.85,1.85,0.00759791668029255
3.9,1.85,0.00716320353016561
3.95,1.85,0.00675057966302688
4,1.85,0.00635910021327773
4.05,1.85,0.00598785005237086
4.1,1.85,0.00563594347108301
4.15,1.85,0.00530252382624787
4.2,1.85,0.00498676315457265
4.25,1.85,0.00468786175611245
4.3,1.85,0.00440504774992124
4.35,1.85,0.00413757660433921
4.4,1.85,0.00388473064431142
4.45,1.85,0.00364581853806495
4.5,1.85,0.00342017476540016
4.55,1.85,0.0032071590697766
4.6,1.85,0.00300615589629734
4.65,1.85,0.0028165738176154
4.7,1.85,0.00263784494970527
4.75,1.85,0.00246942435935904
4.8,1.85,0.00231078946518364
4.85,1.85,0.00216143943379037
4.9,1.85,0.00202089457278386
4.95,1.85,0.00188869572207211
5,1.85,0.00176440364493485
5.05,1.85,0.00164759842020359
5.1,1.85,0.00153787883682297
5.15,1.85,0.0014348617919813
5.2,1.85,0.00133818169391701
5.25,1.85,0.00124748987042818
5.3,1.85,0.00116245398403483
5.35,1.85,0.00108275745466744
5.4,1.85,0.00100809889068148
5.45,1.85,0.000938191528925715
5.5,1.85,0.000872762684522766
5.55,1.85,0.00081155321095296
5.6,1.85,0.000754316970968027
5.65,1.85,0.000700820318798776
5.7,1.85,0.000650841594061393
5.75,1.85,0.000604170627709873
5.8,1.85,0.000560608260327774
5.85,1.85,0.000519965873000745
5.9,1.85,0.00048206493096223
5.95,1.85,0.000446736540158385
6,1.85,0.000413821016834514
-2,1.9,0.516986151204398
-1.95,1.9,0.508495001312668
-1.9,1.9,0.5
-1.85,1.9,0.491504998687332
-1.8,1.9,0.483013848795602
-1.75,1.9,0.474530396508127
-1.7,1.9,0.466058477544849
-1.65,1.9,0.457601911960283
-1.6,1.9,0.449164498976929
-1.55,1.9,0.440750011865773
-1.5,1.9,0.432362192885401
-1.45,1.9,0.424004748291007
-1.4,1.9,0.415681343424405
-1.35,1.9,0.407395597895874
-1.3,1.9,0.399151080868373
-1.25,1.9,0.390951306454362
-1.2,1.9,0.382799729235101
-1.15,1.9,0.374699739911914
-1.1,1.9,0.366654661098498
-1.05,1.9,0.35866774326294
-1,1.9,0.350742160827603
-0.95,1.9,0.342881008434612
-0.9,1.9,0.335087297384107
-0.85,1.9,0.327363952251973
-0.8,1.9,0.319713807693148
-0.75,1.9,0.312139605436116
-0.7,1.9,0.304643991473574
-0.65,1.9,0.297229513453727
-0.6,1.9,0.289898618276043
-0.55,1.9,0.282653649894721
-0.5,1.9,0.275496847332541
-0.45,1.9,0.268430342907141
-0.4,1.9,0.26145616067118
-0.35,1.9,0.25457621506726
-0.3,1.9,0.247792309797874
-0.25,1.9,0.241106136910058
-0.2,1.9,0.234519276093871
-0.15,1.9,0.228033194193253
-0.0999999999999999,1.9,0.221649244927231
-0.0499999999999998,1.9,0.215368668818961
0,1.9,0.209192593329517
0.0500000000000003,1.9,0.203122033192865
0.1,1.9,0.197157890947967
0.15,1.9,0.1913009576635
0.2,1.9,0.185551913850215
0.25,1.9,0.179911330555577
0.3,1.9,0.174379670634887
0.35,1.9,0.168957290192767
0.4,1.9,0.163644440188498
0.45,1.9,0.158441268198427
0.5,1.9,0.153347820328341
0.55,1.9,0.148364043268455
0.6,1.9,0.14348978648344
0.65,1.9,0.138724804529688
0.7,1.9,0.134068759491872
0.75,1.9,0.129521223530673
0.8,1.9,0.12508168153346
0.85,1.9,0.120749533859606
0.9,1.9,0.116524099172068
0.95,1.9,0.112404617346818
1,1.9,0.108390252451717
1.05,1.9,0.104480095786431
1.1,1.9,0.10067316897506
1.15,1.9,0.0969684271031832
1.2,1.9,0.0933647618911535
1.25,1.9,0.0898610048955827
1.3,1.9,0.0864559307310892
1.35,1.9,0.0831482603045559
1.4,1.9,0.0799366640543182
1.45,1.9,0.0768197651869079
1.5,1.9,0.0737961429041909
1.55,1.9,0.0708643356139762
1.6,1.9,0.0680228441174168
1.65,1.9,0.0652701347667884
1.7,1.9,0.0626046425875043
1.75,1.9,0.0600247743585109
1.8,1.9,0.0575289116455015
1.85,1.9,0.0551154137816889
1.9,1.9,0.0527826207911873
1.95,1.9,0.0505288562503668
2,1.9,0.0483524300828655
2.05,1.9,0.0462516412842625
2.1,1.9,0.0442247805727414
2.15,1.9,0.0422701329623959
2.2,1.9,0.0403859802561523
2.25,1.9,0.0385706034556066
2.3,1.9,0.0368222850853888
2.35,1.9,0.0351393114299846
2.4,1.9,0.0335199746812522
2.45,1.9,0.0319625749951751
2.5,1.9,0.03046542245669
2.55,1.9,0.0290268389517167
2.6,1.9,0.0276451599457974
2.65,1.9,0.0263187361690278
2.7,1.9,0.0250459352072194
2.75,1.9,0.0238251429994904
2.8,1.9,0.0226547652427199
2.85,1.9,0.0215332287035328
2.9,1.9,0.0204589824387006
2.95,1.9,0.0194304989250518
3,1.9,0.0184462751001806
3.05,1.9,0.0175048333154243
3.1,1.9,0.0166047222027528
3.15,1.9,0.015744517457371
3.2,1.9,0.014922822537979
3.25,1.9,0.0141382692867739
3.3,1.9,0.0133895184713905
3.35,1.9,0.0126752602510941
3.4,1.9,0.0119942145696317
3.45,1.9,0.0113451314772339
3.5,1.9,0.010726791384333
3.55,1.9,0.0101380052496266
3.6,1.9,0.00957761470516288
3.65,1.9,0.0090444921211693
3.7,1.9,0.00853754061337231
3.75,1.9,0.00805569399557788
3.8,1.9,0.00759791668029255
3.85,1.9,0.00716320353016561
3.9,1.9,0.00675057966302688
3.95,1.9,0.00635910021327773
4,1.9,0.00598785005237087
4.05,1.9,0.00563594347108301
4.1,1.9,0.00530252382624786
4.15,1.9,0.00498676315457265
4.2,1.9,0.00468786175611245
4.25,1.9,0.00440504774992124
4.3,1.9,0.00413757660433922
4.35,1.9,0.00388473064431142
4.4,1.9,0.00364581853806495
4.45,1.9,0.00342017476540016
4.5,1.9,0.0032071590697766
4.55,1.9,0.00300615589629734
4.6,1.9,0.0028165738176154
4.65,1.9,0.00263784494970526
4.7,1.9,0.00246942435935905
4.75,1.9,0.00231078946518364
4.8,1.9,0.00216143943379037
4.85,1.9,0.00202089457278386
4.9,1.9,0.00188869572207211
4.95,1.9,0.00176440364493485
5,1.9,0.00164759842020359
5.05,1.9,0.00153787883682297
5.1,1.9,0.0014348617919813
5.15,1.9,0.00133818169391701
5.2,1.9,0.00124748987042818
5.25,1.9,0.00116245398403483
5.3,1.9,0.00108275745466744
5.35,1.9,0.00100809889068148
5.4,1.9,0.000938191528925715
5.45,1.9,0.000872762684522766
5.5,1.9,0.000811553210952962
5.55,1.9,0.000754316970968027
5.6,1.9,0.000700820318798776
5.65,1.9,0.000650841594061393
5.7,1.9,0.000604170627709873
5.75,1.9,0.000560608260327775
5.8,1.9,0.000519965873000746
5.85,1.9,0.00048206493096223
5.9,1.9,0.000446736540158385
5.95,1.9,0.000413821016834514
6,1.9,0.000383167470204199
-2,1.95,0.508495001312668
-1.95,1.95,0.5
-1.9,1.95,0.491504998687332
-1.85,1.95,0.483013848795602
-1.8,1.95,0.474530396508127
-1.75,1.95,0.466058477544849
-1.7,1.95,0.457601911960283
-1.65,1.95,0.449164498976929
-1.6,1.95,0.440750011865773
-1.55,1.95,0.432362192885401
-1.5,1.95,0.424004748291007
-1.45,1.95,0.415681343424405
-1.4,1.95,0.407395597895874
-1.35,1.95,0.399151080868373
-1.3,1.95,0.390951306454362
-1.25,1.95,0.382799729235101
-1.2,1.95,0.374699739911914
-1.15,1.95,0.366654661098498
-1.1,1.95,0.35866774326294
-1.05,1.95,0.350742160827603
-1,1.95,0.342881008434612
-0.95,1.95,0.335087297384107
-0.9,1.95,0.327363952251973
-0.85,1.95,0.319713807693148
-0.8,1.95,0.312139605436116
-0.75,1.95,0.304643991473574
-0.7,1.95,0.297229513453727
-0.65,1.95,0.289898618276042
-0.6,1.95,0.282653649894721
-0.55,1.95,0.275496847332541
-0.5,1.95,0.268430342907141
-0.45,1.95,0.26145616067118
-0.4,1.95,0.25457621506726
-0.35,1.95,0.247792309797874
-0.3,1.95,0.241106136910058
-0.25,1.95,0.234519276093871
-0.2,1.95,0.228033194193253
-0.15,1.95,0.221649244927231
-0.0999999999999999,1.95,0.215368668818961
-0.0499999999999998,1.95,0.209192593329517
0,1.95,0.203122033192865
0.0500000000000003,1.95,0.197157890947967
0.1,1.95,0.1913009576635
0.15,1.95,0.185551913850215
0.2,1.95,0.179911330555577
0.25,1.95,0.174379670634887
0.3,1.95,0.168957290192767
0.35,1.95,0.163644440188498
0.4,1.95,0.158441268198427
0.45,1.95,0.153347820328341
0.5,1.95,0.148364043268455
0.55,1.95,0.14348978648344
0.6,1.95,0.138724804529688
0.65,1.95,0.134068759491872
0.7,1.95,0.129521223530673
0.75,1.95,0.12508168153346
0.8,1.95,0.120749533859606
0.85,1.95,0.116524099172068
0.9,1.95,0.112404617346818
0.95,1.95,0.108390252451717
1,1.95,0.104480095786431
1.05,1.95,0.10067316897506
1.1,1.95,0.0969684271031832
1.15,1.95,0.0933647618911535
1.2,1.95,0.0898610048955827
1.25,1.95,0.0864559307310892
1.3,1.95,0.0831482603045559
1.35,1.95,0.0799366640543182
1.4,1.95,0.0768197651869078
1.45,1.95,0.0737961429041909
1.5,1.95,0.0708643356139762
1.55,1.95,0.0680228441174168
1.6,1.95,0.0652701347667884
1.65,1.95,0.0626046425875043
1.7,1.95,0.0600247743585109
1.75,1.95,0.0575289116455015
1.8,1.95,0.0551154137816889
1.85,1.95,0.0527826207911873
1.9,1.95,0.0505288562503667
1.95,1.95,0.0483524300828655
2,1.95,0.0462516412842625
2.05,1.95,0.0442247805727414
2.1,1.95,0.0422701329623959
2.15,1.95,0.0403859802561523
2.2,1.95,0.0385706034556066
2.25,1.95,0.0368222850853888
2.3,1.95,0.0351393114299846
2.35,1.95,0.0335199746812522
2.4,1.95,0.031962574995175
2.45,1.95,0.03046542245669
2.5,1.95,0.0290268389517166
2.55,1.95,0.0276451599457974
2.6,1.95,0.0263187361690278
2.65,1.95,0.0250459352072194
2.7,1.95,0.0238251429994904
2.75,1.95,0.0226547652427199
2.8,1.95,0.0215332287035328
2.85,1.95,0.0204589824387006
2.9,1.95,0.0194304989250518
2.95,1.95,0.0184462751001806
3,1.95,0.0175048333154243
3.05,1.95,0.0166047222027528
3.1,1.95,0.0157445174573709
3.15,1.95,0.014922822537979
3.2,1.95,0.0141382692867739
3.25,1.95,0.0133895184713905
3.3,1.95,0.0126752602510941
3.35,1.95,0.0119942145696317
3.4,1.95,0.0113451314772339
3.45,1.95,0.010726791384333
3.5,1.95,0.0101380052496266
3.55,1.95,0.00957761470516287
3.6,1.95,0.0090444921211693
3.65,1.95,0.0085375406133723
3.7,1.95,0.00805569399557788
3.75,1.95,0.00759791668029255
3.8,1.95,0.00716320353016561
3.85,1.95,0.00675057966302688
3.9,1.95,0.00635910021327772
3.95,1.95,0.00598785005237087
4,1.95,0.00563594347108301
4.05,1.95,0.00530252382624786
4.1,1.95,0.00498676315457265
4.15,1.95,0.00468786175611245
4.2,1.95,0.00440504774992124
4.25,1.95,0.00413757660433922
4.3,1.95,0.00388473064431142
4.35,1.95,0.00364581853806494
4.4,1.95,0.00342017476540016
4.45,1.95,0.0032071590697766
4.5,1.95,0.00300615589629734
4.55,1.95,0.0028165738176154
4.6,1.95,0.00263784494970526
4.65,1.95,0.00246942435935904
4.7,1.95,0.00231078946518364
4.75,1.95,0.00216143943379037
4.8,1.95,0.00202089457278386
4.85,1.95,0.00188869572207211
4.9,1.95,0.00176440364493485
4.95,1.95,0.00164759842020359
5,1.95,0.00153787883682297
5.05,1.95,0.0014348617919813
5.1,1.95,0.00133818169391701
5.15,1.95,0.00124748987042818
5.2,1.95,0.00116245398403483
5.25,1.95,0.00108275745466744
5.3,1.95,0.00100809889068148
5.35,1.95,0.000938191528925713
5.4,1.95,0.000872762684522766
5.45,1.95,0.00081155321095296
5.5,1.95,0.000754316970968028
5.55,1.95,0.000700820318798776
5.6,1.95,0.000650841594061392
5.65,1.95,0.000604170627709873
5.7,1.95,0.000560608260327774
5.75,1.95,0.000519965873000747
5.8,1.95,0.000482064930962231
5.85,1.95,0.000446736540158385
5.9,1.95,0.000413821016834513
5.95,1.95,0.000383167470204199
6,1.95,0.000354633398223832
-2,2,0.5
-1.95,2,0.491504998687332
-1.9,2,0.483013848795602
-1.85,2,0.474530396508127
-1.8,2,0.466058477544849
-1.75,2,0.457601911960283
-1.7,2,0.449164498976929
-1.65,2,0.440750011865773
-1.6,2,0.432362192885401
-1.55,2,0.424004748291007
-1.5,2,0.415681343424405
-1.45,2,0.407395597895874
-1.4,2,0.399151080868373
-1.35,2,0.390951306454362
-1.3,2,0.382799729235101
-1.25,2,0.374699739911914
-1.2,2,0.366654661098498
-1.15,2,0.35866774326294
-1.1,2,0.350742160827603
-1.05,2,0.342881008434612
-1,2,0.335087297384107
-0.95,2,0.327363952251973
-0.9,2,0.319713807693148
-0.85,2,0.312139605436116
-0.8,2,0.304643991473574
-0.75,2,0.297229513453727
-0.7,2,0.289898618276042
-0.65,2,0.282653649894721
-0.6,2,0.275496847332541
-0.55,2,0.268430342907141
-0.5,2,0.26145616067118
-0.45,2,0.25457621506726
-0.4,2,0.247792309797874
-0.35,2,0.241106136910058
-0.3,2,0.234519276093871
-0.25,2,0.228033194193253
-0.2,2,0.221649244927231
-0.15,2,0.215368668818961
-0.0999999999999999,2,0.209192593329517
-0.0499999999999998,2,0.203122033192865
0,2,0.197157890947967
0.0500000000000003,2,0.1913009576635
0.1,2,0.185551913850215
0.15,2,0.179911330555577
0.2,2,0.174379670634887
0.25,2,0.168957290192767
0.3,2,0.163644440188498
0.35,2,0.158441268198427
0.4,2,0.153347820328341
0.45,2,0.148364043268455
0.5,2,0.14348978648344
0.55,2,0.138724804529688
0.6,2,0.134068759491872
0.65,2,0.129521223530673
0.7,2,0.12508168153346
0.75,2,0.120749533859606
0.8,2,0.116524099172068
0.85,2,0.112404617346818
0.9,2,0.108390252451716
0.95,2,0.104480095786431
1,2,0.10067316897506
1.05,2,0.0969684271031832
1.1,2,0.0933647618911535
1.15,2,0.0898610048955827
1.2,2,0.0864559307310892
1.25,2,0.0831482603045559
1.3,2,0.0799366640543182
1.35,2,0.0768197651869078
1.4,2,0.0737961429041909
1.45,2,0.0708643356139762
1.5,2,0.0680228441174168
1.55,2,0.0652701347667884
1.6,2,0.0626046425875043
1.65,2,0.0600247743585109
1.7,2,0.0575289116455015
1.75,2,0.0551154137816889
1.8,2,0.0527826207911873
1.85,2,0.0505288562503668
1.9,2,0.0483524300828655
1.95,2,0.0462516412842625
2,2,0.0442247805727414
2.05,2,0.0422701329623959
2.1,2,0.0403859802561523
2.15,2,0.0385706034556066
2.2,2,0.0368222850853888
2.25,2,0.0351393114299846
2.3,2,0.0335199746812522
2.35,2,0.031962574995175
2.4,2,0.03046542245669
2.45,2,0.0290268389517166
2.5,2,0.0276451599457974
2.55,2,0.0263187361690278
2.6,2,0.0250459352072194
2.65,2,0.0238251429994904
2.7,2,0.0226547652427199
2.75,2,0.0215332287035328
2.8,2,0.0204589824387005
2.85,2,0.0194304989250518
2.9,2,0.0184462751001806
2.95,2,0.0175048333154243
3,2,0.0166047222027529
3.05,2,0.0157445174573709
3.1,2,0.014922822537979
3.15,2,0.0141382692867739
3.2,2,0.0133895184713905
3.25,2,0.0126752602510941
3.3,2,0.0119942145696317
3.35,2,0.0113451314772338
3.4,2,0.010726791384333
3.45,2,0.0101380052496266
3.5,2,0.00957761470516288
3.55,2,0.0090444921211693
3.6,2,0.0085375406133723
3.65,2,0.00805569399557788
3.7,2,0.00759791668029255
3.75,2,0.00716320353016561
3.8,2,0.00675057966302687
3.85,2,0.00635910021327772
3.9,2,0.00598785005237086
3.95,2,0.00563594347108301
4,2,0.00530252382624787
4.05,2,0.00498676315457265
4.1,2,0.00468786175611245
4.15,2,0.00440504774992124
4.2,2,0.00413757660433922
4.25,2,0.00388473064431142
4.3,2,0.00364581853806495
4.35,2,0.00342017476540015
4.4,2,0.0032071590697766
4.45,2,0.00300615589629734
4.5,2,0.0028165738176154
4.55,2,0.00263784494970526
4.6,2,0.00246942435935904
4.65,2,0.00231078946518364
4.7,2,0.00216143943379037
4.75,2,0.00202089457278386
4.8,2,0.0018886957220721
4.85,2,0.00176440364493485
4.9,2,0.00164759842020359
4.95,2,0.00153787883682297
5,2,0.0014348617919813
5.05,2,0.00133818169391701
5.1,2,0.00124748987042818
5.15,2,0.00116245398403483
5.2,2,0.00108275745466744
5.25,2,0.00100809889068148
5.3,2,0.000938191528925715
5.35,2,0.000872762684522765
5.4,2,0.00081155321095296
5.45,2,0.000754316970968027
5.5,2,0.000700820318798776
5.55,2,0.000650841594061392
5.6,2,0.000604170627709872
5.65,2,0.000560608260327774
5.7,2,0.000519965873000746
5.75,2,0.000482064930962231
5.8,2,0.000446736540158385
5.85,2,0.000413821016834513
5.9,2,0.000383167470204198
5.95,2,0.000354633398223832
6,2,0.000328084296459264
-2,2.05,0.491504998687332
-1.95,2.05,0.483013848795602
-1.9,2.05,0.474530396508127
-1.85,2.05,0.466058477544849
-1.8,2.05,0.457601911960283
-1.75,2.05,0.449164498976929
-1.7,2.05,0.440750011865773
-1.65,2.05,0.432362192885401
-1.6,2.05,0.424004748291007
-1.55,2.05,0.415681343424405
-1.5,2.05,0.407395597895874
-1.45,2.05,0.399151080868373
-1.4,2.05,0.390951306454362
-1.35,2.05,0.382799729235101
-1.3,2.05,0.374699739911914
-1.25,2.05,0.366654661098498
-1.2,2.05,0.35866774326294
-1.15,2.05,0.350742160827603
-1.1,2.05,0.342881008434612
-1.05,2.05,0.335087297384107
-1,2.05,0.327363952251973
-0.95,2.05,0.319713807693148
-0.9,2.05,0.312139605436116
-0.85,2.05,0.304643991473574
-0.8,2.05,0.297229513453727
-0.75,2.05,0.289898618276043
-0.7,2.05,0.282653649894721
-0.65,2.05,0.275496847332541
-0.6,2.05,0.268430342907141
-0.55,2.05,0.26145616067118
-0.5,2.05,0.25457621506726
-0.45,2.05,0.247792309797874
-0.4,2.05,0.241106136910058
-0.35,2.05,0.234519276093871
-0.3,2.05,0.228033194193253
-0.25,2.05,0.221649244927231
-0.2,2.05,0.215368668818961
-0.15,2.05,0.209192593329517
-0.0999999999999999,2.05,0.203122033192865
-0.0499999999999998,2.05,0.197157890947967
0,2.05,0.1913009576635
0.0500000000000003,2.05,0.185551913850215
0.1,2.05,0.179911330555577
0.15,2.05,0.174379670634887
0.2,2.05,0.168957290192767
0.25,2.05,0.163644440188498
0.3,2.05,0.158441268198427
0.35,2.05,0.153347820328341
0.4,2.05,0.148364043268455
0.45,2.05,0.14348978648344
0.5,2.05,0.138724804529688
0.55,2.05,0.134068759491872
0.6,2.05,0.129521223530673
0.65,2.05,0.12508168153346
0.7,2.05,0.120749533859606
0.75,2.05,0.116524099172068
0.8,2.05,0.112404617346819
0.85,2.05,0.108390252451717
0.9,2.05,0.104480095786431
0.95,2.05,0.10067316897506
1,2.05,0.0969684271031832
1.05,2.05,0.0933647618911535
1.1,2.05,0.0898610048955827
1.15,2.05,0.0864559307310892
1.2,2.05,0.0831482603045559
1.25,2.05,0.0799366640543183
1.3,2.05,0.0768197651869079
1.35,2.05,0.0737961429041909
1.4,2.05,0.0708643356139762
1.45,2.05,0.0680228441174168
1.5,2.05,0.0652701347667884
1.55,2.05,0.0626046425875043
1.6,2.05,0.0600247743585109
1.65,2.05,0.0575289116455015
1.7,2.05,0.0551154137816889
1.75,2.05,0.0527826207911873
1.8,2.05,0.0505288562503668
1.85,2.05,0.0483524300828655
1.9,2.05,0.0462516412842625
1.95,2.05,0.0442247805727414
2,2.05,0.0422701329623959
2.05,2.05,0.0403859802561523
2.1,2.05,0.0385706034556066
2.15,2.05,0.0368222850853888
2.2,2.05,0.0351393114299846
2.25,2.05,0.0335199746812522
2.3,2.05,0.0319625749951751
2.35,2.05,0.03046542245669
2.4,2.05,0.0290268389517166
2.45,2.05,0.0276451599457974
2.5,2.05,0.0263187361690278
2.55,2.05,0.0250459352072194
2.6,2.05,0.0238251429994904
2.65,2.05,0.0226547652427199
2.7,2.05,0.0215332287035328
2.75,2.05,0.0204589824387006
2.8,2.05,0.0194304989250518
2.85,2.05,0.0184462751001806
2.9,2.05,0.0175048333154243
2.95,2.05,0.0166047222027529
3,2.05,0.015744517457371
3.05,2.05,0.014922822537979
3.1,2.05,0.0141382692867739
3.15,2.05,0.0133895184713905
3.2,2.05,0.0126752602510941
3.25,2.05,0.0119942145696317
3.3,2.05,0.0113451314772338
3.35,2.05,0.010726791384333
3.4,2.05,0.0101380052496266
3.45,2.05,0.00957761470516288
3.5,2.05,0.0090444921211693
3.55,2.05,0.0085375406133723
3.6,2.05,0.00805569399557788
3.65,2.05,0.00759791668029255
3.7,2.05,0.00716320353016562
3.75,2.05,0.00675057966302688
3.8,2.05,0.00635910021327772
3.85,2.05,0.00598785005237086
3.9,2.05,0.00563594347108301
3.95,2.05,0.00530252382624787
4,2.05,0.00498676315457265
4.05,2.05,0.00468786175611245
4.1,2.05,0.00440504774992124
4.15,2.05,0.00413757660433922
4.2,2.05,0.00388473064431142
4.25,2.05,0.00364581853806495
4.3,2.05,0.00342017476540016
4.35,2.05,0.0032071590697766
4.4,2.05,0.00300615589629734
4.45,2.05,0.0028165738176154
4.5,2.05,0.00263784494970527
4.55,2.05,0.00246942435935904
4.6,2.05,0.00231078946518364
4.65,2.05,0.00216143943379037
4.7,2.05,0.00202089457278387
4.75,2.05,0.00188869572207211
4.8,2.05,0.00176440364493485
4.85,2.05,0.00164759842020359
4.9,2.05,0.00153787883682297
4.95,2.05,0.0014348617919813
5,2.05,0.00133818169391701
5.05,2.05,0.00124748987042818
5.1,2.05,0.00116245398403483
5.15,2.05,0.00108275745466744
5.2,2.05,0.00100809889068148
5.25,2.05,0.000938191528925715
5.3,2.05,0.000872762684522766
5.35,2.05,0.00081155321095296
5.4,2.05,0.000754316970968027
5.45,2.05,0.000700820318798776
5.5,2.05,0.000650841594061393
5.55,2.05,0.000604170627709872
5.6,2.05,0.000560608260327774
5.65,2.05,0.000519965873000746
5.7,2.05,0.000482064930962231
5.75,2.05,0.000446736540158386
5.8,2.05,0.000413821016834514
5.85,2.05,0.000383167470204198
5.9,2.05,0.000354633398223832
5.95,2.05,0.000328084296459264
6,2.05,0.000303393279997841
-2,2.1,0.483013848795602
-1.95,2.1,0.474530396508127
-1.9,2.1,0.466058477544849
-1.85,2.1,0.457601911960283
-1.8,2.1,0.449164498976929
-1.75,2.1,0.440750011865773
-1.7,2.1,0.432362192885401
-1.65,2.1,0.424004748291007
-1.6,2.1,0.415681343424405
-1.55,2.1,0.407395597895874
-1.5,2.1,0.399151080868373
-1.45,2.1,0.390951306454362
-1.4,2.1,0.382799729235101
-1.35,2.1,0.374699739911914
-1.3,2.1,0.366654661098498
-1.25,2.1,0.35866774326294
-1.2,2.1,0.350742160827603
-1.15,2.1,0.342881008434612
-1.1,2.1,0.335087297384107
-1.05,2.1,0.327363952251973
-1,2.1,0.319713807693148
-0.95,2.1,0.312139605436116
-0.9,2.1,0.304643991473574
-0.85,2.1,0.297229513453727
-0.8,2.1,0.289898618276042
-0.75,2.1,0.282653649894721
-0.7,2.1,0.275496847332541
-0.65,2.1,0.268430342907141
-0.6,2.1,0.26145616067118
-0.55,2.1,0.25457621506726
-0.5,2.1,0.247792309797874
-0.45,2.1,0.241106136910058
-0.4,2.1,0.234519276093871
-0.35,2.1,0.228033194193253
-0.3,2.1,0.221649244927231
-0.25,2.1,0.215368668818961
-0.2,2.1,0.209192593329517
-0.15,2.1,0.203122033192865
-0.0999999999999999,2.1,0.197157890947967
-0.0499999999999998,2.1,0.1913009576635
0,2.1,0.185551913850215
0.0500000000000003,2.1,0.179911330555577
0.1,2.1,0.174379670634887
0.15,2.1,0.168957290192767
0.2,2.1,0.163644440188498
0.25,2.1,0.158441268198427
0.3,2.1,0.153347820328341
0.35,2.1,0.148364043268455
0.4,2.1,0.14348978648344
0.45,2.1,0.138724804529688
0.5,2.1,0.134068759491872
0.55,2.1,0.129521223530673
0.6,2.1,0.12508168153346
0.65,2.1,0.120749533859606
0.7,2.1,0.116524099172068
0.75,2.1,0.112404617346819
0.8,2.1,0.108390252451717
0.85,2.1,0.104480095786431
0.9,2.1,0.10067316897506
0.95,2.1,0.0969684271031832
1,2.1,0.0933647618911535
1.05,2.1,0.0898610048955827
1.1,2.1,0.0864559307310892
1.15,2.1,0.0831482603045559
1.2,2.1,0.0799366640543182
1.25,2.1,0.0768197651869079
1.3,2.1,0.0737961429041909
1.35,2.1,0.0708643356139762
1.4,2.1,0.0680228441174168
1.45,2.1,0.0652701347667884
1.5,2.1,0.0626046425875043
1.55,2.1,0.0600247743585109
1.6,2.1,0.0575289116455015
1.65,2.1,0.0551154137816889
1.7,2.1,0.0527826207911873
1.75,2.1,0.0505288562503668
1.8,2.1,0.0483524300828655
1.85,2.1,0.0462516412842625
1.9,2.1,0.0442247805727414
1.95,2.1,0.0422701329623959
2,2.1,0.0403859802561523
2.05,2.1,0.0385706034556066
2.1,2.1,0.0368222850853888
2.15,2.1,0.0351393114299846
2.2,2.1,0.0335199746812522
2.25,2.1,0.0319625749951751
2.3,2.1,0.03046542245669
2.35,2.1,0.0290268389517166
2.4,2.1,0.0276451599457974
2.45,2.1,0.0263187361690278
2.5,2.1,0.0250459352072194
2.55,2.1,0.0238251429994904
2.6,2.1,0.0226547652427199
2.65,2.1,0.0215332287035328
2.7,2.1,0.0204589824387006
2.75,2.1,0.0194304989250518
2.8,2.1,0.0184462751001806
2.85,2.1,0.0175048333154243
2.9,2.1,0.0166047222027529
2.95,2.1,0.0157445174573709
3,2.1,0.014922822537979
3.05,2.1,0.0141382692867739
3.1,2.1,0.0133895184713905
3.15,2.1,0.0126752602510941
3.2,2.1,0.0119942145696317
3.25,2.1,0.0113451314772339
3.3,2.1,0.010726791384333
3.35,2.1,0.0101380052496266
3.4,2.1,0.00957761470516288
3.45,2.1,0.0090444921211693
3.5,2.1,0.0085375406133723
3.55,2.1,0.00805569399557787
3.6,2.1,0.00759791668029255
3.65,2.1,0.00716320353016561
3.7,2.1,0.00675057966302688
3.75,2.1,0.00635910021327773
3.8,2.1,0.00598785005237086
3.85,2.1,0.00563594347108301
3.9,2.1,0.00530252382624787
3.95,2.1,0.00498676315457265
4,2.1,0.00468786175611245
4.05,2.1,0.00440504774992124
4.1,2.1,0.00413757660433921
4.15,2.1,0.00388473064431142
4.2,2.1,0.00364581853806495
4.25,2.1,0.00342017476540016
4.3,2.1,0.0032071590697766
4.35,2.1,0.00300615589629734
4.4,2.1,0.0028165738176154
4.45,2.1,0.00263784494970527
4.5,2.1,0.00246942435935905
4.55,2.1,0.00231078946518364
4.6,2.1,0.00216143943379037
4.65,2.1,0.00202089457278386
4.7,2.1,0.00188869572207211
4.75,2.1,0.00176440364493485
4.8,2.1,0.00164759842020359
4.85,2.1,0.00153787883682297
4.9,2.1,0.0014348617919813
4.95,2.1,0.00133818169391701
5,2.1,0.00124748987042818
5.05,2.1,0.00116245398403483
5.1,2.1,0.00108275745466744
5.15,2.1,0.00100809889068148
5.2,2.1,0.000938191528925716
5.25,2.1,0.000872762684522766
5.3,2.1,0.000811553210952962
5.35,2.1,0.000754316970968027
5.4,2.1,0.000700820318798776
5.45,2.1,0.000650841594061393
5.5,2.1,0.000604170627709873
5.55,2.1,0.000560608260327774
5.6,2.1,0.000519965873000746
5.65,2.1,0.000482064930962231
5.7,2.1,0.000446736540158386
5.75,2.1,0.000413821016834515
5.8,2.1,0.000383167470204199
5.85,2.1,0.000354633398223832
5.9,2.1,0.000328084296459264
5.95,2.1,0.000303393279997841
6,2.1,0.00028044071832811
-2,2.15,0.474530396508127
-1.95,2.15,0.466058477544849
-1.9,2.15,0.457601911960283
-1.85,2.15,0.449164498976929
-1.8,2.15,0.440750011865773
-1.75,2.15,0.432362192885401
-1.7,2.15,0.424004748291007
-1.65,2.15,0.415681343424405
-1.6,2.15,0.407395597895874
-1.55,2.15,0.399151080868373
-1.5,2.15,0.390951306454362
-1.45,2.15,0.382799729235101
-1.4,2.15,0.374699739911913
-1.35,2.15,0.366654661098498
-1.3,2.15,0.35866774326294
-1.25,2.15,0.350742160827603
-1.2,2.15,0.342881008434612
-1.15,2.15,0.335087297384107
-1.1,2.15,0.327363952251973
-1.05,2.15,0.319713807693148
-1,2.15,0.312139605436116
-0.95,2.15,0.304643991473574
-0.9,2.15,0.297229513453727
-0.85,2.15,0.289898618276042
-0.8,2.15,0.282653649894721
-0.75,2.15,0.275496847332541
-0.7,2.15,0.268430342907141
-0.65,2.15,0.26145616067118
-0.6,2.15,0.25457621506726
-0.55,2.15,0.247792309797874
-0.5,2.15,0.241106136910058
-0.45,2.15,0.234519276093871
-0.4,2.15,0.228033194193253
-0.35,2.15,0.221649244927231
-0.3,2.15,0.215368668818961
-0.25,2.15,0.209192593329517
-0.2,2.15,0.203122033192865
-0.15,2.15,0.197157890947967
-0.0999999999999999,2.15,0.1913009576635
-0.0499999999999998,2.15,0.185551913850215
0,2.15,0.179911330555577
0.0500000000000003,2.15,0.174379670634887
0.1,2.15,0.168957290192767
0.15,2.15,0.163644440188498
0.2,2.15,0.158441268198427
0.25,2.15,0.153347820328341
0.3,2.15,0.148364043268455
0.35,2.15,0.14348978648344
0.4,2.15,0.138724804529688
0.45,2.15,0.134068759491872
0.5,2.15,0.129521223530673
0.55,2.15,0.12508168153346
0.6,2.15,0.120749533859606
0.65,2.15,0.116524099172068
0.7,2.15,0.112404617346818
0.75,2.15,0.108390252451717
0.8,2.15,0.104480095786431
0.85,2.15,0.10067316897506
0.9,2.15,0.0969684271031832
0.95,2.15,0.0933647618911535
1,2.15,0.0898610048955827
1.05,2.15,0.0864559307310892
1.1,2.15,0.0831482603045559
1.15,2.15,0.0799366640543182
1.2,2.15,0.0768197651869078
1.25,2.15,0.0737961429041909
1.3,2.15,0.0708643356139761
1.35,2.15,0.0680228441174168
1.4,2.15,0.0652701347667884
1.45,2.15,0.0626046425875043
1.5,2.15,0.0600247743585109
1.55,2.15,0.0575289116455015
1.6,2.15,0.0551154137816889
1.65,2.15,0.0527826207911873
1.7,2.15,0.0505288562503667
1.75,2.15,0.0483524300828655
1.8,2.15,0.0462516412842625
1.85,2.15,0.0442247805727414
1.9,2.15,0.0422701329623959
1.95,2.15,0.0403859802561523
2,2.15,0.0385706034556066
2.05,2.15,0.0368222850853888
2.1,2.15,0.0351393114299846
2.15,2.15,0.0335199746812522
2.2,2.15,0.031962574995175
2.25,2.15,0.03046542245669
2.3,2.15,0.0290268389517166
2.35,2.15,0.0276451599457974
2.4,2.15,0.0263187361690278
2.45,2.15,0.0250459352072194
2.5,2.15,0.0238251429994904
2.55,2.15,0.0226547652427199
2.6,2.15,0.0215332287035328
2.65,2.15,0.0204589824387006
2.7,2.15,0.0194304989250518
2.75,2.15,0.0184462751001806
2.8,2.15,0.0175048333154243
2.85,2.15,0.0166047222027528
2.9,2.15,0.0157445174573709
2.95,2.15,0.014922822537979
3,2.15,0.0141382692867739
3.05,2.15,0.0133895184713905
3.1,2.15,0.0126752602510941
3.15,2.15,0.0119942145696317
3.2,2.15,0.0113451314772338
3.25,2.15,0.010726791384333
3.3,2.15,0.0101380052496266
3.35,2.15,0.00957761470516287
3.4,2.15,0.0090444921211693
3.45,2.15,0.0085375406133723
3.5,2.15,0.00805569399557788
3.55,2.15,0.00759791668029255
3.6,2.15,0.00716320353016561
3.65,2.15,0.00675057966302688
3.7,2.15,0.00635910021327773
3.75,2.15,0.00598785005237086
3.8,2.15,0.00563594347108301
3.85,2.15,0.00530252382624786
3.9,2.15,0.00498676315457265
3.95,2.15,0.00468786175611245
4,2.15,0.00440504774992124
4.05,2.15,0.00413757660433921
4.1,2.15,0.00388473064431142
4.15,2.15,0.00364581853806495
4.2,2.15,0.00342017476540016
4.25,2.15,0.0032071590697766
4.3,2.15,0.00300615589629734
4.35,2.15,0.0028165738176154
4.4,2.15,0.00263784494970526
4.45,2.15,0.00246942435935904
4.5,2.15,0.00231078946518364
4.55,2.15,0.00216143943379037
4.6,2.15,0.00202089457278386
4.65,2.15,0.00188869572207211
4.7,2.15,0.00176440364493485
4.75,2.15,0.00164759842020359
4.8,2.15,0.00153787883682296
4.85,2.15,0.0014348617919813
4.9,2.15,0.00133818169391701
4.95,2.15,0.00124748987042818
5,2.15,0.00116245398403483
5.05,2.15,0.00108275745466744
5.1,2.15,0.00100809889068148
5.15,2.15,0.000938191528925715
5.2,2.15,0.000872762684522766
5.25,2.15,0.00081155321095296
5.3,2.15,0.000754316970968027
5.35,2.15,0.000700820318798775
5.4,2.15,0.000650841594061392
5.45,2.15,0.000604170627709872
5.5,2.15,0.000560608260327774
5.55,2.15,0.000519965873000745
5.6,2.15,0.00048206493096223
5.65,2.15,0.000446736540158385
5.7,2.15,0.000413821016834514
5.75,2.15,0.000383167470204199
5.8,2.15,0.000354633398223832
5.85,2.15,0.000328084296459264
5.9,2.15,0.000303393279997841
5.95,2.15,0.00028044071832811
6,2.15,0.000259113883080821
-2,2.2,0.466058477544849
-1.95,2.2,0.457601911960283
-1.9,2.2,0.449164498976929
-1.85,2.2,0.440750011865773
-1.8,2.2,0.432362192885401
-1.75,2.2,0.424004748291007
-1.7,2.2,0.415681343424405
-1.65,2.2,0.407395597895874
-1.6,2.2,0.399151080868373
-1.55,2.2,0.390951306454362
-1.5,2.2,0.382799729235101
-1.45,2.2,0.374699739911914
-1.4,2.2,0.366654661098498
-1.35,2.2,0.35866774326294
-1.3,2.2,0.350742160827603
-1.25,2.2,0.342881008434612
-1.2,2.2,0.335087297384107
-1.15,2.2,0.327363952251973
-1.1,2.2,0.319713807693148
-1.05,2.2,0.312139605436116
-1,2.2,0.304643991473574
-0.95,2.2,0.297229513453727
-0.9,2.2,0.289898618276042
-0.85,2.2,0.282653649894721
-0.8,2.2,0.275496847332541
-0.75,2.2,0.268430342907141
-0.7,2.2,0.26145616067118
-0.65,2.2,0.25457621506726
-0.6,2.2,0.247792309797874
-0.55,2.2,0.241106136910058
-0.5,2.2,0.234519276093871
-0.45,2.2,0.228033194193253
-0.4,2.2,0.221649244927231
-0.35,2.2,0.215368668818961
-0.3,2.2,0.209192593329517
-0.25,2.2,0.203122033192865
-0.2,2.2,0.197157890947967
-0.15,2.2,0.1913009576635
-0.0999999999999999,2.2,0.185551913850215
-0.0499999999999998,2.2,0.179911330555577
0,2.2,0.174379670634887
0.0500000000000003,2.2,0.168957290192767
0.1,2.2,0.163644440188498
0.15,2.2,0.158441268198427
0.2,2.2,0.153347820328341
0.25,2.2,0.148364043268455
0.3,2.2,0.14348978648344
0.35,2.2,0.138724804529688
0.4,2.2,0.134068759491872
0.45,2.2,0.129521223530673
0.5,2.2,0.12508168153346
0.55,2.2,0.120749533859606
0.6,2.2,0.116524099172068
0.65,2.2,0.112404617346818
0.7,2.2,0.108390252451717
0.75,2.2,0.104480095786431
0.8,2.2,0.10067316897506
0.85,2.2,0.0969684271031832
0.9,2.2,0.0933647618911535
0.95,2.2,0.0898610048955827
1,2.2,0.0864559307310892
1.05,2.2,0.0831482603045558
1.1,2.2,0.0799366640543182
1.15,2.2,0.0768197651869078
1.2,2.2,0.0737961429041909
1.25,2.2,0.0708643356139762
1.3,2.2,0.0680228441174168
1.35,2.2,0.0652701347667884
1.4,2.2,0.0626046425875043
1.45,2.2,0.0600247743585109
1.5,2.2,0.0575289116455015
1.55,2.2,0.0551154137816889
1.6,2.2,0.0527826207911873
1.65,2.2,0.0505288562503667
1.7,2.2,0.0483524300828655
1.75,2.2,0.0462516412842625
1.8,2.2,0.0442247805727414
1.85,2.2,0.0422701329623959
1.9,2.2,0.0403859802561523
1.95,2.2,0.0385706034556066
2,2.2,0.0368222850853888
2.05,2.2,0.0351393114299846
2.1,2.2,0.0335199746812522
2.15,2.2,0.031962574995175
2.2,2.2,0.03046542245669
2.25,2.2,0.0290268389517166
2.3,2.2,0.0276451599457974
2.35,2.2,0.0263187361690278
2.4,2.2,0.0250459352072194
2.45,2.2,0.0238251429994904
2.5,2.2,0.0226547652427199
2.55,2.2,0.0215332287035328
2.6,2.2,0.0204589824387006
2.65,2.2,0.0194304989250518
2.7,2.2,0.0184462751001806
2.75,2.2,0.0175048333154243
2.8,2.2,0.0166047222027528
2.85,2.2,0.0157445174573709
2.9,2.2,0.014922822537979
2.95,2.2,0.0141382692867739
3,2.2,0.0133895184713905
3.05,2.2,0.0126752602510941
3.1,2.2,0.0119942145696317
3.15,2.2,0.0113451314772339
3.2,2.2,0.010726791384333
3.25,2.2,0.0101380052496266
3.3,2.2,0.00957761470516287
3.35,2.2,0.0090444921211693
3.4,2.2,0.0085375406133723
3.45,2.2,0.00805569399557788
3.5,2.2,0.00759791668029255
3.55,2.2,0.00716320353016561
3.6,2.2,0.00675057966302688
3.65,2.2,0.00635910021327772
3.7,2.2,0.00598785005237087
3.75,2.2,0.00563594347108301
3.8,2.2,0.00530252382624786
3.85,2.2,0.00498676315457265
3.9,2.2,0.00468786175611245
3.95,2.2,0.00440504774992124
4,2.2,0.00413757660433922
4.05,2.2,0.00388473064431142
4.1,2.2,0.00364581853806494
4.15,2.2,0.00342017476540016
4.2,2.2,0.0032071590697766
4.25,2.2,0.00300615589629734
4.3,2.2,0.0028165738176154
4.35,2.2,0.00263784494970526
4.4,2.2,0.00246942435935904
4.45,2.2,0.00231078946518364
4.5,2.2,0.00216143943379037
4.55,2.2,0.00202089457278386
4.6,2.2,0.00188869572207211
4.65,2.2,0.00176440364493485
4.7,2.2,0.00164759842020359
4.75,2.2,0.00153787883682297
4.8,2.2,0.0014348617919813
4.85,2.2,0.00133818169391701
4.9,2.2,0.00124748987042818
4.95,2.2,0.00116245398403483
5,2.2,0.00108275745466744
5.05,2.2,0.00100809889068148
5.1,2.2,0.000938191528925715
5.15,2.2,0.000872762684522766
5.2,2.2,0.000811553210952962
5.25,2.2,0.000754316970968027
5.3,2.2,0.000700820318798776
5.35,2.2,0.000650841594061392
5.4,2.2,0.000604170627709872
5.45,2.2,0.000560608260327774
5.5,2.2,0.000519965873000746
5.55,2.2,0.00048206493096223
5.6,2.2,0.000446736540158385
5.65,2.2,0.000413821016834514
5.7,2.2,0.000383167470204199
5.75,2.2,0.000354633398223833
5.8,2.2,0.000328084296459264
5.85,2.2,0.000303393279997841
5.9,2.2,0.00028044071832811
5.95,2.2,0.000259113883080821
6,2.2,0.000239306608498597
-2,2.25,0.457601911960283
-1.95,2.25,0.449164498976929
-1.9,2.25,0.440750011865773
-1.85,2.25,0.432362192885401
-1.8,2.25,0.424004748291007
-1.75,2.25,0.415681343424405
-1.7,2.25,0.407395597895874
-1.65,2.25,0.399151080868373
-1.6,2.25,0.390951306454362
-1.55,2.25,0.382799729235101
-1.5,2.25,0.374699739911914
-1.45,2.25,0.366654661098498
-1.4,2.25,0.35866774326294
-1.35,2.25,0.350742160827603
-1.3,2.25,0.342881008434612
-1.25,2.25,0.335087297384107
-1.2,2.25,0.327363952251973
-1.15,2.25,0.319713807693148
-1.1,2.25,0.312139605436116
-1.05,2.25,0.304643991473574
-1,2.25,0.297229513453727
-0.95,2.25,0.289898618276043
-0.9,2.25,0.282653649894721
-0.85,2.25,0.275496847332541
-0.8,2.25,0.268430342907141
-0.75,2.25,0.26145616067118
-0.7,2.25,0.25457621506726
-0.65,2.25,0.247792309797874
-0.6,2.25,0.241106136910058
-0.55,2.25,0.234519276093871
-0.5,2.25,0.228033194193253
-0.45,2.25,0.221649244927231
-0.4,2.25,0.215368668818961
-0.35,2.25,0.209192593329517
-0.3,2.25,0.203122033192865
-0.25,2.25,0.197157890947967
-0.2,2.25,0.1913009576635
-0.15,2.25,0.185551913850215
-0.0999999999999999,2.25,0.179911330555577
-0.0499999999999998,2.25,0.174379670634887
0,2.25,0.168957290192767
0.0500000000000003,2.25,0.163644440188498
0.1,2.25,0.158441268198427
0.15,2.25,0.153347820328341
0.2,2.25,0.148364043268455
0.25,2.25,0.14348978648344
0.3,2.25,0.138724804529688
0.35,2.25,0.134068759491872
0.4,2.25,0.129521223530673
0.45,2.25,0.12508168153346
0.5,2.25,0.120749533859606
0.55,2.25,0.116524099172068
0.6,2.25,0.112404617346819
0.65,2.25,0.108390252451717
0.7,2.25,0.104480095786431
0.75,2.25,0.10067316897506
0.8,2.25,0.0969684271031832
0.85,2.25,0.0933647618911535
0.9,2.25,0.0898610048955827
0.95,2.25,0.0864559307310892
1,2.25,0.0831482603045559
1.05,2.25,0.0799366640543182
1.1,2.25,0.0768197651869079
1.15,2.25,0.0737961429041909
1.2,2.25,0.0708643356139762
1.25,2.25,0.0680228441174168
1.3,2.25,0.0652701347667884
1.35,2.25,0.0626046425875043
1.4,2.25,0.0600247743585109
1.45,2.25,0.0575289116455015
1.5,2.25,0.0551154137816889
1.55,2.25,0.0527826207911873
1.6,2.25,0.0505288562503668
1.65,2.25,0.0483524300828655
1.7,2.25,0.0462516412842625
1.75,2.25,0.0442247805727414
1.8,2.25,0.0422701329623959
1.85,2.25,0.0403859802561523
1.9,2.25,0.0385706034556066
1.95,2.25,0.0368222850853888
2,2.25,0.0351393114299846
2.05,2.25,0.0335199746812522
2.1,2.25,0.031962574995175
2.15,2.25,0.03046542245669
2.2,2.25,0.0290268389517166
2.25,2.25,0.0276451599457974
2.3,2.25,0.0263187361690278
2.35,2.25,0.0250459352072194
2.4,2.25,0.0238251429994904
2.45,2.25,0.0226547652427199
2.5,2.25,0.0215332287035328
2.55,2.25,0.0204589824387006
2.6,2.25,0.0194304989250518
2.65,2.25,0.0184462751001806
2.7,2.25,0.0175048333154243
2.75,2.25,0.0166047222027529
2.8,2.25,0.0157445174573709
2.85,2.25,0.014922822537979
2.9,2.25,0.0141382692867739
2.95,2.25,0.0133895184713905
3,2.25,0.0126752602510941
3.05,2.25,0.0119942145696317
3.1,2.25,0.0113451314772339
3.15,2.25,0.010726791384333
3.2,2.25,0.0101380052496266
3.25,2.25,0.00957761470516288
3.3,2.25,0.0090444921211693
3.35,2.25,0.0085375406133723
3.4,2.25,0.00805569399557788
3.45,2.25,0.00759791668029255
3.5,2.25,0.00716320353016562
3.55,2.25,0.00675057966302688
3.6,2.25,0.00635910021327772
3.65,2.25,0.00598785005237087
3.7,2.25,0.00563594347108301
3.75,2.25,0.00530252382624787
3.8,2.25,0.00498676315457265
3.85,2.25,0.00468786175611245
3.9,2.25,0.00440504774992124
3.95,2.25,0.00413757660433922
4,2.25,0.00388473064431142
4.05,2.25,0.00364581853806495
4.1,2.25,0.00342017476540016
4.15,2.25,0.0032071590697766
4.2,2.25,0.00300615589629734
4.25,2.25,0.0028165738176154
4.3,2.25,0.00263784494970526
4.35,2.25,0.00246942435935904
4.4,2.25,0.00231078946518364
4.45,2.25,0.00216143943379037
4.5,2.25,0.00202089457278387
4.55,2.25,0.00188869572207211
4.6,2.25,0.00176440364493485
4.65,2.25,0.00164759842020359
4.7,2.25,0.00153787883682297
4.75,2.25,0.0014348617919813
4.8,2.25,0.00133818169391701
4.85,2.25,0.00124748987042818
4.9,2.25,0.00116245398403483
4.95,2.25,0.00108275745466744
5,2.25,0.00100809889068148
5.05,2.25,0.000938191528925715
5.1,2.25,0.000872762684522766
5.15,2.25,0.000811553210952962
5.2,2.25,0.000754316970968028
5.25,2.25,0.000700820318798776
5.3,2.25,0.000650841594061393
5.35,2.25,0.000604170627709872
5.4,2.25,0.000560608260327774
5.45,2.25,0.000519965873000746
5.5,2.25,0.000482064930962231
5.55,2.25,0.000446736540158385
5.6,2.25,0.000413821016834514
5.65,2.25,0.000383167470204199
5.7,2.25,0.000354633398223833
5.75,2.25,0.000328084296459265
5.8,2.25,0.000303393279997841
5.85,2.25,0.00028044071832811
5.9,2.25,0.000259113883080821
5.95,2.25,0.000239306608498597
6,2.25,0.000220918964477557
-2,2.3,0.449164498976929
-1.95,2.3,0.440750011865773
-1.9,2.3,0.432362192885401
-1.85,2.3,0.424004748291007
-1.8,2.3,0.415681343424405
-1.75,2.3,0.407395597895874
-1.7,2.3,0.399151080868373
-1.65,2.3,0.390951306454362
-1.6,2.3,0.382799729235101
-1.55,2.3,0.374699739911914
-1.5,2.3,0.366654661098498
-1.45,2.3,0.35866774326294
-1.4,2.3,0.350742160827603
-1.35,2.3,0.342881008434612
-1.3,2.3,0.335087297384107
-1.25,2.3,0.327363952251973
-1.2,2.3,0.319713807693148
-1.15,2.3,0.312139605436116
-1.1,2.3,0.304643991473574
-1.05,2.3,0.297229513453727
-1,2.3,0.289898618276043
-0.95,2.3,0.282653649894721
-0.9,2.3,0.275496847332541
-0.85,2.3,0.268430342907141
-0.8,2.3,0.26145616067118
-0.75,2.3,0.25457621506726
-0.7,2.3,0.247792309797874
-0.65,2.3,0.241106136910058
-0.6,2.3,0.234519276093871
-0.55,2.3,0.228033194193253
-0.5,2.3,0.221649244927231
-0.45,2.3,0.215368668818961
-0.4,2.3,0.209192593329517
-0.35,2.3,0.203122033192865
-0.3,2.3,0.197157890947967
-0.25,2.3,0.1913009576635
-0.2,2.3,0.185551913850215
-0.15,2.3,0.179911330555577
-0.0999999999999999,2.3,0.174379670634887
-0.0499999999999998,2.3,0.168957290192767
0,2.3,0.163644440188498
0.0500000000000003,2.3,0.158441268198427
0.1,2.3,0.153347820328341
0.15,2.3,0.148364043268456
0.2,2.3,0.14348978648344
0.25,2.3,0.138724804529688
0.3,2.3,0.134068759491872
0.35,2.3,0.129521223530673
0.4,2.3,0.12508168153346
0.45,2.3,0.120749533859606
0.5,2.3,0.116524099172068
0.55,2.3,0.112404617346819
0.6,2.3,0.108390252451717
0.65,2.3,0.104480095786431
0.7,2.3,0.10067316897506
0.75,2.3,0.0969684271031832
0.8,2.3,0.0933647618911535
0.85,2.3,0.0898610048955827
0.9,2.3,0.0864559307310892
0.95,2.3,0.0831482603045559
1,2.3,0.0799366640543183
1.05,2.3,0.0768197651869079
1.1,2.3,0.0737961429041909
1.15,2.3,0.0708643356139762
1.2,2.3,0.0680228441174168
1.25,2.3,0.0652701347667884
1.3,2.3,0.0626046425875043
1.35,2.3,0.0600247743585109
1.4,2.3,0.0575289116455015
1.45,2.3,0.0551154137816889
1.5,2.3,0.0527826207911873
1.55,2.3,0.0505288562503668
1.6,2.3,0.0483524300828655
1.65,2.3,0.0462516412842625
1.7,2.3,0.0442247805727414
1.75,2.3,0.0422701329623959
1.8,2.3,0.0403859802561523
1.85,2.3,0.0385706034556066
1.9,2.3,0.0368222850853888
1.95,2.3,0.0351393114299846
2,2.3,0.0335199746812522
2.05,2.3,0.0319625749951751
2.1,2.3,0.03046542245669
2.15,2.3,0.0290268389517166
2.2,2.3,0.0276451599457974
2.25,2.3,0.0263187361690278
2.3,2.3,0.0250459352072194
2.35,2.3,0.0238251429994904
2.4,2.3,0.0226547652427199
2.45,2.3,0.0215332287035328
2.5,2.3,0.0204589824387006
2.55,2.3,0.0194304989250518
2.6,2.3,0.0184462751001806
2.65,2.3,0.0175048333154243
2.7,2.3,0.0166047222027529
2.75,2.3,0.015744517457371
2.8,2.3,0.014922822537979
2.85,2.3,0.0141382692867739
2.9,2.3,0.0133895184713905
2.95,2.3,0.0126752602510941
3,2.3,0.0119942145696317
3.05,2.3,0.0113451314772338
3.1,2.3,0.010726791384333
3.15,2.3,0.0101380052496266
3.2,2.3,0.00957761470516288
3.25,2.3,0.0090444921211693
3.3,2.3,0.0085375406133723
3.35,2.3,0.00805569399557788
3.4,2.3,0.00759791668029255
3.45,2.3,0.00716320353016562
3.5,2.3,0.00675057966302688
3.55,2.3,0.00635910021327772
3.6,2.3,0.00598785005237086
3.65,2.3,0.00563594347108301
3.7,2.3,0.00530252382624787
3.75,2.3,0.00498676315457265
3.8,2.3,0.00468786175611245
3.85,2.3,0.00440504774992124
3.9,2.3,0.00413757660433922
3.95,2.3,0.00388473064431142
4,2.3,0.00364581853806495
4.05,2.3,0.00342017476540016
4.1,2.3,0.0032071590697766
4.15,2.3,0.00300615589629734
4.2,2.3,0.0028165738176154
4.25,2.3,0.00263784494970527
4.3,2.3,0.00246942435935904
4.35,2.3,0.00231078946518364
4.4,2.3,0.00216143943379037
4.45,2.3,0.00202089457278387
4.5,2.3,0.00188869572207211
4.55,2.3,0.00176440364493485
4.6,2.3,0.00164759842020359
4.65,2.3,0.00153787883682297
4.7,2.3,0.0014348617919813
4.75,2.3,0.00133818169391701
4.8,2.3,0.00124748987042818
4.85,2.3,0.00116245398403483
4.9,2.3,0.00108275745466744
4.95,2.3,0.00100809889068148
5,2.3,0.000938191528925716
5.05,2.3,0.000872762684522766
5.1,2.3,0.000811553210952962
5.15,2.3,0.000754316970968028
5.2,2.3,0.000700820318798777
5.25,2.3,0.000650841594061393
5.3,2.3,0.000604170627709873
5.35,2.3,0.000560608260327774
5.4,2.3,0.000519965873000746
5.45,2.3,0.000482064930962231
5.5,2.3,0.000446736540158386
5.55,2.3,0.000413821016834514
5.6,2.3,0.000383167470204199
5.65,2.3,0.000354633398223833
5.7,2.3,0.000328084296459265
5.75,2.3,0.000303393279997842
5.8,2.3,0.00028044071832811
5.85,2.3,0.000259113883080821
5.9,2.3,0.000239306608498597
5.95,2.3,0.000220918964477557
6,2.3,0.000203856942002351
-2,2.35,0.440750011865773
-1.95,2.35,0.432362192885401
-1.9,2.35,0.424004748291007
-1.85,2.35,0.415681343424405
-1.8,2.35,0.407395597895874
-1.75,2.35,0.399151080868373
-1.7,2.35,0.390951306454362
-1.65,2.35,0.382799729235101
-1.6,2.35,0.374699739911914
-1.55,2.35,0.366654661098498
-1.5,2.35,0.35866774326294
-1.45,2.35,0.350742160827603
-1.4,2.35,0.342881008434612
-1.35,2.35,0.335087297384107
-1.3,2.35,0.327363952251973
-1.25,2.35,0.319713807693148
-1.2,2.35,0.312139605436116
-1.15,2.35,0.304643991473574
-1.1,2.35,0.297229513453727
-1.05,2.35,0.289898618276043
-1,2.35,0.282653649894721
-0.95,2.35,0.275496847332541
-0.9,2.35,0.268430342907141
-0.85,2.35,0.26145616067118
-0.8,2.35,0.25457621506726
-0.75,2.35,0.247792309797874
-0.7,2.35,0.241106136910058
-0.65,2.35,0.234519276093871
-0.6,2.35,0.228033194193253
-0.55,2.35,0.221649244927231
-0.5,2.35,0.215368668818961
-0.45,2.35,0.209192593329517
-0.4,2.35,0.203122033192865
-0.35,2.35,0.197157890947967
-0.3,2.35,0.1913009576635
-0.25,2.35,0.185551913850215
-0.2,2.35,0.179911330555577
-0.15,2.35,0.174379670634887
-0.0999999999999999,2.35,0.168957290192767
-0.0499999999999998,2.35,0.163644440188498
0,2.35,0.158441268198427
0.0500000000000003,2.35,0.153347820328341
0.1,2.35,0.148364043268456
0.15,2.35,0.14348978648344
0.2,2.35,0.138724804529688
0.25,2.35,0.134068759491872
0.3,2.35,0.129521223530673
0.35,2.35,0.12508168153346
0.4,2.35,0.120749533859606
0.45,2.35,0.116524099172068
0.5,2.35,0.112404617346819
0.55,2.35,0.108390252451717
0.6,2.35,0.104480095786431
0.65,2.35,0.10067316897506
0.7,2.35,0.0969684271031832
0.75,2.35,0.0933647618911535
0.8,2.35,0.0898610048955827
0.85,2.35,0.0864559307310892
0.9,2.35,0.0831482603045559
0.95,2.35,0.0799366640543183
1,2.35,0.0768197651869079
1.05,2.35,0.0737961429041909
1.1,2.35,0.0708643356139762
1.15,2.35,0.0680228441174168
1.2,2.35,0.0652701347667884
1.25,2.35,0.0626046425875043
1.3,2.35,0.0600247743585109
1.35,2.35,0.0575289116455015
1.4,2.35,0.0551154137816889
1.45,2.35,0.0527826207911873
1.5,2.35,0.0505288562503668
1.55,2.35,0.0483524300828655
1.6,2.35,0.0462516412842625
1.65,2.35,0.0442247805727414
1.7,2.35,0.0422701329623959
1.75,2.35,0.0403859802561523
1.8,2.35,0.0385706034556066
1.85,2.35,0.0368222850853888
1.9,2.35,0.0351393114299846
1.95,2.35,0.0335199746812522
2,2.35,0.0319625749951751
2.05,2.35,0.03046542245669
2.1,2.35,0.0290268389517166
2.15,2.35,0.0276451599457974
2.2,2.35,0.0263187361690278
2.25,2.35,0.0250459352072194
2.3,2.35,0.0238251429994904
2.35,2.35,0.0226547652427199
2.4,2.35,0.0215332287035328
2.45,2.35,0.0204589824387006
2.5,2.35,0.0194304989250518
2.55,2.35,0.0184462751001806
2.6,2.35,0.0175048333154243
2.65,2.35,0.0166047222027529
2.7,2.35,0.015744517457371
2.75,2.35,0.014922822537979
2.8,2.35,0.0141382692867739
2.85,2.35,0.0133895184713905
2.9,2.35,0.0126752602510941
2.95,2.35,0.0119942145696317
3,2.35,0.0113451314772339
3.05,2.35,0.010726791384333
3.1,2.35,0.0101380052496266
3.15,2.35,0.00957761470516288
3.2,2.35,0.0090444921211693
3.25,2.35,0.00853754061337231
3.3,2.35,0.00805569399557788
3.35,2.35,0.00759791668029255
3.4,2.35,0.00716320353016562
3.45,2.35,0.00675057966302688
3.5,2.35,0.00635910021327773
3.55,2.35,0.00598785005237086
3.6,2.35,0.00563594347108301
3.65,2.35,0.00530252382624787
3.7,2.35,0.00498676315457265
3.75,2.35,0.00468786175611245
3.8,2.35,0.00440504774992123
3.85,2.35,0.00413757660433922
3.9,2.35,0.00388473064431142
3.95,2.35,0.00364581853806495
4,2.35,0.00342017476540016
4.05,2.35,0.0032071590697766
4.1,2.35,0.00300615589629734
4.15,2.35,0.0028165738176154
4.2,2.35,0.00263784494970527
4.25,2.35,0.00246942435935905
4.3,2.35,0.00231078946518364
4.35,2.35,0.00216143943379037
4.4,2.35,0.00202089457278387
4.45,2.35,0.00188869572207211
4.5,2.35,0.00176440364493486
4.55,2.35,0.00164759842020359
4.6,2.35,0.00153787883682297
4.65,2.35,0.0014348617919813
4.7,2.35,0.00133818169391701
4.75,2.35,0.00124748987042818
4.8,2.35,0.00116245398403483
4.85,2.35,0.00108275745466744
4.9,2.35,0.00100809889068148
4.95,2.35,0.000938191528925716
5,2.35,0.000872762684522766
5.05,2.35,0.00081155321095296
5.1,2.35,0.000754316970968028
5.15,2.35,0.000700820318798776
5.2,2.35,0.000650841594061394
5.25,2.35,0.000604170627709873
5.3,2.35,0.000560608260327774
5.35,2.35,0.000519965873000745
5.4,2.35,0.000482064930962231
5.45,2.35,0.000446736540158385
5.5,2.35,0.000413821016834515
5.55,2.35,0.000383167470204199
5.6,2.35,0.000354633398223832
5.65,2.35,0.000328084296459265
5.7,2.35,0.000303393279997841
5.75,2.35,0.000280440718328111
5.8,2.35,0.000259113883080821
5.85,2.35,0.000239306608498597
5.9,2.35,0.000220918964477557
5.95,2.35,0.000203856942002351
6,2.35,0.000188032150776256
-2,2.4,0.432362192885401
-1.95,2.4,0.424004748291007
-1.9,2.4,0.415681343424405
-1.85,2.4,0.407395597895874
-1.8,2.4,0.399151080868373
-1.75,2.4,0.390951306454362
-1.7,2.4,0.382799729235101
-1.65,2.4,0.374699739911913
-1.6,2.4,0.366654661098498
-1.55,2.4,0.35866774326294
-1.5,2.4,0.350742160827603
-1.45,2.4,0.342881008434612
-1.4,2.4,0.335087297384107
-1.35,2.4,0.327363952251973
-1.3,2.4,0.319713807693148
-1.25,2.4,0.312139605436116
-1.2,2.4,0.304643991473573
-1.15,2.4,0.297229513453727
-1.1,2.4,0.289898618276042
-1.05,2.4,0.282653649894721
-1,2.4,0.275496847332541
-0.95,2.4,0.268430342907141
-0.9,2.4,0.26145616067118
-0.85,2.4,0.25457621506726
-0.8,2.4,0.247792309797874
-0.75,2.4,0.241106136910058
-0.7,2.4,0.234519276093871
-0.65,2.4,0.228033194193253
-0.6,2.4,0.221649244927231
-0.55,2.4,0.215368668818961
-0.5,2.4,0.209192593329517
-0.45,2.4,0.203122033192865
-0.4,2.4,0.197157890947967
-0.35,2.4,0.1913009576635
-0.3,2.4,0.185551913850215
-0.25,2.4,0.179911330555577
-0.2,2.4,0.174379670634887
-0.15,2.4,0.168957290192767
-0.0999999999999999,2.4,0.163644440188497
-0.0499999999999998,2.4,0.158441268198427
0,2.4,0.153347820328341
0.0500000000000003,2.4,0.148364043268455
0.1,2.4,0.14348978648344
0.15,2.4,0.138724804529688
0.2,2.4,0.134068759491872
0.25,2.4,0.129521223530673
0.3,2.4,0.12508168153346
0.35,2.4,0.120749533859606
0.4,2.4,0.116524099172068
0.45,2.4,0.112404617346818
0.5,2.4,0.108390252451716
0.55,2.4,0.104480095786431
0.6,2.4,0.10067316897506
0.65,2.4,0.0969684271031832
0.7,2.4,0.0933647618911535
0.75,2.4,0.0898610048955827
0.8,2.4,0.0864559307310891
0.85,2.4,0.0831482603045558
0.9,2.4,0.0799366640543182
0.95,2.4,0.0768197651869078
1,2.4,0.0737961429041908
1.05,2.4,0.0708643356139761
1.1,2.4,0.0680228441174168
1.15,2.4,0.0652701347667884
1.2,2.4,0.0626046425875042
1.25,2.4,0.0600247743585109
1.3,2.4,0.0575289116455015
1.35,2.4,0.0551154137816889
1.4,2.4,0.0527826207911873
1.45,2.4,0.0505288562503667
1.5,2.4,0.0483524300828655
1.55,2.4,0.0462516412842624
1.6,2.4,0.0442247805727414
1.65,2.4,0.0422701329623958
1.7,2.4,0.0403859802561523
1.75,2.4,0.0385706034556066
1.8,2.4,0.0368222850853888
1.85,2.4,0.0351393114299846
1.9,2.4,0.0335199746812522
1.95,2.4,0.031962574995175
2,2.4,0.03046542245669
2.05,2.4,0.0290268389517166
2.1,2.4,0.0276451599457974
2.15,2.4,0.0263187361690278
2.2,2.4,0.0250459352072194
2.25,2.4,0.0238251429994904
2.3,2.4,0.0226547652427199
2.35,2.4,0.0215332287035328
2.4,2.4,0.0204589824387005
2.45,2.4,0.0194304989250518
2.5,2.4,0.0184462751001806
2.55,2.4,0.0175048333154243
2.6,2.4,0.0166047222027528
2.65,2.4,0.0157445174573709
2.7,2.4,0.014922822537979
2.75,2.4,0.0141382692867739
2.8,2.4,0.0133895184713905
2.85,2.4,0.0126752602510941
2.9,2.4,0.0119942145696317
2.95,2.4,0.0113451314772338
3,2.4,0.010726791384333
3.05,2.4,0.0101380052496266
3.1,2.4,0.00957761470516287
3.15,2.4,0.0090444921211693
3.2,2.4,0.00853754061337229
3.25,2.4,0.00805569399557788
3.3,2.4,0.00759791668029255
3.35,2.4,0.00716320353016561
3.4,2.4,0.00675057966302688
3.45,2.4,0.00635910021327772
3.5,2.4,0.00598785005237086
3.55,2.4,0.00563594347108301
3.6,2.4,0.00530252382624786
3.65,2.4,0.00498676315457265
3.7,2.4,0.00468786175611245
3.75,2.4,0.00440504774992123
3.8,2.4,0.00413757660433921
3.85,2.4,0.00388473064431142
3.9,2.4,0.00364581853806494
3.95,2.4,0.00342017476540016
4,2.4,0.0032071590697766
4.05,2.4,0.00300615589629733
4.1,2.4,0.0028165738176154
4.15,2.4,0.00263784494970526
4.2,2.4,0.00246942435935904
4.25,2.4,0.00231078946518364
4.3,2.4,0.00216143943379037
4.35,2.4,0.00202089457278386
4.4,2.4,0.00188869572207211
4.45,2.4,0.00176440364493485
4.5,2.4,0.00164759842020359
4.55,2.4,0.00153787883682297
4.6,2.4,0.0014348617919813
4.65,2.4,0.00133818169391701
4.7,2.4,0.00124748987042818
4.75,2.4,0.00116245398403483
4.8,2.4,0.00108275745466744
4.85,2.4,0.00100809889068148
4.9,2.4,0.000938191528925713
4.95,2.4,0.000872762684522766
5,2.4,0.00081155321095296
5.05,2.4,0.000754316970968027
5.1,2.4,0.000700820318798776
5.15,2.4,0.000650841594061392
5.2,2.4,0.000604170627709873
5.25,2.4,0.000560608260327774
5.3,2.4,0.000519965873000745
5.35,2.4,0.000482064930962229
5.4,2.4,0.000446736540158385
5.45,2.4,0.000413821016834513
5.5,2.4,0.000383167470204199
5.55,2.4,0.000354633398223832
5.6,2.4,0.000328084296459264
5.65,2.4,0.000303393279997841
5.7,2.4,0.00028044071832811
5.75,2.4,0.000259113883080821
5.8,2.4,0.000239306608498597
5.85,2.4,0.000220918964477557
5.9,2.4,0.000203856942002351
5.95,2.4,0.000188032150776256
6,2.4,0.000173361528830266
-2,2.45,0.424004748291007
-1.95,2.45,0.415681343424405
-1.9,2.45,0.407395597895874
-1.85,2.45,0.399151080868373
-1.8,2.45,0.390951306454362
-1.75,2.45,0.382799729235101
-1.7,2.45,0.374699739911913
-1.65,2.45,0.366654661098498
-1.6,2.45,0.35866774326294
-1.55,2.45,0.350742160827603
-1.5,2.45,0.342881008434612
-1.45,2.45,0.335087297384107
-1.4,2.45,0.327363952251973
-1.35,2.45,0.319713807693148
-1.3,2.45,0.312139605436116
-1.25,2.45,0.304643991473574
-1.2,2.45,0.297229513453727
-1.15,2.45,0.289898618276042
-1.1,2.45,0.282653649894721
-1.05,2.45,0.275496847332541
-1,2.45,0.268430342907141
-0.95,2.45,0.26145616067118
-0.9,2.45,0.25457621506726
-0.85,2.45,0.247792309797874
-0.8,2.45,0.241106136910058
-0.75,2.45,0.234519276093871
-0.7,2.45,0.228033194193253
-0.65,2.45,0.221649244927231
-0.6,2.45,0.215368668818961
-0.55,2.45,0.209192593329517
-0.5,2.45,0.203122033192865
-0.45,2.45,0.197157890947967
-0.4,2.45,0.1913009576635
-0.35,2.45,0.185551913850215
-0.3,2.45,0.179911330555577
-0.25,2.45,0.174379670634887
-0.2,2.45,0.168957290192767
-0.15,2.45,0.163644440188498
-0.0999999999999999,2.45,0.158441268198427
-0.0499999999999998,2.45,0.153347820328341
0,2.45,0.148364043268455
0.0500000000000003,2.45,0.14348978648344
0.1,2.45,0.138724804529688
0.15,2.45,0.134068759491872
0.2,2.45,0.129521223530673
0.25,2.45,0.12508168153346
0.3,2.45,0.120749533859606
0.35,2.45,0.116524099172068
0.4,2.45,0.112404617346818
0.45,2.45,0.108390252451716
0.5,2.45,0.104480095786431
0.55,2.45,0.10067316897506
0.6,2.45,0.0969684271031832
0.65,2.45,0.0933647618911535
0.7,2.45,0.0898610048955827
0.75,2.45,0.0864559307310892
0.8,2.45,0.0831482603045558
0.85,2.45,0.0799366640543182
0.9,2.45,0.0768197651869078
0.95,2.45,0.0737961429041909
1,2.45,0.0708643356139761
1.05,2.45,0.0680228441174168
1.1,2.45,0.0652701347667884
1.15,2.45,0.0626046425875043
1.2,2.45,0.0600247743585109
1.25,2.45,0.0575289116455015
1.3,2.45,0.0551154137816889
1.35,2.45,0.0527826207911873
1.4,2.45,0.0505288562503667
1.45,2.45,0.0483524300828655
1.5,2.45,0.0462516412842625
1.55,2.45,0.0442247805727414
1.6,2.45,0.0422701329623959
1.65,2.45,0.0403859802561523
1.7,2.45,0.0385706034556066
1.75,2.45,0.0368222850853888
1.8,2.45,0.0351393114299846
1.85,2.45,0.0335199746812522
1.9,2.45,0.031962574995175
1.95,2.45,0.03046542245669
2,2.45,0.0290268389517166
2.05,2.45,0.0276451599457974
2.1,2.45,0.0263187361690278
2.15,2.45,0.0250459352072194
2.2,2.45,0.0238251429994904
2.25,2.45,0.0226547652427199
2.3,2.45,0.0215332287035328
2.35,2.45,0.0204589824387006
2.4,2.45,0.0194304989250518
2.45,2.45,0.0184462751001806
2.5,2.45,0.0175048333154243
2.55,2.45,0.0166047222027529
2.6,2.45,0.0157445174573709
2.65,2.45,0.014922822537979
2.7,2.45,0.0141382692867739
2.75,2.45,0.0133895184713905
2.8,2.45,0.0126752602510941
2.85,2.45,0.0119942145696317
2.9,2.45,0.0113451314772339
2.95,2.45,0.010726791384333
3,2.45,0.0101380052496266
3.05,2.45,0.00957761470516287
3.1,2.45,0.0090444921211693
3.15,2.45,0.0085375406133723
3.2,2.45,0.00805569399557788
3.25,2.45,0.00759791668029255
3.3,2.45,0.00716320353016561
3.35,2.45,0.00675057966302688
3.4,2.45,0.00635910021327772
3.45,2.45,0.00598785005237087
3.5,2.45,0.00563594347108301
3.55,2.45,0.00530252382624786
3.6,2.45,0.00498676315457265
3.65,2.45,0.00468786175611245
3.7,2.45,0.00440504774992124
3.75,2.45,0.00413757660433922
3.8,2.45,0.00388473064431142
3.85,2.45,0.00364581853806494
3.9,2.45,0.00342017476540016
3.95,2.45,0.0032071590697766
4,2.45,0.00300615589629734
4.05,2.45,0.0028165738176154
4.1,2.45,0.00263784494970526
4.15,2.45,0.00246942435935904
4.2,2.45,0.00231078946518364
4.25,2.45,0.00216143943379037
4.3,2.45,0.00202089457278386
4.35,2.45,0.00188869572207211
4.4,2.45,0.00176440364493485
4.45,2.45,0.00164759842020359
4.5,2.45,0.00153787883682297
4.55,2.45,0.0014348617919813
4.6,2.45,0.00133818169391701
4.65,2.45,0.00124748987042818
4.7,2.45,0.00116245398403483
4.75,2.45,0.00108275745466744
4.8,2.45,0.00100809889068148
4.85,2.45,0.000938191528925713
4.9,2.45,0.000872762684522766
4.95,2.45,0.00081155321095296
5,2.45,0.000754316970968028
5.05,2.45,0.000700820318798776
5.1,2.45,0.000650841594061392
5.15,2.45,0.000604170627709873
5.2,2.45,0.000560608260327774
5.25,2.45,0.000519965873000745
5.3,2.45,0.000482064930962231
5.35,2.45,0.000446736540158385
5.4,2.45,0.000413821016834513
5.45,2.45,0.000383167470204199
5.5,2.45,0.000354633398223832
5.55,2.45,0.000328084296459264
5.6,2.45,0.000303393279997841
5.65,2.45,0.00028044071832811
5.7,2.45,0.000259113883080821
5.75,2.45,0.000239306608498597
5.8,2.45,0.000220918964477557
5.85,2.45,0.000203856942002351
5.9,2.45,0.000188032150776256
5.95,2.45,0.000173361528830266
6,2.45,0.000159767063879277
-2,2.5,0.415681343424405
-1.95,2.5,0.407395597895874
-1.9,2.5,0.399151080868373
-1.85,2.5,0.390951306454362
-1.8,2.5,0.382799729235101
-1.75,2.5,0.374699739911914
-1.7,2.5,0.366654661098498
-1.65,2.5,0.35866774326294
-1.6,2.5,0.350742160827603
-1.55,2.5,0.342881008434612
-1.5,2.5,0.335087297384107
-1.45,2.5,0.327363952251973
-1.4,2.5,0.319713807693148
-1.35,2.5,0.312139605436116
-1.3,2.5,0.304643991473574
-1.25,2.5,0.297229513453727
-1.2,2.5,0.289898618276043
-1.15,2.5,0.282653649894721
-1.1,2.5,0.275496847332541
-1.05,2.5,0.268430342907141
-1,2.5,0.26145616067118
-0.95,2.5,0.25457621506726
-0.9,2.5,0.247792309797874
-0.85,2.5,0.241106136910058
-0.8,2.5,0.234519276093871
-0.75,2.5,0.228033194193253
-0.7,2.5,0.221649244927231
-0.65,2.5,0.215368668818961
-0.6,2.5,0.209192593329517
-0.55,2.5,0.203122033192865
-0.5,2.5,0.197157890947967
-0.45,2.5,0.1913009576635
-0.4,2.5,0.185551913850215
-0.35,2.5,0.179911330555577
-0.3,2.5,0.174379670634887
-0.25,2.5,0.168957290192767
-0.2,2.5,0.163644440188498
-0.15,2.5,0.158441268198427
-0.0999999999999999,2.5,0.153347820328341
-0.0499999999999998,2.5,0.148364043268455
0,2.5,0.14348978648344
0.0500000000000003,2.5,0.138724804529688
0.1,2.5,0.134068759491872
0.15,2.5,0.129521223530673
0.2,2.5,0.12508168153346
0.25,2.5,0.120749533859606
0.3,2.5,0.116524099172068
0.35,2.5,0.112404617346819
0.4,2.5,0.108390252451717
0.45,2.5,0.104480095786431
0.5,2.5,0.10067316897506
0.55,2.5,0.0969684271031832
0.6,2.5,0.0933647618911535
0.65,2.5,0.0898610048955827
0.7,2.5,0.0864559307310892
0.75,2.5,0.0831482603045559
0.8,2.5,0.0799366640543182
0.85,2.5,0.0768197651869079
0.9,2.5,0.0737961429041909
0.95,2.5,0.0708643356139762
1,2.5,0.0680228441174168
1.05,2.5,0.0652701347667884
1.1,2.5,0.0626046425875043
1.15,2.5,0.0600247743585109
1.2,2.5,0.0575289116455015
1.25,2.5,0.0551154137816889
1.3,2.5,0.0527826207911873
1.35,2.5,0.0505288562503668
1.4,2.5,0.0483524300828655
1.45,2.5,0.0462516412842625
1.5,2.5,0.0442247805727414
1.55,2.5,0.0422701329623959
1.6,2.5,0.0403859802561523
1.65,2.5,0.0385706034556066
1.7,2.5,0.0368222850853888
1.75,2.5,0.0351393114299846
1.8,2.5,0.0335199746812522
1.85,2.5,0.0319625749951751
1.9,2.5,0.03046542245669
1.95,2.5,0.0290268389517166
2,2.5,0.0276451599457974
2.05,2.5,0.0263187361690278
2.1,2.5,0.0250459352072194
2.15,2.5,0.0238251429994904
2.2,2.5,0.0226547652427199
2.25,2.5,0.0215332287035328
2.3,2.5,0.0204589824387006
2.35,2.5,0.0194304989250518
2.4,2.5,0.0184462751001806
2.45,2.5,0.0175048333154243
2.5,2.5,0.0166047222027529
2.55,2.5,0.015744517457371
2.6,2.5,0.014922822537979
2.65,2.5,0.0141382692867739
2.7,2.5,0.0133895184713905
2.75,2.5,0.0126752602510941
2.8,2.5,0.0119942145696317
2.85,2.5,0.0113451314772339
2.9,2.5,0.010726791384333
2.95,2.5,0.0101380052496266
3,2.5,0.00957761470516288
3.05,2.5,0.0090444921211693
3.1,2.5,0.0085375406133723
3.15,2.5,0.00805569399557788
3.2,2.5,0.00759791668029255
3.25,2.5,0.00716320353016562
3.3,2.5,0.00675057966302688
3.35,2.5,0.00635910021327772
3.4,2.5,0.00598785005237087
3.45,2.5,0.00563594347108301
3.5,2.5,0.00530252382624787
3.55,2.5,0.00498676315457265
3.6,2.5,0.00468786175611245
3.65,2.5,0.00440504774992124
3.7,2.5,0.00413757660433922
3.75,2.5,0.00388473064431142
3.8,2.5,0.00364581853806494
3.85,2.5,0.00342017476540016
3.9,2.5,0.0032071590697766
3.95,2.5,0.00300615589629734
4,2.5,0.0028165738176154
4.05,2.5,0.00263784494970526
4.1,2.5,0.00246942435935904
4.15,2.5,0.00231078946518364
4.2,2.5,0.00216143943379037
4.25,2.5,0.00202089457278387
4.3,2.5,0.00188869572207211
4.35,2.5,0.00176440364493485
4.4,2.5,0.00164759842020359
4.45,2.5,0.00153787883682297
4.5,2.5,0.0014348617919813
4.55,2.5,0.00133818169391701
4.6,2.5,0.00124748987042818
4.65,2.5,0.00116245398403483
4.7,2.5,0.00108275745466744
4.75,2.5,0.00100809889068148
4.8,2.5,0.000938191528925713
4.85,2.5,0.000872762684522766
4.9,2.5,0.00081155321095296
4.95,2.5,0.000754316970968028
5,2.5,0.000700820318798776
5.05,2.5,0.000650841594061392
5.1,2.5,0.000604170627709873
5.15,2.5,0.000560608260327774
5.2,2.5,0.000519965873000747
5.25,2.5,0.000482064930962231
5.3,2.5,0.000446736540158385
5.35,2.5,0.000413821016834513
5.4,2.5,0.000383167470204199
5.45,2.5,0.000354633398223832
5.5,2.5,0.000328084296459265
5.55,2.5,0.000303393279997841
5.6,2.5,0.00028044071832811
5.65,2.5,0.000259113883080821
5.7,2.5,0.000239306608498597
5.75,2.5,0.000220918964477558
5.8,2.5,0.000203856942002351
5.85,2.5,0.000188032150776256
5.9,2.5,0.000173361528830266
5.95,2.5,0.000159767063879277
6,2.5,0.000147175526179499
-2,2.55,0.407395597895874
-1.95,2.55,0.399151080868373
-1.9,2.55,0.390951306454362
-1.85,2.55,0.382799729235101
-1.8,2.55,0.374699739911914
-1.75,2.55,0.366654661098498
-1.7,2.55,0.35866774326294
-1.65,2.55,0.350742160827603
-1.6,2.55,0.342881008434612
-1.55,2.55,0.335087297384107
-1.5,2.55,0.327363952251973
-1.45,2.55,0.319713807693148
-1.4,2.55,0.312139605436116
-1.35,2.55,0.304643991473574
-1.3,2.55,0.297229513453727
-1.25,2.55,0.289898618276043
-1.2,2.55,0.282653649894721
-1.15,2.55,0.275496847332541
-1.1,2.55,0.268430342907141
-1.05,2.55,0.26145616067118
-1,2.55,0.25457621506726
-0.95,2.55,0.247792309797874
-0.9,2.55,0.241106136910058
-0.85,2.55,0.234519276093871
-0.8,2.55,0.228033194193253
-0.75,2.55,0.221649244927231
-0.7,2.55,0.215368668818961
-0.65,2.55,0.209192593329517
-0.6,2.55,0.203122033192865
-0.55,2.55,0.197157890947967
-0.5,2.55,0.1913009576635
-0.45,2.55,0.185551913850215
-0.4,2.55,0.179911330555577
-0.35,2.55,0.174379670634887
-0.3,2.55,0.168957290192767
-0.25,2.55,0.163644440188498
-0.2,2.55,0.158441268198427
-0.15,2.55,0.153347820328341
-0.0999999999999999,2.55,0.148364043268456
-0.0499999999999998,2.55,0.14348978648344
0,2.55,0.138724804529688
0.0500000000000003,2.55,0.134068759491872
0.1,2.55,0.129521223530673
0.15,2.55,0.12508168153346
0.2,2.55,0.120749533859606
0.25,2.55,0.116524099172068
0.3,2.55,0.112404617346819
0.35,2.55,0.108390252451717
0.4,2.55,0.104480095786431
0.45,2.55,0.10067316897506
0.5,2.55,0.0969684271031832
0.55,2.55,0.0933647618911535
0.6,2.55,0.0898610048955827
0.65,2.55,0.0864559307310892
0.7,2.55,0.0831482603045559
0.75,2.55,0.0799366640543183
0.8,2.55,0.0768197651869079
0.85,2.55,0.0737961429041909
0.9,2.55,0.0708643356139762
0.95,2.55,0.0680228441174168
1,2.55,0.0652701347667884
1.05,2.55,0.0626046425875043
1.1,2.55,0.0600247743585109
1.15,2.55,0.0575289116455015
1.2,2.55,0.0551154137816889
1.25,2.55,0.0527826207911873
1.3,2.55,0.0505288562503668
1.35,2.55,0.0483524300828655
1.4,2.55,0.0462516412842625
1.45,2.55,0.0442247805727414
1.5,2.55,0.0422701329623959
1.55,2.55,0.0403859802561523
1.6,2.55,0.0385706034556066
1.65,2.55,0.0368222850853888
1.7,2.55,0.0351393114299846
1.75,2.55,0.0335199746812522
1.8,2.55,0.0319625749951751
1.85,2.55,0.03046542245669
1.9,2.55,0.0290268389517166
1.95,2.55,0.0276451599457974
2,2.55,0.0263187361690278
2.05,2.55,0.0250459352072194
2.1,2.55,0.0238251429994904
2.15,2.55,0.0226547652427199
2.2,2.55,0.0215332287035328
2.25,2.55,0.0204589824387006
2.3,2.55,0.0194304989250518
2.35,2.55,0.0184462751001806
2.4,2.55,0.0175048333154243
2.45,2.55,0.0166047222027529
2.5,2.55,0.015744517457371
2.55,2.55,0.014922822537979
2.6,2.55,0.0141382692867739
2.65,2.55,0.0133895184713905
2.7,2.55,0.0126752602510941
2.75,2.55,0.0119942145696318
2.8,2.55,0.0113451314772339
2.85,2.55,0.010726791384333
2.9,2.55,0.0101380052496266
2.95,2.55,0.00957761470516288
3,2.55,0.0090444921211693
3.05,2.55,0.0085375406133723
3.1,2.55,0.00805569399557788
3.15,2.55,0.00759791668029255
3.2,2.55,0.00716320353016562
3.25,2.55,0.00675057966302688
3.3,2.55,0.00635910021327772
3.35,2.55,0.00598785005237087
3.4,2.55,0.00563594347108301
3.45,2.55,0.00530252382624787
3.5,2.55,0.00498676315457265
3.55,2.55,0.00468786175611245
3.6,2.55,0.00440504774992124
3.65,2.55,0.00413757660433922
3.7,2.55,0.00388473064431142
3.75,2.55,0.00364581853806495
3.8,2.55,0.00342017476540016
3.85,2.55,0.0032071590697766
3.9,2.55,0.00300615589629734
3.95,2.55,0.0028165738176154
4,2.55,0.00263784494970527
4.05,2.55,0.00246942435935905
4.1,2.55,0.00231078946518364
4.15,2.55,0.00216143943379037
4.2,2.55,0.00202089457278387
4.25,2.55,0.00188869572207211
4.3,2.55,0.00176440364493485
4.35,2.55,0.00164759842020359
4.4,2.55,0.00153787883682297
4.45,2.55,0.0014348617919813
4.5,2.55,0.00133818169391701
4.55,2.55,0.00124748987042818
4.6,2.55,0.00116245398403483
4.65,2.55,0.00108275745466744
4.7,2.55,0.00100809889068148
4.75,2.55,0.000938191528925716
4.8,2.55,0.000872762684522766
4.85,2.55,0.00081155321095296
4.9,2.55,0.000754316970968028
4.95,2.55,0.000700820318798776
5,2.55,0.000650841594061394
5.05,2.55,0.000604170627709873
5.1,2.55,0.000560608260327774
5.15,2.55,0.000519965873000747
5.2,2.55,0.000482064930962231
5.25,2.55,0.000446736540158385
5.3,2.55,0.000413821016834515
5.35,2.55,0.000383167470204199
5.4,2.55,0.000354633398223832
5.45,2.55,0.000328084296459265
5.5,2.55,0.000303393279997841
5.55,2.55,0.00028044071832811
5.6,2.55,0.000259113883080821
5.65,2.55,0.000239306608498597
5.7,2.55,0.000220918964477558
5.75,2.55,0.000203856942002351
5.8,2.55,0.000188032150776256
5.85,2.55,0.000173361528830266
5.9,2.55,0.000159767063879277
5.95,2.55,0.000147175526179499
6,2.55,0.000135518212629062
-2,2.6,0.399151080868373
-1.95,2.6,0.390951306454362
-1.9,2.6,0.382799729235101
-1.85,2.6,0.374699739911914
-1.8,2.6,0.366654661098498
-1.75,2.6,0.35866774326294
-1.7,2.6,0.350742160827603
-1.65,2.6,0.342881008434612
-1.6,2.6,0.335087297384107
-1.55,2.6,0.327363952251973
-1.5,2.6,0.319713807693148
-1.45,2.6,0.312139605436116
-1.4,2.6,0.304643991473574
-1.35,2.6,0.297229513453727
-1.3,2.6,0.289898618276043
-1.25,2.6,0.282653649894721
-1.2,2.6,0.275496847332541
-1.15,2.6,0.268430342907141
-1.1,2.6,0.26145616067118
-1.05,2.6,0.25457621506726
-1,2.6,0.247792309797874
-0.95,2.6,0.241106136910058
-0.9,2.6,0.234519276093871
-0.85,2.6,0.228033194193253
-0.8,2.6,0.221649244927231
-0.75,2.6,0.215368668818961
-0.7,2.6,0.209192593329517
-0.65,2.6,0.203122033192865
-0.6,2.6,0.197157890947967
-0.55,2.6,0.1913009576635
-0.5,2.6,0.185551913850215
-0.45,2.6,0.179911330555577
-0.4,2.6,0.174379670634887
-0.35,2.6,0.168957290192767
-0.3,2.6,0.163644440188498
-0.25,2.6,0.158441268198427
-0.2,2.6,0.153347820328341
-0.15,2.6,0.148364043268456
-0.0999999999999999,2.6,0.14348978648344
-0.0499999999999998,2.6,0.138724804529688
0,2.6,0.134068759491872
0.0500000000000003,2.6,0.129521223530673
0.1,2.6,0.12508168153346
0.15,2.6,0.120749533859606
0.2,2.6,0.116524099172068
0.25,2.6,0.112404617346819
0.3,2.6,0.108390252451717
0.35,2.6,0.104480095786431
0.4,2.6,0.10067316897506
0.45,2.6,0.0969684271031832
0.5,2.6,0.0933647618911535
0.55,2.6,0.0898610048955827
0.6,2.6,0.0864559307310892
0.65,2.6,0.0831482603045559
0.7,2.6,0.0799366640543183
0.75,2.6,0.0768197651869079
0.8,2.6,0.0737961429041909
0.85,2.6,0.0708643356139762
0.9,2.6,0.0680228441174168
0.95,2.6,0.0652701347667884
1,2.6,0.0626046425875043
1.05,2.6,0.0600247743585109
1.1,2.6,0.0575289116455015
1.15,2.6,0.0551154137816889
1.2,2.6,0.0527826207911873
1.25,2.6,0.0505288562503668
1.3,2.6,0.0483524300828655
1.35,2.6,0.0462516412842625
1.4,2.6,0.0442247805727414
1.45,2.6,0.0422701329623959
1.5,2.6,0.0403859802561523
1.55,2.6,0.0385706034556066
1.6,2.6,0.0368222850853888
1.65,2.6,0.0351393114299846
1.7,2.6,0.0335199746812522
1.75,2.6,0.0319625749951751
1.8,2.6,0.03046542245669
1.85,2.6,0.0290268389517166
1.9,2.6,0.0276451599457974
1.95,2.6,0.0263187361690278
2,2.6,0.0250459352072194
2.05,2.6,0.0238251429994904
2.1,2.6,0.0226547652427199
2.15,2.6,0.0215332287035328
2.2,2.6,0.0204589824387006
2.25,2.6,0.0194304989250518
2.3,2.6,0.0184462751001806
2.35,2.6,0.0175048333154243
2.4,2.6,0.0166047222027528
2.45,2.6,0.015744517457371
2.5,2.6,0.014922822537979
2.55,2.6,0.0141382692867739
2.6,2.6,0.0133895184713905
2.65,2.6,0.0126752602510941
2.7,2.6,0.0119942145696317
2.75,2.6,0.0113451314772339
2.8,2.6,0.010726791384333
2.85,2.6,0.0101380052496266
2.9,2.6,0.00957761470516288
2.95,2.6,0.0090444921211693
3,2.6,0.00853754061337231
3.05,2.6,0.00805569399557788
3.1,2.6,0.00759791668029255
3.15,2.6,0.00716320353016562
3.2,2.6,0.00675057966302688
3.25,2.6,0.00635910021327773
3.3,2.6,0.00598785005237086
3.35,2.6,0.00563594347108301
3.4,2.6,0.00530252382624787
3.45,2.6,0.00498676315457265
3.5,2.6,0.00468786175611245
3.55,2.6,0.00440504774992123
3.6,2.6,0.00413757660433922
3.65,2.6,0.00388473064431142
3.7,2.6,0.00364581853806495
3.75,2.6,0.00342017476540016
3.8,2.6,0.0032071590697766
3.85,2.6,0.00300615589629734
3.9,2.6,0.0028165738176154
3.95,2.6,0.00263784494970527
4,2.6,0.00246942435935905
4.05,2.6,0.00231078946518364
4.1,2.6,0.00216143943379037
4.15,2.6,0.00202089457278387
4.2,2.6,0.00188869572207211
4.25,2.6,0.00176440364493486
4.3,2.6,0.00164759842020359
4.35,2.6,0.00153787883682297
4.4,2.6,0.0014348617919813
4.45,2.6,0.00133818169391701
4.5,2.6,0.00124748987042818
4.55,2.6,0.00116245398403483
4.6,2.6,0.00108275745466744
4.65,2.6,0.00100809889068148
4.7,2.6,0.000938191528925716
4.75,2.6,0.000872762684522766
4.8,2.6,0.00081155321095296
4.85,2.6,0.000754316970968027
4.9,2.6,0.000700820318798776
4.95,2.6,0.000650841594061393
5,2.6,0.000604170627709873
5.05,2.6,0.000560608260327774
5.1,2.6,0.000519965873000746
5.15,2.6,0.000482064930962231
5.2,2.6,0.000446736540158386
5.25,2.6,0.000413821016834514
5.3,2.6,0.000383167470204199
5.35,2.6,0.000354633398223832
5.4,2.6,0.000328084296459264
5.45,2.6,0.000303393279997841
5.5,2.6,0.00028044071832811
5.55,2.6,0.000259113883080821
5.6,2.6,0.000239306608498597
5.65,2.6,0.000220918964477557
5.7,2.6,0.000203856942002351
5.75,2.6,0.000188032150776256
5.8,2.6,0.000173361528830266
5.85,2.6,0.000159767063879277
5.9,2.6,0.000147175526179499
5.95,2.6,0.000135518212629061
6,2.6,0.000124730701843222
-2,2.65,0.390951306454362
-1.95,2.65,0.382799729235101
-1.9,2.65,0.374699739911914
-1.85,2.65,0.366654661098498
-1.8,2.65,0.35866774326294
-1.75,2.65,0.350742160827603
-1.7,2.65,0.342881008434612
-1.65,2.65,0.335087297384107
-1.6,2.65,0.327363952251973
-1.55,2.65,0.319713807693148
-1.5,2.65,0.312139605436116
-1.45,2.65,0.304643991473574
-1.4,2.65,0.297229513453727
-1.35,2.65,0.289898618276043
-1.3,2.65,0.282653649894721
-1.25,2.65,0.275496847332541
-1.2,2.65,0.268430342907141
-1.15,2.65,0.26145616067118
-1.1,2.65,0.25457621506726
-1.05,2.65,0.247792309797874
-1,2.65,0.241106136910058
-0.95,2.65,0.234519276093871
-0.9,2.65,0.228033194193253
-0.85,2.65,0.221649244927231
-0.8,2.65,0.215368668818961
-0.75,2.65,0.209192593329517
-0.7,2.65,0.203122033192865
-0.65,2.65,0.197157890947967
-0.6,2.65,0.1913009576635
-0.55,2.65,0.185551913850215
-0.5,2.65,0.179911330555577
-0.45,2.65,0.174379670634887
-0.4,2.65,0.168957290192767
-0.35,2.65,0.163644440188498
-0.3,2.65,0.158441268198427
-0.25,2.65,0.153347820328341
-0.2,2.65,0.148364043268455
-0.15,2.65,0.14348978648344
-0.0999999999999999,2.65,0.138724804529688
-0.0499999999999998,2.65,0.134068759491872
0,2.65,0.129521223530673
0.0500000000000003,2.65,0.12508168153346
0.1,2.65,0.120749533859606
0.15,2.65,0.116524099172068
0.2,2.65,0.112404617346818
0.25,2.65,0.108390252451717
0.3,2.65,0.104480095786431
0.35,2.65,0.10067316897506
0.4,2.65,0.0969684271031832
0.45,2.65,0.0933647618911535
0.5,2.65,0.0898610048955827
0.55,2.65,0.0864559307310892
0.6,2.65,0.0831482603045559
0.65,2.65,0.0799366640543182
0.7,2.65,0.0768197651869078
0.75,2.65,0.0737961429041909
0.8,2.65,0.0708643356139761
0.85,2.65,0.0680228441174168
0.9,2.65,0.0652701347667884
0.95,2.65,0.0626046425875043
1,2.65,0.0600247743585109
1.05,2.65,0.0575289116455015
1.1,2.65,0.0551154137816889
1.15,2.65,0.0527826207911873
1.2,2.65,0.0505288562503667
1.25,2.65,0.0483524300828655
1.3,2.65,0.0462516412842625
1.35,2.65,0.0442247805727414
1.4,2.65,0.0422701329623959
1.45,2.65,0.0403859802561523
1.5,2.65,0.0385706034556066
1.55,2.65,0.0368222850853888
1.6,2.65,0.0351393114299846
1.65,2.65,0.0335199746812522
1.7,2.65,0.0319625749951751
1.75,2.65,0.03046542245669
1.8,2.65,0.0290268389517166
1.85,2.65,0.0276451599457974
1.9,2.65,0.0263187361690278
1.95,2.65,0.0250459352072194
2,2.65,0.0238251429994904
2.05,2.65,0.0226547652427199
2.1,2.65,0.0215332287035328
2.15,2.65,0.0204589824387006
2.2,2.65,0.0194304989250518
2.25,2.65,0.0184462751001806
2.3,2.65,0.0175048333154243
2.35,2.65,0.0166047222027528
2.4,2.65,0.0157445174573709
2.45,2.65,0.014922822537979
2.5,2.65,0.0141382692867739
2.55,2.65,0.0133895184713905
2.6,2.65,0.0126752602510941
2.65,2.65,0.0119942145696317
2.7,2.65,0.0113451314772339
2.75,2.65,0.010726791384333
2.8,2.65,0.0101380052496266
2.85,2.65,0.00957761470516288
2.9,2.65,0.0090444921211693
2.95,2.65,0.0085375406133723
3,2.65,0.00805569399557788
3.05,2.65,0.00759791668029255
3.1,2.65,0.00716320353016561
3.15,2.65,0.00675057966302688
3.2,2.65,0.00635910021327772
3.25,2.65,0.00598785005237087
3.3,2.65,0.00563594347108301
3.35,2.65,0.00530252382624786
3.4,2.65,0.00498676315457265
3.45,2.65,0.00468786175611245
3.5,2.65,0.00440504774992124
3.55,2.65,0.00413757660433921
3.6,2.65,0.00388473064431142
3.65,2.65,0.00364581853806495
3.7,2.65,0.00342017476540016
3.75,2.65,0.0032071590697766
3.8,2.65,0.00300615589629733
3.85,2.65,0.0028165738176154
3.9,2.65,0.00263784494970526
3.95,2.65,0.00246942435935905
4,2.65,0.00231078946518364
4.05,2.65,0.00216143943379037
4.1,2.65,0.00202089457278386
4.15,2.65,0.00188869572207211
4.2,2.65,0.00176440364493485
4.25,2.65,0.00164759842020359
4.3,2.65,0.00153787883682297
4.35,2.65,0.0014348617919813
4.4,2.65,0.00133818169391701
4.45,2.65,0.00124748987042818
4.5,2.65,0.00116245398403483
4.55,2.65,0.00108275745466744
4.6,2.65,0.00100809889068148
4.65,2.65,0.000938191528925715
4.7,2.65,0.000872762684522766
4.75,2.65,0.00081155321095296
4.8,2.65,0.000754316970968027
4.85,2.65,0.000700820318798776
4.9,2.65,0.000650841594061392
4.95,2.65,0.000604170627709873
5,2.65,0.000560608260327774
5.05,2.65,0.000519965873000745
5.1,2.65,0.000482064930962231
5.15,2.65,0.000446736540158385
5.2,2.65,0.000413821016834515
5.25,2.65,0.000383167470204199
5.3,2.65,0.000354633398223832
5.35,2.65,0.000328084296459264
5.4,2.65,0.000303393279997841
5.45,2.65,0.00028044071832811
5.5,2.65,0.000259113883080821
5.55,2.65,0.000239306608498597
5.6,2.65,0.000220918964477557
5.65,2.65,0.000203856942002351
5.7,2.65,0.000188032150776256
5.75,2.65,0.000173361528830267
5.8,2.65,0.000159767063879277
5.85,2.65,0.000147175526179499
5.9,2.65,0.000135518212629061
5.95,2.65,0.000124730701843222
6,2.65,0.000114752619926707
-2,2.7,0.382799729235101
-1.95,2.7,0.374699739911913
-1.9,2.7,0.366654661098498
-1.85,2.7,0.35866774326294
-1.8,2.7,0.350742160827603
-1.75,2.7,0.342881008434612
-1.7,2.7,0.335087297384107
-1.65,2.7,0.327363952251973
-1.6,2.7,0.319713807693148
-1.55,2.7,0.312139605436116
-1.5,2.7,0.304643991473574
-1.45,2.7,0.297229513453727
-1.4,2.7,0.289898618276042
-1.35,2.7,0.282653649894721
-1.3,2.7,0.275496847332541
-1.25,2.7,0.268430342907141
-1.2,2.7,0.26145616067118
-1.15,2.7,0.25457621506726
-1.1,2.7,0.247792309797874
-1.05,2.7,0.241106136910058
-1,2.7,0.234519276093871
-0.95,2.7,0.228033194193253
-0.9,2.7,0.221649244927231
-0.85,2.7,0.215368668818961
-0.8,2.7,0.209192593329517
-0.75,2.7,0.203122033192865
-0.7,2.7,0.197157890947967
-0.65,2.7,0.1913009576635
-0.6,2.7,0.185551913850215
-0.55,2.7,0.179911330555577
-0.5,2.7,0.174379670634887
-0.45,2.7,0.168957290192767
-0.4,2.7,0.163644440188498
-0.35,2.7,0.158441268198427
-0.3,2.7,0.153347820328341
-0.25,2.7,0.148364043268455
-0.2,2.7,0.14348978648344
-0.15,2.7,0.138724804529688
-0.0999999999999999,2.7,0.134068759491872
-0.0499999999999998,2.7,0.129521223530673
0,2.7,0.12508168153346
0.0500000000000003,2.7,0.120749533859606
0.1,2.7,0.116524099172068
0.15,2.7,0.112404617346818
0.2,2.7,0.108390252451716
0.25,2.7,0.104480095786431
0.3,2.7,0.10067316897506
0.35,2.7,0.0969684271031832
0.4,2.7,0.0933647618911535
0.45,2.7,0.0898610048955827
0.5,2.7,0.0864559307310892
0.55,2.7,0.0831482603045558
0.6,2.7,0.0799366640543182
0.65,2.7,0.0768197651869078
0.7,2.7,0.0737961429041909
0.75,2.7,0.0708643356139761
0.8,2.7,0.0680228441174168
0.85,2.7,0.0652701347667884
0.9,2.7,0.0626046425875043
0.95,2.7,0.0600247743585109
1,2.7,0.0575289116455015
1.05,2.7,0.0551154137816889
1.1,2.7,0.0527826207911873
1.15,2.7,0.0505288562503667
1.2,2.7,0.0483524300828655
1.25,2.7,0.0462516412842625
1.3,2.7,0.0442247805727414
1.35,2.7,0.0422701329623959
1.4,2.7,0.0403859802561523
1.45,2.7,0.0385706034556066
1.5,2.7,0.0368222850853888
1.55,2.7,0.0351393114299846
1.6,2.7,0.0335199746812522
1.65,2.7,0.031962574995175
1.7,2.7,0.03046542245669
1.75,2.7,0.0290268389517166
1.8,2.7,0.0276451599457974
1.85,2.7,0.0263187361690278
1.9,2.7,0.0250459352072194
1.95,2.7,0.0238251429994904
2,2.7,0.0226547652427199
2.05,2.7,0.0215332287035328
2.1,2.7,0.0204589824387005
2.15,2.7,0.0194304989250518
2.2,2.7,0.0184462751001806
2.25,2.7,0.0175048333154243
2.3,2.7,0.0166047222027529
2.35,2.7,0.0157445174573709
2.4,2.7,0.014922822537979
2.45,2.7,0.0141382692867739
2.5,2.7,0.0133895184713905
2.55,2.7,0.0126752602510941
2.6,2.7,0.0119942145696317
2.65,2.7,0.0113451314772339
2.7,2.7,0.010726791384333
2.75,2.7,0.0101380052496266
2.8,2.7,0.00957761470516287
2.85,2.7,0.0090444921211693
2.9,2.7,0.0085375406133723
2.95,2.7,0.00805569399557788
3,2.7,0.00759791668029255
3.05,2.7,0.00716320353016561
3.1,2.7,0.00675057966302688
3.15,2.7,0.00635910021327772
3.2,2.7,0.00598785005237086
3.25,2.7,0.00563594347108301
3.3,2.7,0.00530252382624786
3.35,2.7,0.00498676315457265
3.4,2.7,0.00468786175611245
3.45,2.7,0.00440504774992124
3.5,2.7,0.00413757660433922
3.55,2.7,0.00388473064431142
3.6,2.7,0.00364581853806494
3.65,2.7,0.00342017476540016
3.7,2.7,0.0032071590697766
3.75,2.7,0.00300615589629734
3.8,2.7,0.0028165738176154
3.85,2.7,0.00263784494970526
3.9,2.7,0.00246942435935904
3.95,2.7,0.00231078946518364
4,2.7,0.00216143943379037
4.05,2.7,0.00202089457278386
4.1,2.7,0.00188869572207211
4.15,2.7,0.00176440364493485
4.2,2.7,0.00164759842020359
4.25,2.7,0.00153787883682297
4.3,2.7,0.0014348617919813
4.35,2.7,0.00133818169391701
4.4,2.7,0.00124748987042818
4.45,2.7,0.00116245398403483
4.5,2.7,0.00108275745466744
4.55,2.7,0.00100809889068148
4.6,2.7,0.000938191528925713
4.65,2.7,0.000872762684522766
4.7,2.7,0.000811553210952962
4.75,2.7,0.000754316970968027
4.8,2.7,0.000700820318798775
4.85,2.7,0.000650841594061392
4.9,2.7,0.000604170627709872
4.95,2.7,0.000560608260327774
5,2.7,0.000519965873000746
5.05,2.7,0.00048206493096223
5.1,2.7,0.000446736540158385
5.15,2.7,0.000413821016834514
5.2,2.7,0.000383167470204199
5.25,2.7,0.000354633398223832
5.3,2.7,0.000328084296459264
5.35,2.7,0.000303393279997841
5.4,2.7,0.00028044071832811
5.45,2.7,0.000259113883080821
5.5,2.7,0.000239306608498597
5.55,2.7,0.000220918964477557
5.6,2.7,0.000203856942002351
5.65,2.7,0.000188032150776256
5.7,2.7,0.000173361528830266
5.75,2.7,0.000159767063879277
5.8,2.7,0.000147175526179499
5.85,2.7,0.000135518212629061
5.9,2.7,0.000124730701843222
5.95,2.7,0.000114752619926707
6,2.7,0.000105527416658265
-2,2.75,0.374699739911914
-1.95,2.75,0.366654661098498
-1.9,2.75,0.35866774326294
-1.85,2.75,0.350742160827603
-1.8,2.75,0.342881008434612
-1.75,2.75,0.335087297384107
-1.7,2.75,0.327363952251973
-1.65,2.75,0.319713807693148
-1.6,2.75,0.312139605436116
-1.55,2.75,0.304643991473574
-1.5,2.75,0.297229513453727
-1.45,2.75,0.289898618276043
-1.4,2.75,0.282653649894721
-1.35,2.75,0.275496847332541
-1.3,2.75,0.268430342907141
-1.25,2.75,0.26145616067118
-1.2,2.75,0.25457621506726
-1.15,2.75,0.247792309797874
-1.1,2.75,0.241106136910058
-1.05,2.75,0.234519276093871
-1,2.75,0.228033194193253
-0.95,2.75,0.221649244927231
-0.9,2.75,0.215368668818961
-0.85,2.75,0.209192593329517
-0.8,2.75,0.203122033192865
-0.75,2.75,0.197157890947967
-0.7,2.75,0.1913009576635
-0.65,2.75,0.185551913850215
-0.6,2.75,0.179911330555577
-0.55,2.75,0.174379670634887
-0.5,2.75,0.168957290192767
-0.45,2.75,0.163644440188498
-0.4,2.75,0.158441268198427
-0.35,2.75,0.153347820328341
-0.3,2.75,0.148364043268455
-0.25,2.75,0.14348978648344
-0.2,2.75,0.138724804529688
-0.15,2.75,0.134068759491872
-0.0999999999999999,2.75,0.129521223530673
-0.0499999999999998,2.75,0.12508168153346
0,2.75,0.120749533859606
0.0500000000000003,2.75,0.116524099172068
0.1,2.75,0.112404617346819
0.15,2.75,0.108390252451717
0.2,2.75,0.104480095786431
0.25,2.75,0.10067316897506
0.3,2.75,0.0969684271031832
0.35,2.75,0.0933647618911535
0.4,2.75,0.0898610048955827
0.45,2.75,0.0864559307310892
0.5,2.75,0.0831482603045559
0.55,2.75,0.0799366640543182
0.6,2.75,0.0768197651869079
0.65,2.75,0.0737961429041909
0.7,2.75,0.0708643356139762
0.75,2.75,0.0680228441174168
0.8,2.75,0.0652701347667884
0.85,2.75,0.0626046425875043
0.9,2.75,0.0600247743585109
0.95,2.75,0.0575289116455015
1,2.75,0.0551154137816889
1.05,2.75,0.0527826207911873
1.1,2.75,0.0505288562503668
1.15,2.75,0.0483524300828655
1.2,2.75,0.0462516412842625
1.25,2.75,0.0442247805727414
1.3,2.75,0.0422701329623959
1.35,2.75,0.0403859802561523
1.4,2.75,0.0385706034556066
1.45,2.75,0.0368222850853888
1.5,2.75,0.0351393114299846
1.55,2.75,0.0335199746812522
1.6,2.75,0.0319625749951751
1.65,2.75,0.03046542245669
1.7,2.75,0.0290268389517166
1.75,2.75,0.0276451599457974
1.8,2.75,0.0263187361690278
1.85,2.75,0.0250459352072194
1.9,2.75,0.0238251429994904
1.95,2.75,0.0226547652427199
2,2.75,0.0215332287035328
2.05,2.75,0.0204589824387006
2.1,2.75,0.0194304989250518
2.15,2.75,0.0184462751001806
2.2,2.75,0.0175048333154243
2.25,2.75,0.0166047222027529
2.3,2.75,0.015744517457371
2.35,2.75,0.014922822537979
2.4,2.75,0.0141382692867739
2.45,2.75,0.0133895184713905
2.5,2.75,0.0126752602510941
2.55,2.75,0.0119942145696318
2.6,2.75,0.0113451314772339
2.65,2.75,0.010726791384333
2.7,2.75,0.0101380052496266
2.75,2.75,0.00957761470516288
2.8,2.75,0.0090444921211693
2.85,2.75,0.0085375406133723
2.9,2.75,0.00805569399557788
2.95,2.75,0.00759791668029255
3,2.75,0.00716320353016562
3.05,2.75,0.00675057966302688
3.1,2.75,0.00635910021327772
3.15,2.75,0.00598785005237087
3.2,2.75,0.00563594347108301
3.25,2.75,0.00530252382624787
3.3,2.75,0.00498676315457265
3.35,2.75,0.00468786175611245
3.4,2.75,0.00440504774992124
3.45,2.75,0.00413757660433922
3.5,2.75,0.00388473064431142
3.55,2.75,0.00364581853806494
3.6,2.75,0.00342017476540016
3.65,2.75,0.0032071590697766
3.7,2.75,0.00300615589629734
3.75,2.75,0.0028165738176154
3.8,2.75,0.00263784494970526
3.85,2.75,0.00246942435935904
3.9,2.75,0.00231078946518364
3.95,2.75,0.00216143943379037
4,2.75,0.00202089457278387
4.05,2.75,0.00188869572207211
4.1,2.75,0.00176440364493485
4.15,2.75,0.00164759842020359
4.2,2.75,0.00153787883682297
4.25,2.75,0.0014348617919813
4.3,2.75,0.00133818169391701
4.35,2.75,0.00124748987042818
4.4,2.75,0.00116245398403483
4.45,2.75,0.00108275745466744
4.5,2.75,0.00100809889068148
4.55,2.75,0.000938191528925715
4.6,2.75,0.000872762684522766
4.65,2.75,0.00081155321095296
4.7,2.75,0.000754316970968028
4.75,2.75,0.000700820318798776
4.8,2.75,0.000650841594061392
4.85,2.75,0.000604170627709872
4.9,2.75,0.000560608260327774
4.95,2.75,0.000519965873000746
5,2.75,0.000482064930962231
5.05,2.75,0.000446736540158385
5.1,2.75,0.000413821016834514
5.15,2.75,0.000383167470204199
5.2,2.75,0.000354633398223833
5.25,2.75,0.000328084296459264
5.3,2.75,0.000303393279997841
5.35,2.75,0.00028044071832811
5.4,2.75,0.000259113883080821
5.45,2.75,0.000239306608498597
5.5,2.75,0.000220918964477557
5.55,2.75,0.000203856942002351
5.6,2.75,0.000188032150776256
5.65,2.75,0.000173361528830266
5.7,2.75,0.000159767063879277
5.75,2.75,0.0001471755261795
5.8,2.75,0.000135518212629061
5.85,2.75,0.000124730701843222
5.9,2.75,0.000114752619926707
5.95,2.75,0.000105527416658265
6,2.75,9.70021517965393e-05
-2,2.8,0.366654661098498
-1.95,2.8,0.35866774326294
-1.9,2.8,0.350742160827603
-1.85,2.8,0.342881008434612
-1.8,2.8,0.335087297384107
-1.75,2.8,0.327363952251973
-1.7,2.8,0.319713807693148
-1.65,2.8,0.312139605436116
-1.6,2.8,0.304643991473574
-1.55,2.8,0.297229513453727
-1.5,2.8,0.289898618276043
-1.45,2.8,0.282653649894721
-1.4,2.8,0.275496847332541
-1.35,2.8,0.268430342907141
-1.3,2.8,0.26145616067118
-1.25,2.8,0.25457621506726
-1.2,2.8,0.247792309797874
-1.15,2.8,0.241106136910058
-1.1,2.8,0.234519276093871
-1.05,2.8,0.228033194193253
-1,2.8,0.221649244927231
-0.95,2.8,0.215368668818961
-0.9,2.8,0.209192593329517
-0.85,2.8,0.203122033192865
-0.8,2.8,0.197157890947967
-0.75,2.8,0.1913009576635
-0.7,2.8,0.185551913850215
-0.65,2.8,0.179911330555577
-0.6,2.8,0.174379670634887
-0.55,2.8,0.168957290192767
-0.5,2.8,0.163644440188498
-0.45,2.8,0.158441268198427
-0.4,2.8,0.153347820328341
-0.35,2.8,0.148364043268456
-0.3,2.8,0.14348978648344
-0.25,2.8,0.138724804529688
-0.2,2.8,0.134068759491872
-0.15,2.8,0.129521223530673
-0.0999999999999999,2.8,0.12508168153346
-0.0499999999999998,2.8,0.120749533859606
0,2.8,0.116524099172068
0.0500000000000003,2.8,0.112404617346819
0.1,2.8,0.108390252451717
0.15,2.8,0.104480095786431
0.2,2.8,0.10067316897506
0.25,2.8,0.0969684271031832
0.3,2.8,0.0933647618911535
0.35,2.8,0.0898610048955827
0.4,2.8,0.0864559307310892
0.45,2.8,0.0831482603045559
0.5,2.8,0.0799366640543183
0.55,2.8,0.0768197651869079
0.6,2.8,0.0737961429041909
0.65,2.8,0.0708643356139762
0.7,2.8,0.0680228441174168
0.75,2.8,0.0652701347667884
0.8,2.8,0.0626046425875043
0.85,2.8,0.0600247743585109
0.9,2.8,0.0575289116455015
0.95,2.8,0.0551154137816889
1,2.8,0.0527826207911873
1.05,2.8,0.0505288562503668
1.1,2.8,0.0483524300828655
1.15,2.8,0.0462516412842625
1.2,2.8,0.0442247805727414
1.25,2.8,0.0422701329623959
1.3,2.8,0.0403859802561523
1.35,2.8,0.0385706034556066
1.4,2.8,0.0368222850853888
1.45,2.8,0.0351393114299846
1.5,2.8,0.0335199746812522
1.55,2.8,0.0319625749951751
1.6,2.8,0.03046542245669
1.65,2.8,0.0290268389517166
1.7,2.8,0.0276451599457974
1.75,2.8,0.0263187361690278
1.8,2.8,0.0250459352072194
1.85,2.8,0.0238251429994904
1.9,2.8,0.0226547652427199
1.95,2.8,0.0215332287035328
2,2.8,0.0204589824387006
2.05,2.8,0.0194304989250518
2.1,2.8,0.0184462751001806
2.15,2.8,0.0175048333154243
2.2,2.8,0.0166047222027529
2.25,2.8,0.015744517457371
2.3,2.8,0.014922822537979
2.35,2.8,0.0141382692867739
2.4,2.8,0.0133895184713905
2.45,2.8,0.0126752602510941
2.5,2.8,0.0119942145696318
2.55,2.8,0.0113451314772339
2.6,2.8,0.010726791384333
2.65,2.8,0.0101380052496266
2.7,2.8,0.00957761470516288
2.75,2.8,0.0090444921211693
2.8,2.8,0.0085375406133723
2.85,2.8,0.00805569399557788
2.9,2.8,0.00759791668029255
2.95,2.8,0.00716320353016562
3,2.8,0.00675057966302688
3.05,2.8,0.00635910021327772
3.1,2.8,0.00598785005237087
3.15,2.8,0.00563594347108301
3.2,2.8,0.00530252382624787
3.25,2.8,0.00498676315457265
3.3,2.8,0.00468786175611245
3.35,2.8,0.00440504774992124
3.4,2.8,0.00413757660433922
3.45,2.8,0.00388473064431142
3.5,2.8,0.00364581853806495
3.55,2.8,0.00342017476540016
3.6,2.8,0.0032071590697766
3.65,2.8,0.00300615589629734
3.7,2.8,0.0028165738176154
3.75,2.8,0.00263784494970527
3.8,2.8,0.00246942435935904
3.85,2.8,0.00231078946518364
3.9,2.8,0.00216143943379037
3.95,2.8,0.00202089457278387
4,2.8,0.00188869572207211
4.05,2.8,0.00176440364493485
4.1,2.8,0.00164759842020359
4.15,2.8,0.00153787883682297
4.2,2.8,0.0014348617919813
4.25,2.8,0.00133818169391701
4.3,2.8,0.00124748987042818
4.35,2.8,0.00116245398403483
4.4,2.8,0.00108275745466744
4.45,2.8,0.00100809889068148
4.5,2.8,0.000938191528925716
4.55,2.8,0.000872762684522766
4.6,2.8,0.00081155321095296
4.65,2.8,0.000754316970968028
4.7,2.8,0.000700820318798777
4.75,2.8,0.000650841594061393
4.8,2.8,0.000604170627709872
4.85,2.8,0.000560608260327774
4.9,2.8,0.000519965873000746
4.95,2.8,0.000482064930962231
5,2.8,0.000446736540158386
5.05,2.8,0.000413821016834514
5.1,2.8,0.000383167470204199
5.15,2.8,0.000354633398223833
5.2,2.8,0.000328084296459265
5.25,2.8,0.000303393279997841
5.3,2.8,0.00028044071832811
5.35,2.8,0.000259113883080821
5.4,2.8,0.000239306608498597
5.45,2.8,0.000220918964477557
5.5,2.8,0.000203856942002351
5.55,2.8,0.000188032150776256
5.6,2.8,0.000173361528830266
5.65,2.8,0.000159767063879277
5.7,2.8,0.0001471755261795
5.75,2.8,0.000135518212629062
5.8,2.8,0.000124730701843222
5.85,2.8,0.000114752619926707
5.9,2.8,0.000105527416658265
5.95,2.8,9.70021517965393e-05
6,2.8,8.91272912117115e-05
-2,2.85,0.35866774326294
-1.95,2.85,0.350742160827603
-1.9,2.85,0.342881008434612
-1.85,2.85,0.335087297384107
-1.8,2.85,0.327363952251973
-1.75,2.85,0.319713807693148
-1.7,2.85,0.312139605436116
-1.65,2.85,0.304643991473574
-1.6,2.85,0.297229513453727
-1.55,2.85,0.289898618276043
-1.5,2.85,0.282653649894721
-1.45,2.85,0.275496847332541
-1.4,2.85,0.268430342907141
-1.35,2.85,0.26145616067118
-1.3,2.85,0.25457621506726
-1.25,2.85,0.247792309797874
-1.2,2.85,0.241106136910058
-1.15,2.85,0.234519276093871
-1.1,2.85,0.228033194193253
-1.05,2.85,0.221649244927231
-1,2.85,0.215368668818961
-0.95,2.85,0.209192593329517
-0.9,2.85,0.203122033192865
-0.85,2.85,0.197157890947967
-0.8,2.85,0.1913009576635
-0.75,2.85,0.185551913850215
-0.7,2.85,0.179911330555577
-0.65,2.85,0.174379670634887
-0.6,2.85,0.168957290192767
-0.55,2.85,0.163644440188498
-0.5,2.85,0.158441268198427
-0.45,2.85,0.153347820328341
-0.4,2.85,0.148364043268456
-0.35,2.85,0.14348978648344
-0.3,2.85,0.138724804529688
-0.25,2.85,0.134068759491872
-0.2,2.85,0.129521223530673
-0.15,2.85,0.12508168153346
-0.0999999999999999,2.85,0.120749533859606
-0.0499999999999998,2.85,0.116524099172068
0,2.85,0.112404617346819
0.0500000000000003,2.85,0.108390252451717
0.1,2.85,0.104480095786431
0.15,2.85,0.10067316897506
0.2,2.85,0.0969684271031832
0.25,2.85,0.0933647618911535
0.3,2.85,0.0898610048955827
0.35,2.85,0.0864559307310892
0.4,2.85,0.0831482603045559
0.45,2.85,0.0799366640543182
0.5,2.85,0.0768197651869079
0.55,2.85,0.0737961429041909
0.6,2.85,0.0708643356139762
0.65,2.85,0.0680228441174168
0.7,2.85,0.0652701347667884
0.75,2.85,0.0626046425875043
0.8,2.85,0.0600247743585109
0.85,2.85,0.0575289116455015
0.9,2.85,0.0551154137816889
0.95,2.85,0.0527826207911873
1,2.85,0.0505288562503668
1.05,2.85,0.0483524300828655
1.1,2.85,0.0462516412842625
1.15,2.85,0.0442247805727414
1.2,2.85,0.0422701329623959
1.25,2.85,0.0403859802561523
1.3,2.85,0.0385706034556066
1.35,2.85,0.0368222850853888
1.4,2.85,0.0351393114299846
1.45,2.85,0.0335199746812522
1.5,2.85,0.0319625749951751
1.55,2.85,0.03046542245669
1.6,2.85,0.0290268389517166
1.65,2.85,0.0276451599457974
1.7,2.85,0.0263187361690278
1.75,2.85,0.0250459352072194
1.8,2.85,0.0238251429994904
1.85,2.85,0.0226547652427199
1.9,2.85,0.0215332287035328
1.95,2.85,0.0204589824387006
2,2.85,0.0194304989250518
2.05,2.85,0.0184462751001806
2.1,2.85,0.0175048333154243
2.15,2.85,0.0166047222027529
2.2,2.85,0.015744517457371
2.25,2.85,0.014922822537979
2.3,2.85,0.0141382692867739
2.35,2.85,0.0133895184713905
2.4,2.85,0.0126752602510941
2.45,2.85,0.0119942145696317
2.5,2.85,0.0113451314772339
2.55,2.85,0.010726791384333
2.6,2.85,0.0101380052496266
2.65,2.85,0.00957761470516288
2.7,2.85,0.0090444921211693
2.75,2.85,0.00853754061337231
2.8,2.85,0.00805569399557788
2.85,2.85,0.00759791668029255
2.9,2.85,0.00716320353016562
2.95,2.85,0.00675057966302688
3,2.85,0.00635910021327773
3.05,2.85,0.00598785005237086
3.1,2.85,0.00563594347108301
3.15,2.85,0.00530252382624787
3.2,2.85,0.00498676315457265
3.25,2.85,0.00468786175611245
3.3,2.85,0.00440504774992123
3.35,2.85,0.00413757660433922
3.4,2.85,0.00388473064431142
3.45,2.85,0.00364581853806495
3.5,2.85,0.00342017476540016
3.55,2.85,0.0032071590697766
3.6,2.85,0.00300615589629734
3.65,2.85,0.0028165738176154
3.7,2.85,0.00263784494970527
3.75,2.85,0.00246942435935905
3.8,2.85,0.00231078946518364
3.85,2.85,0.00216143943379037
3.9,2.85,0.00202089457278387
3.95,2.85,0.00188869572207211
4,2.85,0.00176440364493485
4.05,2.85,0.00164759842020359
4.1,2.85,0.00153787883682297
4.15,2.85,0.0014348617919813
4.2,2.85,0.00133818169391701
4.25,2.85,0.00124748987042818
4.3,2.85,0.00116245398403483
4.35,2.85,0.00108275745466744
4.4,2.85,0.00100809889068148
4.45,2.85,0.000938191528925716
4.5,2.85,0.000872762684522766
4.55,2.85,0.00081155321095296
4.6,2.85,0.000754316970968027
4.65,2.85,0.000700820318798776
4.7,2.85,0.000650841594061394
4.75,2.85,0.000604170627709873
4.8,2.85,0.000560608260327774
4.85,2.85,0.000519965873000745
4.9,2.85,0.000482064930962231
4.95,2.85,0.000446736540158385
5,2.85,0.000413821016834515
5.05,2.85,0.000383167470204199
5.1,2.85,0.000354633398223832
5.15,2.85,0.000328084296459265
5.2,2.85,0.000303393279997841
5.25,2.85,0.00028044071832811
5.3,2.85,0.000259113883080821
5.35,2.85,0.000239306608498597
5.4,2.85,0.000220918964477557
5.45,2.85,0.000203856942002351
5.5,2.85,0.000188032150776256
5.55,2.85,0.000173361528830266
5.6,2.85,0.000159767063879277
5.65,2.85,0.000147175526179499
5.7,2.85,0.000135518212629062
5.75,2.85,0.000124730701843222
5.8,2.85,0.000114752619926707
5.85,2.85,0.000105527416658264
5.9,2.85,9.70021517965393e-05
5.95,2.85,8.91272912117114e-05
6,2.85,8.18565125439417e-05
-2,2.9,0.350742160827603
-1.95,2.9,0.342881008434612
-1.9,2.9,0.335087297384107
-1.85,2.9,0.327363952251973
-1.8,2.9,0.319713807693148
-1.75,2.9,0.312139605436116
-1.7,2.9,0.304643991473574
-1.65,2.9,0.297229513453727
-1.6,2.9,0.289898618276043
-1.55,2.9,0.282653649894721
-1.5,2.9,0.275496847332541
-1.45,2.9,0.268430342907141
-1.4,2.9,0.26145616067118
-1.35,2.9,0.25457621506726
-1.3,2.9,0.247792309797874
-1.25,2.9,0.241106136910058
-1.2,2.9,0.234519276093871
-1.15,2.9,0.228033194193253
-1.1,2.9,0.221649244927231
-1.05,2.9,0.215368668818961
-1,2.9,0.209192593329517
-0.95,2.9,0.203122033192865
-0.9,2.9,0.197157890947967
-0.85,2.9,0.1913009576635
-0.8,2.9,0.185551913850215
-0.75,2.9,0.179911330555577
-0.7,2.9,0.174379670634887
-0.65,2.9,0.168957290192767
-0.6,2.9,0.163644440188498
-0.55,2.9,0.158441268198427
-0.5,2.9,0.153347820328341
-0.45,2.9,0.148364043268455
-0.4,2.9,0.14348978648344
-0.35,2.9,0.138724804529688
-0.3,2.9,0.134068759491872
-0.25,2.9,0.129521223530673
-0.2,2.9,0.12508168153346
-0.15,2.9,0.120749533859606
-0.0999999999999999,2.9,0.116524099172068
-0.0499999999999998,2.9,0.112404617346818
0,2.9,0.108390252451717
0.0500000000000003,2.9,0.104480095786431
0.1,2.9,0.10067316897506
0.15,2.9,0.0969684271031832
0.2,2.9,0.0933647618911535
0.25,2.9,0.0898610048955827
0.3,2.9,0.0864559307310892
0.35,2.9,0.0831482603045559
0.4,2.9,0.0799366640543182
0.45,2.9,0.0768197651869078
0.5,2.9,0.0737961429041909
0.55,2.9,0.0708643356139761
0.6,2.9,0.0680228441174168
0.65,2.9,0.0652701347667884
0.7,2.9,0.0626046425875043
0.75,2.9,0.0600247743585109
0.8,2.9,0.0575289116455015
0.85,2.9,0.0551154137816889
0.9,2.9,0.0527826207911873
0.95,2.9,0.0505288562503667
1,2.9,0.0483524300828655
1.05,2.9,0.0462516412842625
1.1,2.9,0.0442247805727414
1.15,2.9,0.0422701329623959
1.2,2.9,0.0403859802561523
1.25,2.9,0.0385706034556066
1.3,2.9,0.0368222850853888
1.35,2.9,0.0351393114299846
1.4,2.9,0.0335199746812522
1.45,2.9,0.0319625749951751
1.5,2.9,0.03046542245669
1.55,2.9,0.0290268389517166
1.6,2.9,0.0276451599457974
1.65,2.9,0.0263187361690278
1.7,2.9,0.0250459352072194
1.75,2.9,0.0238251429994904
1.8,2.9,0.0226547652427199
1.85,2.9,0.0215332287035328
1.9,2.9,0.0204589824387006
1.95,2.9,0.0194304989250518
2,2.9,0.0184462751001806
2.05,2.9,0.0175048333154243
2.1,2.9,0.0166047222027528
2.15,2.9,0.0157445174573709
2.2,2.9,0.014922822537979
2.25,2.9,0.0141382692867739
2.3,2.9,0.0133895184713905
2.35,2.9,0.0126752602510941
2.4,2.9,0.0119942145696317
2.45,2.9,0.0113451314772339
2.5,2.9,0.010726791384333
2.55,2.9,0.0101380052496266
2.6,2.9,0.00957761470516288
2.65,2.9,0.0090444921211693
2.7,2.9,0.0085375406133723
2.75,2.9,0.00805569399557788
2.8,2.9,0.00759791668029255
2.85,2.9,0.00716320353016561
2.9,2.9,0.00675057966302688
2.95,2.9,0.00635910021327772
3,2.9,0.00598785005237087
3.05,2.9,0.00563594347108301
3.1,2.9,0.00530252382624786
3.15,2.9,0.00498676315457265
3.2,2.9,0.00468786175611245
3.25,2.9,0.00440504774992124
3.3,2.9,0.00413757660433921
3.35,2.9,0.00388473064431142
3.4,2.9,0.00364581853806495
3.45,2.9,0.00342017476540016
3.5,2.9,0.0032071590697766
3.55,2.9,0.00300615589629733
3.6,2.9,0.0028165738176154
3.65,2.9,0.00263784494970526
3.7,2.9,0.00246942435935905
3.75,2.9,0.00231078946518364
3.8,2.9,0.00216143943379037
3.85,2.9,0.00202089457278386
3.9,2.9,0.00188869572207211
3.95,2.9,0.00176440364493485
4,2.9,0.00164759842020359
4.05,2.9,0.00153787883682297
4.1,2.9,0.0014348617919813
4.15,2.9,0.00133818169391701
4.2,2.9,0.00124748987042818
4.25,2.9,0.00116245398403483
4.3,2.9,0.00108275745466744
4.35,2.9,0.00100809889068148
4.4,2.9,0.000938191528925715
4.45,2.9,0.000872762684522766
4.5,2.9,0.000811553210952962
4.55,2.9,0.000754316970968027
4.6,2.9,0.000700820318798776
4.65,2.9,0.000650841594061392
4.7,2.9,0.000604170627709873
4.75,2.9,0.000560608260327774
4.8,2.9,0.000519965873000745
4.85,2.9,0.00048206493096223
4.9,2.9,0.000446736540158385
4.95,2.9,0.000413821016834514
5,2.9,0.000383167470204199
5.05,2.9,0.000354633398223832
5.1,2.9,0.000328084296459264
5.15,2.9,0.000303393279997841
5.2,2.9,0.00028044071832811
5.25,2.9,0.000259113883080821
5.3,2.9,0.000239306608498597
5.35,2.9,0.000220918964477557
5.4,2.9,0.000203856942002351
5.45,2.9,0.000188032150776256
5.5,2.9,0.000173361528830266
5.55,2.9,0.000159767063879277
5.6,2.9,0.000147175526179499
5.65,2.9,0.000135518212629061
5.7,2.9,0.000124730701843222
5.75,2.9,0.000114752619926707
5.8,2.9,0.000105527416658265
5.85,2.9,9.70021517965392e-05
5.9,2.9,8.91272912117114e-05
5.95,2.9,8.18565125439415e-05
6,2.9,7.51465200874248e-05
-2,2.95,0.342881008434612
-1.95,2.95,0.335087297384107
-1.9,2.95,0.327363952251973
-1.85,2.95,0.319713807693148
-1.8,2.95,0.312139605436116
-1.75,2.95,0.304643991473574
-1.7,2.95,0.297229513453727
-1.65,2.95,0.289898618276042
-1.6,2.95,0.282653649894721
-1.55,2.95,0.275496847332541
-1.5,2.95,0.268430342907141
-1.45,2.95,0.26145616067118
-1.4,2.95,0.25457621506726
-1.35,2.95,0.247792309797874
-1.3,2.95,0.241106136910058
-1.25,2.95,0.234519276093871
-1.2,2.95,0.228033194193253
-1.15,2.95,0.221649244927231
-1.1,2.95,0.215368668818961
-1.05,2.95,0.209192593329517
-1,2.95,0.203122033192865
-0.95,2.95,0.197157890947967
-0.9,2.95,0.1913009576635
-0.85,2.95,0.185551913850215
-0.8,2.95,0.179911330555577
-0.75,2.95,0.174379670634887
-0.7,2.95,0.168957290192767
-0.65,2.95,0.163644440188498
-0.6,2.95,0.158441268198427
-0.55,2.95,0.153347820328341
-0.5,2.95,0.148364043268455
-0.45,2.95,0.14348978648344
-0.4,2.95,0.138724804529688
-0.35,2.95,0.134068759491872
-0.3,2.95,0.129521223530673
-0.25,2.95,0.12508168153346
-0.2,2.95,0.120749533859606
-0.15,2.95,0.116524099172068
-0.0999999999999999,2.95,0.112404617346818
-0.0499999999999998,2.95,0.108390252451716
0,2.95,0.104480095786431
0.0500000000000003,2.95,0.10067316897506
0.1,2.95,0.0969684271031832
0.15,2.95,0.0933647618911535
0.2,2.95,0.0898610048955827
0.25,2.95,0.0864559307310892
0.3,2.95,0.0831482603045558
0.35,2.95,0.0799366640543182
0.4,2.95,0.0768197651869078
0.45,2.95,0.0737961429041908
0.5,2.95,0.0708643356139761
0.55,2.95,0.0680228441174168
0.6,2.95,0.0652701347667884
0.65,2.95,0.0626046425875043
0.7,2.95,0.0600247743585109
0.75,2.95,0.0575289116455015
0.8,2.95,0.0551154137816889
0.85,2.95,0.0527826207911873
0.9,2.95,0.0505288562503667
0.95,2.95,0.0483524300828655
1,2.95,0.0462516412842625
1.05,2.95,0.0442247805727414
1.1,2.95,0.0422701329623959
1.15,2.95,0.0403859802561523
1.2,2.95,0.0385706034556066
1.25,2.95,0.0368222850853888
1.3,2.95,0.0351393114299846
1.35,2.95,0.0335199746812522
1.4,2.95,0.031962574995175
1.45,2.95,0.03046542245669
1.5,2.95,0.0290268389517166
1.55,2.95,0.0276451599457974
1.6,2.95,0.0263187361690278
1.65,2.95,0.0250459352072194
1.7,2.95,0.0238251429994904
1.75,2.95,0.0226547652427199
1.8,2.95,0.0215332287035328
1.85,2.95,0.0204589824387006
1.9,2.95,0.0194304989250518
1.95,2.95,0.0184462751001806
2,2.95,0.0175048333154243
2.05,2.95,0.0166047222027529
2.1,2.95,0.0157445174573709
2.15,2.95,0.014922822537979
2.2,2.95,0.0141382692867739
2.25,2.95,0.0133895184713905
2.3,2.95,0.0126752602510941
2.35,2.95,0.0119942145696317
2.4,2.95,0.0113451314772338
2.45,2.95,0.010726791384333
2.5,2.95,0.0101380052496266
2.55,2.95,0.00957761470516288
2.6,2.95,0.0090444921211693
2.65,2.95,0.0085375406133723
2.7,2.95,0.00805569399557788
2.75,2.95,0.00759791668029255
2.8,2.95,0.00716320353016561
2.85,2.95,0.00675057966302688
2.9,2.95,0.00635910021327772
2.95,2.95,0.00598785005237086
3,2.95,0.00563594347108301
3.05,2.95,0.00530252382624786
3.1,2.95,0.00498676315457265
3.15,2.95,0.00468786175611245
3.2,2.95,0.00440504774992123
3.25,2.95,0.00413757660433922
3.3,2.95,0.00388473064431142
3.35,2.95,0.00364581853806494
3.4,2.95,0.00342017476540016
3.45,2.95,0.0032071590697766
3.5,2.95,0.00300615589629734
3.55,2.95,0.0028165738176154
3.6,2.95,0.00263784494970526
3.65,2.95,0.00246942435935904
3.7,2.95,0.00231078946518364
3.75,2.95,0.00216143943379037
3.8,2.95,0.00202089457278386
3.85,2.95,0.00188869572207211
3.9,2.95,0.00176440364493485
3.95,2.95,0.00164759842020359
4,2.95,0.00153787883682297
4.05,2.95,0.0014348617919813
4.1,2.95,0.00133818169391701
4.15,2.95,0.00124748987042818
4.2,2.95,0.00116245398403483
4.25,2.95,0.00108275745466744
4.3,2.95,0.00100809889068148
4.35,2.95,0.000938191528925713
4.4,2.95,0.000872762684522766
4.45,2.95,0.00081155321095296
4.5,2.95,0.000754316970968028
4.55,2.95,0.000700820318798776
4.6,2.95,0.000650841594061392
4.65,2.95,0.000604170627709872
4.7,2.95,0.000560608260327774
4.75,2.95,0.000519965873000745
4.8,2.95,0.000482064930962229
4.85,2.95,0.000446736540158385
4.9,2.95,0.000413821016834513
4.95,2.95,0.000383167470204199
5,2.95,0.000354633398223832
5.05,2.95,0.000328084296459264
5.1,2.95,0.000303393279997841
5.15,2.95,0.00028044071832811
5.2,2.95,0.000259113883080821
5.25,2.95,0.000239306608498597
5.3,2.95,0.000220918964477557
5.35,2.95,0.000203856942002351
5.4,2.95,0.000188032150776256
5.45,2.95,0.000173361528830266
5.5,2.95,0.000159767063879277
5.55,2.95,0.000147175526179499
5.6,2.95,0.000135518212629061
5.65,2.95,0.000124730701843222
5.7,2.95,0.000114752619926707
5.75,2.95,0.000105527416658265
5.8,2.95,9.70021517965393e-05
5.85,2.95,8.91272912117114e-05
5.9,2.95,8.18565125439414e-05
5.95,2.95,7.51465200874248e-05
6,2.95,6.89568685977148e-05
-2,3,0.335087297384107
-1.95,3,0.327363952251973
-1.9,3,0.319713807693148
-1.85,3,0.312139605436116
-1.8,3,0.304643991473574
-1.75,3,0.297229513453727
-1.7,3,0.289898618276042
-1.65,3,0.282653649894721
-1.6,3,0.275496847332541
-1.55,3,0.268430342907141
-1.5,3,0.26145616067118
-1.45,3,0.25457621506726
-1.4,3,0.247792309797874
-1.35,3,0.241106136910058
-1.3,3,0.234519276093871
-1.25,3,0.228033194193253
-1.2,3,0.221649244927231
-1.15,3,0.215368668818961
-1.1,3,0.209192593329517
-1.05,3,0.203122033192865
-1,3,0.197157890947967
-0.95,3,0.1913009576635
-0.9,3,0.185551913850215
-0.85,3,0.179911330555577
-0.8,3,0.174379670634887
-0.75,3,0.168957290192767
-0.7,3,0.163644440188498
-0.65,3,0.158441268198427
-0.6,3,0.153347820328341
-0.55,3,0.148364043268455
-0.5,3,0.14348978648344
-0.45,3,0.138724804529688
-0.4,3,0.134068759491872
-0.35,3,0.129521223530673
-0.3,3,0.12508168153346
-0.25,3,0.120749533859606
-0.2,3,0.116524099172068
-0.15,3,0.112404617346819
-0.0999999999999999,3,0.108390252451717
-0.0499999999999998,3,0.104480095786431
0,3,0.10067316897506
0.0500000000000003,3,0.0969684271031832
0.1,3,0.0933647618911535
0.15,3,0.0898610048955827
0.2,3,0.0864559307310892
0.25,3,0.0831482603045559
0.3,3,0.0799366640543182
0.35,3,0.0768197651869079
0.4,3,0.0737961429041909
0.45,3,0.0708643356139761
0.5,3,0.0680228441174168
0.55,3,0.0652701347667884
0.6,3,0.0626046425875043
0.65,3,0.0600247743585109
0.7,3,0.0575289116455015
0.75,3,0.0551154137816889
0.8,3,0.0527826207911873
0.85,3,0.0505288562503668
0.9,3,0.0483524300828655
0.95,3,0.0462516412842625
1,3,0.0442247805727414
1.05,3,0.0422701329623959
1.1,3,0.0403859802561523
1.15,3,0.0385706034556066
1.2,3,0.0368222850853888
1.25,3,0.0351393114299846
1.3,3,0.0335199746812522
1.35,3,0.0319625749951751
1.4,3,0.03046542245669
1.45,3,0.0290268389517166
1.5,3,0.0276451599457974
1.55,3,0.0263187361690278
1.6,3,0.0250459352072194
1.65,3,0.0238251429994904
1.7,3,0.0226547652427199
1.75,3,0.0215332287035328
1.8,3,0.0204589824387006
1.85,3,0.0194304989250518
1.9,3,0.0184462751001806
1.95,3,0.0175048333154243
2,3,0.0166047222027529
2.05,3,0.015744517457371
2.1,3,0.014922822537979
2.15,3,0.0141382692867739
2.2,3,0.0133895184713905
2.25,3,0.0126752602510941
2.3,3,0.0119942145696317
2.35,3,0.0113451314772339
2.4,3,0.010726791384333
2.45,3,0.0101380052496266
2.5,3,0.00957761470516288
2.55,3,0.0090444921211693
2.6,3,0.0085375406133723
2.65,3,0.00805569399557788
2.7,3,0.00759791668029255
2.75,3,0.00716320353016562
2.8,3,0.00675057966302688
2.85,3,0.00635910021327772
2.9,3,0.00598785005237087
2.95,3,0.00563594347108301
3,3,0.00530252382624787
3.05,3,0.00498676315457265
3.1,3,0.00468786175611245
3.15,3,0.00440504774992124
3.2,3,0.00413757660433922
3.25,3,0.00388473064431142
3.3,3,0.00364581853806494
3.35,3,0.00342017476540016
3.4,3,0.0032071590697766
3.45,3,0.00300615589629734
3.5,3,0.0028165738176154
3.55,3,0.00263784494970526
3.6,3,0.00246942435935904
3.65,3,0.00231078946518364
3.7,3,0.00216143943379037
3.75,3,0.00202089457278387
3.8,3,0.00188869572207211
3.85,3,0.00176440364493485
3.9,3,0.00164759842020359
3.95,3,0.00153787883682297
4,3,0.0014348617919813
4.05,3,0.00133818169391701
4.1,3,0.00124748987042818
4.15,3,0.00116245398403483
4.2,3,0.00108275745466744
4.25,3,0.00100809889068148
4.3,3,0.000938191528925715
4.35,3,0.000872762684522766
4.4,3,0.00081155321095296
4.45,3,0.000754316970968028
4.5,3,0.000700820318798776
4.55,3,0.000650841594061392
4.6,3,0.000604170627709872
4.65,3,0.000560608260327774
4.7,3,0.000519965873000747
4.75,3,0.000482064930962231
4.8,3,0.000446736540158385
4.85,3,0.000413821016834513
4.9,3,0.000383167470204199
4.95,3,0.000354633398223832
5,3,0.000328084296459265
5.05,3,0.000303393279997841
5.1,3,0.00028044071832811
5.15,3,0.000259113883080821
5.2,3,0.000239306608498597
5.25,3,0.000220918964477557
5.3,3,0.000203856942002351
5.35,3,0.000188032150776256
5.4,3,0.000173361528830266
5.45,3,0.000159767063879277
5.5,3,0.000147175526179499
5.55,3,0.000135518212629061
5.6,3,0.000124730701843222
5.65,3,0.000114752619926707
5.7,3,0.000105527416658265
5.75,3,9.70021517965393e-05
5.8,3,8.91272912117114e-05
5.85,3,8.18565125439414e-05
5.9,3,7.51465200874248e-05
5.95,3,6.89568685977148e-05
6,3,6.32497957198379e-05
-2,3.05,0.327363952251973
-1.95,3.05,0.319713807693148
-1.9,3.05,0.312139605436116
-1.85,3.05,0.304643991473574
-1.8,3.05,0.297229513453727
-1.75,3.05,0.289898618276042
-1.7,3.05,0.282653649894721
-1.65,3.05,0.275496847332541
-1.6,3.05,0.268430342907141
-1.55,3.05,0.26145616067118
-1.5,3.05,0.25457621506726
-1.45,3.05,0.247792309797874
-1.4,3.05,0.241106136910058
-1.35,3.05,0.234519276093871
-1.3,3.05,0.228033194193253
-1.25,3.05,0.221649244927231
-1.2,3.05,0.215368668818961
-1.15,3.05,0.209192593329517
-1.1,3.05,0.203122033192865
-1.05,3.05,0.197157890947967
-1,3.05,0.1913009576635
-0.95,3.05,0.185551913850215
-0.9,3.05,0.179911330555577
-0.85,3.05,0.174379670634887
-0.8,3.05,0.168957290192767
-0.75,3.05,0.163644440188498
-0.7,3.05,0.158441268198427
-0.65,3.05,0.153347820328341
-0.6,3.05,0.148364043268455
-0.55,3.05,0.14348978648344
-0.5,3.05,0.138724804529688
-0.45,3.05,0.134068759491872
-0.4,3.05,0.129521223530673
-0.35,3.05,0.12508168153346
-0.3,3.05,0.120749533859606
-0.25,3.05,0.116524099172068
-0.2,3.05,0.112404617346818
-0.15,3.05,0.108390252451717
-0.0999999999999999,3.05,0.104480095786431
-0.0499999999999998,3.05,0.10067316897506
0,3.05,0.0969684271031832
0.0500000000000003,3.05,0.0933647618911535
0.1,3.05,0.0898610048955827
0.15,3.05,0.0864559307310892
0.2,3.05,0.0831482603045558
0.25,3.05,0.0799366640543182
0.3,3.05,0.0768197651869078
0.35,3.05,0.0737961429041909
0.4,3.05,0.0708643356139761
0.45,3.05,0.0680228441174168
0.5,3.05,0.0652701347667884
0.55,3.05,0.0626046425875043
0.6,3.05,0.0600247743585109
0.65,3.05,0.0575289116455015
0.7,3.05,0.0551154137816889
0.75,3.05,0.0527826207911873
0.8,3.05,0.0505288562503667
0.85,3.05,0.0483524300828655
0.9,3.05,0.0462516412842625
0.95,3.05,0.0442247805727414
1,3.05,0.0422701329623959
1.05,3.05,0.0403859802561523
1.1,3.05,0.0385706034556066
1.15,3.05,0.0368222850853888
1.2,3.05,0.0351393114299846
1.25,3.05,0.0335199746812522
1.3,3.05,0.031962574995175
1.35,3.05,0.03046542245669
1.4,3.05,0.0290268389517166
1.45,3.05,0.0276451599457974
1.5,3.05,0.0263187361690278
1.55,3.05,0.0250459352072194
1.6,3.05,0.0238251429994904
1.65,3.05,0.0226547652427199
1.7,3.05,0.0215332287035328
1.75,3.05,0.0204589824387006
1.8,3.05,0.0194304989250518
1.85,3.05,0.0184462751001806
1.9,3.05,0.0175048333154243
1.95,3.05,0.0166047222027528
2,3.05,0.0157445174573709
2.05,3.05,0.014922822537979
2.1,3.05,0.0141382692867739
2.15,3.05,0.0133895184713905
2.2,3.05,0.0126752602510941
2.25,3.05,0.0119942145696317
2.3,3.05,0.0113451314772339
2.35,3.05,0.010726791384333
2.4,3.05,0.0101380052496266
2.45,3.05,0.00957761470516288
2.5,3.05,0.0090444921211693
2.55,3.05,0.00853754061337231
2.6,3.05,0.00805569399557788
2.65,3.05,0.00759791668029255
2.7,3.05,0.00716320353016561
2.75,3.05,0.00675057966302688
2.8,3.05,0.00635910021327772
2.85,3.05,0.00598785005237086
2.9,3.05,0.00563594347108301
2.95,3.05,0.00530252382624786
3,3.05,0.00498676315457265
3.05,3.05,0.00468786175611245
3.1,3.05,0.00440504774992123
3.15,3.05,0.00413757660433922
3.2,3.05,0.00388473064431142
3.25,3.05,0.00364581853806495
3.3,3.05,0.00342017476540015
3.35,3.05,0.0032071590697766
3.4,3.05,0.00300615589629734
3.45,3.05,0.0028165738176154
3.5,3.05,0.00263784494970526
3.55,3.05,0.00246942435935904
3.6,3.05,0.00231078946518364
3.65,3.05,0.00216143943379037
3.7,3.05,0.00202089457278387
3.75,3.05,0.00188869572207211
3.8,3.05,0.00176440364493485
3.85,3.05,0.00164759842020359
3.9,3.05,0.00153787883682297
3.95,3.05,0.0014348617919813
4,3.05,0.00133818169391701
4.05,3.05,0.00124748987042818
4.1,3.05,0.00116245398403483
4.15,3.05,0.00108275745466744
4.2,3.05,0.00100809889068148
4.25,3.05,0.000938191528925716
4.3,3.05,0.000872762684522766
4.35,3.05,0.00081155321095296
4.4,3.05,0.000754316970968027
4.45,3.05,0.000700820318798776
4.5,3.05,0.000650841594061393
4.55,3.05,0.000604170627709872
4.6,3.05,0.000560608260327774
4.65,3.05,0.000519965873000745
4.7,3.05,0.000482064930962231
4.75,3.05,0.000446736540158385
4.8,3.05,0.000413821016834513
4.85,3.05,0.000383167470204198
4.9,3.05,0.000354633398223832
4.95,3.05,0.000328084296459264
5,3.05,0.000303393279997841
5.05,3.05,0.00028044071832811
5.1,3.05,0.000259113883080821
5.15,3.05,0.000239306608498597
5.2,3.05,0.000220918964477557
5.25,3.05,0.000203856942002351
5.3,3.05,0.000188032150776256
5.35,3.05,0.000173361528830266
5.4,3.05,0.000159767063879277
5.45,3.05,0.000147175526179499
5.5,3.05,0.000135518212629061
5.55,3.05,0.000124730701843222
5.6,3.05,0.000114752619926707
5.65,3.05,0.000105527416658265
5.7,3.05,9.70021517965393e-05
5.75,3.05,8.91272912117115e-05
5.8,3.05,8.18565125439415e-05
5.85,3.05,7.51465200874247e-05
5.9,3.05,6.89568685977148e-05
5.95,3.05,6.32497957198378e-05
6,3.05,5.79900627355177e-05
-2,3.1,0.319713807693148
-1.95,3.1,0.312139605436116
-1.9,3.1,0.304643991473574
-1.85,3.1,0.297229513453727
-1.8,3.1,0.289898618276043
-1.75,3.1,0.282653649894721
-1.7,3.1,0.275496847332541
-1.65,3.1,0.268430342907141
-1.6,3.1,0.26145616067118
-1.55,3.1,0.25457621506726
-1.5,3.1,0.247792309797874
-1.45,3.1,0.241106136910058
-1.4,3.1,0.234519276093871
-1.35,3.1,0.228033194193253
-1.3,3.1,0.221649244927231
-1.25,3.1,0.215368668818961
-1.2,3.1,0.209192593329517
-1.15,3.1,0.203122033192865
-1.1,3.1,0.197157890947967
-1.05,3.1,0.1913009576635
-1,3.1,0.185551913850215
-0.95,3.1,0.179911330555577
-0.9,3.1,0.174379670634887
-0.85,3.1,0.168957290192767
-0.8,3.1,0.163644440188498
-0.75,3.1,0.158441268198427
-0.7,3.1,0.153347820328341
-0.65,3.1,0.148364043268456
-0.6,3.1,0.14348978648344
-0.55,3.1,0.138724804529688
-0.5,3.1,0.134068759491872
-0.45,3.1,0.129521223530673
-0.4,3.1,0.12508168153346
-0.35,3.1,0.120749533859606
-0.3,3.1,0.116524099172068
-0.25,3.1,0.112404617346819
-0.2,3.1,0.108390252451717
-0.15,3.1,0.104480095786431
-0.0999999999999999,3.1,0.10067316897506
-0.0499999999999998,3.1,0.0969684271031832
0,3.1,0.0933647618911535
0.0500000000000003,3.1,0.0898610048955827
0.1,3.1,0.0864559307310892
0.15,3.1,0.0831482603045559
0.2,3.1,0.0799366640543182
0.25,3.1,0.0768197651869079
0.3,3.1,0.0737961429041909
0.35,3.1,0.0708643356139762
0.4,3.1,0.0680228441174168
0.45,3.1,0.0652701347667884
0.5,3.1,0.0626046425875043
0.55,3.1,0.0600247743585109
0.6,3.1,0.0575289116455015
0.65,3.1,0.0551154137816889
0.7,3.1,0.0527826207911873
0.75,3.1,0.0505288562503668
0.8,3.1,0.0483524300828655
0.85,3.1,0.0462516412842625
0.9,3.1,0.0442247805727414
0.95,3.1,0.0422701329623959
1,3.1,0.0403859802561523
1.05,3.1,0.0385706034556066
1.1,3.1,0.0368222850853888
1.15,3.1,0.0351393114299846
1.2,3.1,0.0335199746812522
1.25,3.1,0.0319625749951751
1.3,3.1,0.03046542245669
1.35,3.1,0.0290268389517166
1.4,3.1,0.0276451599457974
1.45,3.1,0.0263187361690278
1.5,3.1,0.0250459352072194
1.55,3.1,0.0238251429994904
1.6,3.1,0.0226547652427199
1.65,3.1,0.0215332287035328
1.7,3.1,0.0204589824387006
1.75,3.1,0.0194304989250518
1.8,3.1,0.0184462751001806
1.85,3.1,0.0175048333154243
1.9,3.1,0.0166047222027528
1.95,3.1,0.015744517457371
2,3.1,0.014922822537979
2.05,3.1,0.0141382692867739
2.1,3.1,0.0133895184713905
2.15,3.1,0.0126752602510941
2.2,3.1,0.0119942145696317
2.25,3.1,0.0113451314772339
2.3,3.1,0.010726791384333
2.35,3.1,0.0101380052496266
2.4,3.1,0.00957761470516288
2.45,3.1,0.0090444921211693
2.5,3.1,0.00853754061337231
2.55,3.1,0.00805569399557788
2.6,3.1,0.00759791668029255
2.65,3.1,0.00716320353016562
2.7,3.1,0.00675057966302688
2.75,3.1,0.00635910021327773
2.8,3.1,0.00598785005237086
2.85,3.1,0.00563594347108301
2.9,3.1,0.00530252382624787
2.95,3.1,0.00498676315457265
3,3.1,0.00468786175611245
3.05,3.1,0.00440504774992123
3.1,3.1,0.00413757660433922
3.15,3.1,0.00388473064431142
3.2,3.1,0.00364581853806495
3.25,3.1,0.00342017476540016
3.3,3.1,0.0032071590697766
3.35,3.1,0.00300615589629734
3.4,3.1,0.0028165738176154
3.45,3.1,0.00263784494970527
3.5,3.1,0.00246942435935905
3.55,3.1,0.00231078946518364
3.6,3.1,0.00216143943379037
3.65,3.1,0.00202089457278387
3.7,3.1,0.00188869572207211
3.75,3.1,0.00176440364493485
3.8,3.1,0.00164759842020359
3.85,3.1,0.00153787883682297
3.9,3.1,0.0014348617919813
3.95,3.1,0.00133818169391701
4,3.1,0.00124748987042818
4.05,3.1,0.00116245398403483
4.1,3.1,0.00108275745466744
4.15,3.1,0.00100809889068148
4.2,3.1,0.000938191528925716
4.25,3.1,0.000872762684522766
4.3,3.1,0.00081155321095296
4.35,3.1,0.000754316970968027
4.4,3.1,0.000700820318798776
4.45,3.1,0.000650841594061393
4.5,3.1,0.000604170627709873
4.55,3.1,0.000560608260327774
4.6,3.1,0.000519965873000745
4.65,3.1,0.000482064930962231
4.7,3.1,0.000446736540158386
4.75,3.1,0.000413821016834514
4.8,3.1,0.000383167470204198
4.85,3.1,0.000354633398223832
4.9,3.1,0.000328084296459264
4.95,3.1,0.000303393279997841
5,3.1,0.00028044071832811
5.05,3.1,0.000259113883080821
5.1,3.1,0.000239306608498597
5.15,3.1,0.000220918964477557
5.2,3.1,0.000203856942002351
5.25,3.1,0.000188032150776256
5.3,3.1,0.000173361528830266
5.35,3.1,0.000159767063879277
5.4,3.1,0.000147175526179499
5.45,3.1,0.000135518212629061
5.5,3.1,0.000124730701843222
5.55,3.1,0.000114752619926707
5.6,3.1,0.000105527416658265
5.65,3.1,9.70021517965393e-05
5.7,3.1,8.91272912117115e-05
5.75,3.1,8.18565125439417e-05
5.8,3.1,7.51465200874248e-05
5.85,3.1,6.89568685977148e-05
5.9,3.1,6.32497957198378e-05
5.95,3.1,5.79900627355177e-05
6,3.1,5.3144803329484e-05
-2,3.15,0.312139605436116
-1.95,3.15,0.304643991473574
-1.9,3.15,0.297229513453727
-1.85,3.15,0.289898618276043
-1.8,3.15,0.282653649894721
-1.75,3.15,0.275496847332541
-1.7,3.15,0.268430342907141
-1.65,3.15,0.26145616067118
-1.6,3.15,0.25457621506726
-1.55,3.15,0.247792309797874
-1.5,3.15,0.241106136910058
-1.45,3.15,0.234519276093871
-1.4,3.15,0.228033194193253
-1.35,3.15,0.221649244927231
-1.3,3.15,0.215368668818961
-1.25,3.15,0.209192593329517
-1.2,3.15,0.203122033192865
-1.15,3.15,0.197157890947967
-1.1,3.15,0.1913009576635
-1.05,3.15,0.185551913850215
-1,3.15,0.179911330555577
-0.95,3.15,0.174379670634887
-0.9,3.15,0.168957290192767
-0.85,3.15,0.163644440188498
-0.8,3.15,0.158441268198427
-0.75,3.15,0.153347820328341
-0.7,3.15,0.148364043268456
-0.65,3.15,0.14348978648344
-0.6,3.15,0.138724804529688
-0.55,3.15,0.134068759491872
-0.5,3.15,0.129521223530673
-0.45,3.15,0.12508168153346
-0.4,3.15,0.120749533859606
-0.35,3.15,0.116524099172068
-0.3,3.15,0.112404617346819
-0.25,3.15,0.108390252451717
-0.2,3.15,0.104480095786431
-0.15,3.15,0.10067316897506
-0.0999999999999999,3.15,0.0969684271031832
-0.0499999999999998,3.15,0.0933647618911535
0,3.15,0.0898610048955827
0.0500000000000003,3.15,0.0864559307310892
0.1,3.15,0.0831482603045559
0.15,3.15,0.0799366640543183
0.2,3.15,0.0768197651869079
0.25,3.15,0.0737961429041909
0.3,3.15,0.0708643356139762
0.35,3.15,0.0680228441174168
0.4,3.15,0.0652701347667884
0.45,3.15,0.0626046425875043
0.5,3.15,0.0600247743585109
0.55,3.15,0.0575289116455015
0.6,3.15,0.0551154137816889
0.65,3.15,0.0527826207911873
0.7,3.15,0.0505288562503668
0.75,3.15,0.0483524300828655
0.8,3.15,0.0462516412842625
0.85,3.15,0.0442247805727414
0.9,3.15,0.0422701329623959
0.95,3.15,0.0403859802561523
1,3.15,0.0385706034556066
1.05,3.15,0.0368222850853888
1.1,3.15,0.0351393114299846
1.15,3.15,0.0335199746812522
1.2,3.15,0.0319625749951751
1.25,3.15,0.03046542245669
1.3,3.15,0.0290268389517166
1.35,3.15,0.0276451599457974
1.4,3.15,0.0263187361690278
1.45,3.15,0.0250459352072194
1.5,3.15,0.0238251429994904
1.55,3.15,0.0226547652427199
1.6,3.15,0.0215332287035328
1.65,3.15,0.0204589824387006
1.7,3.15,0.0194304989250518
1.75,3.15,0.0184462751001806
1.8,3.15,0.0175048333154243
1.85,3.15,0.0166047222027529
1.9,3.15,0.015744517457371
1.95,3.15,0.014922822537979
2,3.15,0.0141382692867739
2.05,3.15,0.0133895184713905
2.1,3.15,0.0126752602510941
2.15,3.15,0.0119942145696317
2.2,3.15,0.0113451314772339
2.25,3.15,0.010726791384333
2.3,3.15,0.0101380052496266
2.35,3.15,0.00957761470516288
2.4,3.15,0.0090444921211693
2.45,3.15,0.00853754061337231
2.5,3.15,0.00805569399557788
2.55,3.15,0.00759791668029256
2.6,3.15,0.00716320353016562
2.65,3.15,0.00675057966302688
2.7,3.15,0.00635910021327773
2.75,3.15,0.00598785005237087
2.8,3.15,0.00563594347108301
2.85,3.15,0.00530252382624787
2.9,3.15,0.00498676315457265
2.95,3.15,0.00468786175611245
3,3.15,0.00440504774992124
3.05,3.15,0.00413757660433922
3.1,3.15,0.00388473064431142
3.15,3.15,0.00364581853806495
3.2,3.15,0.00342017476540016
3.25,3.15,0.0032071590697766
3.3,3.15,0.00300615589629734
3.35,3.15,0.0028165738176154
3.4,3.15,0.00263784494970527
3.45,3.15,0.00246942435935905
3.5,3.15,0.00231078946518364
3.55,3.15,0.00216143943379037
3.6,3.15,0.00202089457278387
3.65,3.15,0.00188869572207211
3.7,3.15,0.00176440364493486
3.75,3.15,0.00164759842020359
3.8,3.15,0.00153787883682297
3.85,3.15,0.0014348617919813
3.9,3.15,0.00133818169391701
3.95,3.15,0.00124748987042818
4,3.15,0.00116245398403483
4.05,3.15,0.00108275745466744
4.1,3.15,0.00100809889068148
4.15,3.15,0.000938191528925716
4.2,3.15,0.000872762684522766
4.25,3.15,0.000811553210952963
4.3,3.15,0.000754316970968028
4.35,3.15,0.000700820318798776
4.4,3.15,0.000650841594061393
4.45,3.15,0.000604170627709873
4.5,3.15,0.000560608260327775
4.55,3.15,0.000519965873000746
4.6,3.15,0.000482064930962231
4.65,3.15,0.000446736540158385
4.7,3.15,0.000413821016834515
4.75,3.15,0.000383167470204199
4.8,3.15,0.000354633398223832
4.85,3.15,0.000328084296459264
4.9,3.15,0.000303393279997841
4.95,3.15,0.00028044071832811
5,3.15,0.000259113883080821
5.05,3.15,0.000239306608498597
5.1,3.15,0.000220918964477557
5.15,3.15,0.000203856942002351
5.2,3.15,0.000188032150776256
5.25,3.15,0.000173361528830266
5.3,3.15,0.000159767063879277
5.35,3.15,0.000147175526179499
5.4,3.15,0.000135518212629061
5.45,3.15,0.000124730701843222
5.5,3.15,0.000114752619926707
5.55,3.15,0.000105527416658265
5.6,3.15,9.70021517965393e-05
5.65,3.15,8.91272912117115e-05
5.7,3.15,8.18565125439417e-05
5.75,3.15,7.5146520087425e-05
5.8,3.15,6.89568685977149e-05
5.85,3.15,6.32497957198378e-05
5.9,3.15,5.79900627355177e-05
5.95,3.15,5.3144803329484e-05
6,3.15,4.86833800772736e-05
-2,3.2,0.304643991473574
-1.95,3.2,0.297229513453727
-1.9,3.2,0.289898618276042
-1.85,3.2,0.282653649894721
-1.8,3.2,0.275496847332541
-1.75,3.2,0.268430342907141
-1.7,3.2,0.26145616067118
-1.65,3.2,0.25457621506726
-1.6,3.2,0.247792309797874
-1.55,3.2,0.241106136910058
-1.5,3.2,0.234519276093871
-1.45,3.2,0.228033194193253
-1.4,3.2,0.221649244927231
-1.35,3.2,0.215368668818961
-1.3,3.2,0.209192593329517
-1.25,3.2,0.203122033192865
-1.2,3.2,0.197157890947967
-1.15,3.2,0.1913009576635
-1.1,3.2,0.185551913850215
-1.05,3.2,0.179911330555577
-1,3.2,0.174379670634887
-0.95,3.2,0.168957290192767
-0.9,3.2,0.163644440188497
-0.85,3.2,0.158441268198427
-0.8,3.2,0.153347820328341
-0.75,3.2,0.148364043268455
-0.7,3.2,0.14348978648344
-0.65,3.2,0.138724804529688
-0.6,3.2,0.134068759491872
-0.55,3.2,0.129521223530673
-0.5,3.2,0.12508168153346
-0.45,3.2,0.120749533859606
-0.4,3.2,0.116524099172068
-0.35,3.2,0.112404617346818
-0.3,3.2,0.108390252451716
-0.25,3.2,0.104480095786431
-0.2,3.2,0.10067316897506
-0.15,3.2,0.0969684271031832
-0.0999999999999999,3.2,0.0933647618911535
-0.0499999999999998,3.2,0.0898610048955827
0,3.2,0.0864559307310892
0.0500000000000003,3.2,0.0831482603045558
0.1,3.2,0.0799366640543182
0.15,3.2,0.0768197651869078
0.2,3.2,0.0737961429041908
0.25,3.2,0.0708643356139761
0.3,3.2,0.0680228441174168
0.35,3.2,0.0652701347667884
0.4,3.2,0.0626046425875043
0.45,3.2,0.0600247743585109
0.5,3.2,0.0575289116455015
0.55,3.2,0.0551154137816889
0.6,3.2,0.0527826207911873
0.65,3.2,0.0505288562503667
0.7,3.2,0.0483524300828655
0.75,3.2,0.0462516412842625
0.8,3.2,0.0442247805727414
0.85,3.2,0.0422701329623959
0.9,3.2,0.0403859802561523
0.95,3.2,0.0385706034556066
1,3.2,0.0368222850853888
1.05,3.2,0.0351393114299846
1.1,3.2,0.0335199746812522
1.15,3.2,0.031962574995175
1.2,3.2,0.03046542245669
1.25,3.2,0.0290268389517166
1.3,3.2,0.0276451599457974
1.35,3.2,0.0263187361690278
1.4,3.2,0.0250459352072194
1.45,3.2,0.0238251429994904
1.5,3.2,0.0226547652427199
1.55,3.2,0.0215332287035328
1.6,3.2,0.0204589824387006
1.65,3.2,0.0194304989250518
1.7,3.2,0.0184462751001806
1.75,3.2,0.0175048333154243
1.8,3.2,0.0166047222027528
1.85,3.2,0.0157445174573709
1.9,3.2,0.014922822537979
1.95,3.2,0.0141382692867739
2,3.2,0.0133895184713905
2.05,3.2,0.0126752602510941
2.1,3.2,0.0119942145696317
2.15,3.2,0.0113451314772338
2.2,3.2,0.010726791384333
2.25,3.2,0.0101380052496266
2.3,3.2,0.00957761470516288
2.35,3.2,0.0090444921211693
2.4,3.2,0.00853754061337229
2.45,3.2,0.00805569399557788
2.5,3.2,0.00759791668029255
2.55,3.2,0.00716320353016562
2.6,3.2,0.00675057966302688
2.65,3.2,0.00635910021327772
2.7,3.2,0.00598785005237086
2.75,3.2,0.00563594347108301
2.8,3.2,0.00530252382624786
2.85,3.2,0.00498676315457265
2.9,3.2,0.00468786175611245
2.95,3.2,0.00440504774992123
3,3.2,0.00413757660433922
3.05,3.2,0.00388473064431142
3.1,3.2,0.00364581853806494
3.15,3.2,0.00342017476540016
3.2,3.2,0.0032071590697766
3.25,3.2,0.00300615589629734
3.3,3.2,0.0028165738176154
3.35,3.2,0.00263784494970526
3.4,3.2,0.00246942435935904
3.45,3.2,0.00231078946518364
3.5,3.2,0.00216143943379037
3.55,3.2,0.00202089457278386
3.6,3.2,0.00188869572207211
3.65,3.2,0.00176440364493485
3.7,3.2,0.00164759842020359
3.75,3.2,0.00153787883682297
3.8,3.2,0.0014348617919813
3.85,3.2,0.00133818169391701
3.9,3.2,0.00124748987042818
3.95,3.2,0.00116245398403483
4,3.2,0.00108275745466744
4.05,3.2,0.00100809889068148
4.1,3.2,0.000938191528925713
4.15,3.2,0.000872762684522766
4.2,3.2,0.00081155321095296
4.25,3.2,0.000754316970968028
4.3,3.2,0.000700820318798776
4.35,3.2,0.000650841594061392
4.4,3.2,0.000604170627709872
4.45,3.2,0.000560608260327774
4.5,3.2,0.000519965873000746
4.55,3.2,0.00048206493096223
4.6,3.2,0.000446736540158385
4.65,3.2,0.000413821016834513
4.7,3.2,0.000383167470204199
4.75,3.2,0.000354633398223832
4.8,3.2,0.000328084296459264
4.85,3.2,0.000303393279997841
4.9,3.2,0.00028044071832811
4.95,3.2,0.000259113883080821
5,3.2,0.000239306608498597
5.05,3.2,0.000220918964477557
5.1,3.2,0.000203856942002351
5.15,3.2,0.000188032150776256
5.2,3.2,0.000173361528830266
5.25,3.2,0.000159767063879277
5.3,3.2,0.000147175526179499
5.35,3.2,0.000135518212629061
5.4,3.2,0.000124730701843222
5.45,3.2,0.000114752619926707
5.5,3.2,0.000105527416658265
5.55,3.2,9.70021517965392e-05
5.6,3.2,8.91272912117114e-05
5.65,3.2,8.18565125439415e-05
5.7,3.2,7.51465200874248e-05
5.75,3.2,6.89568685977149e-05
5.8,3.2,6.32497957198378e-05
5.85,3.2,5.79900627355176e-05
5.9,3.2,5.31448033294839e-05
5.95,3.2,4.86833800772735e-05
6,3.2,4.45772483600983e-05
-2,3.25,0.297229513453727
-1.95,3.25,0.289898618276042
-1.9,3.25,0.282653649894721
-1.85,3.25,0.275496847332541
-1.8,3.25,0.268430342907141
-1.75,3.25,0.26145616067118
-1.7,3.25,0.25457621506726
-1.65,3.25,0.247792309797874
-1.6,3.25,0.241106136910058
-1.55,3.25,0.234519276093871
-1.5,3.25,0.228033194193253
-1.45,3.25,0.221649244927231
-1.4,3.25,0.215368668818961
-1.35,3.25,0.209192593329517
-1.3,3.25,0.203122033192865
-1.25,3.25,0.197157890947967
-1.2,3.25,0.1913009576635
-1.15,3.25,0.185551913850215
-1.1,3.25,0.179911330555577
-1.05,3.25,0.174379670634887
-1,3.25,0.168957290192767
-0.95,3.25,0.163644440188498
-0.9,3.25,0.158441268198427
-0.85,3.25,0.153347820328341
-0.8,3.25,0.148364043268455
-0.75,3.25,0.14348978648344
-0.7,3.25,0.138724804529688
-0.65,3.25,0.134068759491872
-0.6,3.25,0.129521223530673
-0.55,3.25,0.12508168153346
-0.5,3.25,0.120749533859606
-0.45,3.25,0.116524099172068
-0.4,3.25,0.112404617346818
-0.35,3.25,0.108390252451717
-0.3,3.25,0.104480095786431
-0.25,3.25,0.10067316897506
-0.2,3.25,0.0969684271031832
-0.15,3.25,0.0933647618911535
-0.0999999999999999,3.25,0.0898610048955827
-0.0499999999999998,3.25,0.0864559307310892
0,3.25,0.0831482603045559
0.0500000000000003,3.25,0.0799366640543182
0.1,3.25,0.0768197651869079
0.15,3.25,0.0737961429041909
0.2,3.25,0.0708643356139761
0.25,3.25,0.0680228441174168
0.3,3.25,0.0652701347667884
0.35,3.25,0.0626046425875043
0.4,3.25,0.0600247743585109
0.45,3.25,0.0575289116455015
0.5,3.25,0.0551154137816889
0.55,3.25,0.0527826207911873
0.6,3.25,0.0505288562503668
0.65,3.25,0.0483524300828655
0.7,3.25,0.0462516412842625
0.75,3.25,0.0442247805727414
0.8,3.25,0.0422701329623959
0.85,3.25,0.0403859802561523
0.9,3.25,0.0385706034556066
0.95,3.25,0.0368222850853888
1,3.25,0.0351393114299846
1.05,3.25,0.0335199746812522
1.1,3.25,0.0319625749951751
1.15,3.25,0.03046542245669
1.2,3.25,0.0290268389517166
1.25,3.25,0.0276451599457974
1.3,3.25,0.0263187361690278
1.35,3.25,0.0250459352072194
1.4,3.25,0.0238251429994904
1.45,3.25,0.0226547652427199
1.5,3.25,0.0215332287035328
1.55,3.25,0.0204589824387006
1.6,3.25,0.0194304989250518
1.65,3.25,0.0184462751001806
1.7,3.25,0.0175048333154243
1.75,3.25,0.0166047222027529
1.8,3.25,0.0157445174573709
1.85,3.25,0.014922822537979
1.9,3.25,0.0141382692867739
1.95,3.25,0.0133895184713905
2,3.25,0.0126752602510941
2.05,3.25,0.0119942145696317
2.1,3.25,0.0113451314772338
2.15,3.25,0.010726791384333
2.2,3.25,0.0101380052496266
2.25,3.25,0.00957761470516288
2.3,3.25,0.0090444921211693
2.35,3.25,0.0085375406133723
2.4,3.25,0.00805569399557788
2.45,3.25,0.00759791668029255
2.5,3.25,0.00716320353016562
2.55,3.25,0.00675057966302688
2.6,3.25,0.00635910021327772
2.65,3.25,0.00598785005237087
2.7,3.25,0.00563594347108301
2.75,3.25,0.00530252382624787
2.8,3.25,0.00498676315457265
2.85,3.25,0.00468786175611245
2.9,3.25,0.00440504774992124
2.95,3.25,0.00413757660433922
3,3.25,0.00388473064431142
3.05,3.25,0.00364581853806494
3.1,3.25,0.00342017476540016
3.15,3.25,0.0032071590697766
3.2,3.25,0.00300615589629734
3.25,3.25,0.0028165738176154
3.3,3.25,0.00263784494970526
3.35,3.25,0.00246942435935904
3.4,3.25,0.00231078946518364
3.45,3.25,0.00216143943379037
3.5,3.25,0.00202089457278387
3.55,3.25,0.00188869572207211
3.6,3.25,0.00176440364493485
3.65,3.25,0.00164759842020359
3.7,3.25,0.00153787883682297
3.75,3.25,0.0014348617919813
3.8,3.25,0.00133818169391701
3.85,3.25,0.00124748987042818
3.9,3.25,0.00116245398403483
3.95,3.25,0.00108275745466744
4,3.25,0.00100809889068148
4.05,3.25,0.000938191528925715
4.1,3.25,0.000872762684522766
4.15,3.25,0.00081155321095296
4.2,3.25,0.000754316970968028
4.25,3.25,0.000700820318798776
4.3,3.25,0.000650841594061392
4.35,3.25,0.000604170627709872
4.4,3.25,0.000560608260327774
4.45,3.25,0.000519965873000746
4.5,3.25,0.000482064930962231
4.55,3.25,0.000446736540158385
4.6,3.25,0.000413821016834513
4.65,3.25,0.000383167470204199
4.7,3.25,0.000354633398223833
4.75,3.25,0.000328084296459264
4.8,3.25,0.000303393279997841
4.85,3.25,0.00028044071832811
4.9,3.25,0.000259113883080821
4.95,3.25,0.000239306608498597
5,3.25,0.000220918964477557
5.05,3.25,0.000203856942002351
5.1,3.25,0.000188032150776256
5.15,3.25,0.000173361528830266
5.2,3.25,0.000159767063879277
5.25,3.25,0.000147175526179499
5.3,3.25,0.000135518212629061
5.35,3.25,0.000124730701843222
5.4,3.25,0.000114752619926707
5.45,3.25,0.000105527416658265
5.5,3.25,9.70021517965393e-05
5.55,3.25,8.91272912117114e-05
5.6,3.25,8.18565125439415e-05
5.65,3.25,7.51465200874248e-05
5.7,3.25,6.89568685977149e-05
5.75,3.25,6.32497957198379e-05
5.8,3.25,5.79900627355177e-05
5.85,3.25,5.31448033294839e-05
5.9,3.25,4.86833800772735e-05
5.95,3.25,4.45772483600983e-05
6,3.25,4.07998274161483e-05
-2,3.3,0.289898618276042
-1.95,3.3,0.282653649894721
-1.9,3.3,0.275496847332541
-1.85,3.3,0.268430342907141
-1.8,3.3,0.26145616067118
-1.75,3.3,0.25457621506726
-1.7,3.3,0.247792309797874
-1.65,3.3,0.241106136910058
-1.6,3.3,0.234519276093871
-1.55,3.3,0.228033194193253
-1.5,3.3,0.221649244927231
-1.45,3.3,0.215368668818961
-1.4,3.3,0.209192593329517
-1.35,3.3,0.203122033192865
-1.3,3.3,0.197157890947967
-1.25,3.3,0.1913009576635
-1.2,3.3,0.185551913850215
-1.15,3.3,0.179911330555577
-1.1,3.3,0.174379670634887
-1.05,3.3,0.168957290192767
-1,3.3,0.163644440188498
-0.95,3.3,0.158441268198427
-0.9,3.3,0.153347820328341
-0.85,3.3,0.148364043268455
-0.8,3.3,0.14348978648344
-0.75,3.3,0.138724804529688
-0.7,3.3,0.134068759491872
-0.65,3.3,0.129521223530673
-0.6,3.3,0.12508168153346
-0.55,3.3,0.120749533859606
-0.5,3.3,0.116524099172068
-0.45,3.3,0.112404617346818
-0.4,3.3,0.108390252451717
-0.35,3.3,0.104480095786431
-0.3,3.3,0.10067316897506
-0.25,3.3,0.0969684271031832
-0.2,3.3,0.0933647618911535
-0.15,3.3,0.0898610048955827
-0.0999999999999999,3.3,0.0864559307310892
-0.0499999999999998,3.3,0.0831482603045558
0,3.3,0.0799366640543182
0.0500000000000003,3.3,0.0768197651869078
0.1,3.3,0.0737961429041909
0.15,3.3,0.0708643356139761
0.2,3.3,0.0680228441174168
0.25,3.3,0.0652701347667884
0.3,3.3,0.0626046425875043
0.35,3.3,0.0600247743585109
0.4,3.3,0.0575289116455015
0.45,3.3,0.0551154137816889
0.5,3.3,0.0527826207911873
0.55,3.3,0.0505288562503667
0.6,3.3,0.0483524300828655
0.65,3.3,0.0462516412842625
0.7,3.3,0.0442247805727414
0.75,3.3,0.0422701329623959
0.8,3.3,0.0403859802561523
0.85,3.3,0.0385706034556066
0.9,3.3,0.0368222850853888
0.95,3.3,0.0351393114299846
1,3.3,0.0335199746812522
1.05,3.3,0.031962574995175
1.1,3.3,0.03046542245669
1.15,3.3,0.0290268389517166
1.2,3.3,0.0276451599457974
1.25,3.3,0.0263187361690278
1.3,3.3,0.0250459352072194
1.35,3.3,0.0238251429994904
1.4,3.3,0.0226547652427199
1.45,3.3,0.0215332287035328
1.5,3.3,0.0204589824387006
1.55,3.3,0.0194304989250518
1.6,3.3,0.0184462751001806
1.65,3.3,0.0175048333154243
1.7,3.3,0.0166047222027528
1.75,3.3,0.0157445174573709
1.8,3.3,0.014922822537979
1.85,3.3,0.0141382692867739
1.9,3.3,0.0133895184713905
1.95,3.3,0.0126752602510941
2,3.3,0.0119942145696317
2.05,3.3,0.0113451314772339
2.1,3.3,0.010726791384333
2.15,3.3,0.0101380052496266
2.2,3.3,0.00957761470516288
2.25,3.3,0.0090444921211693
2.3,3.3,0.0085375406133723
2.35,3.3,0.00805569399557788
2.4,3.3,0.00759791668029255
2.45,3.3,0.00716320353016561
2.5,3.3,0.00675057966302688
2.55,3.3,0.00635910021327773
2.6,3.3,0.00598785005237086
2.65,3.3,0.00563594347108301
2.7,3.3,0.00530252382624786
2.75,3.3,0.00498676315457265
2.8,3.3,0.00468786175611245
2.85,3.3,0.00440504774992123
2.9,3.3,0.00413757660433922
2.95,3.3,0.00388473064431142
3,3.3,0.00364581853806495
3.05,3.3,0.00342017476540015
3.1,3.3,0.0032071590697766
3.15,3.3,0.00300615589629734
3.2,3.3,0.0028165738176154
3.25,3.3,0.00263784494970526
3.3,3.3,0.00246942435935904
3.35,3.3,0.00231078946518364
3.4,3.3,0.00216143943379037
3.45,3.3,0.00202089457278387
3.5,3.3,0.00188869572207211
3.55,3.3,0.00176440364493485
3.6,3.3,0.00164759842020359
3.65,3.3,0.00153787883682297
3.7,3.3,0.0014348617919813
3.75,3.3,0.00133818169391701
3.8,3.3,0.00124748987042818
3.85,3.3,0.00116245398403483
3.9,3.3,0.00108275745466744
3.95,3.3,0.00100809889068148
4,3.3,0.000938191528925715
4.05,3.3,0.000872762684522766
4.1,3.3,0.00081155321095296
4.15,3.3,0.000754316970968027
4.2,3.3,0.000700820318798776
4.25,3.3,0.000650841594061393
4.3,3.3,0.000604170627709872
4.35,3.3,0.000560608260327774
4.4,3.3,0.000519965873000745
4.45,3.3,0.000482064930962231
4.5,3.3,0.000446736540158385
4.55,3.3,0.000413821016834513
4.6,3.3,0.000383167470204198
4.65,3.3,0.000354633398223832
4.7,3.3,0.000328084296459265
4.75,3.3,0.000303393279997841
4.8,3.3,0.00028044071832811
4.85,3.3,0.00025911388308082
4.9,3.3,0.000239306608498597
4.95,3.3,0.000220918964477557
5,3.3,0.000203856942002351
5.05,3.3,0.000188032150776256
5.1,3.3,0.000173361528830266
5.15,3.3,0.000159767063879277
5.2,3.3,0.000147175526179499
5.25,3.3,0.000135518212629061
5.3,3.3,0.000124730701843222
5.35,3.3,0.000114752619926707
5.4,3.3,0.000105527416658264
5.45,3.3,9.70021517965393e-05
5.5,3.3,8.91272912117114e-05
5.55,3.3,8.18565125439414e-05
5.6,3.3,7.51465200874248e-05
5.65,3.3,6.89568685977148e-05
5.7,3.3,6.32497957198379e-05
5.75,3.3,5.79900627355177e-05
5.8,3.3,5.31448033294839e-05
5.85,3.3,4.86833800772735e-05
5.9,3.3,4.45772483600983e-05
5.95,3.3,4.07998274161482e-05
6,3.3,3.73263782420971e-05
-2,3.35,0.282653649894721
-1.95,3.35,0.275496847332541
-1.9,3.35,0.268430342907141
-1.85,3.35,0.26145616067118
-1.8,3.35,0.25457621506726
-1.75,3.35,0.247792309797874
-1.7,3.35,0.241106136910058
-1.65,3.35,0.234519276093871
-1.6,3.35,0.228033194193253
-1.55,3.35,0.221649244927231
-1.5,3.35,0.215368668818961
-1.45,3.35,0.209192593329517
-1.4,3.35,0.203122033192865
-1.35,3.35,0.197157890947967
-1.3,3.35,0.1913009576635
-1.25,3.35,0.185551913850215
-1.2,3.35,0.179911330555577
-1.15,3.35,0.174379670634887
-1.1,3.35,0.168957290192767
-1.05,3.35,0.163644440188498
-1,3.35,0.158441268198427
-0.95,3.35,0.153347820328341
-0.9,3.35,0.148364043268455
-0.85,3.35,0.14348978648344
-0.8,3.35,0.138724804529688
-0.75,3.35,0.134068759491872
-0.7,3.35,0.129521223530673
-0.65,3.35,0.12508168153346
-0.6,3.35,0.120749533859606
-0.55,3.35,0.116524099172068
-0.5,3.35,0.112404617346819
-0.45,3.35,0.108390252451717
-0.4,3.35,0.104480095786431
-0.35,3.35,0.10067316897506
-0.3,3.35,0.0969684271031832
-0.25,3.35,0.0933647618911535
-0.2,3.35,0.0898610048955827
-0.15,3.35,0.0864559307310892
-0.0999999999999999,3.35,0.0831482603045559
-0.0499999999999998,3.35,0.0799366640543182
0,3.35,0.0768197651869079
0.0500000000000003,3.35,0.0737961429041909
0.1,3.35,0.0708643356139762
0.15,3.35,0.0680228441174168
0.2,3.35,0.0652701347667884
0.25,3.35,0.0626046425875043
0.3,3.35,0.0600247743585109
0.35,3.35,0.0575289116455015
0.4,3.35,0.0551154137816889
0.45,3.35,0.0527826207911873
0.5,3.35,0.0505288562503668
0.55,3.35,0.0483524300828655
0.6,3.35,0.0462516412842625
0.65,3.35,0.0442247805727414
0.7,3.35,0.0422701329623959
0.75,3.35,0.0403859802561523
0.8,3.35,0.0385706034556066
0.85,3.35,0.0368222850853888
0.9,3.35,0.0351393114299846
0.95,3.35,0.0335199746812522
1,3.35,0.0319625749951751
1.05,3.35,0.03046542245669
1.1,3.35,0.0290268389517166
1.15,3.35,0.0276451599457974
1.2,3.35,0.0263187361690278
1.25,3.35,0.0250459352072194
1.3,3.35,0.0238251429994904
1.35,3.35,0.0226547652427199
1.4,3.35,0.0215332287035328
1.45,3.35,0.0204589824387006
1.5,3.35,0.0194304989250518
1.55,3.35,0.0184462751001806
1.6,3.35,0.0175048333154243
1.65,3.35,0.0166047222027528
1.7,3.35,0.015744517457371
1.75,3.35,0.014922822537979
1.8,3.35,0.0141382692867739
1.85,3.35,0.0133895184713905
1.9,3.35,0.0126752602510941
1.95,3.35,0.0119942145696317
2,3.35,0.0113451314772339
2.05,3.35,0.010726791384333
2.1,3.35,0.0101380052496266
2.15,3.35,0.00957761470516288
2.2,3.35,0.0090444921211693
2.25,3.35,0.00853754061337231
2.3,3.35,0.00805569399557788
2.35,3.35,0.00759791668029255
2.4,3.35,0.00716320353016561
2.45,3.35,0.00675057966302688
2.5,3.35,0.00635910021327773
2.55,3.35,0.00598785005237087
2.6,3.35,0.00563594347108301
2.65,3.35,0.00530252382624787
2.7,3.35,0.00498676315457265
2.75,3.35,0.00468786175611245
2.8,3.35,0.00440504774992123
2.85,3.35,0.00413757660433922
2.9,3.35,0.00388473064431142
2.95,3.35,0.00364581853806495
3,3.35,0.00342017476540016
3.05,3.35,0.0032071590697766
3.1,3.35,0.00300615589629734
3.15,3.35,0.0028165738176154
3.2,3.35,0.00263784494970526
3.25,3.35,0.00246942435935905
3.3,3.35,0.00231078946518364
3.35,3.35,0.00216143943379037
3.4,3.35,0.00202089457278387
3.45,3.35,0.00188869572207211
3.5,3.35,0.00176440364493485
3.55,3.35,0.00164759842020359
3.6,3.35,0.00153787883682297
3.65,3.35,0.0014348617919813
3.7,3.35,0.00133818169391701
3.75,3.35,0.00124748987042818
3.8,3.35,0.00116245398403483
3.85,3.35,0.00108275745466744
3.9,3.35,0.00100809889068148
3.95,3.35,0.000938191528925716
4,3.35,0.000872762684522766
4.05,3.35,0.00081155321095296
4.1,3.35,0.000754316970968027
4.15,3.35,0.000700820318798776
4.2,3.35,0.000650841594061393
4.25,3.35,0.000604170627709873
4.3,3.35,0.000560608260327774
4.35,3.35,0.000519965873000745
4.4,3.35,0.000482064930962231
4.45,3.35,0.000446736540158385
4.5,3.35,0.000413821016834515
4.55,3.35,0.000383167470204199
4.6,3.35,0.000354633398223832
4.65,3.35,0.000328084296459264
4.7,3.35,0.000303393279997841
4.75,3.35,0.00028044071832811
4.8,3.35,0.00025911388308082
4.85,3.35,0.000239306608498597
4.9,3.35,0.000220918964477557
4.95,3.35,0.000203856942002351
5,3.35,0.000188032150776256
5.05,3.35,0.000173361528830266
5.1,3.35,0.000159767063879277
5.15,3.35,0.000147175526179499
5.2,3.35,0.000135518212629062
5.25,3.35,0.000124730701843222
5.3,3.35,0.000114752619926707
5.35,3.35,0.000105527416658264
5.4,3.35,9.70021517965393e-05
5.45,3.35,8.91272912117114e-05
5.5,3.35,8.18565125439417e-05
5.55,3.35,7.51465200874248e-05
5.6,3.35,6.89568685977148e-05
5.65,3.35,6.32497957198379e-05
5.7,3.35,5.79900627355177e-05
5.75,3.35,5.31448033294841e-05
5.8,3.35,4.86833800772736e-05
5.85,3.35,4.45772483600983e-05
5.9,3.35,4.07998274161482e-05
5.95,3.35,3.73263782420971e-05
6,3.35,3.41338880634823e-05
-2,3.4,0.275496847332541
-1.95,3.4,0.268430342907141
-1.9,3.4,0.26145616067118
-1.85,3.4,0.25457621506726
-1.8,3.4,0.247792309797874
-1.75,3.4,0.241106136910058
-1.7,3.4,0.234519276093871
-1.65,3.4,0.228033194193253
-1.6,3.4,0.221649244927231
-1.55,3.4,0.215368668818961
-1.5,3.4,0.209192593329517
-1.45,3.4,0.203122033192865
-1.4,3.4,0.197157890947967
-1.35,3.4,0.1913009576635
-1.3,3.4,0.185551913850215
-1.25,3.4,0.179911330555577
-1.2,3.4,0.174379670634887
-1.15,3.4,0.168957290192767
-1.1,3.4,0.163644440188498
-1.05,3.4,0.158441268198427
-1,3.4,0.153347820328341
-0.95,3.4,0.148364043268455
-0.9,3.4,0.14348978648344
-0.85,3.4,0.138724804529688
-0.8,3.4,0.134068759491872
-0.75,3.4,0.129521223530673
-0.7,3.4,0.12508168153346
-0.65,3.4,0.120749533859606
-0.6,3.4,0.116524099172068
-0.55,3.4,0.112404617346818
-0.5,3.4,0.108390252451717
-0.45,3.4,0.104480095786431
-0.4,3.4,0.10067316897506
-0.35,3.4,0.0969684271031832
-0.3,3.4,0.0933647618911535
-0.25,3.4,0.0898610048955827
-0.2,3.4,0.0864559307310892
-0.15,3.4,0.0831482603045559
-0.0999999999999999,3.4,0.0799366640543182
-0.0499999999999998,3.4,0.0768197651869078
0,3.4,0.0737961429041909
0.0500000000000003,3.4,0.0708643356139761
0.1,3.4,0.0680228441174168
0.15,3.4,0.0652701347667884
0.2,3.4,0.0626046425875043
0.25,3.4,0.0600247743585109
0.3,3.4,0.0575289116455015
0.35,3.4,0.0551154137816889
0.4,3.4,0.0527826207911873
0.45,3.4,0.0505288562503667
0.5,3.4,0.0483524300828655
0.55,3.4,0.0462516412842625
0.6,3.4,0.0442247805727414
0.65,3.4,0.0422701329623959
0.7,3.4,0.0403859802561523
0.75,3.4,0.0385706034556066
0.8,3.4,0.0368222850853888
0.85,3.4,0.0351393114299846
0.9,3.4,0.0335199746812522
0.95,3.4,0.031962574995175
1,3.4,0.03046542245669
1.05,3.4,0.0290268389517166
1.1,3.4,0.0276451599457974
1.15,3.4,0.0263187361690278
1.2,3.4,0.0250459352072194
1.25,3.4,0.0238251429994904
1.3,3.4,0.0226547652427199
1.35,3.4,0.0215332287035328
1.4,3.4,0.0204589824387006
1.45,3.4,0.0194304989250518
1.5,3.4,0.0184462751001806
1.55,3.4,0.0175048333154243
1.6,3.4,0.0166047222027528
1.65,3.4,0.0157445174573709
1.7,3.4,0.014922822537979
1.75,3.4,0.0141382692867739
1.8,3.4,0.0133895184713905
1.85,3.4,0.0126752602510941
1.9,3.4,0.0119942145696317
1.95,3.4,0.0113451314772339
2,3.4,0.010726791384333
2.05,3.4,0.0101380052496266
2.1,3.4,0.00957761470516287
2.15,3.4,0.0090444921211693
2.2,3.4,0.0085375406133723
2.25,3.4,0.00805569399557788
2.3,3.4,0.00759791668029255
2.35,3.4,0.00716320353016561
2.4,3.4,0.00675057966302688
2.45,3.4,0.00635910021327772
2.5,3.4,0.00598785005237087
2.55,3.4,0.00563594347108301
2.6,3.4,0.00530252382624786
2.65,3.4,0.00498676315457265
2.7,3.4,0.00468786175611245
2.75,3.4,0.00440504774992124
2.8,3.4,0.00413757660433921
2.85,3.4,0.00388473064431142
2.9,3.4,0.00364581853806495
2.95,3.4,0.00342017476540016
3,3.4,0.0032071590697766
3.05,3.4,0.00300615589629733
3.1,3.4,0.0028165738176154
3.15,3.4,0.00263784494970526
3.2,3.4,0.00246942435935904
3.25,3.4,0.00231078946518364
3.3,3.4,0.00216143943379037
3.35,3.4,0.00202089457278386
3.4,3.4,0.00188869572207211
3.45,3.4,0.00176440364493485
3.5,3.4,0.00164759842020359
3.55,3.4,0.00153787883682297
3.6,3.4,0.0014348617919813
3.65,3.4,0.00133818169391701
3.7,3.4,0.00124748987042818
3.75,3.4,0.00116245398403483
3.8,3.4,0.00108275745466744
3.85,3.4,0.00100809889068148
3.9,3.4,0.000938191528925715
3.95,3.4,0.000872762684522766
4,3.4,0.00081155321095296
4.05,3.4,0.000754316970968027
4.1,3.4,0.000700820318798776
4.15,3.4,0.000650841594061392
4.2,3.4,0.000604170627709873
4.25,3.4,0.000560608260327774
4.3,3.4,0.000519965873000745
4.35,3.4,0.00048206493096223
4.4,3.4,0.000446736540158385
4.45,3.4,0.000413821016834514
4.5,3.4,0.000383167470204199
4.55,3.4,0.000354633398223832
4.6,3.4,0.000328084296459264
4.65,3.4,0.000303393279997841
4.7,3.4,0.00028044071832811
4.75,3.4,0.000259113883080821
4.8,3.4,0.000239306608498596
4.85,3.4,0.000220918964477557
4.9,3.4,0.000203856942002351
4.95,3.4,0.000188032150776256
5,3.4,0.000173361528830266
5.05,3.4,0.000159767063879277
5.1,3.4,0.000147175526179499
5.15,3.4,0.000135518212629061
5.2,3.4,0.000124730701843222
5.25,3.4,0.000114752619926707
5.3,3.4,0.000105527416658265
5.35,3.4,9.70021517965392e-05
5.4,3.4,8.91272912117114e-05
5.45,3.4,8.18565125439415e-05
5.5,3.4,7.51465200874248e-05
5.55,3.4,6.89568685977148e-05
5.6,3.4,6.32497957198378e-05
5.65,3.4,5.79900627355177e-05
5.7,3.4,5.3144803329484e-05
5.75,3.4,4.86833800772736e-05
5.8,3.4,4.45772483600983e-05
5.85,3.4,4.07998274161482e-05
5.9,3.4,3.73263782420971e-05
5.95,3.4,3.41338880634823e-05
6,3.4,3.12009610980145e-05
-2,3.45,0.268430342907141
-1.95,3.45,0.26145616067118
-1.9,3.45,0.25457621506726
-1.85,3.45,0.247792309797874
-1.8,3.45,0.241106136910058
-1.75,3.45,0.234519276093871
-1.7,3.45,0.228033194193253
-1.65,3.45,0.221649244927231
-1.6,3.45,0.215368668818961
-1.55,3.45,0.209192593329517
-1.5,3.45,0.203122033192865
-1.45,3.45,0.197157890947967
-1.4,3.45,0.1913009576635
-1.35,3.45,0.185551913850215
-1.3,3.45,0.179911330555577
-1.25,3.45,0.174379670634887
-1.2,3.45,0.168957290192767
-1.15,3.45,0.163644440188498
-1.1,3.45,0.158441268198427
-1.05,3.45,0.153347820328341
-1,3.45,0.148364043268456
-0.95,3.45,0.14348978648344
-0.9,3.45,0.138724804529688
-0.85,3.45,0.134068759491872
-0.8,3.45,0.129521223530673
-0.75,3.45,0.12508168153346
-0.7,3.45,0.120749533859606
-0.65,3.45,0.116524099172068
-0.6,3.45,0.112404617346819
-0.55,3.45,0.108390252451717
-0.5,3.45,0.104480095786431
-0.45,3.45,0.10067316897506
-0.4,3.45,0.0969684271031832
-0.35,3.45,0.0933647618911535
-0.3,3.45,0.0898610048955827
-0.25,3.45,0.0864559307310892
-0.2,3.45,0.0831482603045559
-0.15,3.45,0.0799366640543183
-0.0999999999999999,3.45,0.0768197651869079
-0.0499999999999998,3.45,0.0737961429041909
0,3.45,0.0708643356139762
0.0500000000000003,3.45,0.0680228441174168
0.1,3.45,0.0652701347667884
0.15,3.45,0.0626046425875043
0.2,3.45,0.0600247743585109
0.25,3.45,0.0575289116455015
0.3,3.45,0.0551154137816889
0.35,3.45,0.0527826207911873
0.4,3.45,0.0505288562503668
0.45,3.45,0.0483524300828655
0.5,3.45,0.0462516412842625
0.55,3.45,0.0442247805727414
0.6,3.45,0.0422701329623959
0.65,3.45,0.0403859802561523
0.7,3.45,0.0385706034556066
0.75,3.45,0.0368222850853888
0.8,3.45,0.0351393114299846
0.85,3.45,0.0335199746812522
0.9,3.45,0.0319625749951751
0.95,3.45,0.03046542245669
1,3.45,0.0290268389517166
1.05,3.45,0.0276451599457974
1.1,3.45,0.0263187361690278
1.15,3.45,0.0250459352072194
1.2,3.45,0.0238251429994904
1.25,3.45,0.0226547652427199
1.3,3.45,0.0215332287035328
1.35,3.45,0.0204589824387006
1.4,3.45,0.0194304989250518
1.45,3.45,0.0184462751001806
1.5,3.45,0.0175048333154243
1.55,3.45,0.0166047222027529
1.6,3.45,0.015744517457371
1.65,3.45,0.014922822537979
1.7,3.45,0.0141382692867739
1.75,3.45,0.0133895184713905
1.8,3.45,0.0126752602510941
1.85,3.45,0.0119942145696317
1.9,3.45,0.0113451314772339
1.95,3.45,0.010726791384333
2,3.45,0.0101380052496266
2.05,3.45,0.00957761470516288
2.1,3.45,0.0090444921211693
2.15,3.45,0.0085375406133723
2.2,3.45,0.00805569399557788
2.25,3.45,0.00759791668029255
2.3,3.45,0.00716320353016562
2.35,3.45,0.00675057966302688
2.4,3.45,0.00635910021327772
2.45,3.45,0.00598785005237087
2.5,3.45,0.00563594347108301
2.55,3.45,0.00530252382624787
2.6,3.45,0.00498676315457265
2.65,3.45,0.00468786175611245
2.7,3.45,0.00440504774992124
2.75,3.45,0.00413757660433922
2.8,3.45,0.00388473064431142
2.85,3.45,0.00364581853806495
2.9,3.45,0.00342017476540016
2.95,3.45,0.0032071590697766
3,3.45,0.00300615589629734
3.05,3.45,0.0028165738176154
3.1,3.45,0.00263784494970526
3.15,3.45,0.00246942435935905
3.2,3.45,0.00231078946518364
3.25,3.45,0.00216143943379037
3.3,3.45,0.00202089457278386
3.35,3.45,0.00188869572207211
3.4,3.45,0.00176440364493485
3.45,3.45,0.00164759842020359
3.5,3.45,0.00153787883682297
3.55,3.45,0.0014348617919813
3.6,3.45,0.00133818169391701
3.65,3.45,0.00124748987042818
3.7,3.45,0.00116245398403483
3.75,3.45,0.00108275745466744
3.8,3.45,0.00100809889068148
3.85,3.45,0.000938191528925715
3.9,3.45,0.000872762684522766
3.95,3.45,0.000811553210952962
4,3.45,0.000754316970968028
4.05,3.45,0.000700820318798776
4.1,3.45,0.000650841594061392
4.15,3.45,0.000604170627709873
4.2,3.45,0.000560608260327774
4.25,3.45,0.000519965873000747
4.3,3.45,0.000482064930962231
4.35,3.45,0.000446736540158385
4.4,3.45,0.000413821016834514
4.45,3.45,0.000383167470204199
4.5,3.45,0.000354633398223833
4.55,3.45,0.000328084296459264
4.6,3.45,0.000303393279997841
4.65,3.45,0.00028044071832811
4.7,3.45,0.000259113883080821
4.75,3.45,0.000239306608498597
4.8,3.45,0.000220918964477557
4.85,3.45,0.000203856942002351
4.9,3.45,0.000188032150776256
4.95,3.45,0.000173361528830266
5,3.45,0.000159767063879277
5.05,3.45,0.000147175526179499
5.1,3.45,0.000135518212629061
5.15,3.45,0.000124730701843222
5.2,3.45,0.000114752619926707
5.25,3.45,0.000105527416658265
5.3,3.45,9.70021517965393e-05
5.35,3.45,8.91272912117114e-05
5.4,3.45,8.18565125439415e-05
5.45,3.45,7.51465200874248e-05
5.5,3.45,6.89568685977149e-05
5.55,3.45,6.32497957198378e-05
5.6,3.45,5.79900627355177e-05
5.65,3.45,5.3144803329484e-05
5.7,3.45,4.86833800772736e-05
5.75,3.45,4.45772483600984e-05
5.8,3.45,4.07998274161483e-05
5.85,3.45,3.73263782420971e-05
5.9,3.45,3.41338880634823e-05
5.95,3.45,3.12009610980145e-05
6,3.45,2.85077153416525e-05
-2,3.5,0.26145616067118
-1.95,3.5,0.25457621506726
-1.9,3.5,0.247792309797874
-1.85,3.5,0.241106136910058
-1.8,3.5,0.234519276093871
-1.75,3.5,0.228033194193253
-1.7,3.5,0.221649244927231
-1.65,3.5,0.215368668818961
-1.6,3.5,0.209192593329517
-1.55,3.5,0.203122033192865
-1.5,3.5,0.197157890947967
-1.45,3.5,0.1913009576635
-1.4,3.5,0.185551913850215
-1.35,3.5,0.179911330555577
-1.3,3.5,0.174379670634887
-1.25,3.5,0.168957290192767
-1.2,3.5,0.163644440188498
-1.15,3.5,0.158441268198427
-1.1,3.5,0.153347820328341
-1.05,3.5,0.148364043268455
-1,3.5,0.14348978648344
-0.95,3.5,0.138724804529688
-0.9,3.5,0.134068759491872
-0.85,3.5,0.129521223530673
-0.8,3.5,0.12508168153346
-0.75,3.5,0.120749533859606
-0.7,3.5,0.116524099172068
-0.65,3.5,0.112404617346818
-0.6,3.5,0.108390252451717
-0.55,3.5,0.104480095786431
-0.5,3.5,0.10067316897506
-0.45,3.5,0.0969684271031832
-0.4,3.5,0.0933647618911535
-0.35,3.5,0.0898610048955827
-0.3,3.5,0.0864559307310892
-0.25,3.5,0.0831482603045559
-0.2,3.5,0.0799366640543182
-0.15,3.5,0.0768197651869079
-0.0999999999999999,3.5,0.0737961429041909
-0.0499999999999998,3.5,0.0708643356139761
0,3.5,0.0680228441174168
0.0500000000000003,3.5,0.0652701347667884
0.1,3.5,0.0626046425875043
0.15,3.5,0.0600247743585109
0.2,3.5,0.0575289116455015
0.25,3.5,0.0551154137816889
0.3,3.5,0.0527826207911873
0.35,3.5,0.0505288562503668
0.4,3.5,0.0483524300828655
0.45,3.5,0.0462516412842625
0.5,3.5,0.0442247805727414
0.55,3.5,0.0422701329623959
0.6,3.5,0.0403859802561523
0.65,3.5,0.0385706034556066
0.7,3.5,0.0368222850853888
0.75,3.5,0.0351393114299846
0.8,3.5,0.0335199746812522
0.85,3.5,0.0319625749951751
0.9,3.5,0.03046542245669
0.95,3.5,0.0290268389517166
1,3.5,0.0276451599457974
1.05,3.5,0.0263187361690278
1.1,3.5,0.0250459352072194
1.15,3.5,0.0238251429994904
1.2,3.5,0.0226547652427199
1.25,3.5,0.0215332287035328
1.3,3.5,0.0204589824387006
1.35,3.5,0.0194304989250518
1.4,3.5,0.0184462751001806
1.45,3.5,0.0175048333154243
1.5,3.5,0.0166047222027529
1.55,3.5,0.0157445174573709
1.6,3.5,0.014922822537979
1.65,3.5,0.0141382692867739
1.7,3.5,0.0133895184713905
1.75,3.5,0.0126752602510941
1.8,3.5,0.0119942145696317
1.85,3.5,0.0113451314772339
1.9,3.5,0.010726791384333
1.95,3.5,0.0101380052496266
2,3.5,0.00957761470516288
2.05,3.5,0.0090444921211693
2.1,3.5,0.0085375406133723
2.15,3.5,0.00805569399557788
2.2,3.5,0.00759791668029255
2.25,3.5,0.00716320353016562
2.3,3.5,0.00675057966302688
2.35,3.5,0.00635910021327772
2.4,3.5,0.00598785005237086
2.45,3.5,0.00563594347108301
2.5,3.5,0.00530252382624787
2.55,3.5,0.00498676315457265
2.6,3.5,0.00468786175611245
2.65,3.5,0.00440504774992124
2.7,3.5,0.00413757660433922
2.75,3.5,0.00388473064431142
2.8,3.5,0.00364581853806494
2.85,3.5,0.00342017476540016
2.9,3.5,0.0032071590697766
2.95,3.5,0.00300615589629734
3,3.5,0.0028165738176154
3.05,3.5,0.00263784494970526
3.1,3.5,0.00246942435935904
3.15,3.5,0.00231078946518364
3.2,3.5,0.00216143943379037
3.25,3.5,0.00202089457278387
3.3,3.5,0.00188869572207211
3.35,3.5,0.00176440364493485
3.4,3.5,0.00164759842020359
3.45,3.5,0.00153787883682297
3.5,3.5,0.0014348617919813
3.55,3.5,0.00133818169391701
3.6,3.5,0.00124748987042818
3.65,3.5,0.00116245398403483
3.7,3.5,0.00108275745466744
3.75,3.5,0.00100809889068148
3.8,3.5,0.000938191528925713
3.85,3.5,0.000872762684522766
3.9,3.5,0.00081155321095296
3.95,3.5,0.000754316970968028
4,3.5,0.000700820318798776
4.05,3.5,0.000650841594061392
4.1,3.5,0.000604170627709872
4.15,3.5,0.000560608260327774
4.2,3.5,0.000519965873000746
4.25,3.5,0.000482064930962231
4.3,3.5,0.000446736540158385
4.35,3.5,0.000413821016834513
4.4,3.5,0.000383167470204199
4.45,3.5,0.000354633398223832
4.5,3.5,0.000328084296459265
4.55,3.5,0.000303393279997841
4.6,3.5,0.00028044071832811
4.65,3.5,0.000259113883080821
4.7,3.5,0.000239306608498597
4.75,3.5,0.000220918964477557
4.8,3.5,0.000203856942002351
4.85,3.5,0.000188032150776256
4.9,3.5,0.000173361528830266
4.95,3.5,0.000159767063879277
5,3.5,0.000147175526179499
5.05,3.5,0.000135518212629061
5.1,3.5,0.000124730701843222
5.15,3.5,0.000114752619926707
5.2,3.5,0.000105527416658265
5.25,3.5,9.70021517965393e-05
5.3,3.5,8.91272912117114e-05
5.35,3.5,8.18565125439414e-05
5.4,3.5,7.51465200874248e-05
5.45,3.5,6.89568685977148e-05
5.5,3.5,6.32497957198379e-05
5.55,3.5,5.79900627355177e-05
5.6,3.5,5.31448033294839e-05
5.65,3.5,4.86833800772736e-05
5.7,3.5,4.45772483600983e-05
5.75,3.5,4.07998274161484e-05
5.8,3.5,3.73263782420971e-05
5.85,3.5,3.41338880634823e-05
5.9,3.5,3.12009610980145e-05
5.95,3.5,2.85077153416525e-05
6,3.5,2.60356851134202e-05
-2,3.55,0.25457621506726
-1.95,3.55,0.247792309797874
-1.9,3.55,0.241106136910058
-1.85,3.55,0.234519276093871
-1.8,3.55,0.228033194193253
-1.75,3.55,0.221649244927231
-1.7,3.55,0.215368668818961
-1.65,3.55,0.209192593329517
-1.6,3.55,0.203122033192865
-1.55,3.55,0.197157890947967
-1.5,3.55,0.1913009576635
-1.45,3.55,0.185551913850215
-1.4,3.55,0.179911330555577
-1.35,3.55,0.174379670634887
-1.3,3.55,0.168957290192767
-1.25,3.55,0.163644440188498
-1.2,3.55,0.158441268198427
-1.15,3.55,0.153347820328341
-1.1,3.55,0.148364043268455
-1.05,3.55,0.14348978648344
-1,3.55,0.138724804529688
-0.95,3.55,0.134068759491872
-0.9,3.55,0.129521223530673
-0.85,3.55,0.12508168153346
-0.8,3.55,0.120749533859606
-0.75,3.55,0.116524099172068
-0.7,3.55,0.112404617346818
-0.65,3.55,0.108390252451717
-0.6,3.55,0.104480095786431
-0.55,3.55,0.10067316897506
-0.5,3.55,0.0969684271031832
-0.45,3.55,0.0933647618911535
-0.4,3.55,0.0898610048955827
-0.35,3.55,0.0864559307310892
-0.3,3.55,0.0831482603045558
-0.25,3.55,0.0799366640543182
-0.2,3.55,0.0768197651869078
-0.15,3.55,0.0737961429041909
-0.0999999999999999,3.55,0.0708643356139761
-0.0499999999999998,3.55,0.0680228441174168
0,3.55,0.0652701347667884
0.0500000000000003,3.55,0.0626046425875043
0.1,3.55,0.0600247743585109
0.15,3.55,0.0575289116455015
0.2,3.55,0.0551154137816889
0.25,3.55,0.0527826207911873
0.3,3.55,0.0505288562503667
0.35,3.55,0.0483524300828655
0.4,3.55,0.0462516412842625
0.45,3.55,0.0442247805727414
0.5,3.55,0.0422701329623959
0.55,3.55,0.0403859802561523
0.6,3.55,0.0385706034556066
0.65,3.55,0.0368222850853888
0.7,3.55,0.0351393114299846
0.75,3.55,0.0335199746812522
0.8,3.55,0.031962574995175
0.85,3.55,0.03046542245669
0.9,3.55,0.0290268389517166
0.95,3.55,0.0276451599457974
1,3.55,0.0263187361690278
1.05,3.55,0.0250459352072194
1.1,3.55,0.0238251429994904
1.15,3.55,0.0226547652427199
1.2,3.55,0.0215332287035328
1.25,3.55,0.0204589824387006
1.3,3.55,0.0194304989250518
1.35,3.55,0.0184462751001806
1.4,3.55,0.0175048333154243
1.45,3.55,0.0166047222027528
1.5,3.55,0.0157445174573709
1.55,3.55,0.014922822537979
1.6,3.55,0.0141382692867739
1.65,3.55,0.0133895184713905
1.7,3.55,0.0126752602510941
1.75,3.55,0.0119942145696317
1.8,3.55,0.0113451314772338
1.85,3.55,0.010726791384333
1.9,3.55,0.0101380052496266
1.95,3.55,0.00957761470516288
2,3.55,0.0090444921211693
2.05,3.55,0.0085375406133723
2.1,3.55,0.00805569399557787
2.15,3.55,0.00759791668029255
2.2,3.55,0.00716320353016561
2.25,3.55,0.00675057966302688
2.3,3.55,0.00635910021327773
2.35,3.55,0.00598785005237086
2.4,3.55,0.00563594347108301
2.45,3.55,0.00530252382624786
2.5,3.55,0.00498676315457265
2.55,3.55,0.00468786175611245
2.6,3.55,0.00440504774992123
2.65,3.55,0.00413757660433922
2.7,3.55,0.00388473064431142
2.75,3.55,0.00364581853806495
2.8,3.55,0.00342017476540015
2.85,3.55,0.0032071590697766
2.9,3.55,0.00300615589629734
2.95,3.55,0.0028165738176154
3,3.55,0.00263784494970526
3.05,3.55,0.00246942435935904
3.1,3.55,0.00231078946518364
3.15,3.55,0.00216143943379037
3.2,3.55,0.00202089457278386
3.25,3.55,0.00188869572207211
3.3,3.55,0.00176440364493485
3.35,3.55,0.00164759842020359
3.4,3.55,0.00153787883682297
3.45,3.55,0.0014348617919813
3.5,3.55,0.00133818169391701
3.55,3.55,0.00124748987042818
3.6,3.55,0.00116245398403483
3.65,3.55,0.00108275745466744
3.7,3.55,0.00100809889068148
3.75,3.55,0.000938191528925715
3.8,3.55,0.000872762684522765
3.85,3.55,0.00081155321095296
3.9,3.55,0.000754316970968027
3.95,3.55,0.000700820318798776
4,3.55,0.000650841594061392
4.05,3.55,0.000604170627709872
4.1,3.55,0.000560608260327774
4.15,3.55,0.000519965873000745
4.2,3.55,0.000482064930962231
4.25,3.55,0.000446736540158385
4.3,3.55,0.000413821016834513
4.35,3.55,0.000383167470204198
4.4,3.55,0.000354633398223832
4.45,3.55,0.000328084296459264
4.5,3.55,0.000303393279997841
4.55,3.55,0.00028044071832811
4.6,3.55,0.00025911388308082
4.65,3.55,0.000239306608498597
4.7,3.55,0.000220918964477557
4.75,3.55,0.000203856942002351
4.8,3.55,0.000188032150776256
4.85,3.55,0.000173361528830266
4.9,3.55,0.000159767063879277
4.95,3.55,0.000147175526179499
5,3.55,0.000135518212629061
5.05,3.55,0.000124730701843222
5.1,3.55,0.000114752619926707
5.15,3.55,0.000105527416658265
5.2,3.55,9.70021517965393e-05
5.25,3.55,8.91272912117114e-05
5.3,3.55,8.18565125439415e-05
5.35,3.55,7.51465200874247e-05
5.4,3.55,6.89568685977148e-05
5.45,3.55,6.32497957198378e-05
5.5,3.55,5.79900627355177e-05
5.55,3.55,5.31448033294839e-05
5.6,3.55,4.86833800772735e-05
5.65,3.55,4.45772483600983e-05
5.7,3.55,4.07998274161483e-05
5.75,3.55,3.73263782420971e-05
5.8,3.55,3.41338880634823e-05
5.85,3.55,3.12009610980145e-05
5.9,3.55,2.85077153416525e-05
5.95,3.55,2.60356851134202e-05
6,3.55,2.37677291013941e-05
-2,3.6,0.247792309797874
-1.95,3.6,0.241106136910058
-1.9,3.6,0.234519276093871
-1.85,3.6,0.228033194193253
-1.8,3.6,0.221649244927231
-1.75,3.6,0.215368668818961
-1.7,3.6,0.209192593329517
-1.65,3.6,0.203122033192865
-1.6,3.6,0.197157890947967
-1.55,3.6,0.1913009576635
-1.5,3.6,0.185551913850215
-1.45,3.6,0.179911330555577
-1.4,3.6,0.174379670634887
-1.35,3.6,0.168957290192767
-1.3,3.6,0.163644440188498
-1.25,3.6,0.158441268198427
-1.2,3.6,0.153347820328341
-1.15,3.6,0.148364043268455
-1.1,3.6,0.14348978648344
-1.05,3.6,0.138724804529688
-1,3.6,0.134068759491872
-0.95,3.6,0.129521223530673
-0.9,3.6,0.12508168153346
-0.85,3.6,0.120749533859606
-0.8,3.6,0.116524099172068
-0.75,3.6,0.112404617346819
-0.7,3.6,0.108390252451717
-0.65,3.6,0.104480095786431
-0.6,3.6,0.10067316897506
-0.55,3.6,0.0969684271031832
-0.5,3.6,0.0933647618911535
-0.45,3.6,0.0898610048955827
-0.4,3.6,0.0864559307310892
-0.35,3.6,0.0831482603045559
-0.3,3.6,0.0799366640543182
-0.25,3.6,0.0768197651869079
-0.2,3.6,0.0737961429041909
-0.15,3.6,0.0708643356139762
-0.0999999999999999,3.6,0.0680228441174168
-0.0499999999999998,3.6,0.0652701347667884
0,3.6,0.0626046425875043
0.0500000000000003,3.6,0.0600247743585109
0.1,3.6,0.0575289116455015
0.15,3.6,0.0551154137816889
0.2,3.6,0.0527826207911873
0.25,3.6,0.0505288562503668
0.3,3.6,0.0483524300828655
0.35,3.6,0.0462516412842625
0.4,3.6,0.0442247805727414
0.45,3.6,0.0422701329623959
0.5,3.6,0.0403859802561523
0.55,3.6,0.0385706034556066
0.6,3.6,0.0368222850853888
0.65,3.6,0.0351393114299846
0.7,3.6,0.0335199746812522
0.75,3.6,0.0319625749951751
0.8,3.6,0.03046542245669
0.85,3.6,0.0290268389517166
0.9,3.6,0.0276451599457974
0.95,3.6,0.0263187361690278
1,3.6,0.0250459352072194
1.05,3.6,0.0238251429994904
1.1,3.6,0.0226547652427199
1.15,3.6,0.0215332287035328
1.2,3.6,0.0204589824387006
1.25,3.6,0.0194304989250518
1.3,3.6,0.0184462751001806
1.35,3.6,0.0175048333154243
1.4,3.6,0.0166047222027528
1.45,3.6,0.015744517457371
1.5,3.6,0.014922822537979
1.55,3.6,0.0141382692867739
1.6,3.6,0.0133895184713905
1.65,3.6,0.0126752602510941
1.7,3.6,0.0119942145696317
1.75,3.6,0.0113451314772339
1.8,3.6,0.010726791384333
1.85,3.6,0.0101380052496266
1.9,3.6,0.00957761470516288
1.95,3.6,0.0090444921211693
2,3.6,0.0085375406133723
2.05,3.6,0.00805569399557788
2.1,3.6,0.00759791668029255
2.15,3.6,0.00716320353016561
2.2,3.6,0.00675057966302688
2.25,3.6,0.00635910021327773
2.3,3.6,0.00598785005237087
2.35,3.6,0.00563594347108301
2.4,3.6,0.00530252382624786
2.45,3.6,0.00498676315457265
2.5,3.6,0.00468786175611245
2.55,3.6,0.00440504774992124
2.6,3.6,0.00413757660433922
2.65,3.6,0.00388473064431142
2.7,3.6,0.00364581853806495
2.75,3.6,0.00342017476540016
2.8,3.6,0.0032071590697766
2.85,3.6,0.00300615589629734
2.9,3.6,0.0028165738176154
2.95,3.6,0.00263784494970526
3,3.6,0.00246942435935905
3.05,3.6,0.00231078946518364
3.1,3.6,0.00216143943379037
3.15,3.6,0.00202089457278387
3.2,3.6,0.00188869572207211
3.25,3.6,0.00176440364493485
3.3,3.6,0.00164759842020359
3.35,3.6,0.00153787883682297
3.4,3.6,0.0014348617919813
3.45,3.6,0.00133818169391701
3.5,3.6,0.00124748987042818
3.55,3.6,0.00116245398403483
3.6,3.6,0.00108275745466744
3.65,3.6,0.00100809889068148
3.7,3.6,0.000938191528925716
3.75,3.6,0.000872762684522766
3.8,3.6,0.00081155321095296
3.85,3.6,0.000754316970968027
3.9,3.6,0.000700820318798776
3.95,3.6,0.000650841594061393
4,3.6,0.000604170627709873
4.05,3.6,0.000560608260327774
4.1,3.6,0.000519965873000745
4.15,3.6,0.000482064930962231
4.2,3.6,0.000446736540158385
4.25,3.6,0.000413821016834515
4.3,3.6,0.000383167470204199
4.35,3.6,0.000354633398223832
4.4,3.6,0.000328084296459264
4.45,3.6,0.000303393279997841
4.5,3.6,0.00028044071832811
4.55,3.6,0.000259113883080821
4.6,3.6,0.000239306608498597
4.65,3.6,0.000220918964477557
4.7,3.6,0.000203856942002351
4.75,3.6,0.000188032150776256
4.8,3.6,0.000173361528830266
4.85,3.6,0.000159767063879277
4.9,3.6,0.000147175526179499
4.95,3.6,0.000135518212629061
5,3.6,0.000124730701843222
5.05,3.6,0.000114752619926707
5.1,3.6,0.000105527416658265
5.15,3.6,9.70021517965393e-05
5.2,3.6,8.91272912117115e-05
5.25,3.6,8.18565125439415e-05
5.3,3.6,7.51465200874248e-05
5.35,3.6,6.89568685977148e-05
5.4,3.6,6.32497957198378e-05
5.45,3.6,5.79900627355177e-05
5.5,3.6,5.3144803329484e-05
5.55,3.6,4.86833800772735e-05
5.6,3.6,4.45772483600983e-05
5.65,3.6,4.07998274161483e-05
5.7,3.6,3.73263782420971e-05
5.75,3.6,3.41338880634824e-05
5.8,3.6,3.12009610980145e-05
5.85,3.6,2.85077153416525e-05
5.9,3.6,2.60356851134202e-05
5.95,3.6,2.37677291013941e-05
6,3.6,2.1687943658983e-05
-2,3.65,0.241106136910058
-1.95,3.65,0.234519276093871
-1.9,3.65,0.228033194193253
-1.85,3.65,0.221649244927231
-1.8,3.65,0.215368668818961
-1.75,3.65,0.209192593329517
-1.7,3.65,0.203122033192865
-1.65,3.65,0.197157890947967
-1.6,3.65,0.1913009576635
-1.55,3.65,0.185551913850215
-1.5,3.65,0.179911330555577
-1.45,3.65,0.174379670634887
-1.4,3.65,0.168957290192767
-1.35,3.65,0.163644440188498
-1.3,3.65,0.158441268198427
-1.25,3.65,0.153347820328341
-1.2,3.65,0.148364043268455
-1.15,3.65,0.14348978648344
-1.1,3.65,0.138724804529688
-1.05,3.65,0.134068759491872
-1,3.65,0.129521223530673
-0.95,3.65,0.12508168153346
-0.9,3.65,0.120749533859606
-0.85,3.65,0.116524099172068
-0.8,3.65,0.112404617346818
-0.75,3.65,0.108390252451717
-0.7,3.65,0.104480095786431
-0.65,3.65,0.10067316897506
-0.6,3.65,0.0969684271031832
-0.55,3.65,0.0933647618911535
-0.5,3.65,0.0898610048955827
-0.45,3.65,0.0864559307310892
-0.4,3.65,0.0831482603045559
-0.35,3.65,0.0799366640543182
-0.3,3.65,0.0768197651869078
-0.25,3.65,0.0737961429041909
-0.2,3.65,0.0708643356139761
-0.15,3.65,0.0680228441174168
-0.0999999999999999,3.65,0.0652701347667884
-0.0499999999999998,3.65,0.0626046425875043
0,3.65,0.0600247743585109
0.0500000000000003,3.65,0.0575289116455015
0.1,3.65,0.0551154137816889
0.15,3.65,0.0527826207911873
0.2,3.65,0.0505288562503667
0.25,3.65,0.0483524300828655
0.3,3.65,0.0462516412842625
0.35,3.65,0.0442247805727414
0.4,3.65,0.0422701329623959
0.45,3.65,0.0403859802561523
0.5,3.65,0.0385706034556066
0.55,3.65,0.0368222850853888
0.6,3.65,0.0351393114299846
0.65,3.65,0.0335199746812522
0.7,3.65,0.031962574995175
0.75,3.65,0.03046542245669
0.8,3.65,0.0290268389517166
0.85,3.65,0.0276451599457974
0.9,3.65,0.0263187361690278
0.95,3.65,0.0250459352072194
1,3.65,0.0238251429994904
1.05,3.65,0.0226547652427199
1.1,3.65,0.0215332287035328
1.15,3.65,0.0204589824387006
1.2,3.65,0.0194304989250518
1.25,3.65,0.0184462751001806
1.3,3.65,0.0175048333154243
1.35,3.65,0.0166047222027528
1.4,3.65,0.0157445174573709
1.45,3.65,0.014922822537979
1.5,3.65,0.0141382692867739
1.55,3.65,0.0133895184713905
1.6,3.65,0.0126752602510941
1.65,3.65,0.0119942145696317
1.7,3.65,0.0113451314772339
1.75,3.65,0.010726791384333
1.8,3.65,0.0101380052496266
1.85,3.65,0.00957761470516288
1.9,3.65,0.0090444921211693
1.95,3.65,0.0085375406133723
2,3.65,0.00805569399557788
2.05,3.65,0.00759791668029255
2.1,3.65,0.00716320353016561
2.15,3.65,0.00675057966302688
2.2,3.65,0.00635910021327772
2.25,3.65,0.00598785005237087
2.3,3.65,0.00563594347108301
2.35,3.65,0.00530252382624786
2.4,3.65,0.00498676315457265
2.45,3.65,0.00468786175611245
2.5,3.65,0.00440504774992124
2.55,3.65,0.00413757660433922
2.6,3.65,0.00388473064431142
2.65,3.65,0.00364581853806495
2.7,3.65,0.00342017476540016
2.75,3.65,0.0032071590697766
2.8,3.65,0.00300615589629733
2.85,3.65,0.0028165738176154
2.9,3.65,0.00263784494970526
2.95,3.65,0.00246942435935904
3,3.65,0.00231078946518364
3.05,3.65,0.00216143943379037
3.1,3.65,0.00202089457278386
3.15,3.65,0.00188869572207211
3.2,3.65,0.00176440364493485
3.25,3.65,0.00164759842020359
3.3,3.65,0.00153787883682297
3.35,3.65,0.0014348617919813
3.4,3.65,0.00133818169391701
3.45,3.65,0.00124748987042818
3.5,3.65,0.00116245398403483
3.55,3.65,0.00108275745466744
3.6,3.65,0.00100809889068148
3.65,3.65,0.000938191528925715
3.7,3.65,0.000872762684522766
3.75,3.65,0.00081155321095296
3.8,3.65,0.000754316970968027
3.85,3.65,0.000700820318798776
3.9,3.65,0.000650841594061392
3.95,3.65,0.000604170627709873
4,3.65,0.000560608260327774
4.05,3.65,0.000519965873000745
4.1,3.65,0.00048206493096223
4.15,3.65,0.000446736540158385
4.2,3.65,0.000413821016834514
4.25,3.65,0.000383167470204199
4.3,3.65,0.000354633398223832
4.35,3.65,0.000328084296459264
4.4,3.65,0.000303393279997841
4.45,3.65,0.00028044071832811
4.5,3.65,0.000259113883080821
4.55,3.65,0.000239306608498597
4.6,3.65,0.000220918964477557
4.65,3.65,0.000203856942002351
4.7,3.65,0.000188032150776256
4.75,3.65,0.000173361528830266
4.8,3.65,0.000159767063879277
4.85,3.65,0.000147175526179499
4.9,3.65,0.000135518212629061
4.95,3.65,0.000124730701843222
5,3.65,0.000114752619926707
5.05,3.65,0.000105527416658264
5.1,3.65,9.70021517965393e-05
5.15,3.65,8.91272912117114e-05
5.2,3.65,8.18565125439417e-05
5.25,3.65,7.51465200874248e-05
5.3,3.65,6.89568685977148e-05
5.35,3.65,6.32497957198377e-05
5.4,3.65,5.79900627355177e-05
5.45,3.65,5.31448033294839e-05
5.5,3.65,4.86833800772736e-05
5.55,3.65,4.45772483600983e-05
5.6,3.65,4.07998274161482e-05
5.65,3.65,3.73263782420971e-05
5.7,3.65,3.41338880634823e-05
5.75,3.65,3.12009610980146e-05
5.8,3.65,2.85077153416525e-05
5.85,3.65,2.60356851134202e-05
5.9,3.65,2.37677291013941e-05
5.95,3.65,2.1687943658983e-05
6,3.65,1.97815811075497e-05
-2,3.7,0.234519276093871
-1.95,3.7,0.228033194193253
-1.9,3.7,0.221649244927231
-1.85,3.7,0.215368668818961
-1.8,3.7,0.209192593329517
-1.75,3.7,0.203122033192865
-1.7,3.7,0.197157890947967
-1.65,3.7,0.1913009576635
-1.6,3.7,0.185551913850215
-1.55,3.7,0.179911330555577
-1.5,3.7,0.174379670634887
-1.45,3.7,0.168957290192767
-1.4,3.7,0.163644440188498
-1.35,3.7,0.158441268198427
-1.3,3.7,0.153347820328341
-1.25,3.7,0.148364043268456
-1.2,3.7,0.14348978648344
-1.15,3.7,0.138724804529688
-1.1,3.7,0.134068759491872
-1.05,3.7,0.129521223530673
-1,3.7,0.12508168153346
-0.95,3.7,0.120749533859606
-0.9,3.7,0.116524099172068
-0.85,3.7,0.112404617346819
-0.8,3.7,0.108390252451717
-0.75,3.7,0.104480095786431
-0.7,3.7,0.10067316897506
-0.65,3.7,0.0969684271031832
-0.6,3.7,0.0933647618911535
-0.55,3.7,0.0898610048955827
-0.5,3.7,0.0864559307310892
-0.45,3.7,0.0831482603045559
-0.4,3.7,0.0799366640543183
-0.35,3.7,0.0768197651869079
-0.3,3.7,0.0737961429041909
-0.25,3.7,0.0708643356139762
-0.2,3.7,0.0680228441174168
-0.15,3.7,0.0652701347667884
-0.0999999999999999,3.7,0.0626046425875043
-0.0499999999999998,3.7,0.0600247743585109
0,3.7,0.0575289116455015
0.0500000000000003,3.7,0.0551154137816889
0.1,3.7,0.0527826207911873
0.15,3.7,0.0505288562503668
0.2,3.7,0.0483524300828655
0.25,3.7,0.0462516412842625
0.3,3.7,0.0442247805727414
0.35,3.7,0.0422701329623959
0.4,3.7,0.0403859802561523
0.45,3.7,0.0385706034556066
0.5,3.7,0.0368222850853888
0.55,3.7,0.0351393114299846
0.6,3.7,0.0335199746812522
0.65,3.7,0.0319625749951751
0.7,3.7,0.03046542245669
0.75,3.7,0.0290268389517166
0.8,3.7,0.0276451599457974
0.85,3.7,0.0263187361690278
0.9,3.7,0.0250459352072194
0.95,3.7,0.0238251429994904
1,3.7,0.0226547652427199
1.05,3.7,0.0215332287035328
1.1,3.7,0.0204589824387006
1.15,3.7,0.0194304989250518
1.2,3.7,0.0184462751001806
1.25,3.7,0.0175048333154243
1.3,3.7,0.0166047222027529
1.35,3.7,0.015744517457371
1.4,3.7,0.014922822537979
1.45,3.7,0.0141382692867739
1.5,3.7,0.0133895184713905
1.55,3.7,0.0126752602510941
1.6,3.7,0.0119942145696317
1.65,3.7,0.0113451314772339
1.7,3.7,0.010726791384333
1.75,3.7,0.0101380052496266
1.8,3.7,0.00957761470516288
1.85,3.7,0.0090444921211693
1.9,3.7,0.0085375406133723
1.95,3.7,0.00805569399557788
2,3.7,0.00759791668029255
2.05,3.7,0.00716320353016562
2.1,3.7,0.00675057966302688
2.15,3.7,0.00635910021327773
2.2,3.7,0.00598785005237087
2.25,3.7,0.00563594347108301
2.3,3.7,0.00530252382624787
2.35,3.7,0.00498676315457265
2.4,3.7,0.00468786175611245
2.45,3.7,0.00440504774992124
2.5,3.7,0.00413757660433922
2.55,3.7,0.00388473064431142
2.6,3.7,0.00364581853806495
2.65,3.7,0.00342017476540016
2.7,3.7,0.0032071590697766
2.75,3.7,0.00300615589629734
2.8,3.7,0.0028165738176154
2.85,3.7,0.00263784494970526
2.9,3.7,0.00246942435935905
2.95,3.7,0.00231078946518364
3,3.7,0.00216143943379037
3.05,3.7,0.00202089457278386
3.1,3.7,0.00188869572207211
3.15,3.7,0.00176440364493485
3.2,3.7,0.00164759842020359
3.25,3.7,0.00153787883682297
3.3,3.7,0.0014348617919813
3.35,3.7,0.00133818169391701
3.4,3.7,0.00124748987042818
3.45,3.7,0.00116245398403483
3.5,3.7,0.00108275745466744
3.55,3.7,0.00100809889068148
3.6,3.7,0.000938191528925715
3.65,3.7,0.000872762684522766
3.7,3.7,0.000811553210952962
3.75,3.7,0.000754316970968028
3.8,3.7,0.000700820318798776
3.85,3.7,0.000650841594061392
3.9,3.7,0.000604170627709873
3.95,3.7,0.000560608260327774
4,3.7,0.000519965873000746
4.05,3.7,0.000482064930962231
4.1,3.7,0.000446736540158385
4.15,3.7,0.000413821016834514
4.2,3.7,0.000383167470204199
4.25,3.7,0.000354633398223833
4.3,3.7,0.000328084296459264
4.35,3.7,0.000303393279997841
4.4,3.7,0.00028044071832811
4.45,3.7,0.000259113883080821
4.5,3.7,0.000239306608498597
4.55,3.7,0.000220918964477557
4.6,3.7,0.000203856942002351
4.65,3.7,0.000188032150776256
4.7,3.7,0.000173361528830267
4.75,3.7,0.000159767063879277
4.8,3.7,0.000147175526179499
4.85,3.7,0.000135518212629061
4.9,3.7,0.000124730701843222
4.95,3.7,0.000114752619926707
5,3.7,0.000105527416658265
5.05,3.7,9.70021517965393e-05
5.1,3.7,8.91272912117114e-05
5.15,3.7,8.18565125439417e-05
5.2,3.7,7.51465200874248e-05
5.25,3.7,6.89568685977148e-05
5.3,3.7,6.32497957198379e-05
5.35,3.7,5.79900627355177e-05
5.4,3.7,5.31448033294839e-05
5.45,3.7,4.86833800772736e-05
5.5,3.7,4.45772483600983e-05
5.55,3.7,4.07998274161482e-05
5.6,3.7,3.73263782420971e-05
5.65,3.7,3.41338880634823e-05
5.7,3.7,3.12009610980146e-05
5.75,3.7,2.85077153416525e-05
5.8,3.7,2.60356851134202e-05
5.85,3.7,2.37677291013941e-05
5.9,3.7,2.1687943658983e-05
5.95,3.7,1.97815811075497e-05
6,3.7,1.80349728085097e-05
-2,3.75,0.228033194193253
-1.95,3.75,0.221649244927231
-1.9,3.75,0.215368668818961
-1.85,3.75,0.209192593329517
-1.8,3.75,0.203122033192865
-1.75,3.75,0.197157890947967
-1.7,3.75,0.1913009576635
-1.65,3.75,0.185551913850215
-1.6,3.75,0.179911330555577
-1.55,3.75,0.174379670634887
-1.5,3.75,0.168957290192767
-1.45,3.75,0.163644440188498
-1.4,3.75,0.158441268198427
-1.35,3.75,0.153347820328341
-1.3,3.75,0.148364043268455
-1.25,3.75,0.14348978648344
-1.2,3.75,0.138724804529688
-1.15,3.75,0.134068759491872
-1.1,3.75,0.129521223530673
-1.05,3.75,0.12508168153346
-1,3.75,0.120749533859606
-0.95,3.75,0.116524099172068
-0.9,3.75,0.112404617346818
-0.85,3.75,0.108390252451717
-0.8,3.75,0.104480095786431
-0.75,3.75,0.10067316897506
-0.7,3.75,0.0969684271031832
-0.65,3.75,0.0933647618911535
-0.6,3.75,0.0898610048955827
-0.55,3.75,0.0864559307310892
-0.5,3.75,0.0831482603045559
-0.45,3.75,0.0799366640543182
-0.4,3.75,0.0768197651869078
-0.35,3.75,0.0737961429041909
-0.3,3.75,0.0708643356139761
-0.25,3.75,0.0680228441174168
-0.2,3.75,0.0652701347667884
-0.15,3.75,0.0626046425875043
-0.0999999999999999,3.75,0.0600247743585109
-0.0499999999999998,3.75,0.0575289116455015
0,3.75,0.0551154137816889
0.0500000000000003,3.75,0.0527826207911873
0.1,3.75,0.0505288562503668
0.15,3.75,0.0483524300828655
0.2,3.75,0.0462516412842625
0.25,3.75,0.0442247805727414
0.3,3.75,0.0422701329623959
0.35,3.75,0.0403859802561523
0.4,3.75,0.0385706034556066
0.45,3.75,0.0368222850853888
0.5,3.75,0.0351393114299846
0.55,3.75,0.0335199746812522
0.6,3.75,0.0319625749951751
0.65,3.75,0.03046542245669
0.7,3.75,0.0290268389517166
0.75,3.75,0.0276451599457974
0.8,3.75,0.0263187361690278
0.85,3.75,0.0250459352072194
0.9,3.75,0.0238251429994904
0.95,3.75,0.0226547652427199
1,3.75,0.0215332287035328
1.05,3.75,0.0204589824387006
1.1,3.75,0.0194304989250518
1.15,3.75,0.0184462751001806
1.2,3.75,0.0175048333154243
1.25,3.75,0.0166047222027529
1.3,3.75,0.0157445174573709
1.35,3.75,0.014922822537979
1.4,3.75,0.0141382692867739
1.45,3.75,0.0133895184713905
1.5,3.75,0.0126752602510941
1.55,3.75,0.0119942145696317
1.6,3.75,0.0113451314772339
1.65,3.75,0.010726791384333
1.7,3.75,0.0101380052496266
1.75,3.75,0.00957761470516288
1.8,3.75,0.0090444921211693
1.85,3.75,0.0085375406133723
1.9,3.75,0.00805569399557788
1.95,3.75,0.00759791668029255
2,3.75,0.00716320353016561
2.05,3.75,0.00675057966302688
2.1,3.75,0.00635910021327772
2.15,3.75,0.00598785005237086
2.2,3.75,0.00563594347108301
2.25,3.75,0.00530252382624787
2.3,3.75,0.00498676315457265
2.35,3.75,0.00468786175611245
2.4,3.75,0.00440504774992123
2.45,3.75,0.00413757660433922
2.5,3.75,0.00388473064431142
2.55,3.75,0.00364581853806495
2.6,3.75,0.00342017476540016
2.65,3.75,0.0032071590697766
2.7,3.75,0.00300615589629734
2.75,3.75,0.0028165738176154
2.8,3.75,0.00263784494970526
2.85,3.75,0.00246942435935904
2.9,3.75,0.00231078946518364
2.95,3.75,0.00216143943379037
3,3.75,0.00202089457278387
3.05,3.75,0.00188869572207211
3.1,3.75,0.00176440364493485
3.15,3.75,0.00164759842020359
3.2,3.75,0.00153787883682297
3.25,3.75,0.0014348617919813
3.3,3.75,0.00133818169391701
3.35,3.75,0.00124748987042818
3.4,3.75,0.00116245398403483
3.45,3.75,0.00108275745466744
3.5,3.75,0.00100809889068148
3.55,3.75,0.000938191528925713
3.6,3.75,0.000872762684522766
3.65,3.75,0.00081155321095296
3.7,3.75,0.000754316970968028
3.75,3.75,0.000700820318798776
3.8,3.75,0.000650841594061392
3.85,3.75,0.000604170627709872
3.9,3.75,0.000560608260327774
3.95,3.75,0.000519965873000746
4,3.75,0.000482064930962231
4.05,3.75,0.000446736540158385
4.1,3.75,0.000413821016834513
4.15,3.75,0.000383167470204199
4.2,3.75,0.000354633398223832
4.25,3.75,0.000328084296459265
4.3,3.75,0.000303393279997841
4.35,3.75,0.00028044071832811
4.4,3.75,0.000259113883080821
4.45,3.75,0.000239306608498597
4.5,3.75,0.000220918964477557
4.55,3.75,0.000203856942002351
4.6,3.75,0.000188032150776256
4.65,3.75,0.000173361528830266
4.7,3.75,0.000159767063879277
4.75,3.75,0.000147175526179499
4.8,3.75,0.000135518212629061
4.85,3.75,0.000124730701843222
4.9,3.75,0.000114752619926707
4.95,3.75,0.000105527416658265
5,3.75,9.70021517965393e-05
5.05,3.75,8.91272912117114e-05
5.1,3.75,8.18565125439415e-05
5.15,3.75,7.51465200874248e-05
5.2,3.75,6.89568685977149e-05
5.25,3.75,6.32497957198378e-05
5.3,3.75,5.79900627355177e-05
5.35,3.75,5.31448033294839e-05
5.4,3.75,4.86833800772735e-05
5.45,3.75,4.45772483600983e-05
5.5,3.75,4.07998274161483e-05
5.55,3.75,3.73263782420971e-05
5.6,3.75,3.41338880634823e-05
5.65,3.75,3.12009610980145e-05
5.7,3.75,2.85077153416525e-05
5.75,3.75,2.60356851134203e-05
5.8,3.75,2.37677291013941e-05
5.85,3.75,2.1687943658983e-05
5.9,3.75,1.97815811075497e-05
5.95,3.75,1.80349728085096e-05
6,3.75,1.64354567752638e-05
-2,3.8,0.221649244927231
-1.95,3.8,0.215368668818961
-1.9,3.8,0.209192593329517
-1.85,3.8,0.203122033192865
-1.8,3.8,0.197157890947967
-1.75,3.8,0.1913009576635
-1.7,3.8,0.185551913850215
-1.65,3.8,0.179911330555577
-1.6,3.8,0.174379670634887
-1.55,3.8,0.168957290192767
-1.5,3.8,0.163644440188498
-1.45,3.8,0.158441268198427
-1.4,3.8,0.153347820328341
-1.35,3.8,0.148364043268455
-1.3,3.8,0.14348978648344
-1.25,3.8,0.138724804529688
-1.2,3.8,0.134068759491872
-1.15,3.8,0.129521223530673
-1.1,3.8,0.12508168153346
-1.05,3.8,0.120749533859606
-1,3.8,0.116524099172068
-0.95,3.8,0.112404617346818
-0.9,3.8,0.108390252451716
-0.85,3.8,0.104480095786431
-0.8,3.8,0.10067316897506
-0.75,3.8,0.0969684271031832
-0.7,3.8,0.0933647618911535
-0.65,3.8,0.0898610048955827
-0.6,3.8,0.0864559307310892
-0.55,3.8,0.0831482603045558
-0.5,3.8,0.0799366640543182
-0.45,3.8,0.0768197651869078
-0.4,3.8,0.0737961429041909
-0.35,3.8,0.0708643356139761
-0.3,3.8,0.0680228441174168
-0.25,3.8,0.0652701347667884
-0.2,3.8,0.0626046425875043
-0.15,3.8,0.0600247743585109
-0.0999999999999999,3.8,0.0575289116455015
-0.0499999999999998,3.8,0.0551154137816889
0,3.8,0.0527826207911873
0.0500000000000003,3.8,0.0505288562503667
0.1,3.8,0.0483524300828655
0.15,3.8,0.0462516412842625
0.2,3.8,0.0442247805727414
0.25,3.8,0.0422701329623959
0.3,3.8,0.0403859802561523
0.35,3.8,0.0385706034556066
0.4,3.8,0.0368222850853888
0.45,3.8,0.0351393114299846
0.5,3.8,0.0335199746812522
0.55,3.8,0.031962574995175
0.6,3.8,0.03046542245669
0.65,3.8,0.0290268389517166
0.7,3.8,0.0276451599457974
0.75,3.8,0.0263187361690278
0.8,3.8,0.0250459352072194
0.85,3.8,0.0238251429994904
0.9,3.8,0.0226547652427199
0.95,3.8,0.0215332287035328
1,3.8,0.0204589824387006
1.05,3.8,0.0194304989250518
1.1,3.8,0.0184462751001806
1.15,3.8,0.0175048333154243
1.2,3.8,0.0166047222027528
1.25,3.8,0.0157445174573709
1.3,3.8,0.014922822537979
1.35,3.8,0.0141382692867739
1.4,3.8,0.0133895184713905
1.45,3.8,0.0126752602510941
1.5,3.8,0.0119942145696317
1.55,3.8,0.0113451314772338
1.6,3.8,0.010726791384333
1.65,3.8,0.0101380052496266
1.7,3.8,0.00957761470516288
1.75,3.8,0.0090444921211693
1.8,3.8,0.0085375406133723
1.85,3.8,0.00805569399557788
1.9,3.8,0.00759791668029255
1.95,3.8,0.00716320353016561
2,3.8,0.00675057966302688
2.05,3.8,0.00635910021327773
2.1,3.8,0.00598785005237086
2.15,3.8,0.00563594347108301
2.2,3.8,0.00530252382624786
2.25,3.8,0.00498676315457265
2.3,3.8,0.00468786175611245
2.35,3.8,0.00440504774992123
2.4,3.8,0.00413757660433921
2.45,3.8,0.00388473064431142
2.5,3.8,0.00364581853806495
2.55,3.8,0.00342017476540016
2.6,3.8,0.0032071590697766
2.65,3.8,0.00300615589629734
2.7,3.8,0.0028165738176154
2.75,3.8,0.00263784494970526
2.8,3.8,0.00246942435935904
2.85,3.8,0.00231078946518364
2.9,3.8,0.00216143943379037
2.95,3.8,0.00202089457278386
3,3.8,0.00188869572207211
3.05,3.8,0.00176440364493485
3.1,3.8,0.00164759842020359
3.15,3.8,0.00153787883682297
3.2,3.8,0.0014348617919813
3.25,3.8,0.00133818169391701
3.3,3.8,0.00124748987042818
3.35,3.8,0.00116245398403483
3.4,3.8,0.00108275745466744
3.45,3.8,0.00100809889068148
3.5,3.8,0.000938191528925715
3.55,3.8,0.000872762684522765
3.6,3.8,0.00081155321095296
3.65,3.8,0.000754316970968027
3.7,3.8,0.000700820318798776
3.75,3.8,0.000650841594061392
3.8,3.8,0.000604170627709872
3.85,3.8,0.000560608260327774
3.9,3.8,0.000519965873000745
3.95,3.8,0.000482064930962231
4,3.8,0.000446736540158385
4.05,3.8,0.000413821016834513
4.1,3.8,0.000383167470204198
4.15,3.8,0.000354633398223832
4.2,3.8,0.000328084296459264
4.25,3.8,0.000303393279997841
4.3,3.8,0.00028044071832811
4.35,3.8,0.00025911388308082
4.4,3.8,0.000239306608498597
4.45,3.8,0.000220918964477557
4.5,3.8,0.000203856942002351
4.55,3.8,0.000188032150776256
4.6,3.8,0.000173361528830266
4.65,3.8,0.000159767063879277
4.7,3.8,0.000147175526179499
4.75,3.8,0.000135518212629061
4.8,3.8,0.000124730701843222
4.85,3.8,0.000114752619926707
4.9,3.8,0.000105527416658264
4.95,3.8,9.70021517965393e-05
5,3.8,8.91272912117114e-05
5.05,3.8,8.18565125439414e-05
5.1,3.8,7.51465200874248e-05
5.15,3.8,6.89568685977148e-05
5.2,3.8,6.32497957198379e-05
5.25,3.8,5.79900627355177e-05
5.3,3.8,5.31448033294839e-05
5.35,3.8,4.86833800772735e-05
5.4,3.8,4.45772483600983e-05
5.45,3.8,4.07998274161482e-05
5.5,3.8,3.73263782420971e-05
5.55,3.8,3.41338880634823e-05
5.6,3.8,3.12009610980145e-05
5.65,3.8,2.85077153416525e-05
5.7,3.8,2.60356851134202e-05
5.75,3.8,2.37677291013942e-05
5.8,3.8,2.1687943658983e-05
5.85,3.8,1.97815811075497e-05
5.9,3.8,1.80349728085096e-05
5.95,3.8,1.64354567752638e-05
6,3.8,1.49713096026453e-05
-2,3.85,0.215368668818961
-1.95,3.85,0.209192593329517
-1.9,3.85,0.203122033192865
-1.85,3.85,0.197157890947967
-1.8,3.85,0.1913009576635
-1.75,3.85,0.185551913850215
-1.7,3.85,0.179911330555577
-1.65,3.85,0.174379670634887
-1.6,3.85,0.168957290192767
-1.55,3.85,0.163644440188498
-1.5,3.85,0.158441268198427
-1.45,3.85,0.153347820328341
-1.4,3.85,0.148364043268455
-1.35,3.85,0.14348978648344
-1.3,3.85,0.138724804529688
-1.25,3.85,0.134068759491872
-1.2,3.85,0.129521223530673
-1.15,3.85,0.12508168153346
-1.1,3.85,0.120749533859606
-1.05,3.85,0.116524099172068
-1,3.85,0.112404617346819
-0.95,3.85,0.108390252451717
-0.9,3.85,0.104480095786431
-0.85,3.85,0.10067316897506
-0.8,3.85,0.0969684271031832
-0.75,3.85,0.0933647618911535
-0.7,3.85,0.0898610048955827
-0.65,3.85,0.0864559307310892
-0.6,3.85,0.0831482603045559
-0.55,3.85,0.0799366640543182
-0.5,3.85,0.0768197651869079
-0.45,3.85,0.0737961429041909
-0.4,3.85,0.0708643356139762
-0.35,3.85,0.0680228441174168
-0.3,3.85,0.0652701347667884
-0.25,3.85,0.0626046425875043
-0.2,3.85,0.0600247743585109
-0.15,3.85,0.0575289116455015
-0.0999999999999999,3.85,0.0551154137816889
-0.0499999999999998,3.85,0.0527826207911873
0,3.85,0.0505288562503668
0.0500000000000003,3.85,0.0483524300828655
0.1,3.85,0.0462516412842625
0.15,3.85,0.0442247805727414
0.2,3.85,0.0422701329623959
0.25,3.85,0.0403859802561523
0.3,3.85,0.0385706034556066
0.35,3.85,0.0368222850853888
0.4,3.85,0.0351393114299846
0.45,3.85,0.0335199746812522
0.5,3.85,0.0319625749951751
0.55,3.85,0.03046542245669
0.6,3.85,0.0290268389517166
0.65,3.85,0.0276451599457974
0.7,3.85,0.0263187361690278
0.75,3.85,0.0250459352072194
0.8,3.85,0.0238251429994904
0.85,3.85,0.0226547652427199
0.9,3.85,0.0215332287035328
0.95,3.85,0.0204589824387006
1,3.85,0.0194304989250518
1.05,3.85,0.0184462751001806
1.1,3.85,0.0175048333154243
1.15,3.85,0.0166047222027528
1.2,3.85,0.0157445174573709
1.25,3.85,0.014922822537979
1.3,3.85,0.0141382692867739
1.35,3.85,0.0133895184713905
1.4,3.85,0.0126752602510941
1.45,3.85,0.0119942145696317
1.5,3.85,0.0113451314772339
1.55,3.85,0.010726791384333
1.6,3.85,0.0101380052496266
1.65,3.85,0.00957761470516288
1.7,3.85,0.0090444921211693
1.75,3.85,0.0085375406133723
1.8,3.85,0.00805569399557788
1.85,3.85,0.00759791668029255
1.9,3.85,0.00716320353016561
1.95,3.85,0.00675057966302688
2,3.85,0.00635910021327773
2.05,3.85,0.00598785005237087
2.1,3.85,0.00563594347108301
2.15,3.85,0.00530252382624787
2.2,3.85,0.00498676315457265
2.25,3.85,0.00468786175611245
2.3,3.85,0.00440504774992124
2.35,3.85,0.00413757660433922
2.4,3.85,0.00388473064431142
2.45,3.85,0.00364581853806495
2.5,3.85,0.00342017476540016
2.55,3.85,0.0032071590697766
2.6,3.85,0.00300615589629734
2.65,3.85,0.0028165738176154
2.7,3.85,0.00263784494970526
2.75,3.85,0.00246942435935905
2.8,3.85,0.00231078946518364
2.85,3.85,0.00216143943379037
2.9,3.85,0.00202089457278387
2.95,3.85,0.00188869572207211
3,3.85,0.00176440364493485
3.05,3.85,0.00164759842020359
3.1,3.85,0.00153787883682297
3.15,3.85,0.0014348617919813
3.2,3.85,0.00133818169391701
3.25,3.85,0.00124748987042818
3.3,3.85,0.00116245398403483
3.35,3.85,0.00108275745466744
3.4,3.85,0.00100809889068148
3.45,3.85,0.000938191528925716
3.5,3.85,0.000872762684522766
3.55,3.85,0.00081155321095296
3.6,3.85,0.000754316970968027
3.65,3.85,0.000700820318798776
3.7,3.85,0.000650841594061393
3.75,3.85,0.000604170627709873
3.8,3.85,0.000560608260327774
3.85,3.85,0.000519965873000745
3.9,3.85,0.000482064930962231
3.95,3.85,0.000446736540158385
4,3.85,0.000413821016834514
4.05,3.85,0.000383167470204199
4.1,3.85,0.000354633398223832
4.15,3.85,0.000328084296459264
4.2,3.85,0.000303393279997841
4.25,3.85,0.00028044071832811
4.3,3.85,0.000259113883080821
4.35,3.85,0.000239306608498597
4.4,3.85,0.000220918964477557
4.45,3.85,0.000203856942002351
4.5,3.85,0.000188032150776256
4.55,3.85,0.000173361528830266
4.6,3.85,0.000159767063879277
4.65,3.85,0.000147175526179499
4.7,3.85,0.000135518212629062
4.75,3.85,0.000124730701843222
4.8,3.85,0.000114752619926707
4.85,3.85,0.000105527416658264
4.9,3.85,9.70021517965393e-05
4.95,3.85,8.91272912117114e-05
5,3.85,8.18565125439417e-05
5.05,3.85,7.51465200874248e-05
5.1,3.85,6.89568685977148e-05
5.15,3.85,6.32497957198379e-05
5.2,3.85,5.79900627355177e-05
5.25,3.85,5.31448033294839e-05
5.3,3.85,4.86833800772736e-05
5.35,3.85,4.45772483600983e-05
5.4,3.85,4.07998274161482e-05
5.45,3.85,3.73263782420971e-05
5.5,3.85,3.41338880634823e-05
5.55,3.85,3.12009610980145e-05
5.6,3.85,2.85077153416525e-05
5.65,3.85,2.60356851134202e-05
5.7,3.85,2.37677291013942e-05
5.75,3.85,2.1687943658983e-05
5.8,3.85,1.97815811075497e-05
5.85,3.85,1.80349728085096e-05
5.9,3.85,1.64354567752638e-05
5.95,3.85,1.49713096026453e-05
6,3.85,1.36316824989444e-05
-2,3.9,0.209192593329517
-1.95,3.9,0.203122033192865
-1.9,3.9,0.197157890947967
-1.85,3.9,0.1913009576635
-1.8,3.9,0.185551913850215
-1.75,3.9,0.179911330555577
-1.7,3.9,0.174379670634887
-1.65,3.9,0.168957290192767
-1.6,3.9,0.163644440188498
-1.55,3.9,0.158441268198427
-1.5,3.9,0.153347820328341
-1.45,3.9,0.148364043268455
-1.4,3.9,0.14348978648344
-1.35,3.9,0.138724804529688
-1.3,3.9,0.134068759491872
-1.25,3.9,0.129521223530673
-1.2,3.9,0.12508168153346
-1.15,3.9,0.120749533859606
-1.1,3.9,0.116524099172068
-1.05,3.9,0.112404617346818
-1,3.9,0.108390252451717
-0.95,3.9,0.104480095786431
-0.9,3.9,0.10067316897506
-0.85,3.9,0.0969684271031832
-0.8,3.9,0.0933647618911535
-0.75,3.9,0.0898610048955827
-0.7,3.9,0.0864559307310892
-0.65,3.9,0.0831482603045559
-0.6,3.9,0.0799366640543182
-0.55,3.9,0.0768197651869078
-0.5,3.9,0.0737961429041909
-0.45,3.9,0.0708643356139761
-0.4,3.9,0.0680228441174168
-0.35,3.9,0.0652701347667884
-0.3,3.9,0.0626046425875043
-0.25,3.9,0.0600247743585109
-0.2,3.9,0.0575289116455015
-0.15,3.9,0.0551154137816889
-0.0999999999999999,3.9,0.0527826207911873
-0.0499999999999998,3.9,0.0505288562503667
0,3.9,0.0483524300828655
0.0500000000000003,3.9,0.0462516412842625
0.1,3.9,0.0442247805727414
0.15,3.9,0.0422701329623959
0.2,3.9,0.0403859802561523
0.25,3.9,0.0385706034556066
0.3,3.9,0.0368222850853888
0.35,3.9,0.0351393114299846
0.4,3.9,0.0335199746812522
0.45,3.9,0.031962574995175
0.5,3.9,0.03046542245669
0.55,3.9,0.0290268389517166
0.6,3.9,0.0276451599457974
0.65,3.9,0.0263187361690278
0.7,3.9,0.0250459352072194
0.75,3.9,0.0238251429994904
0.8,3.9,0.0226547652427199
0.85,3.9,0.0215332287035328
0.9,3.9,0.0204589824387005
0.95,3.9,0.0194304989250518
1,3.9,0.0184462751001806
1.05,3.9,0.0175048333154243
1.1,3.9,0.0166047222027528
1.15,3.9,0.0157445174573709
1.2,3.9,0.014922822537979
1.25,3.9,0.0141382692867739
1.3,3.9,0.0133895184713905
1.35,3.9,0.0126752602510941
1.4,3.9,0.0119942145696317
1.45,3.9,0.0113451314772339
1.5,3.9,0.010726791384333
1.55,3.9,0.0101380052496266
1.6,3.9,0.00957761470516288
1.65,3.9,0.0090444921211693
1.7,3.9,0.0085375406133723
1.75,3.9,0.00805569399557788
1.8,3.9,0.00759791668029255
1.85,3.9,0.00716320353016561
1.9,3.9,0.00675057966302688
1.95,3.9,0.00635910021327772
2,3.9,0.00598785005237086
2.05,3.9,0.00563594347108301
2.1,3.9,0.00530252382624786
2.15,3.9,0.00498676315457265
2.2,3.9,0.00468786175611245
2.25,3.9,0.00440504774992124
2.3,3.9,0.00413757660433922
2.35,3.9,0.00388473064431142
2.4,3.9,0.00364581853806494
2.45,3.9,0.00342017476540016
2.5,3.9,0.0032071590697766
2.55,3.9,0.00300615589629734
2.6,3.9,0.0028165738176154
2.65,3.9,0.00263784494970526
2.7,3.9,0.00246942435935904
2.75,3.9,0.00231078946518364
2.8,3.9,0.00216143943379037
2.85,3.9,0.00202089457278386
2.9,3.9,0.00188869572207211
2.95,3.9,0.00176440364493485
3,3.9,0.00164759842020359
3.05,3.9,0.00153787883682297
3.1,3.9,0.0014348617919813
3.15,3.9,0.00133818169391701
3.2,3.9,0.00124748987042818
3.25,3.9,0.00116245398403483
3.3,3.9,0.00108275745466744
3.35,3.9,0.00100809889068148
3.4,3.9,0.000938191528925715
3.45,3.9,0.000872762684522766
3.5,3.9,0.00081155321095296
3.55,3.9,0.000754316970968027
3.6,3.9,0.000700820318798776
3.65,3.9,0.000650841594061392
3.7,3.9,0.000604170627709873
3.75,3.9,0.000560608260327774
3.8,3.9,0.000519965873000745
3.85,3.9,0.00048206493096223
3.9,3.9,0.000446736540158385
3.95,3.9,0.000413821016834514
4,3.9,0.000383167470204199
4.05,3.9,0.000354633398223832
4.1,3.9,0.000328084296459264
4.15,3.9,0.000303393279997841
4.2,3.9,0.00028044071832811
4.25,3.9,0.000259113883080821
4.3,3.9,0.000239306608498597
4.35,3.9,0.000220918964477557
4.4,3.9,0.000203856942002351
4.45,3.9,0.000188032150776256
4.5,3.9,0.000173361528830266
4.55,3.9,0.000159767063879277
4.6,3.9,0.000147175526179499
4.65,3.9,0.000135518212629061
4.7,3.9,0.000124730701843222
4.75,3.9,0.000114752619926707
4.8,3.9,0.000105527416658264
4.85,3.9,9.70021517965392e-05
4.9,3.9,8.91272912117114e-05
4.95,3.9,8.18565125439415e-05
5,3.9,7.51465200874248e-05
5.05,3.9,6.89568685977148e-05
5.1,3.9,6.32497957198378e-05
5.15,3.9,5.79900627355177e-05
5.2,3.9,5.3144803329484e-05
5.25,3.9,4.86833800772735e-05
5.3,3.9,4.45772483600983e-05
5.35,3.9,4.07998274161482e-05
5.4,3.9,3.73263782420971e-05
5.45,3.9,3.41338880634823e-05
5.5,3.9,3.12009610980145e-05
5.55,3.9,2.85077153416525e-05
5.6,3.9,2.60356851134202e-05
5.65,3.9,2.37677291013941e-05
5.7,3.9,2.1687943658983e-05
5.75,3.9,1.97815811075497e-05
5.8,3.9,1.80349728085096e-05
5.85,3.9,1.64354567752638e-05
5.9,3.9,1.49713096026453e-05
5.95,3.9,1.36316824989444e-05
6,3.9,1.24065412129886e-05
-2,3.95,0.203122033192865
-1.95,3.95,0.197157890947967
-1.9,3.95,0.1913009576635
-1.85,3.95,0.185551913850215
-1.8,3.95,0.179911330555577
-1.75,3.95,0.174379670634887
-1.7,3.95,0.168957290192767
-1.65,3.95,0.163644440188498
-1.6,3.95,0.158441268198427
-1.55,3.95,0.153347820328341
-1.5,3.95,0.148364043268456
-1.45,3.95,0.14348978648344
-1.4,3.95,0.138724804529688
-1.35,3.95,0.134068759491872
-1.3,3.95,0.129521223530673
-1.25,3.95,0.12508168153346
-1.2,3.95,0.120749533859606
-1.15,3.95,0.116524099172068
-1.1,3.95,0.112404617346819
-1.05,3.95,0.108390252451717
-1,3.95,0.104480095786431
-0.95,3.95,0.10067316897506
-0.9,3.95,0.0969684271031832
-0.85,3.95,0.0933647618911535
-0.8,3.95,0.0898610048955827
-0.75,3.95,0.0864559307310892
-0.7,3.95,0.0831482603045559
-0.65,3.95,0.0799366640543183
-0.6,3.95,0.0768197651869079
-0.55,3.95,0.0737961429041909
-0.5,3.95,0.0708643356139762
-0.45,3.95,0.0680228441174168
-0.4,3.95,0.0652701347667884
-0.35,3.95,0.0626046425875043
-0.3,3.95,0.0600247743585109
-0.25,3.95,0.0575289116455015
-0.2,3.95,0.0551154137816889
-0.15,3.95,0.0527826207911873
-0.0999999999999999,3.95,0.0505288562503668
-0.0499999999999998,3.95,0.0483524300828655
0,3.95,0.0462516412842625
0.0500000000000003,3.95,0.0442247805727414
0.1,3.95,0.0422701329623959
0.15,3.95,0.0403859802561523
0.2,3.95,0.0385706034556066
0.25,3.95,0.0368222850853888
0.3,3.95,0.0351393114299846
0.35,3.95,0.0335199746812522
0.4,3.95,0.0319625749951751
0.45,3.95,0.03046542245669
0.5,3.95,0.0290268389517166
0.55,3.95,0.0276451599457974
0.6,3.95,0.0263187361690278
0.65,3.95,0.0250459352072194
0.7,3.95,0.0238251429994904
0.75,3.95,0.0226547652427199
0.8,3.95,0.0215332287035328
0.85,3.95,0.0204589824387006
0.9,3.95,0.0194304989250518
0.95,3.95,0.0184462751001806
1,3.95,0.0175048333154243
1.05,3.95,0.0166047222027529
1.1,3.95,0.015744517457371
1.15,3.95,0.014922822537979
1.2,3.95,0.0141382692867739
1.25,3.95,0.0133895184713905
1.3,3.95,0.0126752602510941
1.35,3.95,0.0119942145696317
1.4,3.95,0.0113451314772339
1.45,3.95,0.010726791384333
1.5,3.95,0.0101380052496266
1.55,3.95,0.00957761470516288
1.6,3.95,0.0090444921211693
1.65,3.95,0.0085375406133723
1.7,3.95,0.00805569399557788
1.75,3.95,0.00759791668029255
1.8,3.95,0.00716320353016561
1.85,3.95,0.00675057966302688
1.9,3.95,0.00635910021327772
1.95,3.95,0.00598785005237087
2,3.95,0.00563594347108301
2.05,3.95,0.00530252382624787
2.1,3.95,0.00498676315457265
2.15,3.95,0.00468786175611245
2.2,3.95,0.00440504774992124
2.25,3.95,0.00413757660433922
2.3,3.95,0.00388473064431142
2.35,3.95,0.00364581853806495
2.4,3.95,0.00342017476540016
2.45,3.95,0.0032071590697766
2.5,3.95,0.00300615589629734
2.55,3.95,0.0028165738176154
2.6,3.95,0.00263784494970526
2.65,3.95,0.00246942435935905
2.7,3.95,0.00231078946518364
2.75,3.95,0.00216143943379037
2.8,3.95,0.00202089457278386
2.85,3.95,0.00188869572207211
2.9,3.95,0.00176440364493485
2.95,3.95,0.00164759842020359
3,3.95,0.00153787883682297
3.05,3.95,0.0014348617919813
3.1,3.95,0.00133818169391701
3.15,3.95,0.00124748987042818
3.2,3.95,0.00116245398403483
3.25,3.95,0.00108275745466744
3.3,3.95,0.00100809889068148
3.35,3.95,0.000938191528925715
3.4,3.95,0.000872762684522766
3.45,3.95,0.000811553210952962
3.5,3.95,0.000754316970968028
3.55,3.95,0.000700820318798776
3.6,3.95,0.000650841594061392
3.65,3.95,0.000604170627709873
3.7,3.95,0.000560608260327774
3.75,3.95,0.000519965873000746
3.8,3.95,0.00048206493096223
3.85,3.95,0.000446736540158385
3.9,3.95,0.000413821016834514
3.95,3.95,0.000383167470204199
4,3.95,0.000354633398223832
4.05,3.95,0.000328084296459264
4.1,3.95,0.000303393279997841
4.15,3.95,0.00028044071832811
4.2,3.95,0.000259113883080821
4.25,3.95,0.000239306608498597
4.3,3.95,0.000220918964477557
4.35,3.95,0.000203856942002351
4.4,3.95,0.000188032150776256
4.45,3.95,0.000173361528830266
4.5,3.95,0.000159767063879277
4.55,3.95,0.000147175526179499
4.6,3.95,0.000135518212629061
4.65,3.95,0.000124730701843222
4.7,3.95,0.000114752619926707
4.75,3.95,0.000105527416658265
4.8,3.95,9.70021517965392e-05
4.85,3.95,8.91272912117114e-05
4.9,3.95,8.18565125439415e-05
4.95,3.95,7.51465200874248e-05
5,3.95,6.89568685977149e-05
5.05,3.95,6.32497957198378e-05
5.1,3.95,5.79900627355177e-05
5.15,3.95,5.3144803329484e-05
5.2,3.95,4.86833800772736e-05
5.25,3.95,4.45772483600983e-05
5.3,3.95,4.07998274161483e-05
5.35,3.95,3.73263782420971e-05
5.4,3.95,3.41338880634823e-05
5.45,3.95,3.12009610980145e-05
5.5,3.95,2.85077153416525e-05
5.55,3.95,2.60356851134202e-05
5.6,3.95,2.37677291013941e-05
5.65,3.95,2.1687943658983e-05
5.7,3.95,1.97815811075497e-05
5.75,3.95,1.80349728085097e-05
5.8,3.95,1.64354567752638e-05
5.85,3.95,1.49713096026453e-05
5.9,3.95,1.36316824989444e-05
5.95,3.95,1.24065412129886e-05
6,3.95,1.12866096561818e-05
-2,4,0.197157890947967
-1.95,4,0.1913009576635
-1.9,4,0.185551913850215
-1.85,4,0.179911330555577
-1.8,4,0.174379670634887
-1.75,4,0.168957290192767
-1.7,4,0.163644440188498
-1.65,4,0.158441268198427
-1.6,4,0.153347820328341
-1.55,4,0.148364043268455
-1.5,4,0.14348978648344
-1.45,4,0.138724804529688
-1.4,4,0.134068759491872
-1.35,4,0.129521223530673
-1.3,4,0.12508168153346
-1.25,4,0.120749533859606
-1.2,4,0.116524099172068
-1.15,4,0.112404617346818
-1.1,4,0.108390252451717
-1.05,4,0.104480095786431
-1,4,0.10067316897506
-0.95,4,0.0969684271031832
-0.9,4,0.0933647618911535
-0.85,4,0.0898610048955827
-0.8,4,0.0864559307310892
-0.75,4,0.0831482603045559
-0.7,4,0.0799366640543182
-0.65,4,0.0768197651869078
-0.6,4,0.0737961429041909
-0.55,4,0.0708643356139761
-0.5,4,0.0680228441174168
-0.45,4,0.0652701347667884
-0.4,4,0.0626046425875043
-0.35,4,0.0600247743585109
-0.3,4,0.0575289116455015
-0.25,4,0.0551154137816889
-0.2,4,0.0527826207911873
-0.15,4,0.0505288562503668
-0.0999999999999999,4,0.0483524300828655
-0.0499999999999998,4,0.0462516412842625
0,4,0.0442247805727414
0.0500000000000003,4,0.0422701329623959
0.1,4,0.0403859802561523
0.15,4,0.0385706034556066
0.2,4,0.0368222850853888
0.25,4,0.0351393114299846
0.3,4,0.0335199746812522
0.35,4,0.0319625749951751
0.4,4,0.03046542245669
0.45,4,0.0290268389517166
0.5,4,0.0276451599457974
0.55,4,0.0263187361690278
0.6,4,0.0250459352072194
0.65,4,0.0238251429994904
0.7,4,0.0226547652427199
0.75,4,0.0215332287035328
0.8,4,0.0204589824387006
0.85,4,0.0194304989250518
0.9,4,0.0184462751001806
0.95,4,0.0175048333154243
1,4,0.0166047222027529
1.05,4,0.0157445174573709
1.1,4,0.014922822537979
1.15,4,0.0141382692867739
1.2,4,0.0133895184713905
1.25,4,0.0126752602510941
1.3,4,0.0119942145696317
1.35,4,0.0113451314772339
1.4,4,0.010726791384333
1.45,4,0.0101380052496266
1.5,4,0.00957761470516288
1.55,4,0.0090444921211693
1.6,4,0.0085375406133723
1.65,4,0.00805569399557788
1.7,4,0.00759791668029255
1.75,4,0.00716320353016561
1.8,4,0.00675057966302688
1.85,4,0.00635910021327773
1.9,4,0.00598785005237086
1.95,4,0.00563594347108301
2,4,0.00530252382624787
2.05,4,0.00498676315457265
2.1,4,0.00468786175611245
2.15,4,0.00440504774992124
2.2,4,0.00413757660433922
2.25,4,0.00388473064431142
2.3,4,0.00364581853806495
2.35,4,0.00342017476540016
2.4,4,0.0032071590697766
2.45,4,0.00300615589629734
2.5,4,0.0028165738176154
2.55,4,0.00263784494970527
2.6,4,0.00246942435935904
2.65,4,0.00231078946518364
2.7,4,0.00216143943379037
2.75,4,0.00202089457278387
2.8,4,0.00188869572207211
2.85,4,0.00176440364493485
2.9,4,0.00164759842020359
2.95,4,0.00153787883682297
3,4,0.0014348617919813
3.05,4,0.00133818169391701
3.1,4,0.00124748987042818
3.15,4,0.00116245398403483
3.2,4,0.00108275745466744
3.25,4,0.00100809889068148
3.3,4,0.000938191528925713
3.35,4,0.000872762684522766
3.4,4,0.00081155321095296
3.45,4,0.000754316970968028
3.5,4,0.000700820318798776
3.55,4,0.000650841594061392
3.6,4,0.000604170627709872
3.65,4,0.000560608260327774
3.7,4,0.000519965873000746
3.75,4,0.000482064930962231
3.8,4,0.000446736540158385
3.85,4,0.000413821016834513
3.9,4,0.000383167470204199
3.95,4,0.000354633398223832
4,4,0.000328084296459264
4.05,4,0.000303393279997841
4.1,4,0.00028044071832811
4.15,4,0.000259113883080821
4.2,4,0.000239306608498597
4.25,4,0.000220918964477557
4.3,4,0.000203856942002351
4.35,4,0.000188032150776256
4.4,4,0.000173361528830266
4.45,4,0.000159767063879277
4.5,4,0.000147175526179499
4.55,4,0.000135518212629061
4.6,4,0.000124730701843222
4.65,4,0.000114752619926707
4.7,4,0.000105527416658265
4.75,4,9.70021517965393e-05
4.8,4,8.91272912117114e-05
4.85,4,8.18565125439414e-05
4.9,4,7.51465200874248e-05
4.95,4,6.89568685977148e-05
5,4,6.32497957198379e-05
5.05,4,5.79900627355177e-05
5.1,4,5.31448033294839e-05
5.15,4,4.86833800772736e-05
5.2,4,4.45772483600983e-05
5.25,4,4.07998274161482e-05
5.3,4,3.73263782420971e-05
5.35,4,3.41338880634823e-05
5.4,4,3.12009610980145e-05
5.45,4,2.85077153416525e-05
5.5,4,2.60356851134202e-05
5.55,4,2.37677291013941e-05
5.6,4,2.1687943658983e-05
5.65,4,1.97815811075497e-05
5.7,4,1.80349728085097e-05
5.75,4,1.64354567752638e-05
5.8,4,1.49713096026453e-05
5.85,4,1.36316824989444e-05
5.9,4,1.24065412129886e-05
5.95,4,1.12866096561817e-05
6,4,1.02633170267992e-05
-2,4.05,0.1913009576635
-1.95,4.05,0.185551913850215
-1.9,4.05,0.179911330555577
-1.85,4.05,0.174379670634887
-1.8,4.05,0.168957290192767
-1.75,4.05,0.163644440188498
-1.7,4.05,0.158441268198427
-1.65,4.05,0.153347820328341
-1.6,4.05,0.148364043268455
-1.55,4.05,0.14348978648344
-1.5,4.05,0.138724804529688
-1.45,4.05,0.134068759491872
-1.4,4.05,0.129521223530673
-1.35,4.05,0.12508168153346
-1.3,4.05,0.120749533859606
-1.25,4.05,0.116524099172068
-1.2,4.05,0.112404617346818
-1.15,4.05,0.108390252451716
-1.1,4.05,0.104480095786431
-1.05,4.05,0.10067316897506
-1,4.05,0.0969684271031832
-0.95,4.05,0.0933647618911535
-0.9,4.05,0.0898610048955827
-0.85,4.05,0.0864559307310892
-0.8,4.05,0.0831482603045558
-0.75,4.05,0.0799366640543182
-0.7,4.05,0.0768197651869078
-0.65,4.05,0.0737961429041909
-0.6,4.05,0.0708643356139761
-0.55,4.05,0.0680228441174168
-0.5,4.05,0.0652701347667884
-0.45,4.05,0.0626046425875043
-0.4,4.05,0.0600247743585109
-0.35,4.05,0.0575289116455015
-0.3,4.05,0.0551154137816889
-0.25,4.05,0.0527826207911873
-0.2,4.05,0.0505288562503667
-0.15,4.05,0.0483524300828655
-0.0999999999999999,4.05,0.0462516412842625
-0.0499999999999998,4.05,0.0442247805727414
0,4.05,0.0422701329623959
0.0500000000000003,4.05,0.0403859802561523
0.1,4.05,0.0385706034556066
0.15,4.05,0.0368222850853888
0.2,4.05,0.0351393114299846
0.25,4.05,0.0335199746812522
0.3,4.05,0.031962574995175
0.35,4.05,0.03046542245669
0.4,4.05,0.0290268389517166
0.45,4.05,0.0276451599457974
0.5,4.05,0.0263187361690278
0.55,4.05,0.0250459352072194
0.6,4.05,0.0238251429994904
0.65,4.05,0.0226547652427199
0.7,4.05,0.0215332287035328
0.75,4.05,0.0204589824387006
0.8,4.05,0.0194304989250518
0.85,4.05,0.0184462751001806
0.9,4.05,0.0175048333154243
0.95,4.05,0.0166047222027528
1,4.05,0.0157445174573709
1.05,4.05,0.014922822537979
1.1,4.05,0.0141382692867739
1.15,4.05,0.0133895184713905
1.2,4.05,0.0126752602510941
1.25,4.05,0.0119942145696317
1.3,4.05,0.0113451314772338
1.35,4.05,0.010726791384333
1.4,4.05,0.0101380052496266
1.45,4.05,0.00957761470516288
1.5,4.05,0.0090444921211693
1.55,4.05,0.0085375406133723
1.6,4.05,0.00805569399557788
1.65,4.05,0.00759791668029255
1.7,4.05,0.00716320353016561
1.75,4.05,0.00675057966302688
1.8,4.05,0.00635910021327772
1.85,4.05,0.00598785005237086
1.9,4.05,0.00563594347108301
1.95,4.05,0.00530252382624786
2,4.05,0.00498676315457265
2.05,4.05,0.00468786175611245
2.1,4.05,0.00440504774992123
2.15,4.05,0.00413757660433921
2.2,4.05,0.00388473064431142
2.25,4.05,0.00364581853806495
2.3,4.05,0.00342017476540016
2.35,4.05,0.0032071590697766
2.4,4.05,0.00300615589629733
2.45,4.05,0.0028165738176154
2.5,4.05,0.00263784494970526
2.55,4.05,0.00246942435935905
2.6,4.05,0.00231078946518364
2.65,4.05,0.00216143943379037
2.7,4.05,0.00202089457278386
2.75,4.05,0.00188869572207211
2.8,4.05,0.00176440364493485
2.85,4.05,0.00164759842020359
2.9,4.05,0.00153787883682297
2.95,4.05,0.0014348617919813
3,4.05,0.00133818169391701
3.05,4.05,0.00124748987042818
3.1,4.05,0.00116245398403483
3.15,4.05,0.00108275745466744
3.2,4.05,0.00100809889068148
3.25,4.05,0.000938191528925715
3.3,4.05,0.000872762684522765
3.35,4.05,0.00081155321095296
3.4,4.05,0.000754316970968027
3.45,4.05,0.000700820318798776
3.5,4.05,0.000650841594061392
3.55,4.05,0.000604170627709872
3.6,4.05,0.000560608260327774
3.65,4.05,0.000519965873000745
3.7,4.05,0.000482064930962231
3.75,4.05,0.000446736540158385
3.8,4.05,0.000413821016834513
3.85,4.05,0.000383167470204198
3.9,4.05,0.000354633398223832
3.95,4.05,0.000328084296459264
4,4.05,0.000303393279997841
4.05,4.05,0.00028044071832811
4.1,4.05,0.00025911388308082
4.15,4.05,0.000239306608498597
4.2,4.05,0.000220918964477557
4.25,4.05,0.000203856942002351
4.3,4.05,0.000188032150776256
4.35,4.05,0.000173361528830266
4.4,4.05,0.000159767063879277
4.45,4.05,0.000147175526179499
4.5,4.05,0.000135518212629061
4.55,4.05,0.000124730701843222
4.6,4.05,0.000114752619926707
4.65,4.05,0.000105527416658264
4.7,4.05,9.70021517965393e-05
4.75,4.05,8.91272912117114e-05
4.8,4.05,8.18565125439414e-05
4.85,4.05,7.51465200874247e-05
4.9,4.05,6.89568685977148e-05
4.95,4.05,6.32497957198378e-05
5,4.05,5.79900627355177e-05
5.05,4.05,5.31448033294839e-05
5.1,4.05,4.86833800772735e-05
5.15,4.05,4.45772483600983e-05
5.2,4.05,4.07998274161483e-05
5.25,4.05,3.73263782420971e-05
5.3,4.05,3.41338880634823e-05
5.35,4.05,3.12009610980145e-05
5.4,4.05,2.85077153416525e-05
5.45,4.05,2.60356851134202e-05
5.5,4.05,2.37677291013941e-05
5.55,4.05,2.1687943658983e-05
5.6,4.05,1.97815811075497e-05
5.65,4.05,1.80349728085096e-05
5.7,4.05,1.64354567752638e-05
5.75,4.05,1.49713096026454e-05
5.8,4.05,1.36316824989444e-05
5.85,4.05,1.24065412129886e-05
5.9,4.05,1.12866096561817e-05
5.95,4.05,1.02633170267991e-05
6,4.05,9.32874825119332e-06
-2,4.1,0.185551913850215
-1.95,4.1,0.179911330555577
-1.9,4.1,0.174379670634887
-1.85,4.1,0.168957290192767
-1.8,4.1,0.163644440188498
-1.75,4.1,0.158441268198427
-1.7,4.1,0.153347820328341
-1.65,4.1,0.148364043268456
-1.6,4.1,0.14348978648344
-1.55,4.1,0.138724804529688
-1.5,4.1,0.134068759491872
-1.45,4.1,0.129521223530673
-1.4,4.1,0.12508168153346
-1.35,4.1,0.120749533859606
-1.3,4.1,0.116524099172068
-1.25,4.1,0.112404617346819
-1.2,4.1,0.108390252451717
-1.15,4.1,0.104480095786431
-1.1,4.1,0.10067316897506
-1.05,4.1,0.0969684271031832
-1,4.1,0.0933647618911536
-0.95,4.1,0.0898610048955827
-0.9,4.1,0.0864559307310892
-0.85,4.1,0.0831482603045559
-0.8,4.1,0.0799366640543183
-0.75,4.1,0.0768197651869079
-0.7,4.1,0.0737961429041909
-0.65,4.1,0.0708643356139762
-0.6,4.1,0.0680228441174168
-0.55,4.1,0.0652701347667884
-0.5,4.1,0.0626046425875043
-0.45,4.1,0.0600247743585109
-0.4,4.1,0.0575289116455015
-0.35,4.1,0.0551154137816889
-0.3,4.1,0.0527826207911873
-0.25,4.1,0.0505288562503668
-0.2,4.1,0.0483524300828655
-0.15,4.1,0.0462516412842625
-0.0999999999999999,4.1,0.0442247805727414
-0.0499999999999998,4.1,0.0422701329623959
0,4.1,0.0403859802561523
0.0500000000000003,4.1,0.0385706034556066
0.1,4.1,0.0368222850853888
0.15,4.1,0.0351393114299846
0.2,4.1,0.0335199746812522
0.25,4.1,0.0319625749951751
0.3,4.1,0.03046542245669
0.35,4.1,0.0290268389517167
0.4,4.1,0.0276451599457974
0.45,4.1,0.0263187361690278
0.5,4.1,0.0250459352072194
0.55,4.1,0.0238251429994904
0.6,4.1,0.0226547652427199
0.65,4.1,0.0215332287035328
0.7,4.1,0.0204589824387006
0.75,4.1,0.0194304989250518
0.8,4.1,0.0184462751001806
0.85,4.1,0.0175048333154243
0.9,4.1,0.0166047222027529
0.95,4.1,0.015744517457371
1,4.1,0.014922822537979
1.05,4.1,0.0141382692867739
1.1,4.1,0.0133895184713905
1.15,4.1,0.0126752602510941
1.2,4.1,0.0119942145696317
1.25,4.1,0.0113451314772339
1.3,4.1,0.010726791384333
1.35,4.1,0.0101380052496266
1.4,4.1,0.00957761470516288
1.45,4.1,0.0090444921211693
1.5,4.1,0.00853754061337231
1.55,4.1,0.00805569399557788
1.6,4.1,0.00759791668029255
1.65,4.1,0.00716320353016562
1.7,4.1,0.00675057966302688
1.75,4.1,0.00635910021327773
1.8,4.1,0.00598785005237087
1.85,4.1,0.00563594347108302
1.9,4.1,0.00530252382624787
1.95,4.1,0.00498676315457265
2,4.1,0.00468786175611245
2.05,4.1,0.00440504774992124
2.1,4.1,0.00413757660433922
2.15,4.1,0.00388473064431142
2.2,4.1,0.00364581853806495
2.25,4.1,0.00342017476540016
2.3,4.1,0.0032071590697766
2.35,4.1,0.00300615589629734
2.4,4.1,0.0028165738176154
2.45,4.1,0.00263784494970527
2.5,4.1,0.00246942435935905
2.55,4.1,0.00231078946518364
2.6,4.1,0.00216143943379037
2.65,4.1,0.00202089457278387
2.7,4.1,0.00188869572207211
2.75,4.1,0.00176440364493486
2.8,4.1,0.00164759842020359
2.85,4.1,0.00153787883682297
2.9,4.1,0.0014348617919813
2.95,4.1,0.00133818169391701
3,4.1,0.00124748987042818
3.05,4.1,0.00116245398403483
3.1,4.1,0.00108275745466744
3.15,4.1,0.00100809889068148
3.2,4.1,0.000938191528925716
3.25,4.1,0.000872762684522766
3.3,4.1,0.00081155321095296
3.35,4.1,0.000754316970968028
3.4,4.1,0.000700820318798776
3.45,4.1,0.000650841594061394
3.5,4.1,0.000604170627709873
3.55,4.1,0.000560608260327774
3.6,4.1,0.000519965873000746
3.65,4.1,0.000482064930962231
3.7,4.1,0.000446736540158386
3.75,4.1,0.000413821016834515
3.8,4.1,0.000383167470204199
3.85,4.1,0.000354633398223832
3.9,4.1,0.000328084296459265
3.95,4.1,0.000303393279997841
4,4.1,0.00028044071832811
4.05,4.1,0.000259113883080821
4.1,4.1,0.000239306608498597
4.15,4.1,0.000220918964477557
4.2,4.1,0.000203856942002351
4.25,4.1,0.000188032150776256
4.3,4.1,0.000173361528830266
4.35,4.1,0.000159767063879277
4.4,4.1,0.000147175526179499
4.45,4.1,0.000135518212629062
4.5,4.1,0.000124730701843222
4.55,4.1,0.000114752619926707
4.6,4.1,0.000105527416658265
4.65,4.1,9.70021517965393e-05
4.7,4.1,8.91272912117117e-05
4.75,4.1,8.18565125439417e-05
4.8,4.1,7.51465200874248e-05
4.85,4.1,6.89568685977148e-05
4.9,4.1,6.32497957198379e-05
4.95,4.1,5.79900627355177e-05
5,4.1,5.31448033294841e-05
5.05,4.1,4.86833800772736e-05
5.1,4.1,4.45772483600983e-05
5.15,4.1,4.07998274161484e-05
5.2,4.1,3.73263782420971e-05
5.25,4.1,3.41338880634823e-05
5.3,4.1,3.12009610980146e-05
5.35,4.1,2.85077153416525e-05
5.4,4.1,2.60356851134202e-05
5.45,4.1,2.37677291013942e-05
5.5,4.1,2.1687943658983e-05
5.55,4.1,1.97815811075497e-05
5.6,4.1,1.80349728085097e-05
5.65,4.1,1.64354567752638e-05
5.7,4.1,1.49713096026454e-05
5.75,4.1,1.36316824989444e-05
5.8,4.1,1.24065412129886e-05
5.85,4.1,1.12866096561817e-05
5.9,4.1,1.02633170267992e-05
5.95,4.1,9.32874825119332e-06
6,4.1,8.47559756384778e-06
-2,4.15,0.179911330555577
-1.95,4.15,0.174379670634887
-1.9,4.15,0.168957290192767
-1.85,4.15,0.163644440188498
-1.8,4.15,0.158441268198427
-1.75,4.15,0.153347820328341
-1.7,4.15,0.148364043268455
-1.65,4.15,0.14348978648344
-1.6,4.15,0.138724804529688
-1.55,4.15,0.134068759491872
-1.5,4.15,0.129521223530673
-1.45,4.15,0.12508168153346
-1.4,4.15,0.120749533859606
-1.35,4.15,0.116524099172068
-1.3,4.15,0.112404617346818
-1.25,4.15,0.108390252451717
-1.2,4.15,0.104480095786431
-1.15,4.15,0.10067316897506
-1.1,4.15,0.0969684271031832
-1.05,4.15,0.0933647618911535
-1,4.15,0.0898610048955827
-0.95,4.15,0.0864559307310892
-0.9,4.15,0.0831482603045558
-0.85,4.15,0.0799366640543182
-0.8,4.15,0.0768197651869078
-0.75,4.15,0.0737961429041909
-0.7,4.15,0.0708643356139761
-0.65,4.15,0.0680228441174168
-0.6,4.15,0.0652701347667884
-0.55,4.15,0.0626046425875043
-0.5,4.15,0.0600247743585109
-0.45,4.15,0.0575289116455015
-0.4,4.15,0.0551154137816889
-0.35,4.15,0.0527826207911873
-0.3,4.15,0.0505288562503667
-0.25,4.15,0.0483524300828655
-0.2,4.15,0.0462516412842625
-0.15,4.15,0.0442247805727414
-0.0999999999999999,4.15,0.0422701329623959
-0.0499999999999998,4.15,0.0403859802561523
0,4.15,0.0385706034556066
0.0500000000000003,4.15,0.0368222850853888
0.1,4.15,0.0351393114299846
0.15,4.15,0.0335199746812522
0.2,4.15,0.031962574995175
0.25,4.15,0.03046542245669
0.3,4.15,0.0290268389517166
0.35,4.15,0.0276451599457974
0.4,4.15,0.0263187361690278
0.45,4.15,0.0250459352072194
0.5,4.15,0.0238251429994904
0.55,4.15,0.0226547652427199
0.6,4.15,0.0215332287035328
0.65,4.15,0.0204589824387005
0.7,4.15,0.0194304989250518
0.75,4.15,0.0184462751001806
0.8,4.15,0.0175048333154243
0.85,4.15,0.0166047222027528
0.9,4.15,0.0157445174573709
0.95,4.15,0.014922822537979
1,4.15,0.0141382692867739
1.05,4.15,0.0133895184713905
1.1,4.15,0.0126752602510941
1.15,4.15,0.0119942145696317
1.2,4.15,0.0113451314772338
1.25,4.15,0.010726791384333
1.3,4.15,0.0101380052496266
1.35,4.15,0.00957761470516288
1.4,4.15,0.0090444921211693
1.45,4.15,0.0085375406133723
1.5,4.15,0.00805569399557788
1.55,4.15,0.00759791668029255
1.6,4.15,0.00716320353016561
1.65,4.15,0.00675057966302688
1.7,4.15,0.00635910021327772
1.75,4.15,0.00598785005237086
1.8,4.15,0.00563594347108301
1.85,4.15,0.00530252382624787
1.9,4.15,0.00498676315457265
1.95,4.15,0.00468786175611245
2,4.15,0.00440504774992124
2.05,4.15,0.00413757660433922
2.1,4.15,0.00388473064431142
2.15,4.15,0.00364581853806495
2.2,4.15,0.00342017476540016
2.25,4.15,0.0032071590697766
2.3,4.15,0.00300615589629734
2.35,4.15,0.0028165738176154
2.4,4.15,0.00263784494970526
2.45,4.15,0.00246942435935904
2.5,4.15,0.00231078946518364
2.55,4.15,0.00216143943379037
2.6,4.15,0.00202089457278386
2.65,4.15,0.00188869572207211
2.7,4.15,0.00176440364493485
2.75,4.15,0.00164759842020359
2.8,4.15,0.00153787883682297
2.85,4.15,0.0014348617919813
2.9,4.15,0.00133818169391701
2.95,4.15,0.00124748987042818
3,4.15,0.00116245398403483
3.05,4.15,0.00108275745466744
3.1,4.15,0.00100809889068148
3.15,4.15,0.000938191528925715
3.2,4.15,0.000872762684522766
3.25,4.15,0.00081155321095296
3.3,4.15,0.000754316970968027
3.35,4.15,0.000700820318798776
3.4,4.15,0.000650841594061392
3.45,4.15,0.000604170627709873
3.5,4.15,0.000560608260327774
3.55,4.15,0.000519965873000745
3.6,4.15,0.00048206493096223
3.65,4.15,0.000446736540158385
3.7,4.15,0.000413821016834514
3.75,4.15,0.000383167470204199
3.8,4.15,0.000354633398223832
3.85,4.15,0.000328084296459264
3.9,4.15,0.000303393279997841
3.95,4.15,0.00028044071832811
4,4.15,0.000259113883080821
4.05,4.15,0.000239306608498597
4.1,4.15,0.000220918964477557
4.15,4.15,0.000203856942002351
4.2,4.15,0.000188032150776256
4.25,4.15,0.000173361528830266
4.3,4.15,0.000159767063879277
4.35,4.15,0.000147175526179499
4.4,4.15,0.000135518212629061
4.45,4.15,0.000124730701843222
4.5,4.15,0.000114752619926707
4.55,4.15,0.000105527416658264
4.6,4.15,9.70021517965392e-05
4.65,4.15,8.91272912117114e-05
4.7,4.15,8.18565125439417e-05
4.75,4.15,7.51465200874248e-05
4.8,4.15,6.89568685977148e-05
4.85,4.15,6.32497957198377e-05
4.9,4.15,5.79900627355177e-05
4.95,4.15,5.31448033294839e-05
5,4.15,4.86833800772736e-05
5.05,4.15,4.45772483600983e-05
5.1,4.15,4.07998274161482e-05
5.15,4.15,3.73263782420971e-05
5.2,4.15,3.41338880634823e-05
5.25,4.15,3.12009610980145e-05
5.3,4.15,2.85077153416525e-05
5.35,4.15,2.60356851134202e-05
5.4,4.15,2.37677291013941e-05
5.45,4.15,2.1687943658983e-05
5.5,4.15,1.97815811075497e-05
5.55,4.15,1.80349728085096e-05
5.6,4.15,1.64354567752638e-05
5.65,4.15,1.49713096026453e-05
5.7,4.15,1.36316824989444e-05
5.75,4.15,1.24065412129886e-05
5.8,4.15,1.12866096561817e-05
5.85,4.15,1.02633170267991e-05
5.9,4.15,9.32874825119332e-06
5.95,4.15,8.47559756384774e-06
6,4.15,7.69712505541775e-06
-2,4.2,0.174379670634887
-1.95,4.2,0.168957290192767
-1.9,4.2,0.163644440188498
-1.85,4.2,0.158441268198427
-1.8,4.2,0.153347820328341
-1.75,4.2,0.148364043268456
-1.7,4.2,0.14348978648344
-1.65,4.2,0.138724804529688
-1.6,4.2,0.134068759491872
-1.55,4.2,0.129521223530673
-1.5,4.2,0.12508168153346
-1.45,4.2,0.120749533859606
-1.4,4.2,0.116524099172068
-1.35,4.2,0.112404617346819
-1.3,4.2,0.108390252451717
-1.25,4.2,0.104480095786431
-1.2,4.2,0.10067316897506
-1.15,4.2,0.0969684271031832
-1.1,4.2,0.0933647618911535
-1.05,4.2,0.0898610048955827
-1,4.2,0.0864559307310892
-0.95,4.2,0.0831482603045559
-0.9,4.2,0.0799366640543182
-0.85,4.2,0.0768197651869079
-0.8,4.2,0.0737961429041909
-0.75,4.2,0.0708643356139762
-0.7,4.2,0.0680228441174168
-0.65,4.2,0.0652701347667884
-0.6,4.2,0.0626046425875043
-0.55,4.2,0.0600247743585109
-0.5,4.2,0.0575289116455015
-0.45,4.2,0.0551154137816889
-0.4,4.2,0.0527826207911873
-0.35,4.2,0.0505288562503668
-0.3,4.2,0.0483524300828655
-0.25,4.2,0.0462516412842625
-0.2,4.2,0.0442247805727414
-0.15,4.2,0.0422701329623959
-0.0999999999999999,4.2,0.0403859802561523
-0.0499999999999998,4.2,0.0385706034556066
0,4.2,0.0368222850853888
0.0500000000000003,4.2,0.0351393114299846
0.1,4.2,0.0335199746812522
0.15,4.2,0.0319625749951751
0.2,4.2,0.03046542245669
0.25,4.2,0.0290268389517166
0.3,4.2,0.0276451599457974
0.35,4.2,0.0263187361690278
0.4,4.2,0.0250459352072194
0.45,4.2,0.0238251429994904
0.5,4.2,0.0226547652427199
0.55,4.2,0.0215332287035328
0.6,4.2,0.0204589824387006
0.65,4.2,0.0194304989250518
0.7,4.2,0.0184462751001806
0.75,4.2,0.0175048333154243
0.8,4.2,0.0166047222027529
0.85,4.2,0.015744517457371
0.9,4.2,0.014922822537979
0.95,4.2,0.0141382692867739
1,4.2,0.0133895184713905
1.05,4.2,0.0126752602510941
1.1,4.2,0.0119942145696317
1.15,4.2,0.0113451314772339
1.2,4.2,0.010726791384333
1.25,4.2,0.0101380052496266
1.3,4.2,0.00957761470516288
1.35,4.2,0.0090444921211693
1.4,4.2,0.0085375406133723
1.45,4.2,0.00805569399557788
1.5,4.2,0.00759791668029255
1.55,4.2,0.00716320353016561
1.6,4.2,0.00675057966302688
1.65,4.2,0.00635910021327772
1.7,4.2,0.00598785005237087
1.75,4.2,0.00563594347108301
1.8,4.2,0.00530252382624787
1.85,4.2,0.00498676315457265
1.9,4.2,0.00468786175611245
1.95,4.2,0.00440504774992124
2,4.2,0.00413757660433922
2.05,4.2,0.00388473064431142
2.1,4.2,0.00364581853806495
2.15,4.2,0.00342017476540016
2.2,4.2,0.0032071590697766
2.25,4.2,0.00300615589629734
2.3,4.2,0.0028165738176154
2.35,4.2,0.00263784494970526
2.4,4.2,0.00246942435935904
2.45,4.2,0.00231078946518364
2.5,4.2,0.00216143943379037
2.55,4.2,0.00202089457278387
2.6,4.2,0.00188869572207211
2.65,4.2,0.00176440364493485
2.7,4.2,0.00164759842020359
2.75,4.2,0.00153787883682297
2.8,4.2,0.0014348617919813
2.85,4.2,0.00133818169391701
2.9,4.2,0.00124748987042818
2.95,4.2,0.00116245398403483
3,4.2,0.00108275745466744
3.05,4.2,0.00100809889068148
3.1,4.2,0.000938191528925715
3.15,4.2,0.000872762684522766
3.2,4.2,0.00081155321095296
3.25,4.2,0.000754316970968028
3.3,4.2,0.000700820318798776
3.35,4.2,0.000650841594061392
3.4,4.2,0.000604170627709873
3.45,4.2,0.000560608260327774
3.5,4.2,0.000519965873000746
3.55,4.2,0.00048206493096223
3.6,4.2,0.000446736540158385
3.65,4.2,0.000413821016834514
3.7,4.2,0.000383167470204199
3.75,4.2,0.000354633398223832
3.8,4.2,0.000328084296459264
3.85,4.2,0.000303393279997841
3.9,4.2,0.00028044071832811
3.95,4.2,0.000259113883080821
4,4.2,0.000239306608498597
4.05,4.2,0.000220918964477557
4.1,4.2,0.000203856942002351
4.15,4.2,0.000188032150776256
4.2,4.2,0.000173361528830266
4.25,4.2,0.000159767063879277
4.3,4.2,0.000147175526179499
4.35,4.2,0.000135518212629061
4.4,4.2,0.000124730701843222
4.45,4.2,0.000114752619926707
4.5,4.2,0.000105527416658265
4.55,4.2,9.70021517965393e-05
4.6,4.2,8.91272912117114e-05
4.65,4.2,8.18565125439415e-05
4.7,4.2,7.51465200874248e-05
4.75,4.2,6.89568685977148e-05
4.8,4.2,6.32497957198377e-05
4.85,4.2,5.79900627355177e-05
4.9,4.2,5.31448033294839e-05
4.95,4.2,4.86833800772736e-05
5,4.2,4.45772483600983e-05
5.05,4.2,4.07998274161482e-05
5.1,4.2,3.73263782420971e-05
5.15,4.2,3.41338880634823e-05
5.2,4.2,3.12009610980146e-05
5.25,4.2,2.85077153416525e-05
5.3,4.2,2.60356851134202e-05
5.35,4.2,2.37677291013941e-05
5.4,4.2,2.1687943658983e-05
5.45,4.2,1.97815811075497e-05
5.5,4.2,1.80349728085097e-05
5.55,4.2,1.64354567752638e-05
5.6,4.2,1.49713096026453e-05
5.65,4.2,1.36316824989444e-05
5.7,4.2,1.24065412129886e-05
5.75,4.2,1.12866096561818e-05
5.8,4.2,1.02633170267992e-05
5.85,4.2,9.32874825119332e-06
5.9,4.2,8.47559756384774e-06
5.95,4.2,7.69712505541775e-06
6,4.2,6.98711602499054e-06
-2,4.25,0.168957290192767
-1.95,4.25,0.163644440188498
-1.9,4.25,0.158441268198427
-1.85,4.25,0.153347820328341
-1.8,4.25,0.148364043268456
-1.75,4.25,0.14348978648344
-1.7,4.25,0.138724804529688
-1.65,4.25,0.134068759491872
-1.6,4.25,0.129521223530673
-1.55,4.25,0.12508168153346
-1.5,4.25,0.120749533859606
-1.45,4.25,0.116524099172068
-1.4,4.25,0.112404617346819
-1.35,4.25,0.108390252451717
-1.3,4.25,0.104480095786431
-1.25,4.25,0.10067316897506
-1.2,4.25,0.0969684271031832
-1.15,4.25,0.0933647618911535
-1.1,4.25,0.0898610048955827
-1.05,4.25,0.0864559307310892
-1,4.25,0.0831482603045559
-0.95,4.25,0.0799366640543183
-0.9,4.25,0.0768197651869079
-0.85,4.25,0.0737961429041909
-0.8,4.25,0.0708643356139762
-0.75,4.25,0.0680228441174168
-0.7,4.25,0.0652701347667884
-0.65,4.25,0.0626046425875043
-0.6,4.25,0.0600247743585109
-0.55,4.25,0.0575289116455015
-0.5,4.25,0.0551154137816889
-0.45,4.25,0.0527826207911873
-0.4,4.25,0.0505288562503668
-0.35,4.25,0.0483524300828655
-0.3,4.25,0.0462516412842625
-0.25,4.25,0.0442247805727414
-0.2,4.25,0.0422701329623959
-0.15,4.25,0.0403859802561523
-0.0999999999999999,4.25,0.0385706034556066
-0.0499999999999998,4.25,0.0368222850853888
0,4.25,0.0351393114299846
0.0500000000000003,4.25,0.0335199746812522
0.1,4.25,0.0319625749951751
0.15,4.25,0.03046542245669
0.2,4.25,0.0290268389517166
0.25,4.25,0.0276451599457974
0.3,4.25,0.0263187361690278
0.35,4.25,0.0250459352072194
0.4,4.25,0.0238251429994904
0.45,4.25,0.0226547652427199
0.5,4.25,0.0215332287035328
0.55,4.25,0.0204589824387006
0.6,4.25,0.0194304989250518
0.65,4.25,0.0184462751001806
0.7,4.25,0.0175048333154243
0.75,4.25,0.0166047222027529
0.8,4.25,0.015744517457371
0.85,4.25,0.014922822537979
0.9,4.25,0.0141382692867739
0.95,4.25,0.0133895184713905
1,4.25,0.0126752602510941
1.05,4.25,0.0119942145696317
1.1,4.25,0.0113451314772339
1.15,4.25,0.010726791384333
1.2,4.25,0.0101380052496266
1.25,4.25,0.00957761470516288
1.3,4.25,0.0090444921211693
1.35,4.25,0.00853754061337231
1.4,4.25,0.00805569399557788
1.45,4.25,0.00759791668029255
1.5,4.25,0.00716320353016562
1.55,4.25,0.00675057966302688
1.6,4.25,0.00635910021327773
1.65,4.25,0.00598785005237087
1.7,4.25,0.00563594347108301
1.75,4.25,0.00530252382624787
1.8,4.25,0.00498676315457265
1.85,4.25,0.00468786175611245
1.9,4.25,0.00440504774992124
1.95,4.25,0.00413757660433922
2,4.25,0.00388473064431142
2.05,4.25,0.00364581853806495
2.1,4.25,0.00342017476540016
2.15,4.25,0.0032071590697766
2.2,4.25,0.00300615589629734
2.25,4.25,0.0028165738176154
2.3,4.25,0.00263784494970527
2.35,4.25,0.00246942435935905
2.4,4.25,0.00231078946518364
2.45,4.25,0.00216143943379037
2.5,4.25,0.00202089457278387
2.55,4.25,0.00188869572207211
2.6,4.25,0.00176440364493485
2.65,4.25,0.00164759842020359
2.7,4.25,0.00153787883682297
2.75,4.25,0.0014348617919813
2.8,4.25,0.00133818169391701
2.85,4.25,0.00124748987042818
2.9,4.25,0.00116245398403483
2.95,4.25,0.00108275745466744
3,4.25,0.00100809889068148
3.05,4.25,0.000938191528925715
3.1,4.25,0.000872762684522766
3.15,4.25,0.000811553210952962
3.2,4.25,0.000754316970968028
3.25,4.25,0.000700820318798776
3.3,4.25,0.000650841594061392
3.35,4.25,0.000604170627709873
3.4,4.25,0.000560608260327774
3.45,4.25,0.000519965873000747
3.5,4.25,0.000482064930962231
3.55,4.25,0.000446736540158385
3.6,4.25,0.000413821016834514
3.65,4.25,0.000383167470204199
3.7,4.25,0.000354633398223833
3.75,4.25,0.000328084296459265
3.8,4.25,0.000303393279997841
3.85,4.25,0.00028044071832811
3.9,4.25,0.000259113883080821
3.95,4.25,0.000239306608498597
4,4.25,0.000220918964477557
4.05,4.25,0.000203856942002351
4.1,4.25,0.000188032150776256
4.15,4.25,0.000173361528830266
4.2,4.25,0.000159767063879277
4.25,4.25,0.0001471755261795
4.3,4.25,0.000135518212629061
4.35,4.25,0.000124730701843222
4.4,4.25,0.000114752619926707
4.45,4.25,0.000105527416658265
4.5,4.25,9.70021517965393e-05
4.55,4.25,8.91272912117114e-05
4.6,4.25,8.18565125439415e-05
4.65,4.25,7.51465200874248e-05
4.7,4.25,6.8956868597715e-05
4.75,4.25,6.32497957198379e-05
4.8,4.25,5.79900627355177e-05
4.85,4.25,5.31448033294839e-05
4.9,4.25,4.86833800772736e-05
4.95,4.25,4.45772483600983e-05
5,4.25,4.07998274161484e-05
5.05,4.25,3.73263782420971e-05
5.1,4.25,3.41338880634823e-05
5.15,4.25,3.12009610980146e-05
5.2,4.25,2.85077153416525e-05
5.25,4.25,2.60356851134202e-05
5.3,4.25,2.37677291013942e-05
5.35,4.25,2.1687943658983e-05
5.4,4.25,1.97815811075497e-05
5.45,4.25,1.80349728085097e-05
5.5,4.25,1.64354567752638e-05
5.55,4.25,1.49713096026453e-05
5.6,4.25,1.36316824989444e-05
5.65,4.25,1.24065412129886e-05
5.7,4.25,1.12866096561818e-05
5.75,4.25,1.02633170267992e-05
5.8,4.25,9.32874825119332e-06
5.85,4.25,8.47559756384774e-06
5.9,4.25,7.69712505541775e-06
5.95,4.25,6.98711602499054e-06
6,4.25,6.33984297977256e-06
-2,4.3,0.163644440188498
-1.95,4.3,0.158441268198427
-1.9,4.3,0.153347820328341
-1.85,4.3,0.148364043268455
-1.8,4.3,0.14348978648344
-1.75,4.3,0.138724804529688
-1.7,4.3,0.134068759491872
-1.65,4.3,0.129521223530673
-1.6,4.3,0.12508168153346
-1.55,4.3,0.120749533859606
-1.5,4.3,0.116524099172068
-1.45,4.3,0.112404617346818
-1.4,4.3,0.108390252451716
-1.35,4.3,0.104480095786431
-1.3,4.3,0.10067316897506
-1.25,4.3,0.0969684271031832
-1.2,4.3,0.0933647618911535
-1.15,4.3,0.0898610048955827
-1.1,4.3,0.0864559307310892
-1.05,4.3,0.0831482603045558
-1,4.3,0.0799366640543182
-0.95,4.3,0.0768197651869078
-0.9,4.3,0.0737961429041908
-0.85,4.3,0.0708643356139761
-0.8,4.3,0.0680228441174168
-0.75,4.3,0.0652701347667884
-0.7,4.3,0.0626046425875043
-0.65,4.3,0.0600247743585109
-0.6,4.3,0.0575289116455015
-0.55,4.3,0.0551154137816889
-0.5,4.3,0.0527826207911873
-0.45,4.3,0.0505288562503667
-0.4,4.3,0.0483524300828655
-0.35,4.3,0.0462516412842625
-0.3,4.3,0.0442247805727414
-0.25,4.3,0.0422701329623959
-0.2,4.3,0.0403859802561523
-0.15,4.3,0.0385706034556066
-0.0999999999999999,4.3,0.0368222850853888
-0.0499999999999998,4.3,0.0351393114299846
0,4.3,0.0335199746812522
0.0500000000000003,4.3,0.031962574995175
0.1,4.3,0.03046542245669
0.15,4.3,0.0290268389517166
0.2,4.3,0.0276451599457974
0.25,4.3,0.0263187361690278
0.3,4.3,0.0250459352072194
0.35,4.3,0.0238251429994904
0.4,4.3,0.0226547652427199
0.45,4.3,0.0215332287035328
0.5,4.3,0.0204589824387006
0.55,4.3,0.0194304989250518
0.6,4.3,0.0184462751001806
0.65,4.3,0.0175048333154243
0.7,4.3,0.0166047222027528
0.75,4.3,0.0157445174573709
0.8,4.3,0.014922822537979
0.85,4.3,0.0141382692867739
0.9,4.3,0.0133895184713905
0.95,4.3,0.0126752602510941
1,4.3,0.0119942145696317
1.05,4.3,0.0113451314772338
1.1,4.3,0.010726791384333
1.15,4.3,0.0101380052496266
1.2,4.3,0.00957761470516287
1.25,4.3,0.0090444921211693
1.3,4.3,0.0085375406133723
1.35,4.3,0.00805569399557788
1.4,4.3,0.00759791668029255
1.45,4.3,0.00716320353016561
1.5,4.3,0.00675057966302688
1.55,4.3,0.00635910021327772
1.6,4.3,0.00598785005237086
1.65,4.3,0.00563594347108301
1.7,4.3,0.00530252382624786
1.75,4.3,0.00498676315457265
1.8,4.3,0.00468786175611245
1.85,4.3,0.00440504774992124
1.9,4.3,0.00413757660433921
1.95,4.3,0.00388473064431142
2,4.3,0.00364581853806495
2.05,4.3,0.00342017476540016
2.1,4.3,0.0032071590697766
2.15,4.3,0.00300615589629734
2.2,4.3,0.0028165738176154
2.25,4.3,0.00263784494970526
2.3,4.3,0.00246942435935904
2.35,4.3,0.00231078946518364
2.4,4.3,0.00216143943379037
2.45,4.3,0.00202089457278386
2.5,4.3,0.00188869572207211
2.55,4.3,0.00176440364493485
2.6,4.3,0.00164759842020359
2.65,4.3,0.00153787883682297
2.7,4.3,0.0014348617919813
2.75,4.3,0.00133818169391701
2.8,4.3,0.00124748987042818
2.85,4.3,0.00116245398403483
2.9,4.3,0.00108275745466744
2.95,4.3,0.00100809889068148
3,4.3,0.000938191528925715
3.05,4.3,0.000872762684522765
3.1,4.3,0.00081155321095296
3.15,4.3,0.000754316970968027
3.2,4.3,0.000700820318798776
3.25,4.3,0.000650841594061392
3.3,4.3,0.000604170627709872
3.35,4.3,0.000560608260327774
3.4,4.3,0.000519965873000745
3.45,4.3,0.000482064930962231
3.5,4.3,0.000446736540158385
3.55,4.3,0.000413821016834513
3.6,4.3,0.000383167470204198
3.65,4.3,0.000354633398223832
3.7,4.3,0.000328084296459264
3.75,4.3,0.000303393279997841
3.8,4.3,0.00028044071832811
3.85,4.3,0.00025911388308082
3.9,4.3,0.000239306608498597
3.95,4.3,0.000220918964477557
4,4.3,0.000203856942002351
4.05,4.3,0.000188032150776256
4.1,4.3,0.000173361528830266
4.15,4.3,0.000159767063879277
4.2,4.3,0.000147175526179499
4.25,4.3,0.000135518212629061
4.3,4.3,0.000124730701843222
4.35,4.3,0.000114752619926707
4.4,4.3,0.000105527416658264
4.45,4.3,9.70021517965393e-05
4.5,4.3,8.91272912117114e-05
4.55,4.3,8.18565125439414e-05
4.6,4.3,7.51465200874247e-05
4.65,4.3,6.89568685977148e-05
4.7,4.3,6.32497957198379e-05
4.75,4.3,5.79900627355177e-05
4.8,4.3,5.31448033294839e-05
4.85,4.3,4.86833800772735e-05
4.9,4.3,4.45772483600983e-05
4.95,4.3,4.07998274161482e-05
5,4.3,3.73263782420971e-05
5.05,4.3,3.41338880634823e-05
5.1,4.3,3.12009610980145e-05
5.15,4.3,2.85077153416525e-05
5.2,4.3,2.60356851134202e-05
5.25,4.3,2.37677291013941e-05
5.3,4.3,2.1687943658983e-05
5.35,4.3,1.97815811075497e-05
5.4,4.3,1.80349728085096e-05
5.45,4.3,1.64354567752638e-05
5.5,4.3,1.49713096026453e-05
5.55,4.3,1.36316824989444e-05
5.6,4.3,1.24065412129886e-05
5.65,4.3,1.12866096561817e-05
5.7,4.3,1.02633170267992e-05
5.75,4.3,9.32874825119332e-06
5.8,4.3,8.47559756384774e-06
5.85,4.3,7.69712505541771e-06
5.9,4.3,6.98711602499054e-06
5.95,4.3,6.33984297977253e-06
6,4.3,5.75003013225318e-06
-2,4.35,0.158441268198427
-1.95,4.35,0.153347820328341
-1.9,4.35,0.148364043268456
-1.85,4.35,0.14348978648344
-1.8,4.35,0.138724804529688
-1.75,4.35,0.134068759491872
-1.7,4.35,0.129521223530673
-1.65,4.35,0.12508168153346
-1.6,4.35,0.120749533859606
-1.55,4.35,0.116524099172068
-1.5,4.35,0.112404617346819
-1.45,4.35,0.108390252451717
-1.4,4.35,0.104480095786431
-1.35,4.35,0.10067316897506
-1.3,4.35,0.0969684271031832
-1.25,4.35,0.0933647618911535
-1.2,4.35,0.0898610048955827
-1.15,4.35,0.0864559307310892
-1.1,4.35,0.0831482603045559
-1.05,4.35,0.0799366640543183
-1,4.35,0.0768197651869079
-0.95,4.35,0.0737961429041909
-0.9,4.35,0.0708643356139762
-0.85,4.35,0.0680228441174168
-0.8,4.35,0.0652701347667884
-0.75,4.35,0.0626046425875043
-0.7,4.35,0.0600247743585109
-0.65,4.35,0.0575289116455015
-0.6,4.35,0.0551154137816889
-0.55,4.35,0.0527826207911873
-0.5,4.35,0.0505288562503668
-0.45,4.35,0.0483524300828655
-0.4,4.35,0.0462516412842625
-0.35,4.35,0.0442247805727414
-0.3,4.35,0.0422701329623959
-0.25,4.35,0.0403859802561523
-0.2,4.35,0.0385706034556066
-0.15,4.35,0.0368222850853888
-0.0999999999999999,4.35,0.0351393114299846
-0.0499999999999998,4.35,0.0335199746812522
0,4.35,0.0319625749951751
0.0500000000000003,4.35,0.03046542245669
0.1,4.35,0.0290268389517167
0.15,4.35,0.0276451599457974
0.2,4.35,0.0263187361690278
0.25,4.35,0.0250459352072194
0.3,4.35,0.0238251429994904
0.35,4.35,0.0226547652427199
0.4,4.35,0.0215332287035328
0.45,4.35,0.0204589824387006
0.5,4.35,0.0194304989250518
0.55,4.35,0.0184462751001806
0.6,4.35,0.0175048333154243
0.65,4.35,0.0166047222027529
0.7,4.35,0.015744517457371
0.75,4.35,0.014922822537979
0.8,4.35,0.0141382692867739
0.85,4.35,0.0133895184713905
0.9,4.35,0.0126752602510941
0.95,4.35,0.0119942145696317
1,4.35,0.0113451314772339
1.05,4.35,0.010726791384333
1.1,4.35,0.0101380052496266
1.15,4.35,0.00957761470516288
1.2,4.35,0.0090444921211693
1.25,4.35,0.00853754061337231
1.3,4.35,0.00805569399557788
1.35,4.35,0.00759791668029255
1.4,4.35,0.00716320353016562
1.45,4.35,0.00675057966302688
1.5,4.35,0.00635910021327773
1.55,4.35,0.00598785005237087
1.6,4.35,0.00563594347108301
1.65,4.35,0.00530252382624787
1.7,4.35,0.00498676315457265
1.75,4.35,0.00468786175611245
1.8,4.35,0.00440504774992124
1.85,4.35,0.00413757660433922
1.9,4.35,0.00388473064431142
1.95,4.35,0.00364581853806495
2,4.35,0.00342017476540016
2.05,4.35,0.0032071590697766
2.1,4.35,0.00300615589629734
2.15,4.35,0.0028165738176154
2.2,4.35,0.00263784494970527
2.25,4.35,0.00246942435935905
2.3,4.35,0.00231078946518364
2.35,4.35,0.00216143943379037
2.4,4.35,0.00202089457278387
2.45,4.35,0.00188869572207211
2.5,4.35,0.00176440364493486
2.55,4.35,0.00164759842020359
2.6,4.35,0.00153787883682297
2.65,4.35,0.0014348617919813
2.7,4.35,0.00133818169391701
2.75,4.35,0.00124748987042818
2.8,4.35,0.00116245398403483
2.85,4.35,0.00108275745466744
2.9,4.35,0.00100809889068148
2.95,4.35,0.000938191528925716
3,4.35,0.000872762684522766
3.05,4.35,0.00081155321095296
3.1,4.35,0.000754316970968028
3.15,4.35,0.000700820318798776
3.2,4.35,0.000650841594061393
3.25,4.35,0.000604170627709873
3.3,4.35,0.000560608260327774
3.35,4.35,0.000519965873000746
3.4,4.35,0.000482064930962231
3.45,4.35,0.000446736540158386
3.5,4.35,0.000413821016834515
3.55,4.35,0.000383167470204199
3.6,4.35,0.000354633398223832
3.65,4.35,0.000328084296459265
3.7,4.35,0.000303393279997841
3.75,4.35,0.00028044071832811
3.8,4.35,0.000259113883080821
3.85,4.35,0.000239306608498597
3.9,4.35,0.000220918964477557
3.95,4.35,0.000203856942002351
4,4.35,0.000188032150776256
4.05,4.35,0.000173361528830266
4.1,4.35,0.000159767063879277
4.15,4.35,0.000147175526179499
4.2,4.35,0.000135518212629062
4.25,4.35,0.000124730701843222
4.3,4.35,0.000114752619926707
4.35,4.35,0.000105527416658265
4.4,4.35,9.70021517965393e-05
4.45,4.35,8.91272912117115e-05
4.5,4.35,8.18565125439417e-05
4.55,4.35,7.51465200874248e-05
4.6,4.35,6.89568685977148e-05
4.65,4.35,6.32497957198379e-05
4.7,4.35,5.79900627355179e-05
4.75,4.35,5.3144803329484e-05
4.8,4.35,4.86833800772735e-05
4.85,4.35,4.45772483600983e-05
4.9,4.35,4.07998274161483e-05
4.95,4.35,3.73263782420971e-05
5,4.35,3.41338880634824e-05
5.05,4.35,3.12009610980145e-05
5.1,4.35,2.85077153416525e-05
5.15,4.35,2.60356851134203e-05
5.2,4.35,2.37677291013942e-05
5.25,4.35,2.1687943658983e-05
5.3,4.35,1.97815811075497e-05
5.35,4.35,1.80349728085096e-05
5.4,4.35,1.64354567752638e-05
5.45,4.35,1.49713096026454e-05
5.5,4.35,1.36316824989444e-05
5.55,4.35,1.24065412129886e-05
5.6,4.35,1.12866096561818e-05
5.65,4.35,1.02633170267992e-05
5.7,4.35,9.32874825119332e-06
5.75,4.35,8.47559756384778e-06
5.8,4.35,7.69712505541775e-06
5.85,4.35,6.98711602499054e-06
5.9,4.35,6.33984297977256e-06
5.95,4.35,5.75003013225318e-06
6,4.35,5.21282025159044e-06
-2,4.4,0.153347820328341
-1.95,4.4,0.148364043268455
-1.9,4.4,0.14348978648344
-1.85,4.4,0.138724804529688
-1.8,4.4,0.134068759491872
-1.75,4.4,0.129521223530673
-1.7,4.4,0.12508168153346
-1.65,4.4,0.120749533859606
-1.6,4.4,0.116524099172068
-1.55,4.4,0.112404617346818
-1.5,4.4,0.108390252451717
-1.45,4.4,0.104480095786431
-1.4,4.4,0.10067316897506
-1.35,4.4,0.0969684271031832
-1.3,4.4,0.0933647618911535
-1.25,4.4,0.0898610048955827
-1.2,4.4,0.0864559307310892
-1.15,4.4,0.0831482603045558
-1.1,4.4,0.0799366640543182
-1.05,4.4,0.0768197651869078
-1,4.4,0.0737961429041909
-0.95,4.4,0.0708643356139761
-0.9,4.4,0.0680228441174168
-0.85,4.4,0.0652701347667884
-0.8,4.4,0.0626046425875043
-0.75,4.4,0.0600247743585109
-0.7,4.4,0.0575289116455015
-0.65,4.4,0.0551154137816889
-0.6,4.4,0.0527826207911873
-0.55,4.4,0.0505288562503667
-0.5,4.4,0.0483524300828655
-0.45,4.4,0.0462516412842625
-0.4,4.4,0.0442247805727414
-0.35,4.4,0.0422701329623959
-0.3,4.4,0.0403859802561523
-0.25,4.4,0.0385706034556066
-0.2,4.4,0.0368222850853888
-0.15,4.4,0.0351393114299846
-0.0999999999999999,4.4,0.0335199746812522
-0.0499999999999998,4.4,0.031962574995175
0,4.4,0.03046542245669
0.0500000000000003,4.4,0.0290268389517166
0.1,4.4,0.0276451599457974
0.15,4.4,0.0263187361690278
0.2,4.4,0.0250459352072194
0.25,4.4,0.0238251429994904
0.3,4.4,0.0226547652427199
0.35,4.4,0.0215332287035328
0.4,4.4,0.0204589824387005
0.45,4.4,0.0194304989250518
0.5,4.4,0.0184462751001806
0.55,4.4,0.0175048333154243
0.6,4.4,0.0166047222027528
0.65,4.4,0.0157445174573709
0.7,4.4,0.014922822537979
0.75,4.4,0.0141382692867739
0.8,4.4,0.0133895184713905
0.85,4.4,0.0126752602510941
0.9,4.4,0.0119942145696317
0.95,4.4,0.0113451314772338
1,4.4,0.010726791384333
1.05,4.4,0.0101380052496266
1.1,4.4,0.00957761470516288
1.15,4.4,0.0090444921211693
1.2,4.4,0.0085375406133723
1.25,4.4,0.00805569399557788
1.3,4.4,0.00759791668029255
1.35,4.4,0.00716320353016561
1.4,4.4,0.00675057966302688
1.45,4.4,0.00635910021327772
1.5,4.4,0.00598785005237086
1.55,4.4,0.00563594347108301
1.6,4.4,0.00530252382624786
1.65,4.4,0.00498676315457265
1.7,4.4,0.00468786175611245
1.75,4.4,0.00440504774992124
1.8,4.4,0.00413757660433921
1.85,4.4,0.00388473064431142
1.9,4.4,0.00364581853806494
1.95,4.4,0.00342017476540016
2,4.4,0.0032071590697766
2.05,4.4,0.00300615589629734
2.1,4.4,0.0028165738176154
2.15,4.4,0.00263784494970526
2.2,4.4,0.00246942435935904
2.25,4.4,0.00231078946518364
2.3,4.4,0.00216143943379037
2.35,4.4,0.00202089457278386
2.4,4.4,0.00188869572207211
2.45,4.4,0.00176440364493485
2.5,4.4,0.00164759842020359
2.55,4.4,0.00153787883682297
2.6,4.4,0.0014348617919813
2.65,4.4,0.00133818169391701
2.7,4.4,0.00124748987042818
2.75,4.4,0.00116245398403483
2.8,4.4,0.00108275745466744
2.85,4.4,0.00100809889068148
2.9,4.4,0.000938191528925715
2.95,4.4,0.000872762684522766
3,4.4,0.00081155321095296
3.05,4.4,0.000754316970968027
3.1,4.4,0.000700820318798776
3.15,4.4,0.000650841594061392
3.2,4.4,0.000604170627709872
3.25,4.4,0.000560608260327774
3.3,4.4,0.000519965873000745
3.35,4.4,0.00048206493096223
3.4,4.4,0.000446736540158385
3.45,4.4,0.000413821016834514
3.5,4.4,0.000383167470204199
3.55,4.4,0.000354633398223832
3.6,4.4,0.000328084296459264
3.65,4.4,0.000303393279997841
3.7,4.4,0.00028044071832811
3.75,4.4,0.000259113883080821
3.8,4.4,0.000239306608498596
3.85,4.4,0.000220918964477557
3.9,4.4,0.000203856942002351
3.95,4.4,0.000188032150776256
4,4.4,0.000173361528830266
4.05,4.4,0.000159767063879277
4.1,4.4,0.000147175526179499
4.15,4.4,0.000135518212629061
4.2,4.4,0.000124730701843222
4.25,4.4,0.000114752619926707
4.3,4.4,0.000105527416658264
4.35,4.4,9.70021517965392e-05
4.4,4.4,8.91272912117114e-05
4.45,4.4,8.18565125439415e-05
4.5,4.4,7.51465200874248e-05
4.55,4.4,6.89568685977148e-05
4.6,4.4,6.32497957198377e-05
4.65,4.4,5.79900627355177e-05
4.7,4.4,5.3144803329484e-05
4.75,4.4,4.86833800772735e-05
4.8,4.4,4.45772483600982e-05
4.85,4.4,4.07998274161482e-05
4.9,4.4,3.73263782420971e-05
4.95,4.4,3.41338880634823e-05
5,4.4,3.12009610980145e-05
5.05,4.4,2.85077153416525e-05
5.1,4.4,2.60356851134202e-05
5.15,4.4,2.37677291013941e-05
5.2,4.4,2.1687943658983e-05
5.25,4.4,1.97815811075497e-05
5.3,4.4,1.80349728085096e-05
5.35,4.4,1.64354567752638e-05
5.4,4.4,1.49713096026453e-05
5.45,4.4,1.36316824989444e-05
5.5,4.4,1.24065412129886e-05
5.55,4.4,1.12866096561817e-05
5.6,4.4,1.02633170267991e-05
5.65,4.4,9.32874825119332e-06
5.7,4.4,8.47559756384778e-06
5.75,4.4,7.69712505541775e-06
5.8,4.4,6.98711602499054e-06
5.85,4.4,6.33984297977253e-06
5.9,4.4,5.75003013225316e-06
5.95,4.4,5.21282025159044e-06
6,4.4,4.72374373250327e-06
-2,4.45,0.148364043268456
-1.95,4.45,0.14348978648344
-1.9,4.45,0.138724804529688
-1.85,4.45,0.134068759491872
-1.8,4.45,0.129521223530673
-1.75,4.45,0.12508168153346
-1.7,4.45,0.120749533859606
-1.65,4.45,0.116524099172068
-1.6,4.45,0.112404617346819
-1.55,4.45,0.108390252451717
-1.5,4.45,0.104480095786431
-1.45,4.45,0.10067316897506
-1.4,4.45,0.0969684271031832
-1.35,4.45,0.0933647618911535
-1.3,4.45,0.0898610048955827
-1.25,4.45,0.0864559307310892
-1.2,4.45,0.0831482603045559
-1.15,4.45,0.0799366640543182
-1.1,4.45,0.0768197651869079
-1.05,4.45,0.0737961429041909
-1,4.45,0.0708643356139762
-0.95,4.45,0.0680228441174168
-0.9,4.45,0.0652701347667884
-0.85,4.45,0.0626046425875043
-0.8,4.45,0.0600247743585109
-0.75,4.45,0.0575289116455015
-0.7,4.45,0.0551154137816889
-0.65,4.45,0.0527826207911873
-0.6,4.45,0.0505288562503668
-0.55,4.45,0.0483524300828655
-0.5,4.45,0.0462516412842625
-0.45,4.45,0.0442247805727414
-0.4,4.45,0.0422701329623959
-0.35,4.45,0.0403859802561523
-0.3,4.45,0.0385706034556066
-0.25,4.45,0.0368222850853888
-0.2,4.45,0.0351393114299846
-0.15,4.45,0.0335199746812522
-0.0999999999999999,4.45,0.0319625749951751
-0.0499999999999998,4.45,0.03046542245669
0,4.45,0.0290268389517166
0.0500000000000003,4.45,0.0276451599457974
0.1,4.45,0.0263187361690278
0.15,4.45,0.0250459352072194
0.2,4.45,0.0238251429994904
0.25,4.45,0.0226547652427199
0.3,4.45,0.0215332287035328
0.35,4.45,0.0204589824387006
0.4,4.45,0.0194304989250518
0.45,4.45,0.0184462751001806
0.5,4.45,0.0175048333154243
0.55,4.45,0.0166047222027529
0.6,4.45,0.0157445174573709
0.65,4.45,0.014922822537979
0.7,4.45,0.0141382692867739
0.75,4.45,0.0133895184713905
0.8,4.45,0.0126752602510941
0.85,4.45,0.0119942145696317
0.9,4.45,0.0113451314772338
0.95,4.45,0.010726791384333
1,4.45,0.0101380052496266
1.05,4.45,0.00957761470516288
1.1,4.45,0.0090444921211693
1.15,4.45,0.0085375406133723
1.2,4.45,0.00805569399557788
1.25,4.45,0.00759791668029255
1.3,4.45,0.00716320353016561
1.35,4.45,0.00675057966302688
1.4,4.45,0.00635910021327772
1.45,4.45,0.00598785005237087
1.5,4.45,0.00563594347108301
1.55,4.45,0.00530252382624787
1.6,4.45,0.00498676315457265
1.65,4.45,0.00468786175611245
1.7,4.45,0.00440504774992124
1.75,4.45,0.00413757660433922
1.8,4.45,0.00388473064431142
1.85,4.45,0.00364581853806495
1.9,4.45,0.00342017476540016
1.95,4.45,0.0032071590697766
2,4.45,0.00300615589629734
2.05,4.45,0.0028165738176154
2.1,4.45,0.00263784494970526
2.15,4.45,0.00246942435935904
2.2,4.45,0.00231078946518364
2.25,4.45,0.00216143943379037
2.3,4.45,0.00202089457278387
2.35,4.45,0.00188869572207211
2.4,4.45,0.00176440364493485
2.45,4.45,0.00164759842020359
2.5,4.45,0.00153787883682297
2.55,4.45,0.0014348617919813
2.6,4.45,0.00133818169391701
2.65,4.45,0.00124748987042818
2.7,4.45,0.00116245398403483
2.75,4.45,0.00108275745466744
2.8,4.45,0.00100809889068148
2.85,4.45,0.000938191528925715
2.9,4.45,0.000872762684522766
2.95,4.45,0.00081155321095296
3,4.45,0.000754316970968028
3.05,4.45,0.000700820318798776
3.1,4.45,0.000650841594061392
3.15,4.45,0.000604170627709873
3.2,4.45,0.000560608260327774
3.25,4.45,0.000519965873000746
3.3,4.45,0.00048206493096223
3.35,4.45,0.000446736540158385
3.4,4.45,0.000413821016834514
3.45,4.45,0.000383167470204199
3.5,4.45,0.000354633398223832
3.55,4.45,0.000328084296459264
3.6,4.45,0.000303393279997841
3.65,4.45,0.00028044071832811
3.7,4.45,0.000259113883080821
3.75,4.45,0.000239306608498597
3.8,4.45,0.000220918964477557
3.85,4.45,0.000203856942002351
3.9,4.45,0.000188032150776256
3.95,4.45,0.000173361528830266
4,4.45,0.000159767063879277
4.05,4.45,0.000147175526179499
4.1,4.45,0.000135518212629061
4.15,4.45,0.000124730701843222
4.2,4.45,0.000114752619926707
4.25,4.45,0.000105527416658265
4.3,4.45,9.70021517965393e-05
4.35,4.45,8.91272912117114e-05
4.4,4.45,8.18565125439415e-05
4.45,4.45,7.51465200874248e-05
4.5,4.45,6.89568685977149e-05
4.55,4.45,6.32497957198378e-05
4.6,4.45,5.79900627355177e-05
4.65,4.45,5.31448033294839e-05
4.7,4.45,4.86833800772736e-05
4.75,4.45,4.45772483600983e-05
4.8,4.45,4.07998274161482e-05
4.85,4.45,3.73263782420971e-05
4.9,4.45,3.41338880634823e-05
4.95,4.45,3.12009610980145e-05
5,4.45,2.85077153416525e-05
5.05,4.45,2.60356851134202e-05
5.1,4.45,2.37677291013941e-05
5.15,4.45,2.1687943658983e-05
5.2,4.45,1.97815811075497e-05
5.25,4.45,1.80349728085096e-05
5.3,4.45,1.64354567752638e-05
5.35,4.45,1.49713096026453e-05
5.4,4.45,1.36316824989444e-05
5.45,4.45,1.24065412129886e-05
5.5,4.45,1.12866096561818e-05
5.55,4.45,1.02633170267991e-05
5.6,4.45,9.32874825119332e-06
5.65,4.45,8.47559756384778e-06
5.7,4.45,7.69712505541775e-06
5.75,4.45,6.98711602499054e-06
5.8,4.45,6.33984297977256e-06
5.85,4.45,5.75003013225316e-06
5.9,4.45,5.21282025159044e-06
5.95,4.45,4.72374373250327e-06
6,4.45,4.27868975133126e-06
-2,4.5,0.14348978648344
-1.95,4.5,0.138724804529688
-1.9,4.5,0.134068759491872
-1.85,4.5,0.129521223530673
-1.8,4.5,0.12508168153346
-1.75,4.5,0.120749533859606
-1.7,4.5,0.116524099172068
-1.65,4.5,0.112404617346819
-1.6,4.5,0.108390252451717
-1.55,4.5,0.104480095786431
-1.5,4.5,0.10067316897506
-1.45,4.5,0.0969684271031832
-1.4,4.5,0.0933647618911535
-1.35,4.5,0.0898610048955827
-1.3,4.5,0.0864559307310892
-1.25,4.5,0.0831482603045559
-1.2,4.5,0.0799366640543183
-1.15,4.5,0.0768197651869079
-1.1,4.5,0.0737961429041909
-1.05,4.5,0.0708643356139762
-1,4.5,0.0680228441174168
-0.95,4.5,0.0652701347667884
-0.9,4.5,0.0626046425875043
-0.85,4.5,0.0600247743585109
-0.8,4.5,0.0575289116455015
-0.75,4.5,0.0551154137816889
-0.7,4.5,0.0527826207911873
-0.65,4.5,0.0505288562503668
-0.6,4.5,0.0483524300828655
-0.55,4.5,0.0462516412842625
-0.5,4.5,0.0442247805727414
-0.45,4.5,0.0422701329623959
-0.4,4.5,0.0403859802561523
-0.35,4.5,0.0385706034556066
-0.3,4.5,0.0368222850853888
-0.25,4.5,0.0351393114299846
-0.2,4.5,0.0335199746812522
-0.15,4.5,0.0319625749951751
-0.0999999999999999,4.5,0.03046542245669
-0.0499999999999998,4.5,0.0290268389517166
0,4.5,0.0276451599457974
0.0500000000000003,4.5,0.0263187361690278
0.1,4.5,0.0250459352072194
0.15,4.5,0.0238251429994904
0.2,4.5,0.0226547652427199
0.25,4.5,0.0215332287035328
0.3,4.5,0.0204589824387006
0.35,4.5,0.0194304989250518
0.4,4.5,0.0184462751001806
0.45,4.5,0.0175048333154243
0.5,4.5,0.0166047222027529
0.55,4.5,0.015744517457371
0.6,4.5,0.014922822537979
0.65,4.5,0.0141382692867739
0.7,4.5,0.0133895184713905
0.75,4.5,0.0126752602510941
0.8,4.5,0.0119942145696317
0.85,4.5,0.0113451314772339
0.9,4.5,0.010726791384333
0.95,4.5,0.0101380052496266
1,4.5,0.00957761470516288
1.05,4.5,0.0090444921211693
1.1,4.5,0.00853754061337231
1.15,4.5,0.00805569399557788
1.2,4.5,0.00759791668029255
1.25,4.5,0.00716320353016562
1.3,4.5,0.00675057966302688
1.35,4.5,0.00635910021327773
1.4,4.5,0.00598785005237087
1.45,4.5,0.00563594347108301
1.5,4.5,0.00530252382624787
1.55,4.5,0.00498676315457265
1.6,4.5,0.00468786175611245
1.65,4.5,0.00440504774992124
1.7,4.5,0.00413757660433922
1.75,4.5,0.00388473064431142
1.8,4.5,0.00364581853806495
1.85,4.5,0.00342017476540016
1.9,4.5,0.0032071590697766
1.95,4.5,0.00300615589629734
2,4.5,0.0028165738176154
2.05,4.5,0.00263784494970527
2.1,4.5,0.00246942435935904
2.15,4.5,0.00231078946518364
2.2,4.5,0.00216143943379037
2.25,4.5,0.00202089457278387
2.3,4.5,0.00188869572207211
2.35,4.5,0.00176440364493485
2.4,4.5,0.00164759842020359
2.45,4.5,0.00153787883682297
2.5,4.5,0.0014348617919813
2.55,4.5,0.00133818169391701
2.6,4.5,0.00124748987042818
2.65,4.5,0.00116245398403483
2.7,4.5,0.00108275745466744
2.75,4.5,0.00100809889068148
2.8,4.5,0.000938191528925715
2.85,4.5,0.000872762684522766
2.9,4.5,0.000811553210952962
2.95,4.5,0.000754316970968028
3,4.5,0.000700820318798776
3.05,4.5,0.000650841594061392
3.1,4.5,0.000604170627709873
3.15,4.5,0.000560608260327774
3.2,4.5,0.000519965873000746
3.25,4.5,0.000482064930962231
3.3,4.5,0.000446736540158385
3.35,4.5,0.000413821016834514
3.4,4.5,0.000383167470204199
3.45,4.5,0.000354633398223833
3.5,4.5,0.000328084296459265
3.55,4.5,0.000303393279997841
3.6,4.5,0.00028044071832811
3.65,4.5,0.000259113883080821
3.7,4.5,0.000239306608498597
3.75,4.5,0.000220918964477557
3.8,4.5,0.000203856942002351
3.85,4.5,0.000188032150776256
3.9,4.5,0.000173361528830266
3.95,4.5,0.000159767063879277
4,4.5,0.000147175526179499
4.05,4.5,0.000135518212629061
4.1,4.5,0.000124730701843222
4.15,4.5,0.000114752619926707
4.2,4.5,0.000105527416658265
4.25,4.5,9.70021517965393e-05
4.3,4.5,8.91272912117114e-05
4.35,4.5,8.18565125439415e-05
4.4,4.5,7.51465200874248e-05
4.45,4.5,6.89568685977149e-05
4.5,4.5,6.32497957198379e-05
4.55,4.5,5.79900627355177e-05
4.6,4.5,5.31448033294839e-05
4.65,4.5,4.86833800772736e-05
4.7,4.5,4.45772483600984e-05
4.75,4.5,4.07998274161483e-05
4.8,4.5,3.73263782420971e-05
4.85,4.5,3.41338880634823e-05
4.9,4.5,3.12009610980145e-05
4.95,4.5,2.85077153416525e-05
5,4.5,2.60356851134203e-05
5.05,4.5,2.37677291013941e-05
5.1,4.5,2.1687943658983e-05
5.15,4.5,1.97815811075497e-05
5.2,4.5,1.80349728085097e-05
5.25,4.5,1.64354567752638e-05
5.3,4.5,1.49713096026454e-05
5.35,4.5,1.36316824989444e-05
5.4,4.5,1.24065412129886e-05
5.45,4.5,1.12866096561818e-05
5.5,4.5,1.02633170267992e-05
5.55,4.5,9.32874825119332e-06
5.6,4.5,8.47559756384778e-06
5.65,4.5,7.69712505541775e-06
5.7,4.5,6.98711602499054e-06
5.75,4.5,6.33984297977256e-06
5.8,4.5,5.75003013225318e-06
5.85,4.5,5.21282025159044e-06
5.9,4.5,4.72374373250327e-06
5.95,4.5,4.27868975133126e-06
6,4.5,3.87387938512446e-06
-2,4.55,0.138724804529688
-1.95,4.55,0.134068759491872
-1.9,4.55,0.129521223530673
-1.85,4.55,0.12508168153346
-1.8,4.55,0.120749533859606
-1.75,4.55,0.116524099172068
-1.7,4.55,0.112404617346818
-1.65,4.55,0.108390252451716
-1.6,4.55,0.104480095786431
-1.55,4.55,0.10067316897506
-1.5,4.55,0.0969684271031832
-1.45,4.55,0.0933647618911535
-1.4,4.55,0.0898610048955827
-1.35,4.55,0.0864559307310892
-1.3,4.55,0.0831482603045558
-1.25,4.55,0.0799366640543182
-1.2,4.55,0.0768197651869078
-1.15,4.55,0.0737961429041908
-1.1,4.55,0.0708643356139761
-1.05,4.55,0.0680228441174168
-1,4.55,0.0652701347667884
-0.95,4.55,0.0626046425875043
-0.9,4.55,0.0600247743585109
-0.85,4.55,0.0575289116455015
-0.8,4.55,0.0551154137816889
-0.75,4.55,0.0527826207911873
-0.7,4.55,0.0505288562503667
-0.65,4.55,0.0483524300828655
-0.6,4.55,0.0462516412842625
-0.55,4.55,0.0442247805727414
-0.5,4.55,0.0422701329623959
-0.45,4.55,0.0403859802561523
-0.4,4.55,0.0385706034556066
-0.35,4.55,0.0368222850853888
-0.3,4.55,0.0351393114299846
-0.25,4.55,0.0335199746812522
-0.2,4.55,0.031962574995175
-0.15,4.55,0.03046542245669
-0.0999999999999999,4.55,0.0290268389517166
-0.0499999999999998,4.55,0.0276451599457974
0,4.55,0.0263187361690278
0.0500000000000003,4.55,0.0250459352072194
0.1,4.55,0.0238251429994904
0.15,4.55,0.0226547652427199
0.2,4.55,0.0215332287035328
0.25,4.55,0.0204589824387006
0.3,4.55,0.0194304989250518
0.35,4.55,0.0184462751001806
0.4,4.55,0.0175048333154243
0.45,4.55,0.0166047222027528
0.5,4.55,0.0157445174573709
0.55,4.55,0.014922822537979
0.6,4.55,0.0141382692867739
0.65,4.55,0.0133895184713905
0.7,4.55,0.0126752602510941
0.75,4.55,0.0119942145696317
0.8,4.55,0.0113451314772338
0.85,4.55,0.010726791384333
0.9,4.55,0.0101380052496266
0.95,4.55,0.00957761470516287
1,4.55,0.0090444921211693
1.05,4.55,0.0085375406133723
1.1,4.55,0.00805569399557788
1.15,4.55,0.00759791668029255
1.2,4.55,0.00716320353016561
1.25,4.55,0.00675057966302688
1.3,4.55,0.00635910021327772
1.35,4.55,0.00598785005237086
1.4,4.55,0.00563594347108301
1.45,4.55,0.00530252382624786
1.5,4.55,0.00498676315457265
1.55,4.55,0.00468786175611245
1.6,4.55,0.00440504774992123
1.65,4.55,0.00413757660433921
1.7,4.55,0.00388473064431142
1.75,4.55,0.00364581853806495
1.8,4.55,0.00342017476540015
1.85,4.55,0.0032071590697766
1.9,4.55,0.00300615589629733
1.95,4.55,0.0028165738176154
2,4.55,0.00263784494970526
2.05,4.55,0.00246942435935904
2.1,4.55,0.00231078946518364
2.15,4.55,0.00216143943379037
2.2,4.55,0.00202089457278386
2.25,4.55,0.00188869572207211
2.3,4.55,0.00176440364493485
2.35,4.55,0.00164759842020359
2.4,4.55,0.00153787883682297
2.45,4.55,0.0014348617919813
2.5,4.55,0.00133818169391701
2.55,4.55,0.00124748987042818
2.6,4.55,0.00116245398403483
2.65,4.55,0.00108275745466744
2.7,4.55,0.00100809889068148
2.75,4.55,0.000938191528925715
2.8,4.55,0.000872762684522765
2.85,4.55,0.00081155321095296
2.9,4.55,0.000754316970968027
2.95,4.55,0.000700820318798776
3,4.55,0.000650841594061392
3.05,4.55,0.000604170627709872
3.1,4.55,0.000560608260327774
3.15,4.55,0.000519965873000745
3.2,4.55,0.00048206493096223
3.25,4.55,0.000446736540158385
3.3,4.55,0.000413821016834513
3.35,4.55,0.000383167470204198
3.4,4.55,0.000354633398223832
3.45,4.55,0.000328084296459264
3.5,4.55,0.000303393279997841
3.55,4.55,0.00028044071832811
3.6,4.55,0.00025911388308082
3.65,4.55,0.000239306608498597
3.7,4.55,0.000220918964477557
3.75,4.55,0.000203856942002351
3.8,4.55,0.000188032150776256
3.85,4.55,0.000173361528830266
3.9,4.55,0.000159767063879277
3.95,4.55,0.000147175526179499
4,4.55,0.000135518212629061
4.05,4.55,0.000124730701843222
4.1,4.55,0.000114752619926707
4.15,4.55,0.000105527416658264
4.2,4.55,9.70021517965393e-05
4.25,4.55,8.91272912117114e-05
4.3,4.55,8.18565125439414e-05
4.35,4.55,7.51465200874247e-05
4.4,4.55,6.89568685977148e-05
4.45,4.55,6.32497957198378e-05
4.5,4.55,5.79900627355177e-05
4.55,4.55,5.31448033294839e-05
4.6,4.55,4.86833800772735e-05
4.65,4.55,4.45772483600983e-05
4.7,4.55,4.07998274161483e-05
4.75,4.55,3.73263782420971e-05
4.8,4.55,3.41338880634822e-05
4.85,4.55,3.12009610980145e-05
4.9,4.55,2.85077153416525e-05
4.95,4.55,2.60356851134202e-05
5,4.55,2.37677291013941e-05
5.05,4.55,2.1687943658983e-05
5.1,4.55,1.97815811075497e-05
5.15,4.55,1.80349728085096e-05
5.2,4.55,1.64354567752638e-05
5.25,4.55,1.49713096026453e-05
5.3,4.55,1.36316824989444e-05
5.35,4.55,1.24065412129886e-05
5.4,4.55,1.12866096561817e-05
5.45,4.55,1.02633170267991e-05
5.5,4.55,9.32874825119332e-06
5.55,4.55,8.47559756384774e-06
5.6,4.55,7.69712505541771e-06
5.65,4.55,6.98711602499054e-06
5.7,4.55,6.33984297977256e-06
5.75,4.55,5.75003013225318e-06
5.8,4.55,5.21282025159044e-06
5.85,4.55,4.72374373250326e-06
5.9,4.55,4.27868975133124e-06
5.95,4.55,3.87387938512446e-06
6,4.55,3.50584057565117e-06
-2,4.6,0.134068759491872
-1.95,4.6,0.129521223530673
-1.9,4.6,0.12508168153346
-1.85,4.6,0.120749533859606
-1.8,4.6,0.116524099172068
-1.75,4.6,0.112404617346819
-1.7,4.6,0.108390252451717
-1.65,4.6,0.104480095786431
-1.6,4.6,0.10067316897506
-1.55,4.6,0.0969684271031832
-1.5,4.6,0.0933647618911535
-1.45,4.6,0.0898610048955827
-1.4,4.6,0.0864559307310892
-1.35,4.6,0.0831482603045559
-1.3,4.6,0.0799366640543183
-1.25,4.6,0.0768197651869079
-1.2,4.6,0.0737961429041909
-1.15,4.6,0.0708643356139762
-1.1,4.6,0.0680228441174168
-1.05,4.6,0.0652701347667884
-1,4.6,0.0626046425875043
-0.95,4.6,0.0600247743585109
-0.9,4.6,0.0575289116455015
-0.85,4.6,0.0551154137816889
-0.8,4.6,0.0527826207911873
-0.75,4.6,0.0505288562503668
-0.7,4.6,0.0483524300828655
-0.65,4.6,0.0462516412842625
-0.6,4.6,0.0442247805727414
-0.55,4.6,0.0422701329623959
-0.5,4.6,0.0403859802561523
-0.45,4.6,0.0385706034556066
-0.4,4.6,0.0368222850853888
-0.35,4.6,0.0351393114299846
-0.3,4.6,0.0335199746812522
-0.25,4.6,0.0319625749951751
-0.2,4.6,0.03046542245669
-0.15,4.6,0.0290268389517167
-0.0999999999999999,4.6,0.0276451599457974
-0.0499999999999998,4.6,0.0263187361690278
0,4.6,0.0250459352072194
0.0500000000000003,4.6,0.0238251429994904
0.1,4.6,0.0226547652427199
0.15,4.6,0.0215332287035328
0.2,4.6,0.0204589824387006
0.25,4.6,0.0194304989250518
0.3,4.6,0.0184462751001806
0.35,4.6,0.0175048333154243
0.4,4.6,0.0166047222027529
0.45,4.6,0.015744517457371
0.5,4.6,0.014922822537979
0.55,4.6,0.0141382692867739
0.6,4.6,0.0133895184713905
0.65,4.6,0.0126752602510941
0.7,4.6,0.0119942145696317
0.75,4.6,0.0113451314772339
0.8,4.6,0.010726791384333
0.85,4.6,0.0101380052496266
0.9,4.6,0.00957761470516288
0.95,4.6,0.0090444921211693
1,4.6,0.00853754061337231
1.05,4.6,0.00805569399557788
1.1,4.6,0.00759791668029255
1.15,4.6,0.00716320353016562
1.2,4.6,0.00675057966302688
1.25,4.6,0.00635910021327773
1.3,4.6,0.00598785005237087
1.35,4.6,0.00563594347108301
1.4,4.6,0.00530252382624787
1.45,4.6,0.00498676315457265
1.5,4.6,0.00468786175611245
1.55,4.6,0.00440504774992124
1.6,4.6,0.00413757660433922
1.65,4.6,0.00388473064431142
1.7,4.6,0.00364581853806495
1.75,4.6,0.00342017476540016
1.8,4.6,0.0032071590697766
1.85,4.6,0.00300615589629734
1.9,4.6,0.0028165738176154
1.95,4.6,0.00263784494970527
2,4.6,0.00246942435935905
2.05,4.6,0.00231078946518364
2.1,4.6,0.00216143943379037
2.15,4.6,0.00202089457278387
2.2,4.6,0.00188869572207211
2.25,4.6,0.00176440364493486
2.3,4.6,0.00164759842020359
2.35,4.6,0.00153787883682297
2.4,4.6,0.0014348617919813
2.45,4.6,0.00133818169391701
2.5,4.6,0.00124748987042818
2.55,4.6,0.00116245398403483
2.6,4.6,0.00108275745466744
2.65,4.6,0.00100809889068148
2.7,4.6,0.000938191528925716
2.75,4.6,0.000872762684522766
2.8,4.6,0.00081155321095296
2.85,4.6,0.000754316970968028
2.9,4.6,0.000700820318798776
2.95,4.6,0.000650841594061393
3,4.6,0.000604170627709873
3.05,4.6,0.000560608260327774
3.1,4.6,0.000519965873000746
3.15,4.6,0.000482064930962231
3.2,4.6,0.000446736540158385
3.25,4.6,0.000413821016834515
3.3,4.6,0.000383167470204199
3.35,4.6,0.000354633398223832
3.4,4.6,0.000328084296459265
3.45,4.6,0.000303393279997841
3.5,4.6,0.00028044071832811
3.55,4.6,0.000259113883080821
3.6,4.6,0.000239306608498597
3.65,4.6,0.000220918964477557
3.7,4.6,0.000203856942002351
3.75,4.6,0.000188032150776256
3.8,4.6,0.000173361528830266
3.85,4.6,0.000159767063879277
3.9,4.6,0.000147175526179499
3.95,4.6,0.000135518212629062
4,4.6,0.000124730701843222
4.05,4.6,0.000114752619926707
4.1,4.6,0.000105527416658265
4.15,4.6,9.70021517965393e-05
4.2,4.6,8.91272912117115e-05
4.25,4.6,8.18565125439417e-05
4.3,4.6,7.51465200874248e-05
4.35,4.6,6.89568685977148e-05
4.4,4.6,6.32497957198379e-05
4.45,4.6,5.79900627355177e-05
4.5,4.6,5.31448033294841e-05
4.55,4.6,4.86833800772736e-05
4.6,4.6,4.45772483600983e-05
4.65,4.6,4.07998274161483e-05
4.7,4.6,3.73263782420971e-05
4.75,4.6,3.41338880634823e-05
4.8,4.6,3.12009610980145e-05
4.85,4.6,2.85077153416525e-05
4.9,4.6,2.60356851134202e-05
4.95,4.6,2.37677291013942e-05
5,4.6,2.1687943658983e-05
5.05,4.6,1.97815811075497e-05
5.1,4.6,1.80349728085097e-05
5.15,4.6,1.64354567752638e-05
5.2,4.6,1.49713096026454e-05
5.25,4.6,1.36316824989444e-05
5.3,4.6,1.24065412129886e-05
5.35,4.6,1.12866096561817e-05
5.4,4.6,1.02633170267992e-05
5.45,4.6,9.32874825119332e-06
5.5,4.6,8.47559756384778e-06
5.55,4.6,7.69712505541775e-06
5.6,4.6,6.98711602499054e-06
5.65,4.6,6.33984297977256e-06
5.7,4.6,5.75003013225318e-06
5.75,4.6,5.21282025159046e-06
5.8,4.6,4.72374373250327e-06
5.85,4.6,4.27868975133126e-06
5.9,4.6,3.87387938512446e-06
5.95,4.6,3.50584057565117e-06
6,4.6,3.17138482605209e-06
-2,4.65,0.129521223530673
-1.95,4.65,0.12508168153346
-1.9,4.65,0.120749533859606
-1.85,4.65,0.116524099172068
-1.8,4.65,0.112404617346818
-1.75,4.65,0.108390252451717
-1.7,4.65,0.104480095786431
-1.65,4.65,0.10067316897506
-1.6,4.65,0.0969684271031832
-1.55,4.65,0.0933647618911535
-1.5,4.65,0.0898610048955827
-1.45,4.65,0.0864559307310892
-1.4,4.65,0.0831482603045558
-1.35,4.65,0.0799366640543182
-1.3,4.65,0.0768197651869078
-1.25,4.65,0.0737961429041909
-1.2,4.65,0.0708643356139761
-1.15,4.65,0.0680228441174168
-1.1,4.65,0.0652701347667884
-1.05,4.65,0.0626046425875043
-1,4.65,0.0600247743585109
-0.95,4.65,0.0575289116455015
-0.9,4.65,0.0551154137816889
-0.85,4.65,0.0527826207911873
-0.8,4.65,0.0505288562503667
-0.75,4.65,0.0483524300828655
-0.7,4.65,0.0462516412842625
-0.65,4.65,0.0442247805727414
-0.6,4.65,0.0422701329623959
-0.55,4.65,0.0403859802561523
-0.5,4.65,0.0385706034556066
-0.45,4.65,0.0368222850853888
-0.4,4.65,0.0351393114299846
-0.35,4.65,0.0335199746812522
-0.3,4.65,0.031962574995175
-0.25,4.65,0.03046542245669
-0.2,4.65,0.0290268389517166
-0.15,4.65,0.0276451599457974
-0.0999999999999999,4.65,0.0263187361690278
-0.0499999999999998,4.65,0.0250459352072194
0,4.65,0.0238251429994904
0.0500000000000003,4.65,0.0226547652427199
0.1,4.65,0.0215332287035328
0.15,4.65,0.0204589824387006
0.2,4.65,0.0194304989250518
0.25,4.65,0.0184462751001806
0.3,4.65,0.0175048333154243
0.35,4.65,0.0166047222027528
0.4,4.65,0.0157445174573709
0.45,4.65,0.014922822537979
0.5,4.65,0.0141382692867739
0.55,4.65,0.0133895184713905
0.6,4.65,0.0126752602510941
0.65,4.65,0.0119942145696317
0.7,4.65,0.0113451314772338
0.75,4.65,0.010726791384333
0.8,4.65,0.0101380052496266
0.85,4.65,0.00957761470516288
0.9,4.65,0.0090444921211693
0.95,4.65,0.0085375406133723
1,4.65,0.00805569399557788
1.05,4.65,0.00759791668029255
1.1,4.65,0.00716320353016561
1.15,4.65,0.00675057966302688
1.2,4.65,0.00635910021327772
1.25,4.65,0.00598785005237086
1.3,4.65,0.00563594347108301
1.35,4.65,0.00530252382624786
1.4,4.65,0.00498676315457265
1.45,4.65,0.00468786175611245
1.5,4.65,0.00440504774992124
1.55,4.65,0.00413757660433921
1.6,4.65,0.00388473064431142
1.65,4.65,0.00364581853806494
1.7,4.65,0.00342017476540016
1.75,4.65,0.0032071590697766
1.8,4.65,0.00300615589629734
1.85,4.65,0.0028165738176154
1.9,4.65,0.00263784494970526
1.95,4.65,0.00246942435935904
2,4.65,0.00231078946518364
2.05,4.65,0.00216143943379037
2.1,4.65,0.00202089457278386
2.15,4.65,0.00188869572207211
2.2,4.65,0.00176440364493485
2.25,4.65,0.00164759842020359
2.3,4.65,0.00153787883682297
2.35,4.65,0.0014348617919813
2.4,4.65,0.00133818169391701
2.45,4.65,0.00124748987042818
2.5,4.65,0.00116245398403483
2.55,4.65,0.00108275745466744
2.6,4.65,0.00100809889068148
2.65,4.65,0.000938191528925715
2.7,4.65,0.000872762684522766
2.75,4.65,0.00081155321095296
2.8,4.65,0.000754316970968027
2.85,4.65,0.000700820318798776
2.9,4.65,0.000650841594061392
2.95,4.65,0.000604170627709872
3,4.65,0.000560608260327774
3.05,4.65,0.000519965873000745
3.1,4.65,0.00048206493096223
3.15,4.65,0.000446736540158385
3.2,4.65,0.000413821016834513
3.25,4.65,0.000383167470204199
3.3,4.65,0.000354633398223832
3.35,4.65,0.000328084296459264
3.4,4.65,0.000303393279997841
3.45,4.65,0.00028044071832811
3.5,4.65,0.000259113883080821
3.55,4.65,0.000239306608498596
3.6,4.65,0.000220918964477557
3.65,4.65,0.000203856942002351
3.7,4.65,0.000188032150776256
3.75,4.65,0.000173361528830266
3.8,4.65,0.000159767063879277
3.85,4.65,0.000147175526179499
3.9,4.65,0.000135518212629061
3.95,4.65,0.000124730701843222
4,4.65,0.000114752619926707
4.05,4.65,0.000105527416658264
4.1,4.65,9.70021517965392e-05
4.15,4.65,8.91272912117114e-05
4.2,4.65,8.18565125439415e-05
4.25,4.65,7.51465200874248e-05
4.3,4.65,6.89568685977148e-05
4.35,4.65,6.32497957198377e-05
4.4,4.65,5.79900627355177e-05
4.45,4.65,5.31448033294839e-05
4.5,4.65,4.86833800772736e-05
4.55,4.65,4.45772483600983e-05
4.6,4.65,4.07998274161482e-05
4.65,4.65,3.73263782420971e-05
4.7,4.65,3.41338880634823e-05
4.75,4.65,3.12009610980145e-05
4.8,4.65,2.85077153416524e-05
4.85,4.65,2.60356851134202e-05
4.9,4.65,2.37677291013941e-05
4.95,4.65,2.1687943658983e-05
5,4.65,1.97815811075497e-05
5.05,4.65,1.80349728085096e-05
5.1,4.65,1.64354567752638e-05
5.15,4.65,1.49713096026453e-05
5.2,4.65,1.36316824989444e-05
5.25,4.65,1.24065412129886e-05
5.3,4.65,1.12866096561817e-05
5.35,4.65,1.02633170267991e-05
5.4,4.65,9.32874825119332e-06
5.45,4.65,8.47559756384774e-06
5.5,4.65,7.69712505541775e-06
5.55,4.65,6.98711602499054e-06
5.6,4.65,6.33984297977253e-06
5.65,4.65,5.75003013225318e-06
5.7,4.65,5.21282025159044e-06
5.75,4.65,4.72374373250327e-06
5.8,4.65,4.27868975133126e-06
5.85,4.65,3.87387938512446e-06
5.9,4.65,3.50584057565116e-06
5.95,4.65,3.17138482605209e-06
6,4.65,2.86758552352406e-06
-2,4.7,0.12508168153346
-1.95,4.7,0.120749533859606
-1.9,4.7,0.116524099172068
-1.85,4.7,0.112404617346819
-1.8,4.7,0.108390252451717
-1.75,4.7,0.104480095786431
-1.7,4.7,0.10067316897506
-1.65,4.7,0.0969684271031832
-1.6,4.7,0.0933647618911536
-1.55,4.7,0.0898610048955827
-1.5,4.7,0.0864559307310892
-1.45,4.7,0.0831482603045559
-1.4,4.7,0.0799366640543183
-1.35,4.7,0.0768197651869079
-1.3,4.7,0.0737961429041909
-1.25,4.7,0.0708643356139762
-1.2,4.7,0.0680228441174168
-1.15,4.7,0.0652701347667884
-1.1,4.7,0.0626046425875043
-1.05,4.7,0.0600247743585109
-1,4.7,0.0575289116455015
-0.95,4.7,0.0551154137816889
-0.9,4.7,0.0527826207911873
-0.85,4.7,0.0505288562503668
-0.8,4.7,0.0483524300828655
-0.75,4.7,0.0462516412842625
-0.7,4.7,0.0442247805727414
-0.65,4.7,0.0422701329623959
-0.6,4.7,0.0403859802561523
-0.55,4.7,0.0385706034556066
-0.5,4.7,0.0368222850853888
-0.45,4.7,0.0351393114299846
-0.4,4.7,0.0335199746812522
-0.35,4.7,0.0319625749951751
-0.3,4.7,0.03046542245669
-0.25,4.7,0.0290268389517167
-0.2,4.7,0.0276451599457974
-0.15,4.7,0.0263187361690278
-0.0999999999999999,4.7,0.0250459352072194
-0.0499999999999998,4.7,0.0238251429994904
0,4.7,0.0226547652427199
0.0500000000000003,4.7,0.0215332287035328
0.1,4.7,0.0204589824387006
0.15,4.7,0.0194304989250518
0.2,4.7,0.0184462751001806
0.25,4.7,0.0175048333154243
0.3,4.7,0.0166047222027529
0.35,4.7,0.015744517457371
0.4,4.7,0.014922822537979
0.45,4.7,0.0141382692867739
0.5,4.7,0.0133895184713905
0.55,4.7,0.0126752602510941
0.6,4.7,0.0119942145696317
0.65,4.7,0.0113451314772339
0.7,4.7,0.010726791384333
0.75,4.7,0.0101380052496266
0.8,4.7,0.00957761470516288
0.85,4.7,0.0090444921211693
0.9,4.7,0.0085375406133723
0.95,4.7,0.00805569399557788
1,4.7,0.00759791668029255
1.05,4.7,0.00716320353016562
1.1,4.7,0.00675057966302688
1.15,4.7,0.00635910021327773
1.2,4.7,0.00598785005237087
1.25,4.7,0.00563594347108302
1.3,4.7,0.00530252382624787
1.35,4.7,0.00498676315457265
1.4,4.7,0.00468786175611245
1.45,4.7,0.00440504774992124
1.5,4.7,0.00413757660433922
1.55,4.7,0.00388473064431142
1.6,4.7,0.00364581853806495
1.65,4.7,0.00342017476540016
1.7,4.7,0.0032071590697766
1.75,4.7,0.00300615589629734
1.8,4.7,0.0028165738176154
1.85,4.7,0.00263784494970527
1.9,4.7,0.00246942435935905
1.95,4.7,0.00231078946518364
2,4.7,0.00216143943379037
2.05,4.7,0.00202089457278387
2.1,4.7,0.00188869572207211
2.15,4.7,0.00176440364493485
2.2,4.7,0.00164759842020359
2.25,4.7,0.00153787883682297
2.3,4.7,0.0014348617919813
2.35,4.7,0.00133818169391701
2.4,4.7,0.00124748987042818
2.45,4.7,0.00116245398403483
2.5,4.7,0.00108275745466744
2.55,4.7,0.00100809889068148
2.6,4.7,0.000938191528925716
2.65,4.7,0.000872762684522766
2.7,4.7,0.000811553210952962
2.75,4.7,0.000754316970968028
2.8,4.7,0.000700820318798776
2.85,4.7,0.000650841594061393
2.9,4.7,0.000604170627709873
2.95,4.7,0.000560608260327774
3,4.7,0.000519965873000747
3.05,4.7,0.000482064930962231
3.1,4.7,0.000446736540158385
3.15,4.7,0.000413821016834515
3.2,4.7,0.000383167470204199
3.25,4.7,0.000354633398223833
3.3,4.7,0.000328084296459264
3.35,4.7,0.000303393279997841
3.4,4.7,0.00028044071832811
3.45,4.7,0.000259113883080821
3.5,4.7,0.000239306608498597
3.55,4.7,0.000220918964477557
3.6,4.7,0.000203856942002351
3.65,4.7,0.000188032150776256
3.7,4.7,0.000173361528830267
3.75,4.7,0.000159767063879277
3.8,4.7,0.000147175526179499
3.85,4.7,0.000135518212629061
3.9,4.7,0.000124730701843222
3.95,4.7,0.000114752619926707
4,4.7,0.000105527416658265
4.05,4.7,9.70021517965393e-05
4.1,4.7,8.91272912117114e-05
4.15,4.7,8.18565125439417e-05
4.2,4.7,7.51465200874248e-05
4.25,4.7,6.8956868597715e-05
4.3,4.7,6.32497957198379e-05
4.35,4.7,5.79900627355177e-05
4.4,4.7,5.3144803329484e-05
4.45,4.7,4.86833800772736e-05
4.5,4.7,4.45772483600984e-05
4.55,4.7,4.07998274161483e-05
4.6,4.7,3.73263782420971e-05
4.65,4.7,3.41338880634823e-05
4.7,4.7,3.12009610980146e-05
4.75,4.7,2.85077153416525e-05
4.8,4.7,2.60356851134202e-05
4.85,4.7,2.37677291013941e-05
4.9,4.7,2.1687943658983e-05
4.95,4.7,1.97815811075497e-05
5,4.7,1.80349728085097e-05
5.05,4.7,1.64354567752638e-05
5.1,4.7,1.49713096026454e-05
5.15,4.7,1.36316824989444e-05
5.2,4.7,1.24065412129886e-05
5.25,4.7,1.12866096561818e-05
5.3,4.7,1.02633170267992e-05
5.35,4.7,9.32874825119332e-06
5.4,4.7,8.47559756384778e-06
5.45,4.7,7.69712505541775e-06
5.5,4.7,6.98711602499054e-06
5.55,4.7,6.33984297977256e-06
5.6,4.7,5.75003013225318e-06
5.65,4.7,5.21282025159044e-06
5.7,4.7,4.72374373250327e-06
5.75,4.7,4.27868975133128e-06
5.8,4.7,3.87387938512446e-06
5.85,4.7,3.50584057565117e-06
5.9,4.7,3.17138482605209e-06
5.95,4.7,2.86758552352406e-06
6,4.7,2.5917577868808e-06
-2,4.75,0.120749533859606
-1.95,4.75,0.116524099172068
-1.9,4.75,0.112404617346818
-1.85,4.75,0.108390252451717
-1.8,4.75,0.104480095786431
-1.75,4.75,0.10067316897506
-1.7,4.75,0.0969684271031832
-1.65,4.75,0.0933647618911535
-1.6,4.75,0.0898610048955827
-1.55,4.75,0.0864559307310892
-1.5,4.75,0.0831482603045559
-1.45,4.75,0.0799366640543182
-1.4,4.75,0.0768197651869078
-1.35,4.75,0.0737961429041909
-1.3,4.75,0.0708643356139761
-1.25,4.75,0.0680228441174168
-1.2,4.75,0.0652701347667884
-1.15,4.75,0.0626046425875043
-1.1,4.75,0.0600247743585109
-1.05,4.75,0.0575289116455015
-1,4.75,0.0551154137816889
-0.95,4.75,0.0527826207911873
-0.9,4.75,0.0505288562503667
-0.85,4.75,0.0483524300828655
-0.8,4.75,0.0462516412842625
-0.75,4.75,0.0442247805727414
-0.7,4.75,0.0422701329623959
-0.65,4.75,0.0403859802561523
-0.6,4.75,0.0385706034556066
-0.55,4.75,0.0368222850853888
-0.5,4.75,0.0351393114299846
-0.45,4.75,0.0335199746812522
-0.4,4.75,0.031962574995175
-0.35,4.75,0.03046542245669
-0.3,4.75,0.0290268389517166
-0.25,4.75,0.0276451599457974
-0.2,4.75,0.0263187361690278
-0.15,4.75,0.0250459352072194
-0.0999999999999999,4.75,0.0238251429994904
-0.0499999999999998,4.75,0.0226547652427199
0,4.75,0.0215332287035328
0.0500000000000003,4.75,0.0204589824387005
0.1,4.75,0.0194304989250518
0.15,4.75,0.0184462751001806
0.2,4.75,0.0175048333154243
0.25,4.75,0.0166047222027529
0.3,4.75,0.0157445174573709
0.35,4.75,0.014922822537979
0.4,4.75,0.0141382692867739
0.45,4.75,0.0133895184713905
0.5,4.75,0.0126752602510941
0.55,4.75,0.0119942145696317
0.6,4.75,0.0113451314772338
0.65,4.75,0.010726791384333
0.7,4.75,0.0101380052496266
0.75,4.75,0.00957761470516288
0.8,4.75,0.0090444921211693
0.85,4.75,0.0085375406133723
0.9,4.75,0.00805569399557787
0.95,4.75,0.00759791668029255
1,4.75,0.00716320353016561
1.05,4.75,0.00675057966302688
1.1,4.75,0.00635910021327772
1.15,4.75,0.00598785005237086
1.2,4.75,0.00563594347108301
1.25,4.75,0.00530252382624787
1.3,4.75,0.00498676315457265
1.35,4.75,0.00468786175611245
1.4,4.75,0.00440504774992123
1.45,4.75,0.00413757660433922
1.5,4.75,0.00388473064431142
1.55,4.75,0.00364581853806495
1.6,4.75,0.00342017476540016
1.65,4.75,0.0032071590697766
1.7,4.75,0.00300615589629734
1.75,4.75,0.0028165738176154
1.8,4.75,0.00263784494970526
1.85,4.75,0.00246942435935904
1.9,4.75,0.00231078946518364
1.95,4.75,0.00216143943379037
2,4.75,0.00202089457278386
2.05,4.75,0.00188869572207211
2.1,4.75,0.00176440364493485
2.15,4.75,0.00164759842020359
2.2,4.75,0.00153787883682297
2.25,4.75,0.0014348617919813
2.3,4.75,0.00133818169391701
2.35,4.75,0.00124748987042818
2.4,4.75,0.00116245398403483
2.45,4.75,0.00108275745466744
2.5,4.75,0.00100809889068148
2.55,4.75,0.000938191528925716
2.6,4.75,0.000872762684522766
2.65,4.75,0.00081155321095296
2.7,4.75,0.000754316970968027
2.75,4.75,0.000700820318798776
2.8,4.75,0.000650841594061392
2.85,4.75,0.000604170627709872
2.9,4.75,0.000560608260327774
2.95,4.75,0.000519965873000745
3,4.75,0.000482064930962231
3.05,4.75,0.000446736540158385
3.1,4.75,0.000413821016834513
3.15,4.75,0.000383167470204199
3.2,4.75,0.000354633398223832
3.25,4.75,0.000328084296459264
3.3,4.75,0.000303393279997841
3.35,4.75,0.00028044071832811
3.4,4.75,0.000259113883080821
3.45,4.75,0.000239306608498597
3.5,4.75,0.000220918964477557
3.55,4.75,0.000203856942002351
3.6,4.75,0.000188032150776256
3.65,4.75,0.000173361528830266
3.7,4.75,0.000159767063879277
3.75,4.75,0.000147175526179499
3.8,4.75,0.000135518212629061
3.85,4.75,0.000124730701843222
3.9,4.75,0.000114752619926707
3.95,4.75,0.000105527416658265
4,4.75,9.70021517965393e-05
4.05,4.75,8.91272912117114e-05
4.1,4.75,8.18565125439414e-05
4.15,4.75,7.51465200874248e-05
4.2,4.75,6.89568685977148e-05
4.25,4.75,6.32497957198379e-05
4.3,4.75,5.79900627355177e-05
4.35,4.75,5.31448033294839e-05
4.4,4.75,4.86833800772735e-05
4.45,4.75,4.45772483600983e-05
4.5,4.75,4.07998274161483e-05
4.55,4.75,3.73263782420971e-05
4.6,4.75,3.41338880634823e-05
4.65,4.75,3.12009610980145e-05
4.7,4.75,2.85077153416525e-05
4.75,4.75,2.60356851134202e-05
4.8,4.75,2.37677291013941e-05
4.85,4.75,2.1687943658983e-05
4.9,4.75,1.97815811075497e-05
4.95,4.75,1.80349728085096e-05
5,4.75,1.64354567752638e-05
5.05,4.75,1.49713096026453e-05
5.1,4.75,1.36316824989444e-05
5.15,4.75,1.24065412129886e-05
5.2,4.75,1.12866096561818e-05
5.25,4.75,1.02633170267991e-05
5.3,4.75,9.32874825119332e-06
5.35,4.75,8.47559756384774e-06
5.4,4.75,7.69712505541771e-06
5.45,4.75,6.98711602499054e-06
5.5,4.75,6.33984297977256e-06
5.55,4.75,5.75003013225316e-06
5.6,4.75,5.21282025159044e-06
5.65,4.75,4.72374373250327e-06
5.7,4.75,4.27868975133126e-06
5.75,4.75,3.87387938512446e-06
5.8,4.75,3.50584057565117e-06
5.85,4.75,3.17138482605208e-06
5.9,4.75,2.86758552352406e-06
5.95,4.75,2.5917577868808e-06
6,4.75,2.3414397431113e-06
-2,4.8,0.116524099172068
-1.95,4.8,0.112404617346818
-1.9,4.8,0.108390252451716
-1.85,4.8,0.104480095786431
-1.8,4.8,0.10067316897506
-1.75,4.8,0.0969684271031831
-1.7,4.8,0.0933647618911535
-1.65,4.8,0.0898610048955826
-1.6,4.8,0.0864559307310891
-1.55,4.8,0.0831482603045558
-1.5,4.8,0.0799366640543182
-1.45,4.8,0.0768197651869078
-1.4,4.8,0.0737961429041908
-1.35,4.8,0.0708643356139761
-1.3,4.8,0.0680228441174167
-1.25,4.8,0.0652701347667883
-1.2,4.8,0.0626046425875042
-1.15,4.8,0.0600247743585108
-1.1,4.8,0.0575289116455014
-1.05,4.8,0.0551154137816889
-1,4.8,0.0527826207911873
-0.95,4.8,0.0505288562503667
-0.9,4.8,0.0483524300828654
-0.85,4.8,0.0462516412842624
-0.8,4.8,0.0442247805727414
-0.75,4.8,0.0422701329623958
-0.7,4.8,0.0403859802561522
-0.65,4.8,0.0385706034556066
-0.6,4.8,0.0368222850853887
-0.55,4.8,0.0351393114299846
-0.5,4.8,0.0335199746812522
-0.45,4.8,0.031962574995175
-0.4,4.8,0.03046542245669
-0.35,4.8,0.0290268389517166
-0.3,4.8,0.0276451599457974
-0.25,4.8,0.0263187361690278
-0.2,4.8,0.0250459352072193
-0.15,4.8,0.0238251429994904
-0.0999999999999999,4.8,0.0226547652427199
-0.0499999999999998,4.8,0.0215332287035328
0,4.8,0.0204589824387005
0.0500000000000003,4.8,0.0194304989250517
0.1,4.8,0.0184462751001805
0.15,4.8,0.0175048333154243
0.2,4.8,0.0166047222027528
0.25,4.8,0.0157445174573709
0.3,4.8,0.0149228225379789
0.35,4.8,0.0141382692867739
0.4,4.8,0.0133895184713905
0.45,4.8,0.0126752602510941
0.5,4.8,0.0119942145696317
0.55,4.8,0.0113451314772338
0.6,4.8,0.010726791384333
0.65,4.8,0.0101380052496266
0.7,4.8,0.00957761470516287
0.75,4.8,0.0090444921211693
0.8,4.8,0.00853754061337229
0.85,4.8,0.00805569399557787
0.9,4.8,0.00759791668029253
0.95,4.8,0.00716320353016561
1,4.8,0.00675057966302687
1.05,4.8,0.00635910021327772
1.1,4.8,0.00598785005237085
1.15,4.8,0.00563594347108301
1.2,4.8,0.00530252382624786
1.25,4.8,0.00498676315457265
1.3,4.8,0.00468786175611244
1.35,4.8,0.00440504774992123
1.4,4.8,0.00413757660433921
1.45,4.8,0.00388473064431142
1.5,4.8,0.00364581853806494
1.55,4.8,0.00342017476540015
1.6,4.8,0.0032071590697766
1.65,4.8,0.00300615589629733
1.7,4.8,0.0028165738176154
1.75,4.8,0.00263784494970526
1.8,4.8,0.00246942435935904
1.85,4.8,0.00231078946518364
1.9,4.8,0.00216143943379037
1.95,4.8,0.00202089457278386
2,4.8,0.0018886957220721
2.05,4.8,0.00176440364493485
2.1,4.8,0.00164759842020359
2.15,4.8,0.00153787883682296
2.2,4.8,0.0014348617919813
2.25,4.8,0.00133818169391701
2.3,4.8,0.00124748987042818
2.35,4.8,0.00116245398403483
2.4,4.8,0.00108275745466744
2.45,4.8,0.00100809889068148
2.5,4.8,0.000938191528925713
2.55,4.8,0.000872762684522766
2.6,4.8,0.00081155321095296
2.65,4.8,0.000754316970968027
2.7,4.8,0.000700820318798775
2.75,4.8,0.000650841594061392
2.8,4.8,0.000604170627709872
2.85,4.8,0.000560608260327774
2.9,4.8,0.000519965873000745
2.95,4.8,0.000482064930962229
3,4.8,0.000446736540158385
3.05,4.8,0.000413821016834513
3.1,4.8,0.000383167470204198
3.15,4.8,0.000354633398223832
3.2,4.8,0.000328084296459264
3.25,4.8,0.000303393279997841
3.3,4.8,0.000280440718328109
3.35,4.8,0.00025911388308082
3.4,4.8,0.000239306608498596
3.45,4.8,0.000220918964477557
3.5,4.8,0.000203856942002351
3.55,4.8,0.000188032150776255
3.6,4.8,0.000173361528830266
3.65,4.8,0.000159767063879277
3.7,4.8,0.000147175526179499
3.75,4.8,0.000135518212629061
3.8,4.8,0.000124730701843222
3.85,4.8,0.000114752619926707
3.9,4.8,0.000105527416658264
3.95,4.8,9.70021517965392e-05
4,4.8,8.91272912117114e-05
4.05,4.8,8.18565125439414e-05
4.1,4.8,7.51465200874246e-05
4.15,4.8,6.89568685977148e-05
4.2,4.8,6.32497957198377e-05
4.25,4.8,5.79900627355177e-05
4.3,4.8,5.31448033294839e-05
4.35,4.8,4.86833800772735e-05
4.4,4.8,4.45772483600982e-05
4.45,4.8,4.07998274161482e-05
4.5,4.8,3.73263782420971e-05
4.55,4.8,3.41338880634822e-05
4.6,4.8,3.12009610980145e-05
4.65,4.8,2.85077153416524e-05
4.7,4.8,2.60356851134202e-05
4.75,4.8,2.37677291013941e-05
4.8,4.8,2.1687943658983e-05
4.85,4.8,1.97815811075496e-05
4.9,4.8,1.80349728085096e-05
4.95,4.8,1.64354567752638e-05
5,4.8,1.49713096026453e-05
5.05,4.8,1.36316824989444e-05
5.1,4.8,1.24065412129886e-05
5.15,4.8,1.12866096561817e-05
5.2,4.8,1.02633170267991e-05
5.25,4.8,9.32874825119332e-06
5.3,4.8,8.47559756384774e-06
5.35,4.8,7.69712505541771e-06
5.4,4.8,6.98711602499054e-06
5.45,4.8,6.33984297977253e-06
5.5,4.8,5.75003013225316e-06
5.55,4.8,5.21282025159044e-06
5.6,4.8,4.72374373250326e-06
5.65,4.8,4.27868975133124e-06
5.7,4.8,3.87387938512446e-06
5.75,4.8,3.50584057565117e-06
5.8,4.8,3.17138482605208e-06
5.85,4.8,2.86758552352406e-06
5.9,4.8,2.59175778688079e-06
5.95,4.8,2.34143974311129e-06
6,4.8,2.11437514213807e-06
-2,4.85,0.112404617346819
-1.95,4.85,0.108390252451717
-1.9,4.85,0.104480095786431
-1.85,4.85,0.10067316897506
-1.8,4.85,0.0969684271031832
-1.75,4.85,0.0933647618911535
-1.7,4.85,0.0898610048955827
-1.65,4.85,0.0864559307310892
-1.6,4.85,0.0831482603045559
-1.55,4.85,0.0799366640543183
-1.5,4.85,0.0768197651869079
-1.45,4.85,0.0737961429041909
-1.4,4.85,0.0708643356139762
-1.35,4.85,0.0680228441174168
-1.3,4.85,0.0652701347667884
-1.25,4.85,0.0626046425875043
-1.2,4.85,0.0600247743585109
-1.15,4.85,0.0575289116455015
-1.1,4.85,0.0551154137816889
-1.05,4.85,0.0527826207911873
-1,4.85,0.0505288562503668
-0.95,4.85,0.0483524300828655
-0.9,4.85,0.0462516412842625
-0.85,4.85,0.0442247805727414
-0.8,4.85,0.0422701329623959
-0.75,4.85,0.0403859802561523
-0.7,4.85,0.0385706034556066
-0.65,4.85,0.0368222850853888
-0.6,4.85,0.0351393114299846
-0.55,4.85,0.0335199746812522
-0.5,4.85,0.0319625749951751
-0.45,4.85,0.03046542245669
-0.4,4.85,0.0290268389517166
-0.35,4.85,0.0276451599457974
-0.3,4.85,0.0263187361690278
-0.25,4.85,0.0250459352072194
-0.2,4.85,0.0238251429994904
-0.15,4.85,0.0226547652427199
-0.0999999999999999,4.85,0.0215332287035328
-0.0499999999999998,4.85,0.0204589824387006
0,4.85,0.0194304989250518
0.0500000000000003,4.85,0.0184462751001806
0.1,4.85,0.0175048333154243
0.15,4.85,0.0166047222027529
0.2,4.85,0.015744517457371
0.25,4.85,0.014922822537979
0.3,4.85,0.0141382692867739
0.35,4.85,0.0133895184713905
0.4,4.85,0.0126752602510941
0.45,4.85,0.0119942145696317
0.5,4.85,0.0113451314772339
0.55,4.85,0.010726791384333
0.6,4.85,0.0101380052496266
0.65,4.85,0.00957761470516288
0.7,4.85,0.0090444921211693
0.75,4.85,0.00853754061337231
0.8,4.85,0.00805569399557788
0.85,4.85,0.00759791668029255
0.9,4.85,0.00716320353016561
0.95,4.85,0.00675057966302688
1,4.85,0.00635910021327773
1.05,4.85,0.00598785005237087
1.1,4.85,0.00563594347108301
1.15,4.85,0.00530252382624787
1.2,4.85,0.00498676315457265
1.25,4.85,0.00468786175611245
1.3,4.85,0.00440504774992124
1.35,4.85,0.00413757660433922
1.4,4.85,0.00388473064431142
1.45,4.85,0.00364581853806495
1.5,4.85,0.00342017476540016
1.55,4.85,0.0032071590697766
1.6,4.85,0.00300615589629734
1.65,4.85,0.0028165738176154
1.7,4.85,0.00263784494970527
1.75,4.85,0.00246942435935905
1.8,4.85,0.00231078946518364
1.85,4.85,0.00216143943379037
1.9,4.85,0.00202089457278387
1.95,4.85,0.00188869572207211
2,4.85,0.00176440364493485
2.05,4.85,0.00164759842020359
2.1,4.85,0.00153787883682297
2.15,4.85,0.0014348617919813
2.2,4.85,0.00133818169391701
2.25,4.85,0.00124748987042818
2.3,4.85,0.00116245398403483
2.35,4.85,0.00108275745466744
2.4,4.85,0.00100809889068148
2.45,4.85,0.000938191528925716
2.5,4.85,0.000872762684522766
2.55,4.85,0.000811553210952963
2.6,4.85,0.000754316970968028
2.65,4.85,0.000700820318798776
2.7,4.85,0.000650841594061393
2.75,4.85,0.000604170627709873
2.8,4.85,0.000560608260327774
2.85,4.85,0.000519965873000746
2.9,4.85,0.000482064930962231
2.95,4.85,0.000446736540158385
3,4.85,0.000413821016834515
3.05,4.85,0.000383167470204199
3.1,4.85,0.000354633398223832
3.15,4.85,0.000328084296459265
3.2,4.85,0.000303393279997841
3.25,4.85,0.00028044071832811
3.3,4.85,0.000259113883080821
3.35,4.85,0.000239306608498597
3.4,4.85,0.000220918964477557
3.45,4.85,0.000203856942002351
3.5,4.85,0.000188032150776256
3.55,4.85,0.000173361528830266
3.6,4.85,0.000159767063879277
3.65,4.85,0.000147175526179499
3.7,4.85,0.000135518212629062
3.75,4.85,0.000124730701843222
3.8,4.85,0.000114752619926707
3.85,4.85,0.000105527416658265
3.9,4.85,9.70021517965393e-05
3.95,4.85,8.91272912117115e-05
4,4.85,8.18565125439417e-05
4.05,4.85,7.51465200874248e-05
4.1,4.85,6.89568685977148e-05
4.15,4.85,6.32497957198379e-05
4.2,4.85,5.79900627355177e-05
4.25,4.85,5.31448033294841e-05
4.3,4.85,4.86833800772736e-05
4.35,4.85,4.45772483600983e-05
4.4,4.85,4.07998274161483e-05
4.45,4.85,3.73263782420971e-05
4.5,4.85,3.41338880634824e-05
4.55,4.85,3.12009610980145e-05
4.6,4.85,2.85077153416525e-05
4.65,4.85,2.60356851134202e-05
4.7,4.85,2.37677291013942e-05
4.75,4.85,2.1687943658983e-05
4.8,4.85,1.97815811075497e-05
4.85,4.85,1.80349728085096e-05
4.9,4.85,1.64354567752638e-05
4.95,4.85,1.49713096026454e-05
5,4.85,1.36316824989444e-05
5.05,4.85,1.24065412129886e-05
5.1,4.85,1.12866096561818e-05
5.15,4.85,1.02633170267992e-05
5.2,4.85,9.32874825119332e-06
5.25,4.85,8.47559756384778e-06
5.3,4.85,7.69712505541775e-06
5.35,4.85,6.98711602499054e-06
5.4,4.85,6.33984297977256e-06
5.45,4.85,5.75003013225318e-06
5.5,4.85,5.21282025159044e-06
5.55,4.85,4.72374373250327e-06
5.6,4.85,4.27868975133126e-06
5.65,4.85,3.87387938512446e-06
5.7,4.85,3.50584057565117e-06
5.75,4.85,3.1713848260521e-06
5.8,4.85,2.86758552352406e-06
5.85,4.85,2.5917577868808e-06
5.9,4.85,2.3414397431113e-06
5.95,4.85,2.11437514213807e-06
6,4.85,1.90849722386606e-06
-2,4.9,0.108390252451717
-1.95,4.9,0.104480095786431
-1.9,4.9,0.10067316897506
-1.85,4.9,0.0969684271031832
-1.8,4.9,0.0933647618911535
-1.75,4.9,0.0898610048955827
-1.7,4.9,0.0864559307310892
-1.65,4.9,0.0831482603045558
-1.6,4.9,0.0799366640543182
-1.55,4.9,0.0768197651869078
-1.5,4.9,0.0737961429041909
-1.45,4.9,0.0708643356139761
-1.4,4.9,0.0680228441174168
-1.35,4.9,0.0652701347667884
-1.3,4.9,0.0626046425875043
-1.25,4.9,0.0600247743585109
-1.2,4.9,0.0575289116455015
-1.15,4.9,0.0551154137816889
-1.1,4.9,0.0527826207911873
-1.05,4.9,0.0505288562503667
-1,4.9,0.0483524300828655
-0.95,4.9,0.0462516412842625
-0.9,4.9,0.0442247805727414
-0.85,4.9,0.0422701329623959
-0.8,4.9,0.0403859802561523
-0.75,4.9,0.0385706034556066
-0.7,4.9,0.0368222850853888
-0.65,4.9,0.0351393114299846
-0.6,4.9,0.0335199746812522
-0.55,4.9,0.031962574995175
-0.5,4.9,0.03046542245669
-0.45,4.9,0.0290268389517166
-0.4,4.9,0.0276451599457974
-0.35,4.9,0.0263187361690278
-0.3,4.9,0.0250459352072194
-0.25,4.9,0.0238251429994904
-0.2,4.9,0.0226547652427199
-0.15,4.9,0.0215332287035328
-0.0999999999999999,4.9,0.0204589824387005
-0.0499999999999998,4.9,0.0194304989250518
0,4.9,0.0184462751001806
0.0500000000000003,4.9,0.0175048333154243
0.1,4.9,0.0166047222027528
0.15,4.9,0.0157445174573709
0.2,4.9,0.014922822537979
0.25,4.9,0.0141382692867739
0.3,4.9,0.0133895184713905
0.35,4.9,0.0126752602510941
0.4,4.9,0.0119942145696317
0.45,4.9,0.0113451314772338
0.5,4.9,0.010726791384333
0.55,4.9,0.0101380052496266
0.6,4.9,0.00957761470516287
0.65,4.9,0.0090444921211693
0.7,4.9,0.0085375406133723
0.75,4.9,0.00805569399557788
0.8,4.9,0.00759791668029255
0.85,4.9,0.00716320353016561
0.9,4.9,0.00675057966302687
0.95,4.9,0.00635910021327772
1,4.9,0.00598785005237086
1.05,4.9,0.00563594347108301
1.1,4.9,0.00530252382624786
1.15,4.9,0.00498676315457265
1.2,4.9,0.00468786175611245
1.25,4.9,0.00440504774992124
1.3,4.9,0.00413757660433921
1.35,4.9,0.00388473064431142
1.4,4.9,0.00364581853806494
1.45,4.9,0.00342017476540016
1.5,4.9,0.0032071590697766
1.55,4.9,0.00300615589629734
1.6,4.9,0.0028165738176154
1.65,4.9,0.00263784494970526
1.7,4.9,0.00246942435935904
1.75,4.9,0.00231078946518364
1.8,4.9,0.00216143943379037
1.85,4.9,0.00202089457278386
1.9,4.9,0.00188869572207211
1.95,4.9,0.00176440364493485
2,4.9,0.00164759842020359
2.05,4.9,0.00153787883682297
2.1,4.9,0.0014348617919813
2.15,4.9,0.00133818169391701
2.2,4.9,0.00124748987042818
2.25,4.9,0.00116245398403483
2.3,4.9,0.00108275745466744
2.35,4.9,0.00100809889068148
2.4,4.9,0.000938191528925713
2.45,4.9,0.000872762684522766
2.5,4.9,0.00081155321095296
2.55,4.9,0.000754316970968028
2.6,4.9,0.000700820318798776
2.65,4.9,0.000650841594061392
2.7,4.9,0.000604170627709872
2.75,4.9,0.000560608260327774
2.8,4.9,0.000519965873000745
2.85,4.9,0.00048206493096223
2.9,4.9,0.000446736540158385
2.95,4.9,0.000413821016834513
3,4.9,0.000383167470204199
3.05,4.9,0.000354633398223832
3.1,4.9,0.000328084296459264
3.15,4.9,0.000303393279997841
3.2,4.9,0.00028044071832811
3.25,4.9,0.000259113883080821
3.3,4.9,0.000239306608498596
3.35,4.9,0.000220918964477557
3.4,4.9,0.000203856942002351
3.45,4.9,0.000188032150776256
3.5,4.9,0.000173361528830266
3.55,4.9,0.000159767063879277
3.6,4.9,0.000147175526179499
3.65,4.9,0.000135518212629061
3.7,4.9,0.000124730701843222
3.75,4.9,0.000114752619926707
3.8,4.9,0.000105527416658264
3.85,4.9,9.70021517965392e-05
3.9,4.9,8.91272912117114e-05
3.95,4.9,8.18565125439415e-05
4,4.9,7.51465200874248e-05
4.05,4.9,6.89568685977148e-05
4.1,4.9,6.32497957198377e-05
4.15,4.9,5.79900627355177e-05
4.2,4.9,5.31448033294839e-05
4.25,4.9,4.86833800772736e-05
4.3,4.9,4.45772483600983e-05
4.35,4.9,4.07998274161482e-05
4.4,4.9,3.73263782420971e-05
4.45,4.9,3.41338880634823e-05
4.5,4.9,3.12009610980145e-05
4.55,4.9,2.85077153416525e-05
4.6,4.9,2.60356851134202e-05
4.65,4.9,2.37677291013941e-05
4.7,4.9,2.1687943658983e-05
4.75,4.9,1.97815811075497e-05
4.8,4.9,1.80349728085096e-05
4.85,4.9,1.64354567752638e-05
4.9,4.9,1.49713096026453e-05
4.95,4.9,1.36316824989444e-05
5,4.9,1.24065412129886e-05
5.05,4.9,1.12866096561817e-05
5.1,4.9,1.02633170267991e-05
5.15,4.9,9.32874825119332e-06
5.2,4.9,8.47559756384778e-06
5.25,4.9,7.69712505541771e-06
5.3,4.9,6.98711602499054e-06
5.35,4.9,6.33984297977253e-06
5.4,4.9,5.75003013225316e-06
5.45,4.9,5.21282025159044e-06
5.5,4.9,4.72374373250327e-06
5.55,4.9,4.27868975133124e-06
5.6,4.9,3.87387938512446e-06
5.65,4.9,3.50584057565117e-06
5.7,4.9,3.17138482605209e-06
5.75,4.9,2.86758552352406e-06
5.8,4.9,2.5917577868808e-06
5.85,4.9,2.34143974311129e-06
5.9,4.9,2.11437514213807e-06
5.95,4.9,1.90849722386606e-06
6,4.9,1.72191375631126e-06
-2,4.95,0.104480095786431
-1.95,4.95,0.10067316897506
-1.9,4.95,0.0969684271031832
-1.85,4.95,0.0933647618911535
-1.8,4.95,0.0898610048955827
-1.75,4.95,0.0864559307310892
-1.7,4.95,0.0831482603045559
-1.65,4.95,0.0799366640543182
-1.6,4.95,0.0768197651869079
-1.55,4.95,0.0737961429041909
-1.5,4.95,0.0708643356139762
-1.45,4.95,0.0680228441174168
-1.4,4.95,0.0652701347667884
-1.35,4.95,0.0626046425875043
-1.3,4.95,0.0600247743585109
-1.25,4.95,0.0575289116455015
-1.2,4.95,0.0551154137816889
-1.15,4.95,0.0527826207911873
-1.1,4.95,0.0505288562503668
-1.05,4.95,0.0483524300828655
-1,4.95,0.0462516412842625
-0.95,4.95,0.0442247805727414
-0.9,4.95,0.0422701329623959
-0.85,4.95,0.0403859802561523
-0.8,4.95,0.0385706034556066
-0.75,4.95,0.0368222850853888
-0.7,4.95,0.0351393114299846
-0.65,4.95,0.0335199746812522
-0.6,4.95,0.0319625749951751
-0.55,4.95,0.03046542245669
-0.5,4.95,0.0290268389517166
-0.45,4.95,0.0276451599457974
-0.4,4.95,0.0263187361690278
-0.35,4.95,0.0250459352072194
-0.3,4.95,0.0238251429994904
-0.25,4.95,0.0226547652427199
-0.2,4.95,0.0215332287035328
-0.15,4.95,0.0204589824387006
-0.0999999999999999,4.95,0.0194304989250518
-0.0499999999999998,4.95,0.0184462751001806
0,4.95,0.0175048333154243
0.0500000000000003,4.95,0.0166047222027528
0.1,4.95,0.0157445174573709
0.15,4.95,0.014922822537979
0.2,4.95,0.0141382692867739
0.25,4.95,0.0133895184713905
0.3,4.95,0.0126752602510941
0.35,4.95,0.0119942145696317
0.4,4.95,0.0113451314772338
0.45,4.95,0.010726791384333
0.5,4.95,0.0101380052496266
0.55,4.95,0.00957761470516288
0.6,4.95,0.0090444921211693
0.65,4.95,0.0085375406133723
0.7,4.95,0.00805569399557788
0.75,4.95,0.00759791668029255
0.8,4.95,0.00716320353016561
0.85,4.95,0.00675057966302688
0.9,4.95,0.00635910021327772
0.95,4.95,0.00598785005237086
1,4.95,0.00563594347108301
1.05,4.95,0.00530252382624787
1.1,4.95,0.00498676315457265
1.15,4.95,0.00468786175611245
1.2,4.95,0.00440504774992124
1.25,4.95,0.00413757660433922
1.3,4.95,0.00388473064431142
1.35,4.95,0.00364581853806495
1.4,4.95,0.00342017476540016
1.45,4.95,0.0032071590697766
1.5,4.95,0.00300615589629734
1.55,4.95,0.0028165738176154
1.6,4.95,0.00263784494970526
1.65,4.95,0.00246942435935904
1.7,4.95,0.00231078946518364
1.75,4.95,0.00216143943379037
1.8,4.95,0.00202089457278386
1.85,4.95,0.00188869572207211
1.9,4.95,0.00176440364493485
1.95,4.95,0.00164759842020359
2,4.95,0.00153787883682297
2.05,4.95,0.0014348617919813
2.1,4.95,0.00133818169391701
2.15,4.95,0.00124748987042818
2.2,4.95,0.00116245398403483
2.25,4.95,0.00108275745466744
2.3,4.95,0.00100809889068148
2.35,4.95,0.000938191528925715
2.4,4.95,0.000872762684522766
2.45,4.95,0.00081155321095296
2.5,4.95,0.000754316970968028
2.55,4.95,0.000700820318798776
2.6,4.95,0.000650841594061392
2.65,4.95,0.000604170627709873
2.7,4.95,0.000560608260327774
2.75,4.95,0.000519965873000746
2.8,4.95,0.00048206493096223
2.85,4.95,0.000446736540158385
2.9,4.95,0.000413821016834514
2.95,4.95,0.000383167470204199
3,4.95,0.000354633398223832
3.05,4.95,0.000328084296459264
3.1,4.95,0.000303393279997841
3.15,4.95,0.00028044071832811
3.2,4.95,0.000259113883080821
3.25,4.95,0.000239306608498597
3.3,4.95,0.000220918964477557
3.35,4.95,0.000203856942002351
3.4,4.95,0.000188032150776256
3.45,4.95,0.000173361528830266
3.5,4.95,0.000159767063879277
3.55,4.95,0.000147175526179499
3.6,4.95,0.000135518212629061
3.65,4.95,0.000124730701843222
3.7,4.95,0.000114752619926707
3.75,4.95,0.000105527416658265
3.8,4.95,9.70021517965392e-05
3.85,4.95,8.91272912117114e-05
3.9,4.95,8.18565125439415e-05
3.95,4.95,7.51465200874248e-05
4,4.95,6.89568685977148e-05
4.05,4.95,6.32497957198378e-05
4.1,4.95,5.79900627355177e-05
4.15,4.95,5.31448033294839e-05
4.2,4.95,4.86833800772736e-05
4.25,4.95,4.45772483600983e-05
4.3,4.95,4.07998274161482e-05
4.35,4.95,3.73263782420971e-05
4.4,4.95,3.41338880634823e-05
4.45,4.95,3.12009610980145e-05
4.5,4.95,2.85077153416525e-05
4.55,4.95,2.60356851134202e-05
4.6,4.95,2.37677291013941e-05
4.65,4.95,2.1687943658983e-05
4.7,4.95,1.97815811075497e-05
4.75,4.95,1.80349728085096e-05
4.8,4.95,1.64354567752638e-05
4.85,4.95,1.49713096026453e-05
4.9,4.95,1.36316824989444e-05
4.95,4.95,1.24065412129886e-05
5,4.95,1.12866096561818e-05
5.05,4.95,1.02633170267991e-05
5.1,4.95,9.32874825119332e-06
5.15,4.95,8.47559756384778e-06
5.2,4.95,7.69712505541775e-06
5.25,4.95,6.98711602499054e-06
5.3,4.95,6.33984297977256e-06
5.35,4.95,5.75003013225316e-06
5.4,4.95,5.21282025159044e-06
5.45,4.95,4.72374373250327e-06
5.5,4.95,4.27868975133126e-06
5.55,4.95,3.87387938512446e-06
5.6,4.95,3.50584057565117e-06
5.65,4.95,3.17138482605209e-06
5.7,4.95,2.86758552352406e-06
5.75,4.95,2.5917577868808e-06
5.8,4.95,2.3414397431113e-06
5.85,4.95,2.11437514213807e-06
5.9,4.95,1.90849722386606e-06
5.95,4.95,1.72191375631126e-06
6,4.95,1.55289316810616e-06
-2,5,0.10067316897506
-1.95,5,0.0969684271031832
-1.9,5,0.0933647618911535
-1.85,5,0.0898610048955827
-1.8,5,0.0864559307310892
-1.75,5,0.0831482603045559
-1.7,5,0.0799366640543183
-1.65,5,0.0768197651869079
-1.6,5,0.0737961429041909
-1.55,5,0.0708643356139762
-1.5,5,0.0680228441174168
-1.45,5,0.0652701347667884
-1.4,5,0.0626046425875043
-1.35,5,0.0600247743585109
-1.3,5,0.0575289116455015
-1.25,5,0.0551154137816889
-1.2,5,0.0527826207911873
-1.15,5,0.0505288562503668
-1.1,5,0.0483524300828655
-1.05,5,0.0462516412842625
-1,5,0.0442247805727414
-0.95,5,0.0422701329623959
-0.9,5,0.0403859802561523
-0.85,5,0.0385706034556066
-0.8,5,0.0368222850853888
-0.75,5,0.0351393114299846
-0.7,5,0.0335199746812522
-0.65,5,0.0319625749951751
-0.6,5,0.03046542245669
-0.55,5,0.0290268389517166
-0.5,5,0.0276451599457974
-0.45,5,0.0263187361690278
-0.4,5,0.0250459352072194
-0.35,5,0.0238251429994904
-0.3,5,0.0226547652427199
-0.25,5,0.0215332287035328
-0.2,5,0.0204589824387006
-0.15,5,0.0194304989250518
-0.0999999999999999,5,0.0184462751001806
-0.0499999999999998,5,0.0175048333154243
0,5,0.0166047222027529
0.0500000000000003,5,0.0157445174573709
0.1,5,0.014922822537979
0.15,5,0.0141382692867739
0.2,5,0.0133895184713905
0.25,5,0.0126752602510941
0.3,5,0.0119942145696317
0.35,5,0.0113451314772339
0.4,5,0.010726791384333
0.45,5,0.0101380052496266
0.5,5,0.00957761470516288
0.55,5,0.0090444921211693
0.6,5,0.0085375406133723
0.65,5,0.00805569399557788
0.7,5,0.00759791668029255
0.75,5,0.00716320353016562
0.8,5,0.00675057966302688
0.85,5,0.00635910021327773
0.9,5,0.00598785005237086
0.95,5,0.00563594347108301
1,5,0.00530252382624787
1.05,5,0.00498676315457265
1.1,5,0.00468786175611245
1.15,5,0.00440504774992124
1.2,5,0.00413757660433922
1.25,5,0.00388473064431142
1.3,5,0.00364581853806495
1.35,5,0.00342017476540016
1.4,5,0.0032071590697766
1.45,5,0.00300615589629734
1.5,5,0.0028165738176154
1.55,5,0.00263784494970527
1.6,5,0.00246942435935905
1.65,5,0.00231078946518364
1.7,5,0.00216143943379037
1.75,5,0.00202089457278387
1.8,5,0.00188869572207211
1.85,5,0.00176440364493485
1.9,5,0.00164759842020359
1.95,5,0.00153787883682297
2,5,0.0014348617919813
2.05,5,0.00133818169391701
2.1,5,0.00124748987042818
2.15,5,0.00116245398403483
2.2,5,0.00108275745466744
2.25,5,0.00100809889068148
2.3,5,0.000938191528925716
2.35,5,0.000872762684522766
2.4,5,0.00081155321095296
2.45,5,0.000754316970968028
2.5,5,0.000700820318798776
2.55,5,0.000650841594061394
2.6,5,0.000604170627709873
2.65,5,0.000560608260327774
2.7,5,0.000519965873000746
2.75,5,0.000482064930962231
2.8,5,0.000446736540158385
2.85,5,0.000413821016834514
2.9,5,0.000383167470204199
2.95,5,0.000354633398223832
3,5,0.000328084296459265
3.05,5,0.000303393279997841
3.1,5,0.00028044071832811
3.15,5,0.000259113883080821
3.2,5,0.000239306608498597
3.25,5,0.000220918964477557
3.3,5,0.000203856942002351
3.35,5,0.000188032150776256
3.4,5,0.000173361528830266
3.45,5,0.000159767063879277
3.5,5,0.000147175526179499
3.55,5,0.000135518212629061
3.6,5,0.000124730701843222
3.65,5,0.000114752619926707
3.7,5,0.000105527416658265
3.75,5,9.70021517965393e-05
3.8,5,8.91272912117114e-05
3.85,5,8.18565125439415e-05
3.9,5,7.51465200874248e-05
3.95,5,6.89568685977149e-05
4,5,6.32497957198379e-05
4.05,5,5.79900627355177e-05
4.1,5,5.31448033294839e-05
4.15,5,4.86833800772736e-05
4.2,5,4.45772483600983e-05
4.25,5,4.07998274161484e-05
4.3,5,3.73263782420971e-05
4.35,5,3.41338880634823e-05
4.4,5,3.12009610980145e-05
4.45,5,2.85077153416525e-05
4.5,5,2.60356851134203e-05
4.55,5,2.37677291013941e-05
4.6,5,2.1687943658983e-05
4.65,5,1.97815811075497e-05
4.7,5,1.80349728085097e-05
4.75,5,1.64354567752638e-05
4.8,5,1.49713096026453e-05
4.85,5,1.36316824989444e-05
4.9,5,1.24065412129886e-05
4.95,5,1.12866096561818e-05
5,5,1.02633170267992e-05
5.05,5,9.32874825119332e-06
5.1,5,8.47559756384778e-06
5.15,5,7.69712505541775e-06
5.2,5,6.98711602499054e-06
5.25,5,6.33984297977256e-06
5.3,5,5.75003013225318e-06
5.35,5,5.21282025159044e-06
5.4,5,4.72374373250327e-06
5.45,5,4.27868975133126e-06
5.5,5,3.87387938512446e-06
5.55,5,3.50584057565117e-06
5.6,5,3.17138482605209e-06
5.65,5,2.86758552352406e-06
5.7,5,2.5917577868808e-06
5.75,5,2.34143974311131e-06
5.8,5,2.11437514213807e-06
5.85,5,1.90849722386606e-06
5.9,5,1.72191375631126e-06
5.95,5,1.55289316810616e-06
6,5,1.39985170299886e-06
-2,5.05,0.0969684271031833
-1.95,5.05,0.0933647618911535
-1.9,5.05,0.0898610048955827
-1.85,5.05,0.0864559307310892
-1.8,5.05,0.0831482603045559
-1.75,5.05,0.0799366640543183
-1.7,5.05,0.0768197651869079
-1.65,5.05,0.0737961429041909
-1.6,5.05,0.0708643356139762
-1.55,5.05,0.0680228441174168
-1.5,5.05,0.0652701347667884
-1.45,5.05,0.0626046425875043
-1.4,5.05,0.0600247743585109
-1.35,5.05,0.0575289116455015
-1.3,5.05,0.0551154137816889
-1.25,5.05,0.0527826207911873
-1.2,5.05,0.0505288562503668
-1.15,5.05,0.0483524300828655
-1.1,5.05,0.0462516412842625
-1.05,5.05,0.0442247805727414
-1,5.05,0.0422701329623959
-0.95,5.05,0.0403859802561523
-0.9,5.05,0.0385706034556066
-0.85,5.05,0.0368222850853888
-0.8,5.05,0.0351393114299846
-0.75,5.05,0.0335199746812522
-0.7,5.05,0.0319625749951751
-0.65,5.05,0.03046542245669
-0.6,5.05,0.0290268389517167
-0.55,5.05,0.0276451599457974
-0.5,5.05,0.0263187361690278
-0.45,5.05,0.0250459352072194
-0.4,5.05,0.0238251429994904
-0.35,5.05,0.0226547652427199
-0.3,5.05,0.0215332287035328
-0.25,5.05,0.0204589824387006
-0.2,5.05,0.0194304989250518
-0.15,5.05,0.0184462751001806
-0.0999999999999999,5.05,0.0175048333154243
-0.0499999999999998,5.05,0.0166047222027529
0,5.05,0.015744517457371
0.0500000000000003,5.05,0.014922822537979
0.1,5.05,0.0141382692867739
0.15,5.05,0.0133895184713905
0.2,5.05,0.0126752602510941
0.25,5.05,0.0119942145696318
0.3,5.05,0.0113451314772339
0.35,5.05,0.010726791384333
0.4,5.05,0.0101380052496266
0.45,5.05,0.00957761470516288
0.5,5.05,0.0090444921211693
0.55,5.05,0.00853754061337231
0.6,5.05,0.00805569399557788
0.65,5.05,0.00759791668029255
0.7,5.05,0.00716320353016562
0.75,5.05,0.00675057966302689
0.8,5.05,0.00635910021327773
0.85,5.05,0.00598785005237087
0.9,5.05,0.00563594347108301
0.95,5.05,0.00530252382624787
1,5.05,0.00498676315457265
1.05,5.05,0.00468786175611245
1.1,5.05,0.00440504774992124
1.15,5.05,0.00413757660433922
1.2,5.05,0.00388473064431142
1.25,5.05,0.00364581853806495
1.3,5.05,0.00342017476540016
1.35,5.05,0.0032071590697766
1.4,5.05,0.00300615589629734
1.45,5.05,0.0028165738176154
1.5,5.05,0.00263784494970527
1.55,5.05,0.00246942435935905
1.6,5.05,0.00231078946518364
1.65,5.05,0.00216143943379037
1.7,5.05,0.00202089457278387
1.75,5.05,0.00188869572207211
1.8,5.05,0.00176440364493485
1.85,5.05,0.00164759842020359
1.9,5.05,0.00153787883682297
1.95,5.05,0.0014348617919813
2,5.05,0.00133818169391701
2.05,5.05,0.00124748987042818
2.1,5.05,0.00116245398403483
2.15,5.05,0.00108275745466744
2.2,5.05,0.00100809889068148
2.25,5.05,0.000938191528925716
2.3,5.05,0.000872762684522767
2.35,5.05,0.000811553210952962
2.4,5.05,0.000754316970968028
2.45,5.05,0.000700820318798776
2.5,5.05,0.000650841594061394
2.55,5.05,0.000604170627709873
2.6,5.05,0.000560608260327774
2.65,5.05,0.000519965873000747
2.7,5.05,0.000482064930962231
2.75,5.05,0.000446736540158386
2.8,5.05,0.000413821016834514
2.85,5.05,0.000383167470204199
2.9,5.05,0.000354633398223833
2.95,5.05,0.000328084296459265
3,5.05,0.000303393279997841
3.05,5.05,0.00028044071832811
3.1,5.05,0.000259113883080821
3.15,5.05,0.000239306608498597
3.2,5.05,0.000220918964477557
3.25,5.05,0.000203856942002351
3.3,5.05,0.000188032150776256
3.35,5.05,0.000173361528830266
3.4,5.05,0.000159767063879277
3.45,5.05,0.0001471755261795
3.5,5.05,0.000135518212629062
3.55,5.05,0.000124730701843222
3.6,5.05,0.000114752619926707
3.65,5.05,0.000105527416658265
3.7,5.05,9.70021517965393e-05
3.75,5.05,8.91272912117115e-05
3.8,5.05,8.18565125439415e-05
3.85,5.05,7.51465200874248e-05
3.9,5.05,6.89568685977149e-05
3.95,5.05,6.32497957198379e-05
4,5.05,5.79900627355177e-05
4.05,5.05,5.3144803329484e-05
4.1,5.05,4.86833800772736e-05
4.15,5.05,4.45772483600983e-05
4.2,5.05,4.07998274161484e-05
4.25,5.05,3.73263782420971e-05
4.3,5.05,3.41338880634823e-05
4.35,5.05,3.12009610980145e-05
4.4,5.05,2.85077153416525e-05
4.45,5.05,2.60356851134203e-05
4.5,5.05,2.37677291013942e-05
4.55,5.05,2.1687943658983e-05
4.6,5.05,1.97815811075497e-05
4.65,5.05,1.80349728085097e-05
4.7,5.05,1.64354567752638e-05
4.75,5.05,1.49713096026454e-05
4.8,5.05,1.36316824989444e-05
4.85,5.05,1.24065412129886e-05
4.9,5.05,1.12866096561818e-05
4.95,5.05,1.02633170267992e-05
5,5.05,9.32874825119332e-06
5.05,5.05,8.47559756384778e-06
5.1,5.05,7.69712505541775e-06
5.15,5.05,6.98711602499054e-06
5.2,5.05,6.33984297977256e-06
5.25,5.05,5.75003013225318e-06
5.3,5.05,5.21282025159044e-06
5.35,5.05,4.72374373250327e-06
5.4,5.05,4.27868975133126e-06
5.45,5.05,3.87387938512446e-06
5.5,5.05,3.50584057565117e-06
5.55,5.05,3.17138482605209e-06
5.6,5.05,2.86758552352406e-06
5.65,5.05,2.5917577868808e-06
5.7,5.05,2.34143974311131e-06
5.75,5.05,2.11437514213808e-06
5.8,5.05,1.90849722386606e-06
5.85,5.05,1.72191375631126e-06
5.9,5.05,1.55289316810616e-06
5.95,5.05,1.39985170299886e-06
6,5.05,1.26134152809853e-06
-2,5.1,0.0933647618911535
-1.95,5.1,0.0898610048955827
-1.9,5.1,0.0864559307310892
-1.85,5.1,0.0831482603045559
-1.8,5.1,0.0799366640543182
-1.75,5.1,0.0768197651869078
-1.7,5.1,0.0737961429041909
-1.65,5.1,0.0708643356139761
-1.6,5.1,0.0680228441174168
-1.55,5.1,0.0652701347667884
-1.5,5.1,0.0626046425875043
-1.45,5.1,0.0600247743585109
-1.4,5.1,0.0575289116455015
-1.35,5.1,0.0551154137816889
-1.3,5.1,0.0527826207911873
-1.25,5.1,0.0505288562503667
-1.2,5.1,0.0483524300828655
-1.15,5.1,0.0462516412842625
-1.1,5.1,0.0442247805727414
-1.05,5.1,0.0422701329623959
-1,5.1,0.0403859802561523
-0.95,5.1,0.0385706034556066
-0.9,5.1,0.0368222850853888
-0.85,5.1,0.0351393114299846
-0.8,5.1,0.0335199746812522
-0.75,5.1,0.0319625749951751
-0.7,5.1,0.03046542245669
-0.65,5.1,0.0290268389517166
-0.6,5.1,0.0276451599457974
-0.55,5.1,0.0263187361690278
-0.5,5.1,0.0250459352072194
-0.45,5.1,0.0238251429994904
-0.4,5.1,0.0226547652427199
-0.35,5.1,0.0215332287035328
-0.3,5.1,0.0204589824387006
-0.25,5.1,0.0194304989250518
-0.2,5.1,0.0184462751001806
-0.15,5.1,0.0175048333154243
-0.0999999999999999,5.1,0.0166047222027528
-0.0499999999999998,5.1,0.0157445174573709
0,5.1,0.014922822537979
0.0500000000000003,5.1,0.0141382692867739
0.1,5.1,0.0133895184713905
0.15,5.1,0.0126752602510941
0.2,5.1,0.0119942145696317
0.25,5.1,0.0113451314772339
0.3,5.1,0.010726791384333
0.35,5.1,0.0101380052496266
0.4,5.1,0.00957761470516287
0.45,5.1,0.0090444921211693
0.5,5.1,0.0085375406133723
0.55,5.1,0.00805569399557788
0.6,5.1,0.00759791668029255
0.65,5.1,0.00716320353016561
0.7,5.1,0.00675057966302688
0.75,5.1,0.00635910021327773
0.8,5.1,0.00598785005237086
0.85,5.1,0.00563594347108301
0.9,5.1,0.00530252382624786
0.95,5.1,0.00498676315457265
1,5.1,0.00468786175611245
1.05,5.1,0.00440504774992124
1.1,5.1,0.00413757660433922
1.15,5.1,0.00388473064431142
1.2,5.1,0.00364581853806495
1.25,5.1,0.00342017476540016
1.3,5.1,0.0032071590697766
1.35,5.1,0.00300615589629734
1.4,5.1,0.0028165738176154
1.45,5.1,0.00263784494970526
1.5,5.1,0.00246942435935904
1.55,5.1,0.00231078946518364
1.6,5.1,0.00216143943379037
1.65,5.1,0.00202089457278386
1.7,5.1,0.00188869572207211
1.75,5.1,0.00176440364493485
1.8,5.1,0.00164759842020359
1.85,5.1,0.00153787883682297
1.9,5.1,0.0014348617919813
1.95,5.1,0.00133818169391701
2,5.1,0.00124748987042818
2.05,5.1,0.00116245398403483
2.1,5.1,0.00108275745466744
2.15,5.1,0.00100809889068148
2.2,5.1,0.000938191528925715
2.25,5.1,0.000872762684522766
2.3,5.1,0.000811553210952962
2.35,5.1,0.000754316970968027
2.4,5.1,0.000700820318798776
2.45,5.1,0.000650841594061392
2.5,5.1,0.000604170627709873
2.55,5.1,0.000560608260327774
2.6,5.1,0.000519965873000745
2.65,5.1,0.000482064930962231
2.7,5.1,0.000446736540158385
2.75,5.1,0.000413821016834514
2.8,5.1,0.000383167470204198
2.85,5.1,0.000354633398223832
2.9,5.1,0.000328084296459264
2.95,5.1,0.000303393279997841
3,5.1,0.00028044071832811
3.05,5.1,0.00025911388308082
3.1,5.1,0.000239306608498597
3.15,5.1,0.000220918964477557
3.2,5.1,0.000203856942002351
3.25,5.1,0.000188032150776256
3.3,5.1,0.000173361528830266
3.35,5.1,0.000159767063879277
3.4,5.1,0.000147175526179499
3.45,5.1,0.000135518212629061
3.5,5.1,0.000124730701843222
3.55,5.1,0.000114752619926707
3.6,5.1,0.000105527416658264
3.65,5.1,9.70021517965393e-05
3.7,5.1,8.91272912117114e-05
3.75,5.1,8.18565125439415e-05
3.8,5.1,7.51465200874247e-05
3.85,5.1,6.89568685977148e-05
3.9,5.1,6.32497957198378e-05
3.95,5.1,5.79900627355177e-05
4,5.1,5.31448033294839e-05
4.05,5.1,4.86833800772735e-05
4.1,5.1,4.45772483600983e-05
4.15,5.1,4.07998274161482e-05
4.2,5.1,3.73263782420971e-05
4.25,5.1,3.41338880634823e-05
4.3,5.1,3.12009610980145e-05
4.35,5.1,2.85077153416525e-05
4.4,5.1,2.60356851134202e-05
4.45,5.1,2.37677291013941e-05
4.5,5.1,2.1687943658983e-05
4.55,5.1,1.97815811075497e-05
4.6,5.1,1.80349728085096e-05
4.65,5.1,1.64354567752638e-05
4.7,5.1,1.49713096026454e-05
4.75,5.1,1.36316824989444e-05
4.8,5.1,1.24065412129886e-05
4.85,5.1,1.12866096561817e-05
4.9,5.1,1.02633170267991e-05
4.95,5.1,9.32874825119332e-06
5,5.1,8.47559756384778e-06
5.05,5.1,7.69712505541771e-06
5.1,5.1,6.98711602499054e-06
5.15,5.1,6.33984297977256e-06
5.2,5.1,5.75003013225318e-06
5.25,5.1,5.21282025159044e-06
5.3,5.1,4.72374373250327e-06
5.35,5.1,4.27868975133124e-06
5.4,5.1,3.87387938512446e-06
5.45,5.1,3.50584057565117e-06
5.5,5.1,3.17138482605209e-06
5.55,5.1,2.86758552352406e-06
5.6,5.1,2.5917577868808e-06
5.65,5.1,2.3414397431113e-06
5.7,5.1,2.11437514213807e-06
5.75,5.1,1.90849722386606e-06
5.8,5.1,1.72191375631126e-06
5.85,5.1,1.55289316810616e-06
5.9,5.1,1.39985170299886e-06
5.95,5.1,1.26134152809852e-06
6,5.1,1.13603973157237e-06
-2,5.15,0.0898610048955827
-1.95,5.15,0.0864559307310892
-1.9,5.15,0.0831482603045559
-1.85,5.15,0.0799366640543183
-1.8,5.15,0.0768197651869079
-1.75,5.15,0.0737961429041909
-1.7,5.15,0.0708643356139762
-1.65,5.15,0.0680228441174168
-1.6,5.15,0.0652701347667884
-1.55,5.15,0.0626046425875043
-1.5,5.15,0.0600247743585109
-1.45,5.15,0.0575289116455015
-1.4,5.15,0.0551154137816889
-1.35,5.15,0.0527826207911873
-1.3,5.15,0.0505288562503668
-1.25,5.15,0.0483524300828655
-1.2,5.15,0.0462516412842625
-1.15,5.15,0.0442247805727414
-1.1,5.15,0.0422701329623959
-1.05,5.15,0.0403859802561523
-1,5.15,0.0385706034556066
-0.95,5.15,0.0368222850853888
-0.9,5.15,0.0351393114299846
-0.85,5.15,0.0335199746812522
-0.8,5.15,0.0319625749951751
-0.75,5.15,0.03046542245669
-0.7,5.15,0.0290268389517166
-0.65,5.15,0.0276451599457974
-0.6,5.15,0.0263187361690278
-0.55,5.15,0.0250459352072194
-0.5,5.15,0.0238251429994904
-0.45,5.15,0.0226547652427199
-0.4,5.15,0.0215332287035328
-0.35,5.15,0.0204589824387006
-0.3,5.15,0.0194304989250518
-0.25,5.15,0.0184462751001806
-0.2,5.15,0.0175048333154243
-0.15,5.15,0.0166047222027529
-0.0999999999999999,5.15,0.0157445174573709
-0.0499999999999998,5.15,0.014922822537979
0,5.15,0.0141382692867739
0.0500000000000003,5.15,0.0133895184713905
0.1,5.15,0.0126752602510941
0.15,5.15,0.0119942145696317
0.2,5.15,0.0113451314772339
0.25,5.15,0.010726791384333
0.3,5.15,0.0101380052496266
0.35,5.15,0.00957761470516288
0.4,5.15,0.0090444921211693
0.45,5.15,0.0085375406133723
0.5,5.15,0.00805569399557788
0.55,5.15,0.00759791668029255
0.6,5.15,0.00716320353016561
0.65,5.15,0.00675057966302688
0.7,5.15,0.00635910021327773
0.75,5.15,0.00598785005237087
0.8,5.15,0.00563594347108301
0.85,5.15,0.00530252382624787
0.9,5.15,0.00498676315457265
0.95,5.15,0.00468786175611245
1,5.15,0.00440504774992124
1.05,5.15,0.00413757660433922
1.1,5.15,0.00388473064431142
1.15,5.15,0.00364581853806495
1.2,5.15,0.00342017476540016
1.25,5.15,0.0032071590697766
1.3,5.15,0.00300615589629734
1.35,5.15,0.0028165738176154
1.4,5.15,0.00263784494970526
1.45,5.15,0.00246942435935905
1.5,5.15,0.00231078946518364
1.55,5.15,0.00216143943379037
1.6,5.15,0.00202089457278387
1.65,5.15,0.00188869572207211
1.7,5.15,0.00176440364493485
1.75,5.15,0.00164759842020359
1.8,5.15,0.00153787883682297
1.85,5.15,0.0014348617919813
1.9,5.15,0.00133818169391701
1.95,5.15,0.00124748987042818
2,5.15,0.00116245398403483
2.05,5.15,0.00108275745466744
2.1,5.15,0.00100809889068148
2.15,5.15,0.000938191528925715
2.2,5.15,0.000872762684522766
2.25,5.15,0.000811553210952962
2.3,5.15,0.000754316970968028
2.35,5.15,0.000700820318798776
2.4,5.15,0.000650841594061392
2.45,5.15,0.000604170627709873
2.5,5.15,0.000560608260327774
2.55,5.15,0.000519965873000747
2.6,5.15,0.000482064930962231
2.65,5.15,0.000446736540158385
2.7,5.15,0.000413821016834514
2.75,5.15,0.000383167470204199
2.8,5.15,0.000354633398223832
2.85,5.15,0.000328084296459264
2.9,5.15,0.000303393279997841
2.95,5.15,0.00028044071832811
3,5.15,0.000259113883080821
3.05,5.15,0.000239306608498597
3.1,5.15,0.000220918964477557
3.15,5.15,0.000203856942002351
3.2,5.15,0.000188032150776256
3.25,5.15,0.000173361528830266
3.3,5.15,0.000159767063879277
3.35,5.15,0.000147175526179499
3.4,5.15,0.000135518212629061
3.45,5.15,0.000124730701843222
3.5,5.15,0.000114752619926707
3.55,5.15,0.000105527416658264
3.6,5.15,9.70021517965393e-05
3.65,5.15,8.91272912117114e-05
3.7,5.15,8.18565125439417e-05
3.75,5.15,7.51465200874248e-05
3.8,5.15,6.89568685977148e-05
3.85,5.15,6.32497957198378e-05
3.9,5.15,5.79900627355177e-05
3.95,5.15,5.3144803329484e-05
4,5.15,4.86833800772736e-05
4.05,5.15,4.45772483600983e-05
4.1,5.15,4.07998274161482e-05
4.15,5.15,3.73263782420971e-05
4.2,5.15,3.41338880634823e-05
4.25,5.15,3.12009610980146e-05
4.3,5.15,2.85077153416525e-05
4.35,5.15,2.60356851134202e-05
4.4,5.15,2.37677291013941e-05
4.45,5.15,2.1687943658983e-05
4.5,5.15,1.97815811075497e-05
4.55,5.15,1.80349728085096e-05
4.6,5.15,1.64354567752638e-05
4.65,5.15,1.49713096026453e-05
4.7,5.15,1.36316824989444e-05
4.75,5.15,1.24065412129886e-05
4.8,5.15,1.12866096561817e-05
4.85,5.15,1.02633170267991e-05
4.9,5.15,9.32874825119332e-06
4.95,5.15,8.47559756384778e-06
5,5.15,7.69712505541775e-06
5.05,5.15,6.98711602499054e-06
5.1,5.15,6.33984297977256e-06
5.15,5.15,5.75003013225318e-06
5.2,5.15,5.21282025159044e-06
5.25,5.15,4.72374373250327e-06
5.3,5.15,4.27868975133126e-06
5.35,5.15,3.87387938512446e-06
5.4,5.15,3.50584057565117e-06
5.45,5.15,3.17138482605209e-06
5.5,5.15,2.86758552352406e-06
5.55,5.15,2.5917577868808e-06
5.6,5.15,2.3414397431113e-06
5.65,5.15,2.11437514213807e-06
5.7,5.15,1.90849722386606e-06
5.75,5.15,1.72191375631127e-06
5.8,5.15,1.55289316810616e-06
5.85,5.15,1.39985170299886e-06
5.9,5.15,1.26134152809852e-06
5.95,5.15,1.13603973157237e-06
6,5.15,1.02273814927389e-06
-2,5.2,0.0864559307310892
-1.95,5.2,0.0831482603045559
-1.9,5.2,0.0799366640543183
-1.85,5.2,0.0768197651869079
-1.8,5.2,0.0737961429041909
-1.75,5.2,0.0708643356139762
-1.7,5.2,0.0680228441174168
-1.65,5.2,0.0652701347667884
-1.6,5.2,0.0626046425875043
-1.55,5.2,0.0600247743585109
-1.5,5.2,0.0575289116455015
-1.45,5.2,0.0551154137816889
-1.4,5.2,0.0527826207911873
-1.35,5.2,0.0505288562503668
-1.3,5.2,0.0483524300828655
-1.25,5.2,0.0462516412842625
-1.2,5.2,0.0442247805727414
-1.15,5.2,0.0422701329623959
-1.1,5.2,0.0403859802561523
-1.05,5.2,0.0385706034556066
-1,5.2,0.0368222850853888
-0.95,5.2,0.0351393114299846
-0.9,5.2,0.0335199746812522
-0.85,5.2,0.0319625749951751
-0.8,5.2,0.03046542245669
-0.75,5.2,0.0290268389517167
-0.7,5.2,0.0276451599457974
-0.65,5.2,0.0263187361690278
-0.6,5.2,0.0250459352072194
-0.55,5.2,0.0238251429994904
-0.5,5.2,0.0226547652427199
-0.45,5.2,0.0215332287035328
-0.4,5.2,0.0204589824387006
-0.35,5.2,0.0194304989250518
-0.3,5.2,0.0184462751001806
-0.25,5.2,0.0175048333154243
-0.2,5.2,0.0166047222027529
-0.15,5.2,0.015744517457371
-0.0999999999999999,5.2,0.014922822537979
-0.0499999999999998,5.2,0.0141382692867739
0,5.2,0.0133895184713905
0.0500000000000003,5.2,0.0126752602510941
0.1,5.2,0.0119942145696317
0.15,5.2,0.0113451314772339
0.2,5.2,0.010726791384333
0.25,5.2,0.0101380052496266
0.3,5.2,0.00957761470516288
0.35,5.2,0.0090444921211693
0.4,5.2,0.0085375406133723
0.45,5.2,0.00805569399557788
0.5,5.2,0.00759791668029255
0.55,5.2,0.00716320353016562
0.6,5.2,0.00675057966302688
0.65,5.2,0.00635910021327773
0.7,5.2,0.00598785005237087
0.75,5.2,0.00563594347108302
0.8,5.2,0.00530252382624787
0.85,5.2,0.00498676315457265
0.9,5.2,0.00468786175611245
0.95,5.2,0.00440504774992124
1,5.2,0.00413757660433922
1.05,5.2,0.00388473064431142
1.1,5.2,0.00364581853806495
1.15,5.2,0.00342017476540016
1.2,5.2,0.0032071590697766
1.25,5.2,0.00300615589629734
1.3,5.2,0.0028165738176154
1.35,5.2,0.00263784494970527
1.4,5.2,0.00246942435935905
1.45,5.2,0.00231078946518364
1.5,5.2,0.00216143943379037
1.55,5.2,0.00202089457278387
1.6,5.2,0.00188869572207211
1.65,5.2,0.00176440364493485
1.7,5.2,0.00164759842020359
1.75,5.2,0.00153787883682297
1.8,5.2,0.0014348617919813
1.85,5.2,0.00133818169391701
1.9,5.2,0.00124748987042818
1.95,5.2,0.00116245398403483
2,5.2,0.00108275745466744
2.05,5.2,0.00100809889068148
2.1,5.2,0.000938191528925715
2.15,5.2,0.000872762684522766
2.2,5.2,0.000811553210952962
2.25,5.2,0.000754316970968028
2.3,5.2,0.000700820318798777
2.35,5.2,0.000650841594061393
2.4,5.2,0.000604170627709873
2.45,5.2,0.000560608260327774
2.5,5.2,0.000519965873000747
2.55,5.2,0.000482064930962231
2.6,5.2,0.000446736540158385
2.65,5.2,0.000413821016834515
2.7,5.2,0.000383167470204199
2.75,5.2,0.000354633398223833
2.8,5.2,0.000328084296459264
2.85,5.2,0.000303393279997841
2.9,5.2,0.00028044071832811
2.95,5.2,0.000259113883080821
3,5.2,0.000239306608498597
3.05,5.2,0.000220918964477557
3.1,5.2,0.000203856942002351
3.15,5.2,0.000188032150776256
3.2,5.2,0.000173361528830266
3.25,5.2,0.000159767063879277
3.3,5.2,0.000147175526179499
3.35,5.2,0.000135518212629061
3.4,5.2,0.000124730701843222
3.45,5.2,0.000114752619926707
3.5,5.2,0.000105527416658265
3.55,5.2,9.70021517965393e-05
3.6,5.2,8.91272912117114e-05
3.65,5.2,8.18565125439417e-05
3.7,5.2,7.51465200874248e-05
3.75,5.2,6.89568685977149e-05
3.8,5.2,6.32497957198378e-05
3.85,5.2,5.79900627355177e-05
3.9,5.2,5.3144803329484e-05
3.95,5.2,4.86833800772736e-05
4,5.2,4.45772483600983e-05
4.05,5.2,4.07998274161483e-05
4.1,5.2,3.73263782420971e-05
4.15,5.2,3.41338880634823e-05
4.2,5.2,3.12009610980146e-05
4.25,5.2,2.85077153416525e-05
4.3,5.2,2.60356851134202e-05
4.35,5.2,2.37677291013941e-05
4.4,5.2,2.1687943658983e-05
4.45,5.2,1.97815811075497e-05
4.5,5.2,1.80349728085097e-05
4.55,5.2,1.64354567752638e-05
4.6,5.2,1.49713096026453e-05
4.65,5.2,1.36316824989444e-05
4.7,5.2,1.24065412129886e-05
4.75,5.2,1.12866096561818e-05
4.8,5.2,1.02633170267991e-05
4.85,5.2,9.32874825119332e-06
4.9,5.2,8.47559756384778e-06
4.95,5.2,7.69712505541775e-06
5,5.2,6.98711602499054e-06
5.05,5.2,6.33984297977256e-06
5.1,5.2,5.75003013225318e-06
5.15,5.2,5.21282025159044e-06
5.2,5.2,4.72374373250327e-06
5.25,5.2,4.27868975133126e-06
5.3,5.2,3.87387938512446e-06
5.35,5.2,3.50584057565117e-06
5.4,5.2,3.17138482605209e-06
5.45,5.2,2.86758552352406e-06
5.5,5.2,2.5917577868808e-06
5.55,5.2,2.3414397431113e-06
5.6,5.2,2.11437514213807e-06
5.65,5.2,1.90849722386606e-06
5.7,5.2,1.72191375631127e-06
5.75,5.2,1.55289316810617e-06
5.8,5.2,1.39985170299886e-06
5.85,5.2,1.26134152809852e-06
5.9,5.2,1.13603973157237e-06
5.95,5.2,1.02273814927389e-06
6,5.2,9.20333963381676e-07
-2,5.25,0.0831482603045559
-1.95,5.25,0.0799366640543182
-1.9,5.25,0.0768197651869078
-1.85,5.25,0.0737961429041909
-1.8,5.25,0.0708643356139761
-1.75,5.25,0.0680228441174168
-1.7,5.25,0.0652701347667884
-1.65,5.25,0.0626046425875043
-1.6,5.25,0.0600247743585109
-1.55,5.25,0.0575289116455015
-1.5,5.25,0.0551154137816889
-1.45,5.25,0.0527826207911873
-1.4,5.25,0.0505288562503667
-1.35,5.25,0.0483524300828655
-1.3,5.25,0.0462516412842625
-1.25,5.25,0.0442247805727414
-1.2,5.25,0.0422701329623959
-1.15,5.25,0.0403859802561523
-1.1,5.25,0.0385706034556066
-1.05,5.25,0.0368222850853888
-1,5.25,0.0351393114299846
-0.95,5.25,0.0335199746812522
-0.9,5.25,0.031962574995175
-0.85,5.25,0.03046542245669
-0.8,5.25,0.0290268389517166
-0.75,5.25,0.0276451599457974
-0.7,5.25,0.0263187361690278
-0.65,5.25,0.0250459352072194
-0.6,5.25,0.0238251429994904
-0.55,5.25,0.0226547652427199
-0.5,5.25,0.0215332287035328
-0.45,5.25,0.0204589824387006
-0.4,5.25,0.0194304989250518
-0.35,5.25,0.0184462751001806
-0.3,5.25,0.0175048333154243
-0.25,5.25,0.0166047222027528
-0.2,5.25,0.0157445174573709
-0.15,5.25,0.014922822537979
-0.0999999999999999,5.25,0.0141382692867739
-0.0499999999999998,5.25,0.0133895184713905
0,5.25,0.0126752602510941
0.0500000000000003,5.25,0.0119942145696317
0.1,5.25,0.0113451314772338
0.15,5.25,0.010726791384333
0.2,5.25,0.0101380052496266
0.25,5.25,0.00957761470516288
0.3,5.25,0.0090444921211693
0.35,5.25,0.0085375406133723
0.4,5.25,0.00805569399557787
0.45,5.25,0.00759791668029255
0.5,5.25,0.00716320353016561
0.55,5.25,0.00675057966302688
0.6,5.25,0.00635910021327772
0.65,5.25,0.00598785005237086
0.7,5.25,0.00563594347108301
0.75,5.25,0.00530252382624787
0.8,5.25,0.00498676315457265
0.85,5.25,0.00468786175611245
0.9,5.25,0.00440504774992123
0.95,5.25,0.00413757660433921
1,5.25,0.00388473064431142
1.05,5.25,0.00364581853806495
1.1,5.25,0.00342017476540016
1.15,5.25,0.0032071590697766
1.2,5.25,0.00300615589629734
1.25,5.25,0.0028165738176154
1.3,5.25,0.00263784494970526
1.35,5.25,0.00246942435935904
1.4,5.25,0.00231078946518364
1.45,5.25,0.00216143943379037
1.5,5.25,0.00202089457278386
1.55,5.25,0.00188869572207211
1.6,5.25,0.00176440364493485
1.65,5.25,0.00164759842020359
1.7,5.25,0.00153787883682297
1.75,5.25,0.0014348617919813
1.8,5.25,0.00133818169391701
1.85,5.25,0.00124748987042818
1.9,5.25,0.00116245398403483
1.95,5.25,0.00108275745466744
2,5.25,0.00100809889068148
2.05,5.25,0.000938191528925715
2.1,5.25,0.000872762684522765
2.15,5.25,0.00081155321095296
2.2,5.25,0.000754316970968027
2.25,5.25,0.000700820318798776
2.3,5.25,0.000650841594061393
2.35,5.25,0.000604170627709872
2.4,5.25,0.000560608260327774
2.45,5.25,0.000519965873000745
2.5,5.25,0.000482064930962231
2.55,5.25,0.000446736540158385
2.6,5.25,0.000413821016834513
2.65,5.25,0.000383167470204199
2.7,5.25,0.000354633398223832
2.75,5.25,0.000328084296459264
2.8,5.25,0.000303393279997841
2.85,5.25,0.00028044071832811
2.9,5.25,0.000259113883080821
2.95,5.25,0.000239306608498597
3,5.25,0.000220918964477557
3.05,5.25,0.000203856942002351
3.1,5.25,0.000188032150776256
3.15,5.25,0.000173361528830266
3.2,5.25,0.000159767063879277
3.25,5.25,0.000147175526179499
3.3,5.25,0.000135518212629061
3.35,5.25,0.000124730701843222
3.4,5.25,0.000114752619926707
3.45,5.25,0.000105527416658265
3.5,5.25,9.70021517965393e-05
3.55,5.25,8.91272912117114e-05
3.6,5.25,8.18565125439414e-05
3.65,5.25,7.51465200874248e-05
3.7,5.25,6.89568685977148e-05
3.75,5.25,6.32497957198378e-05
3.8,5.25,5.79900627355176e-05
3.85,5.25,5.31448033294839e-05
3.9,5.25,4.86833800772735e-05
3.95,5.25,4.45772483600983e-05
4,5.25,4.07998274161482e-05
4.05,5.25,3.73263782420971e-05
4.1,5.25,3.41338880634823e-05
4.15,5.25,3.12009610980145e-05
4.2,5.25,2.85077153416525e-05
4.25,5.25,2.60356851134202e-05
4.3,5.25,2.37677291013941e-05
4.35,5.25,2.1687943658983e-05
4.4,5.25,1.97815811075497e-05
4.45,5.25,1.80349728085096e-05
4.5,5.25,1.64354567752638e-05
4.55,5.25,1.49713096026453e-05
4.6,5.25,1.36316824989444e-05
4.65,5.25,1.24065412129886e-05
4.7,5.25,1.12866096561818e-05
4.75,5.25,1.02633170267991e-05
4.8,5.25,9.32874825119332e-06
4.85,5.25,8.47559756384774e-06
4.9,5.25,7.69712505541771e-06
4.95,5.25,6.98711602499054e-06
5,5.25,6.33984297977256e-06
5.05,5.25,5.75003013225316e-06
5.1,5.25,5.21282025159044e-06
5.15,5.25,4.72374373250327e-06
5.2,5.25,4.27868975133126e-06
5.25,5.25,3.87387938512446e-06
5.3,5.25,3.50584057565117e-06
5.35,5.25,3.17138482605208e-06
5.4,5.25,2.86758552352406e-06
5.45,5.25,2.5917577868808e-06
5.5,5.25,2.3414397431113e-06
5.55,5.25,2.11437514213807e-06
5.6,5.25,1.90849722386606e-06
5.65,5.25,1.72191375631126e-06
5.7,5.25,1.55289316810616e-06
5.75,5.25,1.39985170299886e-06
5.8,5.25,1.26134152809852e-06
5.85,5.25,1.13603973157237e-06
5.9,5.25,1.02273814927389e-06
5.95,5.25,9.20333963381672e-07
6,5.25,8.27821019557316e-07
-2,5.3,0.0799366640543183
-1.95,5.3,0.0768197651869078
-1.9,5.3,0.0737961429041909
-1.85,5.3,0.0708643356139762
-1.8,5.3,0.0680228441174168
-1.75,5.3,0.0652701347667884
-1.7,5.3,0.0626046425875043
-1.65,5.3,0.0600247743585109
-1.6,5.3,0.0575289116455015
-1.55,5.3,0.0551154137816889
-1.5,5.3,0.0527826207911873
-1.45,5.3,0.0505288562503668
-1.4,5.3,0.0483524300828655
-1.35,5.3,0.0462516412842625
-1.3,5.3,0.0442247805727414
-1.25,5.3,0.0422701329623959
-1.2,5.3,0.0403859802561523
-1.15,5.3,0.0385706034556066
-1.1,5.3,0.0368222850853888
-1.05,5.3,0.0351393114299846
-1,5.3,0.0335199746812522
-0.95,5.3,0.0319625749951751
-0.9,5.3,0.03046542245669
-0.85,5.3,0.0290268389517166
-0.8,5.3,0.0276451599457974
-0.75,5.3,0.0263187361690278
-0.7,5.3,0.0250459352072194
-0.65,5.3,0.0238251429994904
-0.6,5.3,0.0226547652427199
-0.55,5.3,0.0215332287035328
-0.5,5.3,0.0204589824387006
-0.45,5.3,0.0194304989250518
-0.4,5.3,0.0184462751001806
-0.35,5.3,0.0175048333154243
-0.3,5.3,0.0166047222027529
-0.25,5.3,0.0157445174573709
-0.2,5.3,0.014922822537979
-0.15,5.3,0.0141382692867739
-0.0999999999999999,5.3,0.0133895184713905
-0.0499999999999998,5.3,0.0126752602510941
0,5.3,0.0119942145696317
0.0500000000000003,5.3,0.0113451314772338
0.1,5.3,0.010726791384333
0.15,5.3,0.0101380052496266
0.2,5.3,0.00957761470516288
0.25,5.3,0.0090444921211693
0.3,5.3,0.0085375406133723
0.35,5.3,0.00805569399557788
0.4,5.3,0.00759791668029255
0.45,5.3,0.00716320353016561
0.5,5.3,0.00675057966302688
0.55,5.3,0.00635910021327773
0.6,5.3,0.00598785005237086
0.65,5.3,0.00563594347108301
0.7,5.3,0.00530252382624787
0.75,5.3,0.00498676315457265
0.8,5.3,0.00468786175611245
0.85,5.3,0.00440504774992124
0.9,5.3,0.00413757660433921
0.95,5.3,0.00388473064431142
1,5.3,0.00364581853806495
1.05,5.3,0.00342017476540016
1.1,5.3,0.0032071590697766
1.15,5.3,0.00300615589629734
1.2,5.3,0.0028165738176154
1.25,5.3,0.00263784494970527
1.3,5.3,0.00246942435935904
1.35,5.3,0.00231078946518364
1.4,5.3,0.00216143943379037
1.45,5.3,0.00202089457278387
1.5,5.3,0.00188869572207211
1.55,5.3,0.00176440364493485
1.6,5.3,0.00164759842020359
1.65,5.3,0.00153787883682297
1.7,5.3,0.0014348617919813
1.75,5.3,0.00133818169391701
1.8,5.3,0.00124748987042818
1.85,5.3,0.00116245398403483
1.9,5.3,0.00108275745466744
1.95,5.3,0.00100809889068148
2,5.3,0.000938191528925715
2.05,5.3,0.000872762684522766
2.1,5.3,0.00081155321095296
2.15,5.3,0.000754316970968027
2.2,5.3,0.000700820318798776
2.25,5.3,0.000650841594061393
2.3,5.3,0.000604170627709873
2.35,5.3,0.000560608260327774
2.4,5.3,0.000519965873000745
2.45,5.3,0.000482064930962231
2.5,5.3,0.000446736540158385
2.55,5.3,0.000413821016834515
2.6,5.3,0.000383167470204199
2.65,5.3,0.000354633398223832
2.7,5.3,0.000328084296459264
2.75,5.3,0.000303393279997841
2.8,5.3,0.00028044071832811
2.85,5.3,0.000259113883080821
2.9,5.3,0.000239306608498597
2.95,5.3,0.000220918964477557
3,5.3,0.000203856942002351
3.05,5.3,0.000188032150776256
3.1,5.3,0.000173361528830266
3.15,5.3,0.000159767063879277
3.2,5.3,0.000147175526179499
3.25,5.3,0.000135518212629061
3.3,5.3,0.000124730701843222
3.35,5.3,0.000114752619926707
3.4,5.3,0.000105527416658265
3.45,5.3,9.70021517965393e-05
3.5,5.3,8.91272912117114e-05
3.55,5.3,8.18565125439414e-05
3.6,5.3,7.51465200874248e-05
3.65,5.3,6.89568685977148e-05
3.7,5.3,6.32497957198379e-05
3.75,5.3,5.79900627355177e-05
3.8,5.3,5.31448033294839e-05
3.85,5.3,4.86833800772735e-05
3.9,5.3,4.45772483600983e-05
3.95,5.3,4.07998274161483e-05
4,5.3,3.73263782420971e-05
4.05,5.3,3.41338880634823e-05
4.1,5.3,3.12009610980145e-05
4.15,5.3,2.85077153416525e-05
4.2,5.3,2.60356851134202e-05
4.25,5.3,2.37677291013942e-05
4.3,5.3,2.1687943658983e-05
4.35,5.3,1.97815811075497e-05
4.4,5.3,1.80349728085096e-05
4.45,5.3,1.64354567752638e-05
4.5,5.3,1.49713096026454e-05
4.55,5.3,1.36316824989444e-05
4.6,5.3,1.24065412129886e-05
4.65,5.3,1.12866096561817e-05
4.7,5.3,1.02633170267992e-05
4.75,5.3,9.32874825119332e-06
4.8,5.3,8.47559756384774e-06
4.85,5.3,7.69712505541771e-06
4.9,5.3,6.98711602499054e-06
4.95,5.3,6.33984297977256e-06
5,5.3,5.75003013225318e-06
5.05,5.3,5.21282025159044e-06
5.1,5.3,4.72374373250327e-06
5.15,5.3,4.27868975133126e-06
5.2,5.3,3.87387938512446e-06
5.25,5.3,3.50584057565117e-06
5.3,5.3,3.17138482605209e-06
5.35,5.3,2.86758552352406e-06
5.4,5.3,2.5917577868808e-06
5.45,5.3,2.3414397431113e-06
5.5,5.3,2.11437514213807e-06
5.55,5.3,1.90849722386606e-06
5.6,5.3,1.72191375631126e-06
5.65,5.3,1.55289316810616e-06
5.7,5.3,1.39985170299886e-06
5.75,5.3,1.26134152809853e-06
5.8,5.3,1.13603973157237e-06
5.85,5.3,1.02273814927389e-06
5.9,5.3,9.20333963381672e-07
5.95,5.3,8.27821019557316e-07
6,5.3,7.44281812393605e-07
-2,5.35,0.0768197651869078
-1.95,5.35,0.0737961429041908
-1.9,5.35,0.0708643356139761
-1.85,5.35,0.0680228441174168
-1.8,5.35,0.0652701347667884
-1.75,5.35,0.0626046425875042
-1.7,5.35,0.0600247743585109
-1.65,5.35,0.0575289116455014
-1.6,5.35,0.0551154137816889
-1.55,5.35,0.0527826207911873
-1.5,5.35,0.0505288562503667
-1.45,5.35,0.0483524300828654
-1.4,5.35,0.0462516412842624
-1.35,5.35,0.0442247805727414
-1.3,5.35,0.0422701329623958
-1.25,5.35,0.0403859802561522
-1.2,5.35,0.0385706034556066
-1.15,5.35,0.0368222850853887
-1.1,5.35,0.0351393114299846
-1.05,5.35,0.0335199746812522
-1,5.35,0.031962574995175
-0.95,5.35,0.03046542245669
-0.9,5.35,0.0290268389517166
-0.85,5.35,0.0276451599457974
-0.8,5.35,0.0263187361690278
-0.75,5.35,0.0250459352072194
-0.7,5.35,0.0238251429994904
-0.65,5.35,0.0226547652427199
-0.6,5.35,0.0215332287035328
-0.55,5.35,0.0204589824387005
-0.5,5.35,0.0194304989250518
-0.45,5.35,0.0184462751001806
-0.4,5.35,0.0175048333154243
-0.35,5.35,0.0166047222027528
-0.3,5.35,0.0157445174573709
-0.25,5.35,0.0149228225379789
-0.2,5.35,0.0141382692867739
-0.15,5.35,0.0133895184713905
-0.0999999999999999,5.35,0.0126752602510941
-0.0499999999999998,5.35,0.0119942145696317
0,5.35,0.0113451314772338
0.0500000000000003,5.35,0.010726791384333
0.1,5.35,0.0101380052496266
0.15,5.35,0.00957761470516287
0.2,5.35,0.0090444921211693
0.25,5.35,0.0085375406133723
0.3,5.35,0.00805569399557787
0.35,5.35,0.00759791668029255
0.4,5.35,0.00716320353016561
0.45,5.35,0.00675057966302687
0.5,5.35,0.00635910021327772
0.55,5.35,0.00598785005237086
0.6,5.35,0.00563594347108301
0.65,5.35,0.00530252382624786
0.7,5.35,0.00498676315457265
0.75,5.35,0.00468786175611245
0.8,5.35,0.00440504774992123
0.85,5.35,0.00413757660433921
0.9,5.35,0.00388473064431141
0.95,5.35,0.00364581853806494
1,5.35,0.00342017476540015
1.05,5.35,0.0032071590697766
1.1,5.35,0.00300615589629733
1.15,5.35,0.0028165738176154
1.2,5.35,0.00263784494970526
1.25,5.35,0.00246942435935904
1.3,5.35,0.00231078946518364
1.35,5.35,0.00216143943379037
1.4,5.35,0.00202089457278386
1.45,5.35,0.00188869572207211
1.5,5.35,0.00176440364493485
1.55,5.35,0.00164759842020359
1.6,5.35,0.00153787883682297
1.65,5.35,0.0014348617919813
1.7,5.35,0.00133818169391701
1.75,5.35,0.00124748987042818
1.8,5.35,0.00116245398403483
1.85,5.35,0.00108275745466744
1.9,5.35,0.00100809889068148
1.95,5.35,0.000938191528925713
2,5.35,0.000872762684522765
2.05,5.35,0.00081155321095296
2.1,5.35,0.000754316970968027
2.15,5.35,0.000700820318798775
2.2,5.35,0.000650841594061392
2.25,5.35,0.000604170627709872
2.3,5.35,0.000560608260327774
2.35,5.35,0.000519965873000745
2.4,5.35,0.000482064930962229
2.45,5.35,0.000446736540158385
2.5,5.35,0.000413821016834513
2.55,5.35,0.000383167470204199
2.6,5.35,0.000354633398223832
2.65,5.35,0.000328084296459264
2.7,5.35,0.000303393279997841
2.75,5.35,0.00028044071832811
2.8,5.35,0.00025911388308082
2.85,5.35,0.000239306608498596
2.9,5.35,0.000220918964477557
2.95,5.35,0.000203856942002351
3,5.35,0.000188032150776256
3.05,5.35,0.000173361528830266
3.1,5.35,0.000159767063879277
3.15,5.35,0.000147175526179499
3.2,5.35,0.000135518212629061
3.25,5.35,0.000124730701843222
3.3,5.35,0.000114752619926707
3.35,5.35,0.000105527416658264
3.4,5.35,9.70021517965392e-05
3.45,5.35,8.91272912117114e-05
3.5,5.35,8.18565125439414e-05
3.55,5.35,7.51465200874246e-05
3.6,5.35,6.89568685977148e-05
3.65,5.35,6.32497957198377e-05
3.7,5.35,5.79900627355177e-05
3.75,5.35,5.31448033294839e-05
3.8,5.35,4.86833800772735e-05
3.85,5.35,4.45772483600982e-05
3.9,5.35,4.07998274161482e-05
3.95,5.35,3.73263782420971e-05
4,5.35,3.41338880634823e-05
4.05,5.35,3.12009610980145e-05
4.1,5.35,2.85077153416524e-05
4.15,5.35,2.60356851134202e-05
4.2,5.35,2.37677291013941e-05
4.25,5.35,2.1687943658983e-05
4.3,5.35,1.97815811075497e-05
4.35,5.35,1.80349728085096e-05
4.4,5.35,1.64354567752638e-05
4.45,5.35,1.49713096026453e-05
4.5,5.35,1.36316824989444e-05
4.55,5.35,1.24065412129886e-05
4.6,5.35,1.12866096561817e-05
4.65,5.35,1.02633170267991e-05
4.7,5.35,9.32874825119332e-06
4.75,5.35,8.47559756384774e-06
4.8,5.35,7.69712505541771e-06
4.85,5.35,6.98711602499054e-06
4.9,5.35,6.33984297977253e-06
4.95,5.35,5.75003013225316e-06
5,5.35,5.21282025159044e-06
5.05,5.35,4.72374373250326e-06
5.1,5.35,4.27868975133124e-06
5.15,5.35,3.87387938512446e-06
5.2,5.35,3.50584057565117e-06
5.25,5.35,3.17138482605208e-06
5.3,5.35,2.86758552352406e-06
5.35,5.35,2.59175778688079e-06
5.4,5.35,2.34143974311129e-06
5.45,5.35,2.11437514213807e-06
5.5,5.35,1.90849722386606e-06
5.55,5.35,1.72191375631125e-06
5.6,5.35,1.55289316810616e-06
5.65,5.35,1.39985170299886e-06
5.7,5.35,1.26134152809852e-06
5.75,5.35,1.13603973157237e-06
5.8,5.35,1.02273814927389e-06
5.85,5.35,9.20333963381668e-07
5.9,5.35,8.27821019557316e-07
5.95,5.35,7.44281812393605e-07
6,5.35,6.68880092025721e-07
-2,5.4,0.0737961429041909
-1.95,5.4,0.0708643356139761
-1.9,5.4,0.0680228441174168
-1.85,5.4,0.0652701347667884
-1.8,5.4,0.0626046425875043
-1.75,5.4,0.0600247743585109
-1.7,5.4,0.0575289116455015
-1.65,5.4,0.0551154137816889
-1.6,5.4,0.0527826207911873
-1.55,5.4,0.0505288562503667
-1.5,5.4,0.0483524300828655
-1.45,5.4,0.0462516412842625
-1.4,5.4,0.0442247805727414
-1.35,5.4,0.0422701329623959
-1.3,5.4,0.0403859802561523
-1.25,5.4,0.0385706034556066
-1.2,5.4,0.0368222850853888
-1.15,5.4,0.0351393114299846
-1.1,5.4,0.0335199746812522
-1.05,5.4,0.031962574995175
-1,5.4,0.03046542245669
-0.95,5.4,0.0290268389517166
-0.9,5.4,0.0276451599457974
-0.85,5.4,0.0263187361690278
-0.8,5.4,0.0250459352072194
-0.75,5.4,0.0238251429994904
-0.7,5.4,0.0226547652427199
-0.65,5.4,0.0215332287035328
-0.6,5.4,0.0204589824387005
-0.55,5.4,0.0194304989250518
-0.5,5.4,0.0184462751001806
-0.45,5.4,0.0175048333154243
-0.4,5.4,0.0166047222027528
-0.35,5.4,0.0157445174573709
-0.3,5.4,0.014922822537979
-0.25,5.4,0.0141382692867739
-0.2,5.4,0.0133895184713905
-0.15,5.4,0.0126752602510941
-0.0999999999999999,5.4,0.0119942145696317
-0.0499999999999998,5.4,0.0113451314772338
0,5.4,0.010726791384333
0.0500000000000003,5.4,0.0101380052496266
0.1,5.4,0.00957761470516287
0.15,5.4,0.0090444921211693
0.2,5.4,0.0085375406133723
0.25,5.4,0.00805569399557788
0.3,5.4,0.00759791668029255
0.35,5.4,0.00716320353016561
0.4,5.4,0.00675057966302687
0.45,5.4,0.00635910021327772
0.5,5.4,0.00598785005237086
0.55,5.4,0.00563594347108301
0.6,5.4,0.00530252382624786
0.65,5.4,0.00498676315457265
0.7,5.4,0.00468786175611245
0.75,5.4,0.00440504774992124
0.8,5.4,0.00413757660433921
0.85,5.4,0.00388473064431142
0.9,5.4,0.00364581853806494
0.95,5.4,0.00342017476540015
1,5.4,0.0032071590697766
1.05,5.4,0.00300615589629734
1.1,5.4,0.0028165738176154
1.15,5.4,0.00263784494970526
1.2,5.4,0.00246942435935904
1.25,5.4,0.00231078946518364
1.3,5.4,0.00216143943379037
1.35,5.4,0.00202089457278386
1.4,5.4,0.00188869572207211
1.45,5.4,0.00176440364493485
1.5,5.4,0.00164759842020359
1.55,5.4,0.00153787883682297
1.6,5.4,0.0014348617919813
1.65,5.4,0.00133818169391701
1.7,5.4,0.00124748987042818
1.75,5.4,0.00116245398403483
1.8,5.4,0.00108275745466744
1.85,5.4,0.00100809889068148
1.9,5.4,0.000938191528925713
1.95,5.4,0.000872762684522766
2,5.4,0.00081155321095296
2.05,5.4,0.000754316970968027
2.1,5.4,0.000700820318798775
2.15,5.4,0.000650841594061392
2.2,5.4,0.000604170627709872
2.25,5.4,0.000560608260327774
2.3,5.4,0.000519965873000746
2.35,5.4,0.00048206493096223
2.4,5.4,0.000446736540158385
2.45,5.4,0.000413821016834513
2.5,5.4,0.000383167470204199
2.55,5.4,0.000354633398223832
2.6,5.4,0.000328084296459264
2.65,5.4,0.000303393279997841
2.7,5.4,0.00028044071832811
2.75,5.4,0.000259113883080821
2.8,5.4,0.000239306608498596
2.85,5.4,0.000220918964477557
2.9,5.4,0.000203856942002351
2.95,5.4,0.000188032150776256
3,5.4,0.000173361528830266
3.05,5.4,0.000159767063879277
3.1,5.4,0.000147175526179499
3.15,5.4,0.000135518212629061
3.2,5.4,0.000124730701843222
3.25,5.4,0.000114752619926707
3.3,5.4,0.000105527416658264
3.35,5.4,9.70021517965392e-05
3.4,5.4,8.91272912117114e-05
3.45,5.4,8.18565125439415e-05
3.5,5.4,7.51465200874248e-05
3.55,5.4,6.89568685977148e-05
3.6,5.4,6.32497957198377e-05
3.65,5.4,5.79900627355177e-05
3.7,5.4,5.31448033294839e-05
3.75,5.4,4.86833800772735e-05
3.8,5.4,4.45772483600982e-05
3.85,5.4,4.07998274161482e-05
3.9,5.4,3.73263782420971e-05
3.95,5.4,3.41338880634823e-05
4,5.4,3.12009610980145e-05
4.05,5.4,2.85077153416525e-05
4.1,5.4,2.60356851134202e-05
4.15,5.4,2.37677291013941e-05
4.2,5.4,2.1687943658983e-05
4.25,5.4,1.97815811075497e-05
4.3,5.4,1.80349728085096e-05
4.35,5.4,1.64354567752638e-05
4.4,5.4,1.49713096026453e-05
4.45,5.4,1.36316824989444e-05
4.5,5.4,1.24065412129886e-05
4.55,5.4,1.12866096561817e-05
4.6,5.4,1.02633170267991e-05
4.65,5.4,9.32874825119332e-06
4.7,5.4,8.47559756384778e-06
4.75,5.4,7.69712505541771e-06
4.8,5.4,6.98711602499054e-06
4.85,5.4,6.33984297977253e-06
4.9,5.4,5.75003013225316e-06
4.95,5.4,5.21282025159044e-06
5,5.4,4.72374373250327e-06
5.05,5.4,4.27868975133124e-06
5.1,5.4,3.87387938512446e-06
5.15,5.4,3.50584057565117e-06
5.2,5.4,3.17138482605209e-06
5.25,5.4,2.86758552352406e-06
5.3,5.4,2.5917577868808e-06
5.35,5.4,2.34143974311129e-06
5.4,5.4,2.11437514213807e-06
5.45,5.4,1.90849722386606e-06
5.5,5.4,1.72191375631126e-06
5.55,5.4,1.55289316810616e-06
5.6,5.4,1.39985170299886e-06
5.65,5.4,1.26134152809852e-06
5.7,5.4,1.13603973157237e-06
5.75,5.4,1.02273814927389e-06
5.8,5.4,9.20333963381672e-07
5.85,5.4,8.27821019557316e-07
5.9,5.4,7.44281812393605e-07
5.95,5.4,6.68880092025721e-07
6,5.4,6.00854047722938e-07
-2,5.45,0.0708643356139762
-1.95,5.45,0.0680228441174168
-1.9,5.45,0.0652701347667884
-1.85,5.45,0.0626046425875043
-1.8,5.45,0.0600247743585109
-1.75,5.45,0.0575289116455015
-1.7,5.45,0.0551154137816889
-1.65,5.45,0.0527826207911873
-1.6,5.45,0.0505288562503668
-1.55,5.45,0.0483524300828655
-1.5,5.45,0.0462516412842625
-1.45,5.45,0.0442247805727414
-1.4,5.45,0.0422701329623959
-1.35,5.45,0.0403859802561523
-1.3,5.45,0.0385706034556066
-1.25,5.45,0.0368222850853888
-1.2,5.45,0.0351393114299846
-1.15,5.45,0.0335199746812522
-1.1,5.45,0.0319625749951751
-1.05,5.45,0.03046542245669
-1,5.45,0.0290268389517166
-0.95,5.45,0.0276451599457974
-0.9,5.45,0.0263187361690278
-0.85,5.45,0.0250459352072194
-0.8,5.45,0.0238251429994904
-0.75,5.45,0.0226547652427199
-0.7,5.45,0.0215332287035328
-0.65,5.45,0.0204589824387006
-0.6,5.45,0.0194304989250518
-0.55,5.45,0.0184462751001806
-0.5,5.45,0.0175048333154243
-0.45,5.45,0.0166047222027529
-0.4,5.45,0.0157445174573709
-0.35,5.45,0.014922822537979
-0.3,5.45,0.0141382692867739
-0.25,5.45,0.0133895184713905
-0.2,5.45,0.0126752602510941
-0.15,5.45,0.0119942145696317
-0.0999999999999999,5.45,0.0113451314772338
-0.0499999999999998,5.45,0.010726791384333
0,5.45,0.0101380052496266
0.0500000000000003,5.45,0.00957761470516287
0.1,5.45,0.0090444921211693
0.15,5.45,0.0085375406133723
0.2,5.45,0.00805569399557788
0.25,5.45,0.00759791668029255
0.3,5.45,0.00716320353016561
0.35,5.45,0.00675057966302688
0.4,5.45,0.00635910021327772
0.45,5.45,0.00598785005237086
0.5,5.45,0.00563594347108301
0.55,5.45,0.00530252382624787
0.6,5.45,0.00498676315457265
0.65,5.45,0.00468786175611245
0.7,5.45,0.00440504774992124
0.75,5.45,0.00413757660433922
0.8,5.45,0.00388473064431142
0.85,5.45,0.00364581853806495
0.9,5.45,0.00342017476540015
0.95,5.45,0.0032071590697766
1,5.45,0.00300615589629734
1.05,5.45,0.0028165738176154
1.1,5.45,0.00263784494970526
1.15,5.45,0.00246942435935904
1.2,5.45,0.00231078946518364
1.25,5.45,0.00216143943379037
1.3,5.45,0.00202089457278386
1.35,5.45,0.00188869572207211
1.4,5.45,0.00176440364493485
1.45,5.45,0.00164759842020359
1.5,5.45,0.00153787883682297
1.55,5.45,0.0014348617919813
1.6,5.45,0.00133818169391701
1.65,5.45,0.00124748987042818
1.7,5.45,0.00116245398403483
1.75,5.45,0.00108275745466744
1.8,5.45,0.00100809889068148
1.85,5.45,0.000938191528925715
1.9,5.45,0.000872762684522766
1.95,5.45,0.00081155321095296
2,5.45,0.000754316970968027
2.05,5.45,0.000700820318798776
2.1,5.45,0.000650841594061392
2.15,5.45,0.000604170627709872
2.2,5.45,0.000560608260327774
2.25,5.45,0.000519965873000746
2.3,5.45,0.000482064930962231
2.35,5.45,0.000446736540158385
2.4,5.45,0.000413821016834513
2.45,5.45,0.000383167470204199
2.5,5.45,0.000354633398223832
2.55,5.45,0.000328084296459265
2.6,5.45,0.000303393279997841
2.65,5.45,0.00028044071832811
2.7,5.45,0.000259113883080821
2.75,5.45,0.000239306608498597
2.8,5.45,0.000220918964477557
2.85,5.45,0.000203856942002351
2.9,5.45,0.000188032150776256
2.95,5.45,0.000173361528830266
3,5.45,0.000159767063879277
3.05,5.45,0.000147175526179499
3.1,5.45,0.000135518212629061
3.15,5.45,0.000124730701843222
3.2,5.45,0.000114752619926707
3.25,5.45,0.000105527416658265
3.3,5.45,9.70021517965392e-05
3.35,5.45,8.91272912117114e-05
3.4,5.45,8.18565125439415e-05
3.45,5.45,7.51465200874248e-05
3.5,5.45,6.89568685977148e-05
3.55,5.45,6.32497957198377e-05
3.6,5.45,5.79900627355177e-05
3.65,5.45,5.31448033294839e-05
3.7,5.45,4.86833800772736e-05
3.75,5.45,4.45772483600983e-05
3.8,5.45,4.07998274161482e-05
3.85,5.45,3.73263782420971e-05
3.9,5.45,3.41338880634823e-05
3.95,5.45,3.12009610980145e-05
4,5.45,2.85077153416525e-05
4.05,5.45,2.60356851134202e-05
4.1,5.45,2.37677291013941e-05
4.15,5.45,2.1687943658983e-05
4.2,5.45,1.97815811075497e-05
4.25,5.45,1.80349728085097e-05
4.3,5.45,1.64354567752638e-05
4.35,5.45,1.49713096026453e-05
4.4,5.45,1.36316824989444e-05
4.45,5.45,1.24065412129886e-05
4.5,5.45,1.12866096561818e-05
4.55,5.45,1.02633170267991e-05
4.6,5.45,9.32874825119332e-06
4.65,5.45,8.47559756384774e-06
4.7,5.45,7.69712505541775e-06
4.75,5.45,6.98711602499054e-06
4.8,5.45,6.33984297977253e-06
4.85,5.45,5.75003013225316e-06
4.9,5.45,5.21282025159044e-06
4.95,5.45,4.72374373250327e-06
5,5.45,4.27868975133126e-06
5.05,5.45,3.87387938512446e-06
5.1,5.45,3.50584057565117e-06
5.15,5.45,3.17138482605209e-06
5.2,5.45,2.86758552352406e-06
5.25,5.45,2.5917577868808e-06
5.3,5.45,2.3414397431113e-06
5.35,5.45,2.11437514213807e-06
5.4,5.45,1.90849722386606e-06
5.45,5.45,1.72191375631126e-06
5.5,5.45,1.55289316810616e-06
5.55,5.45,1.39985170299886e-06
5.6,5.45,1.26134152809852e-06
5.65,5.45,1.13603973157237e-06
5.7,5.45,1.02273814927389e-06
5.75,5.45,9.20333963381676e-07
5.8,5.45,8.27821019557316e-07
5.85,5.45,7.44281812393605e-07
5.9,5.45,6.68880092025721e-07
5.95,5.45,6.00854047722938e-07
6,5.45,5.39510027071229e-07
-2,5.5,0.0680228441174168
-1.95,5.5,0.0652701347667884
-1.9,5.5,0.0626046425875043
-1.85,5.5,0.0600247743585109
-1.8,5.5,0.0575289116455015
-1.75,5.5,0.0551154137816889
-1.7,5.5,0.0527826207911873
-1.65,5.5,0.0505288562503668
-1.6,5.5,0.0483524300828655
-1.55,5.5,0.0462516412842625
-1.5,5.5,0.0442247805727414
-1.45,5.5,0.0422701329623959
-1.4,5.5,0.0403859802561523
-1.35,5.5,0.0385706034556066
-1.3,5.5,0.0368222850853888
-1.25,5.5,0.0351393114299846
-1.2,5.5,0.0335199746812522
-1.15,5.5,0.0319625749951751
-1.1,5.5,0.03046542245669
-1.05,5.5,0.0290268389517166
-1,5.5,0.0276451599457974
-0.95,5.5,0.0263187361690278
-0.9,5.5,0.0250459352072194
-0.85,5.5,0.0238251429994904
-0.8,5.5,0.0226547652427199
-0.75,5.5,0.0215332287035328
-0.7,5.5,0.0204589824387006
-0.65,5.5,0.0194304989250518
-0.6,5.5,0.0184462751001806
-0.55,5.5,0.0175048333154243
-0.5,5.5,0.0166047222027529
-0.45,5.5,0.015744517457371
-0.4,5.5,0.014922822537979
-0.35,5.5,0.0141382692867739
-0.3,5.5,0.0133895184713905
-0.25,5.5,0.0126752602510941
-0.2,5.5,0.0119942145696317
-0.15,5.5,0.0113451314772339
-0.0999999999999999,5.5,0.010726791384333
-0.0499999999999998,5.5,0.0101380052496266
0,5.5,0.00957761470516288
0.0500000000000003,5.5,0.0090444921211693
0.1,5.5,0.0085375406133723
0.15,5.5,0.00805569399557788
0.2,5.5,0.00759791668029255
0.25,5.5,0.00716320353016562
0.3,5.5,0.00675057966302688
0.35,5.5,0.00635910021327773
0.4,5.5,0.00598785005237086
0.45,5.5,0.00563594347108301
0.5,5.5,0.00530252382624787
0.55,5.5,0.00498676315457265
0.6,5.5,0.00468786175611245
0.65,5.5,0.00440504774992124
0.7,5.5,0.00413757660433922
0.75,5.5,0.00388473064431142
0.8,5.5,0.00364581853806495
0.85,5.5,0.00342017476540016
0.9,5.5,0.0032071590697766
0.95,5.5,0.00300615589629734
1,5.5,0.0028165738176154
1.05,5.5,0.00263784494970527
1.1,5.5,0.00246942435935905
1.15,5.5,0.00231078946518364
1.2,5.5,0.00216143943379037
1.25,5.5,0.00202089457278387
1.3,5.5,0.00188869572207211
1.35,5.5,0.00176440364493485
1.4,5.5,0.00164759842020359
1.45,5.5,0.00153787883682297
1.5,5.5,0.0014348617919813
1.55,5.5,0.00133818169391701
1.6,5.5,0.00124748987042818
1.65,5.5,0.00116245398403483
1.7,5.5,0.00108275745466744
1.75,5.5,0.00100809889068148
1.8,5.5,0.000938191528925715
1.85,5.5,0.000872762684522766
1.9,5.5,0.00081155321095296
1.95,5.5,0.000754316970968028
2,5.5,0.000700820318798776
2.05,5.5,0.000650841594061393
2.1,5.5,0.000604170627709872
2.15,5.5,0.000560608260327774
2.2,5.5,0.000519965873000746
2.25,5.5,0.000482064930962231
2.3,5.5,0.000446736540158386
2.35,5.5,0.000413821016834514
2.4,5.5,0.000383167470204199
2.45,5.5,0.000354633398223832
2.5,5.5,0.000328084296459265
2.55,5.5,0.000303393279997841
2.6,5.5,0.00028044071832811
2.65,5.5,0.000259113883080821
2.7,5.5,0.000239306608498597
2.75,5.5,0.000220918964477557
2.8,5.5,0.000203856942002351
2.85,5.5,0.000188032150776256
2.9,5.5,0.000173361528830266
2.95,5.5,0.000159767063879277
3,5.5,0.000147175526179499
3.05,5.5,0.000135518212629061
3.1,5.5,0.000124730701843222
3.15,5.5,0.000114752619926707
3.2,5.5,0.000105527416658265
3.25,5.5,9.70021517965393e-05
3.3,5.5,8.91272912117114e-05
3.35,5.5,8.18565125439415e-05
3.4,5.5,7.51465200874248e-05
3.45,5.5,6.89568685977149e-05
3.5,5.5,6.32497957198379e-05
3.55,5.5,5.79900627355177e-05
3.6,5.5,5.31448033294839e-05
3.65,5.5,4.86833800772736e-05
3.7,5.5,4.45772483600983e-05
3.75,5.5,4.07998274161483e-05
3.8,5.5,3.73263782420971e-05
3.85,5.5,3.41338880634823e-05
3.9,5.5,3.12009610980145e-05
3.95,5.5,2.85077153416525e-05
4,5.5,2.60356851134202e-05
4.05,5.5,2.37677291013941e-05
4.1,5.5,2.1687943658983e-05
4.15,5.5,1.97815811075497e-05
4.2,5.5,1.80349728085097e-05
4.25,5.5,1.64354567752638e-05
4.3,5.5,1.49713096026453e-05
4.35,5.5,1.36316824989444e-05
4.4,5.5,1.24065412129886e-05
4.45,5.5,1.12866096561818e-05
4.5,5.5,1.02633170267992e-05
4.55,5.5,9.32874825119332e-06
4.6,5.5,8.47559756384774e-06
4.65,5.5,7.69712505541775e-06
4.7,5.5,6.98711602499054e-06
4.75,5.5,6.33984297977256e-06
4.8,5.5,5.75003013225316e-06
4.85,5.5,5.21282025159044e-06
4.9,5.5,4.72374373250327e-06
4.95,5.5,4.27868975133126e-06
5,5.5,3.87387938512446e-06
5.05,5.5,3.50584057565117e-06
5.1,5.5,3.17138482605209e-06
5.15,5.5,2.86758552352406e-06
5.2,5.5,2.5917577868808e-06
5.25,5.5,2.3414397431113e-06
5.3,5.5,2.11437514213807e-06
5.35,5.5,1.90849722386606e-06
5.4,5.5,1.72191375631126e-06
5.45,5.5,1.55289316810616e-06
5.5,5.5,1.39985170299886e-06
5.55,5.5,1.26134152809852e-06
5.6,5.5,1.13603973157237e-06
5.65,5.5,1.02273814927389e-06
5.7,5.5,9.20333963381676e-07
5.75,5.5,8.2782101955732e-07
5.8,5.5,7.44281812393605e-07
5.85,5.5,6.68880092025721e-07
5.9,5.5,6.00854047722938e-07
5.95,5.5,5.39510027071229e-07
6,5.5,4.8421675200367e-07
-2,5.55,0.0652701347667884
-1.95,5.55,0.0626046425875043
-1.9,5.55,0.0600247743585109
-1.85,5.55,0.0575289116455015
-1.8,5.55,0.0551154137816889
-1.75,5.55,0.0527826207911873
-1.7,5.55,0.0505288562503668
-1.65,5.55,0.0483524300828655
-1.6,5.55,0.0462516412842625
-1.55,5.55,0.0442247805727414
-1.5,5.55,0.0422701329623959
-1.45,5.55,0.0403859802561523
-1.4,5.55,0.0385706034556066
-1.35,5.55,0.0368222850853888
-1.3,5.55,0.0351393114299846
-1.25,5.55,0.0335199746812522
-1.2,5.55,0.0319625749951751
-1.15,5.55,0.03046542245669
-1.1,5.55,0.0290268389517167
-1.05,5.55,0.0276451599457974
-1,5.55,0.0263187361690278
-0.95,5.55,0.0250459352072194
-0.9,5.55,0.0238251429994904
-0.85,5.55,0.0226547652427199
-0.8,5.55,0.0215332287035328
-0.75,5.55,0.0204589824387006
-0.7,5.55,0.0194304989250518
-0.65,5.55,0.0184462751001806
-0.6,5.55,0.0175048333154243
-0.55,5.55,0.0166047222027529
-0.5,5.55,0.015744517457371
-0.45,5.55,0.014922822537979
-0.4,5.55,0.0141382692867739
-0.35,5.55,0.0133895184713905
-0.3,5.55,0.0126752602510941
-0.25,5.55,0.0119942145696317
-0.2,5.55,0.0113451314772339
-0.15,5.55,0.010726791384333
-0.0999999999999999,5.55,0.0101380052496266
-0.0499999999999998,5.55,0.00957761470516288
0,5.55,0.0090444921211693
0.0500000000000003,5.55,0.0085375406133723
0.1,5.55,0.00805569399557788
0.15,5.55,0.00759791668029255
0.2,5.55,0.00716320353016562
0.25,5.55,0.00675057966302689
0.3,5.55,0.00635910021327773
0.35,5.55,0.00598785005237087
0.4,5.55,0.00563594347108301
0.45,5.55,0.00530252382624787
0.5,5.55,0.00498676315457265
0.55,5.55,0.00468786175611245
0.6,5.55,0.00440504774992124
0.65,5.55,0.00413757660433922
0.7,5.55,0.00388473064431142
0.75,5.55,0.00364581853806495
0.8,5.55,0.00342017476540016
0.85,5.55,0.0032071590697766
0.9,5.55,0.00300615589629734
0.95,5.55,0.0028165738176154
1,5.55,0.00263784494970527
1.05,5.55,0.00246942435935905
1.1,5.55,0.00231078946518364
1.15,5.55,0.00216143943379037
1.2,5.55,0.00202089457278387
1.25,5.55,0.00188869572207211
1.3,5.55,0.00176440364493485
1.35,5.55,0.00164759842020359
1.4,5.55,0.00153787883682297
1.45,5.55,0.0014348617919813
1.5,5.55,0.00133818169391701
1.55,5.55,0.00124748987042818
1.6,5.55,0.00116245398403483
1.65,5.55,0.00108275745466744
1.7,5.55,0.00100809889068148
1.75,5.55,0.000938191528925716
1.8,5.55,0.000872762684522766
1.85,5.55,0.000811553210952962
1.9,5.55,0.000754316970968028
1.95,5.55,0.000700820318798776
2,5.55,0.000650841594061393
2.05,5.55,0.000604170627709873
2.1,5.55,0.000560608260327774
2.15,5.55,0.000519965873000746
2.2,5.55,0.000482064930962231
2.25,5.55,0.000446736540158386
2.3,5.55,0.000413821016834515
2.35,5.55,0.000383167470204199
2.4,5.55,0.000354633398223832
2.45,5.55,0.000328084296459265
2.5,5.55,0.000303393279997841
2.55,5.55,0.000280440718328111
2.6,5.55,0.000259113883080821
2.65,5.55,0.000239306608498597
2.7,5.55,0.000220918964477557
2.75,5.55,0.000203856942002351
2.8,5.55,0.000188032150776256
2.85,5.55,0.000173361528830266
2.9,5.55,0.000159767063879277
2.95,5.55,0.000147175526179499
3,5.55,0.000135518212629062
3.05,5.55,0.000124730701843222
3.1,5.55,0.000114752619926707
3.15,5.55,0.000105527416658265
3.2,5.55,9.70021517965393e-05
3.25,5.55,8.91272912117115e-05
3.3,5.55,8.18565125439415e-05
3.35,5.55,7.51465200874248e-05
3.4,5.55,6.89568685977149e-05
3.45,5.55,6.32497957198379e-05
3.5,5.55,5.79900627355177e-05
3.55,5.55,5.31448033294839e-05
3.6,5.55,4.86833800772736e-05
3.65,5.55,4.45772483600983e-05
3.7,5.55,4.07998274161484e-05
3.75,5.55,3.73263782420971e-05
3.8,5.55,3.41338880634823e-05
3.85,5.55,3.12009610980145e-05
3.9,5.55,2.85077153416525e-05
3.95,5.55,2.60356851134203e-05
4,5.55,2.37677291013942e-05
4.05,5.55,2.1687943658983e-05
4.1,5.55,1.97815811075497e-05
4.15,5.55,1.80349728085097e-05
4.2,5.55,1.64354567752638e-05
4.25,5.55,1.49713096026454e-05
4.3,5.55,1.36316824989444e-05
4.35,5.55,1.24065412129886e-05
4.4,5.55,1.12866096561818e-05
4.45,5.55,1.02633170267992e-05
4.5,5.55,9.32874825119332e-06
4.55,5.55,8.47559756384778e-06
4.6,5.55,7.69712505541775e-06
4.65,5.55,6.98711602499054e-06
4.7,5.55,6.33984297977256e-06
4.75,5.55,5.75003013225318e-06
4.8,5.55,5.21282025159044e-06
4.85,5.55,4.72374373250327e-06
4.9,5.55,4.27868975133126e-06
4.95,5.55,3.87387938512446e-06
5,5.55,3.50584057565117e-06
5.05,5.55,3.17138482605209e-06
5.1,5.55,2.86758552352406e-06
5.15,5.55,2.5917577868808e-06
5.2,5.55,2.34143974311131e-06
5.25,5.55,2.11437514213807e-06
5.3,5.55,1.90849722386606e-06
5.35,5.55,1.72191375631126e-06
5.4,5.55,1.55289316810616e-06
5.45,5.55,1.39985170299886e-06
5.5,5.55,1.26134152809853e-06
5.55,5.55,1.13603973157237e-06
5.6,5.55,1.02273814927389e-06
5.65,5.55,9.20333963381676e-07
5.7,5.55,8.2782101955732e-07
5.75,5.55,7.44281812393605e-07
5.8,5.55,6.68880092025724e-07
5.85,5.55,6.00854047722938e-07
5.9,5.55,5.39510027071229e-07
5.95,5.55,4.8421675200367e-07
6,5.55,4.34399995440606e-07
-2,5.6,0.0626046425875043
-1.95,5.6,0.0600247743585109
-1.9,5.6,0.0575289116455015
-1.85,5.6,0.0551154137816889
-1.8,5.6,0.0527826207911873
-1.75,5.6,0.0505288562503667
-1.7,5.6,0.0483524300828655
-1.65,5.6,0.0462516412842625
-1.6,5.6,0.0442247805727414
-1.55,5.6,0.0422701329623959
-1.5,5.6,0.0403859802561523
-1.45,5.6,0.0385706034556066
-1.4,5.6,0.0368222850853888
-1.35,5.6,0.0351393114299846
-1.3,5.6,0.0335199746812522
-1.25,5.6,0.031962574995175
-1.2,5.6,0.03046542245669
-1.15,5.6,0.0290268389517166
-1.1,5.6,0.0276451599457974
-1.05,5.6,0.0263187361690278
-1,5.6,0.0250459352072194
-0.95,5.6,0.0238251429994904
-0.9,5.6,0.0226547652427199
-0.85,5.6,0.0215332287035328
-0.8,5.6,0.0204589824387006
-0.75,5.6,0.0194304989250518
-0.7,5.6,0.0184462751001806
-0.65,5.6,0.0175048333154243
-0.6,5.6,0.0166047222027528
-0.55,5.6,0.0157445174573709
-0.5,5.6,0.014922822537979
-0.45,5.6,0.0141382692867739
-0.4,5.6,0.0133895184713905
-0.35,5.6,0.0126752602510941
-0.3,5.6,0.0119942145696317
-0.25,5.6,0.0113451314772338
-0.2,5.6,0.010726791384333
-0.15,5.6,0.0101380052496266
-0.0999999999999999,5.6,0.00957761470516287
-0.0499999999999998,5.6,0.0090444921211693
0,5.6,0.0085375406133723
0.0500000000000003,5.6,0.00805569399557787
0.1,5.6,0.00759791668029255
0.15,5.6,0.00716320353016561
0.2,5.6,0.00675057966302688
0.25,5.6,0.00635910021327773
0.3,5.6,0.00598785005237086
0.35,5.6,0.00563594347108301
0.4,5.6,0.00530252382624786
0.45,5.6,0.00498676315457265
0.5,5.6,0.00468786175611245
0.55,5.6,0.00440504774992124
0.6,5.6,0.00413757660433921
0.65,5.6,0.00388473064431142
0.7,5.6,0.00364581853806495
0.75,5.6,0.00342017476540016
0.8,5.6,0.0032071590697766
0.85,5.6,0.00300615589629734
0.9,5.6,0.0028165738176154
0.95,5.6,0.00263784494970526
1,5.6,0.00246942435935904
1.05,5.6,0.00231078946518364
1.1,5.6,0.00216143943379037
1.15,5.6,0.00202089457278386
1.2,5.6,0.00188869572207211
1.25,5.6,0.00176440364493485
1.3,5.6,0.00164759842020359
1.35,5.6,0.00153787883682297
1.4,5.6,0.0014348617919813
1.45,5.6,0.00133818169391701
1.5,5.6,0.00124748987042818
1.55,5.6,0.00116245398403483
1.6,5.6,0.00108275745466744
1.65,5.6,0.00100809889068148
1.7,5.6,0.000938191528925715
1.75,5.6,0.000872762684522766
1.8,5.6,0.00081155321095296
1.85,5.6,0.000754316970968027
1.9,5.6,0.000700820318798776
1.95,5.6,0.000650841594061392
2,5.6,0.000604170627709872
2.05,5.6,0.000560608260327774
2.1,5.6,0.000519965873000745
2.15,5.6,0.00048206493096223
2.2,5.6,0.000446736540158385
2.25,5.6,0.000413821016834514
2.3,5.6,0.000383167470204199
2.35,5.6,0.000354633398223832
2.4,5.6,0.000328084296459264
2.45,5.6,0.000303393279997841
2.5,5.6,0.00028044071832811
2.55,5.6,0.000259113883080821
2.6,5.6,0.000239306608498597
2.65,5.6,0.000220918964477557
2.7,5.6,0.000203856942002351
2.75,5.6,0.000188032150776256
2.8,5.6,0.000173361528830266
2.85,5.6,0.000159767063879277
2.9,5.6,0.000147175526179499
2.95,5.6,0.000135518212629061
3,5.6,0.000124730701843222
3.05,5.6,0.000114752619926707
3.1,5.6,0.000105527416658264
3.15,5.6,9.70021517965393e-05
3.2,5.6,8.91272912117114e-05
3.25,5.6,8.18565125439415e-05
3.3,5.6,7.51465200874247e-05
3.35,5.6,6.89568685977148e-05
3.4,5.6,6.32497957198378e-05
3.45,5.6,5.79900627355177e-05
3.5,5.6,5.31448033294839e-05
3.55,5.6,4.86833800772735e-05
3.6,5.6,4.45772483600983e-05
3.65,5.6,4.07998274161482e-05
3.7,5.6,3.73263782420971e-05
3.75,5.6,3.41338880634823e-05
3.8,5.6,3.12009610980145e-05
3.85,5.6,2.85077153416525e-05
3.9,5.6,2.60356851134202e-05
3.95,5.6,2.37677291013941e-05
4,5.6,2.1687943658983e-05
4.05,5.6,1.97815811075497e-05
4.1,5.6,1.80349728085096e-05
4.15,5.6,1.64354567752638e-05
4.2,5.6,1.49713096026453e-05
4.25,5.6,1.36316824989444e-05
4.3,5.6,1.24065412129886e-05
4.35,5.6,1.12866096561817e-05
4.4,5.6,1.02633170267991e-05
4.45,5.6,9.32874825119332e-06
4.5,5.6,8.47559756384778e-06
4.55,5.6,7.69712505541771e-06
4.6,5.6,6.98711602499054e-06
4.65,5.6,6.33984297977253e-06
4.7,5.6,5.75003013225318e-06
4.75,5.6,5.21282025159044e-06
4.8,5.6,4.72374373250326e-06
4.85,5.6,4.27868975133124e-06
4.9,5.6,3.87387938512446e-06
4.95,5.6,3.50584057565117e-06
5,5.6,3.17138482605209e-06
5.05,5.6,2.86758552352406e-06
5.1,5.6,2.5917577868808e-06
5.15,5.6,2.3414397431113e-06
5.2,5.6,2.11437514213807e-06
5.25,5.6,1.90849722386606e-06
5.3,5.6,1.72191375631126e-06
5.35,5.6,1.55289316810616e-06
5.4,5.6,1.39985170299886e-06
5.45,5.6,1.26134152809852e-06
5.5,5.6,1.13603973157237e-06
5.55,5.6,1.02273814927389e-06
5.6,5.6,9.20333963381672e-07
5.65,5.6,8.27821019557316e-07
5.7,5.6,7.44281812393605e-07
5.75,5.6,6.68880092025724e-07
5.8,5.6,6.00854047722938e-07
5.85,5.6,5.39510027071229e-07
5.9,5.6,4.84216752003668e-07
5.95,5.6,4.34399995440604e-07
6,5.6,3.89537684670128e-07
-2,5.65,0.0600247743585109
-1.95,5.65,0.0575289116455015
-1.9,5.65,0.0551154137816889
-1.85,5.65,0.0527826207911873
-1.8,5.65,0.0505288562503668
-1.75,5.65,0.0483524300828655
-1.7,5.65,0.0462516412842625
-1.65,5.65,0.0442247805727414
-1.6,5.65,0.0422701329623959
-1.55,5.65,0.0403859802561523
-1.5,5.65,0.0385706034556066
-1.45,5.65,0.0368222850853888
-1.4,5.65,0.0351393114299846
-1.35,5.65,0.0335199746812522
-1.3,5.65,0.0319625749951751
-1.25,5.65,0.03046542245669
-1.2,5.65,0.0290268389517166
-1.15,5.65,0.0276451599457974
-1.1,5.65,0.0263187361690278
-1.05,5.65,0.0250459352072194
-1,5.65,0.0238251429994904
-0.95,5.65,0.0226547652427199
-0.9,5.65,0.0215332287035328
-0.85,5.65,0.0204589824387006
-0.8,5.65,0.0194304989250518
-0.75,5.65,0.0184462751001806
-0.7,5.65,0.0175048333154243
-0.65,5.65,0.0166047222027529
-0.6,5.65,0.0157445174573709
-0.55,5.65,0.014922822537979
-0.5,5.65,0.0141382692867739
-0.45,5.65,0.0133895184713905
-0.4,5.65,0.0126752602510941
-0.35,5.65,0.0119942145696317
-0.3,5.65,0.0113451314772339
-0.25,5.65,0.010726791384333
-0.2,5.65,0.0101380052496266
-0.15,5.65,0.00957761470516288
-0.0999999999999999,5.65,0.0090444921211693
-0.0499999999999998,5.65,0.0085375406133723
0,5.65,0.00805569399557788
0.0500000000000003,5.65,0.00759791668029255
0.1,5.65,0.00716320353016561
0.15,5.65,0.00675057966302688
0.2,5.65,0.00635910021327773
0.25,5.65,0.00598785005237087
0.3,5.65,0.00563594347108301
0.35,5.65,0.00530252382624787
0.4,5.65,0.00498676315457265
0.45,5.65,0.00468786175611245
0.5,5.65,0.00440504774992124
0.55,5.65,0.00413757660433922
0.6,5.65,0.00388473064431142
0.65,5.65,0.00364581853806495
0.7,5.65,0.00342017476540016
0.75,5.65,0.0032071590697766
0.8,5.65,0.00300615589629734
0.85,5.65,0.0028165738176154
0.9,5.65,0.00263784494970526
0.95,5.65,0.00246942435935904
1,5.65,0.00231078946518364
1.05,5.65,0.00216143943379037
1.1,5.65,0.00202089457278387
1.15,5.65,0.00188869572207211
1.2,5.65,0.00176440364493485
1.25,5.65,0.00164759842020359
1.3,5.65,0.00153787883682297
1.35,5.65,0.0014348617919813
1.4,5.65,0.00133818169391701
1.45,5.65,0.00124748987042818
1.5,5.65,0.00116245398403483
1.55,5.65,0.00108275745466744
1.6,5.65,0.00100809889068148
1.65,5.65,0.000938191528925715
1.7,5.65,0.000872762684522766
1.75,5.65,0.000811553210952962
1.8,5.65,0.000754316970968027
1.85,5.65,0.000700820318798776
1.9,5.65,0.000650841594061392
1.95,5.65,0.000604170627709873
2,5.65,0.000560608260327774
2.05,5.65,0.000519965873000746
2.1,5.65,0.00048206493096223
2.15,5.65,0.000446736540158385
2.2,5.65,0.000413821016834514
2.25,5.65,0.000383167470204199
2.3,5.65,0.000354633398223833
2.35,5.65,0.000328084296459264
2.4,5.65,0.000303393279997841
2.45,5.65,0.00028044071832811
2.5,5.65,0.000259113883080821
2.55,5.65,0.000239306608498597
2.6,5.65,0.000220918964477557
2.65,5.65,0.000203856942002351
2.7,5.65,0.000188032150776256
2.75,5.65,0.000173361528830266
2.8,5.65,0.000159767063879277
2.85,5.65,0.000147175526179499
2.9,5.65,0.000135518212629061
2.95,5.65,0.000124730701843222
3,5.65,0.000114752619926707
3.05,5.65,0.000105527416658264
3.1,5.65,9.70021517965393e-05
3.15,5.65,8.91272912117114e-05
3.2,5.65,8.18565125439415e-05
3.25,5.65,7.51465200874248e-05
3.3,5.65,6.89568685977148e-05
3.35,5.65,6.32497957198378e-05
3.4,5.65,5.79900627355177e-05
3.45,5.65,5.3144803329484e-05
3.5,5.65,4.86833800772736e-05
3.55,5.65,4.45772483600983e-05
3.6,5.65,4.07998274161482e-05
3.65,5.65,3.73263782420971e-05
3.7,5.65,3.41338880634823e-05
3.75,5.65,3.12009610980145e-05
3.8,5.65,2.85077153416525e-05
3.85,5.65,2.60356851134202e-05
3.9,5.65,2.37677291013941e-05
3.95,5.65,2.1687943658983e-05
4,5.65,1.97815811075497e-05
4.05,5.65,1.80349728085096e-05
4.1,5.65,1.64354567752638e-05
4.15,5.65,1.49713096026453e-05
4.2,5.65,1.36316824989444e-05
4.25,5.65,1.24065412129886e-05
4.3,5.65,1.12866096561817e-05
4.35,5.65,1.02633170267991e-05
4.4,5.65,9.32874825119332e-06
4.45,5.65,8.47559756384778e-06
4.5,5.65,7.69712505541775e-06
4.55,5.65,6.98711602499054e-06
4.6,5.65,6.33984297977253e-06
4.65,5.65,5.75003013225318e-06
4.7,5.65,5.21282025159044e-06
4.75,5.65,4.72374373250327e-06
4.8,5.65,4.27868975133124e-06
4.85,5.65,3.87387938512446e-06
4.9,5.65,3.50584057565117e-06
4.95,5.65,3.17138482605209e-06
5,5.65,2.86758552352406e-06
5.05,5.65,2.5917577868808e-06
5.1,5.65,2.3414397431113e-06
5.15,5.65,2.11437514213807e-06
5.2,5.65,1.90849722386606e-06
5.25,5.65,1.72191375631126e-06
5.3,5.65,1.55289316810616e-06
5.35,5.65,1.39985170299886e-06
5.4,5.65,1.26134152809852e-06
5.45,5.65,1.13603973157237e-06
5.5,5.65,1.02273814927389e-06
5.55,5.65,9.20333963381672e-07
5.6,5.65,8.27821019557316e-07
5.65,5.65,7.44281812393605e-07
5.7,5.65,6.68880092025724e-07
5.75,5.65,6.00854047722941e-07
5.8,5.65,5.39510027071229e-07
5.85,5.65,4.84216752003668e-07
5.9,5.65,4.34399995440604e-07
5.95,5.65,3.89537684670128e-07
6,5.65,3.49155399837216e-07
-2,5.7,0.0575289116455015
-1.95,5.7,0.0551154137816889
-1.9,5.7,0.0527826207911873
-1.85,5.7,0.0505288562503668
-1.8,5.7,0.0483524300828655
-1.75,5.7,0.0462516412842625
-1.7,5.7,0.0442247805727414
-1.65,5.7,0.0422701329623959
-1.6,5.7,0.0403859802561523
-1.55,5.7,0.0385706034556066
-1.5,5.7,0.0368222850853888
-1.45,5.7,0.0351393114299846
-1.4,5.7,0.0335199746812522
-1.35,5.7,0.0319625749951751
-1.3,5.7,0.03046542245669
-1.25,5.7,0.0290268389517166
-1.2,5.7,0.0276451599457974
-1.15,5.7,0.0263187361690278
-1.1,5.7,0.0250459352072194
-1.05,5.7,0.0238251429994904
-1,5.7,0.0226547652427199
-0.95,5.7,0.0215332287035328
-0.9,5.7,0.0204589824387006
-0.85,5.7,0.0194304989250518
-0.8,5.7,0.0184462751001806
-0.75,5.7,0.0175048333154243
-0.7,5.7,0.0166047222027529
-0.65,5.7,0.015744517457371
-0.6,5.7,0.014922822537979
-0.55,5.7,0.0141382692867739
-0.5,5.7,0.0133895184713905
-0.45,5.7,0.0126752602510941
-0.4,5.7,0.0119942145696317
-0.35,5.7,0.0113451314772339
-0.3,5.7,0.010726791384333
-0.25,5.7,0.0101380052496266
-0.2,5.7,0.00957761470516288
-0.15,5.7,0.0090444921211693
-0.0999999999999999,5.7,0.0085375406133723
-0.0499999999999998,5.7,0.00805569399557788
0,5.7,0.00759791668029255
0.0500000000000003,5.7,0.00716320353016561
0.1,5.7,0.00675057966302688
0.15,5.7,0.00635910021327773
0.2,5.7,0.00598785005237087
0.25,5.7,0.00563594347108302
0.3,5.7,0.00530252382624787
0.35,5.7,0.00498676315457265
0.4,5.7,0.00468786175611245
0.45,5.7,0.00440504774992124
0.5,5.7,0.00413757660433922
0.55,5.7,0.00388473064431142
0.6,5.7,0.00364581853806495
0.65,5.7,0.00342017476540016
0.7,5.7,0.0032071590697766
0.75,5.7,0.00300615589629734
0.8,5.7,0.0028165738176154
0.85,5.7,0.00263784494970527
0.9,5.7,0.00246942435935904
0.95,5.7,0.00231078946518364
1,5.7,0.00216143943379037
1.05,5.7,0.00202089457278387
1.1,5.7,0.00188869572207211
1.15,5.7,0.00176440364493485
1.2,5.7,0.00164759842020359
1.25,5.7,0.00153787883682297
1.3,5.7,0.0014348617919813
1.35,5.7,0.00133818169391701
1.4,5.7,0.00124748987042818
1.45,5.7,0.00116245398403483
1.5,5.7,0.00108275745466744
1.55,5.7,0.00100809889068148
1.6,5.7,0.000938191528925716
1.65,5.7,0.000872762684522766
1.7,5.7,0.000811553210952962
1.75,5.7,0.000754316970968028
1.8,5.7,0.000700820318798776
1.85,5.7,0.000650841594061393
1.9,5.7,0.000604170627709873
1.95,5.7,0.000560608260327774
2,5.7,0.000519965873000746
2.05,5.7,0.000482064930962231
2.1,5.7,0.000446736540158385
2.15,5.7,0.000413821016834514
2.2,5.7,0.000383167470204199
2.25,5.7,0.000354633398223833
2.3,5.7,0.000328084296459265
2.35,5.7,0.000303393279997841
2.4,5.7,0.00028044071832811
2.45,5.7,0.000259113883080821
2.5,5.7,0.000239306608498597
2.55,5.7,0.000220918964477558
2.6,5.7,0.000203856942002351
2.65,5.7,0.000188032150776256
2.7,5.7,0.000173361528830266
2.75,5.7,0.000159767063879277
2.8,5.7,0.000147175526179499
2.85,5.7,0.000135518212629061
2.9,5.7,0.000124730701843222
2.95,5.7,0.000114752619926707
3,5.7,0.000105527416658265
3.05,5.7,9.70021517965393e-05
3.1,5.7,8.91272912117114e-05
3.15,5.7,8.18565125439417e-05
3.2,5.7,7.51465200874248e-05
3.25,5.7,6.89568685977149e-05
3.3,5.7,6.32497957198378e-05
3.35,5.7,5.79900627355177e-05
3.4,5.7,5.3144803329484e-05
3.45,5.7,4.86833800772736e-05
3.5,5.7,4.45772483600983e-05
3.55,5.7,4.07998274161482e-05
3.6,5.7,3.73263782420971e-05
3.65,5.7,3.41338880634823e-05
3.7,5.7,3.12009610980146e-05
3.75,5.7,2.85077153416525e-05
3.8,5.7,2.60356851134202e-05
3.85,5.7,2.37677291013941e-05
3.9,5.7,2.1687943658983e-05
3.95,5.7,1.97815811075497e-05
4,5.7,1.80349728085097e-05
4.05,5.7,1.64354567752638e-05
4.1,5.7,1.49713096026453e-05
4.15,5.7,1.36316824989444e-05
4.2,5.7,1.24065412129886e-05
4.25,5.7,1.12866096561818e-05
4.3,5.7,1.02633170267992e-05
4.35,5.7,9.32874825119332e-06
4.4,5.7,8.47559756384778e-06
4.45,5.7,7.69712505541775e-06
4.5,5.7,6.98711602499054e-06
4.55,5.7,6.33984297977256e-06
4.6,5.7,5.75003013225318e-06
4.65,5.7,5.21282025159044e-06
4.7,5.7,4.72374373250327e-06
4.75,5.7,4.27868975133126e-06
4.8,5.7,3.87387938512446e-06
4.85,5.7,3.50584057565117e-06
4.9,5.7,3.17138482605209e-06
4.95,5.7,2.86758552352406e-06
5,5.7,2.5917577868808e-06
5.05,5.7,2.3414397431113e-06
5.1,5.7,2.11437514213807e-06
5.15,5.7,1.90849722386606e-06
5.2,5.7,1.72191375631127e-06
5.25,5.7,1.55289316810616e-06
5.3,5.7,1.39985170299886e-06
5.35,5.7,1.26134152809852e-06
5.4,5.7,1.13603973157237e-06
5.45,5.7,1.02273814927389e-06
5.5,5.7,9.20333963381676e-07
5.55,5.7,8.27821019557316e-07
5.6,5.7,7.44281812393605e-07
5.65,5.7,6.68880092025724e-07
5.7,5.7,6.00854047722941e-07
5.75,5.7,5.39510027071229e-07
5.8,5.7,4.8421675200367e-07
5.85,5.7,4.34399995440604e-07
5.9,5.7,3.89537684670128e-07
5.95,5.7,3.49155399837216e-07
6,5.7,3.12822238021801e-07
-2,5.75,0.055115413781689
-1.95,5.75,0.0527826207911873
-1.9,5.75,0.0505288562503668
-1.85,5.75,0.0483524300828655
-1.8,5.75,0.0462516412842625
-1.75,5.75,0.0442247805727414
-1.7,5.75,0.0422701329623959
-1.65,5.75,0.0403859802561523
-1.6,5.75,0.0385706034556066
-1.55,5.75,0.0368222850853888
-1.5,5.75,0.0351393114299846
-1.45,5.75,0.0335199746812522
-1.4,5.75,0.0319625749951751
-1.35,5.75,0.03046542245669
-1.3,5.75,0.0290268389517167
-1.25,5.75,0.0276451599457974
-1.2,5.75,0.0263187361690278
-1.15,5.75,0.0250459352072194
-1.1,5.75,0.0238251429994904
-1.05,5.75,0.0226547652427199
-1,5.75,0.0215332287035328
-0.95,5.75,0.0204589824387006
-0.9,5.75,0.0194304989250518
-0.85,5.75,0.0184462751001806
-0.8,5.75,0.0175048333154243
-0.75,5.75,0.0166047222027529
-0.7,5.75,0.015744517457371
-0.65,5.75,0.014922822537979
-0.6,5.75,0.0141382692867739
-0.55,5.75,0.0133895184713905
-0.5,5.75,0.0126752602510941
-0.45,5.75,0.0119942145696318
-0.4,5.75,0.0113451314772339
-0.35,5.75,0.010726791384333
-0.3,5.75,0.0101380052496266
-0.25,5.75,0.00957761470516288
-0.2,5.75,0.0090444921211693
-0.15,5.75,0.00853754061337231
-0.0999999999999999,5.75,0.00805569399557788
-0.0499999999999998,5.75,0.00759791668029255
0,5.75,0.00716320353016562
0.0500000000000003,5.75,0.00675057966302688
0.1,5.75,0.00635910021327773
0.15,5.75,0.00598785005237087
0.2,5.75,0.00563594347108302
0.25,5.75,0.00530252382624787
0.3,5.75,0.00498676315457265
0.35,5.75,0.00468786175611245
0.4,5.75,0.00440504774992124
0.45,5.75,0.00413757660433922
0.5,5.75,0.00388473064431142
0.55,5.75,0.00364581853806495
0.6,5.75,0.00342017476540016
0.65,5.75,0.0032071590697766
0.7,5.75,0.00300615589629734
0.75,5.75,0.00281657381761541
0.8,5.75,0.00263784494970527
0.85,5.75,0.00246942435935905
0.9,5.75,0.00231078946518364
0.95,5.75,0.00216143943379037
1,5.75,0.00202089457278387
1.05,5.75,0.00188869572207211
1.1,5.75,0.00176440364493486
1.15,5.75,0.00164759842020359
1.2,5.75,0.00153787883682297
1.25,5.75,0.0014348617919813
1.3,5.75,0.00133818169391701
1.35,5.75,0.00124748987042818
1.4,5.75,0.00116245398403483
1.45,5.75,0.00108275745466744
1.5,5.75,0.00100809889068148
1.55,5.75,0.000938191528925716
1.6,5.75,0.000872762684522766
1.65,5.75,0.000811553210952962
1.7,5.75,0.000754316970968028
1.75,5.75,0.000700820318798777
1.8,5.75,0.000650841594061393
1.85,5.75,0.000604170627709873
1.9,5.75,0.000560608260327774
1.95,5.75,0.000519965873000747
2,5.75,0.000482064930962231
2.05,5.75,0.000446736540158386
2.1,5.75,0.000413821016834514
2.15,5.75,0.000383167470204199
2.2,5.75,0.000354633398223833
2.25,5.75,0.000328084296459265
2.3,5.75,0.000303393279997842
2.35,5.75,0.00028044071832811
2.4,5.75,0.000259113883080821
2.45,5.75,0.000239306608498597
2.5,5.75,0.000220918964477558
2.55,5.75,0.000203856942002351
2.6,5.75,0.000188032150776256
2.65,5.75,0.000173361528830267
2.7,5.75,0.000159767063879277
2.75,5.75,0.0001471755261795
2.8,5.75,0.000135518212629061
2.85,5.75,0.000124730701843222
2.9,5.75,0.000114752619926707
2.95,5.75,0.000105527416658265
3,5.75,9.70021517965393e-05
3.05,5.75,8.91272912117114e-05
3.1,5.75,8.18565125439417e-05
3.15,5.75,7.51465200874248e-05
3.2,5.75,6.89568685977149e-05
3.25,5.75,6.32497957198379e-05
3.3,5.75,5.79900627355177e-05
3.35,5.75,5.3144803329484e-05
3.4,5.75,4.86833800772736e-05
3.45,5.75,4.45772483600984e-05
3.5,5.75,4.07998274161484e-05
3.55,5.75,3.73263782420971e-05
3.6,5.75,3.41338880634823e-05
3.65,5.75,3.12009610980146e-05
3.7,5.75,2.85077153416525e-05
3.75,5.75,2.60356851134203e-05
3.8,5.75,2.37677291013941e-05
3.85,5.75,2.1687943658983e-05
3.9,5.75,1.97815811075497e-05
3.95,5.75,1.80349728085097e-05
4,5.75,1.64354567752638e-05
4.05,5.75,1.49713096026454e-05
4.1,5.75,1.36316824989444e-05
4.15,5.75,1.24065412129886e-05
4.2,5.75,1.12866096561818e-05
4.25,5.75,1.02633170267992e-05
4.3,5.75,9.32874825119332e-06
4.35,5.75,8.47559756384778e-06
4.4,5.75,7.69712505541775e-06
4.45,5.75,6.98711602499054e-06
4.5,5.75,6.33984297977256e-06
4.55,5.75,5.75003013225318e-06
4.6,5.75,5.21282025159044e-06
4.65,5.75,4.72374373250327e-06
4.7,5.75,4.27868975133128e-06
4.75,5.75,3.87387938512446e-06
4.8,5.75,3.50584057565117e-06
4.85,5.75,3.17138482605209e-06
4.9,5.75,2.86758552352406e-06
4.95,5.75,2.5917577868808e-06
5,5.75,2.34143974311131e-06
5.05,5.75,2.11437514213807e-06
5.1,5.75,1.90849722386606e-06
5.15,5.75,1.72191375631127e-06
5.2,5.75,1.55289316810617e-06
5.25,5.75,1.39985170299886e-06
5.3,5.75,1.26134152809853e-06
5.35,5.75,1.13603973157237e-06
5.4,5.75,1.02273814927389e-06
5.45,5.75,9.20333963381676e-07
5.5,5.75,8.2782101955732e-07
5.55,5.75,7.44281812393605e-07
5.6,5.75,6.68880092025724e-07
5.65,5.75,6.00854047722941e-07
5.7,5.75,5.39510027071229e-07
5.75,5.75,4.8421675200367e-07
5.8,5.75,4.34399995440606e-07
5.85,5.75,3.89537684670128e-07
5.9,5.75,3.49155399837216e-07
5.95,5.75,3.12822238021801e-07
6,5.75,2.80147015377229e-07
-2,5.8,0.0527826207911873
-1.95,5.8,0.0505288562503667
-1.9,5.8,0.0483524300828655
-1.85,5.8,0.0462516412842625
-1.8,5.8,0.0442247805727414
-1.75,5.8,0.0422701329623959
-1.7,5.8,0.0403859802561523
-1.65,5.8,0.0385706034556066
-1.6,5.8,0.0368222850853888
-1.55,5.8,0.0351393114299846
-1.5,5.8,0.0335199746812522
-1.45,5.8,0.0319625749951751
-1.4,5.8,0.03046542245669
-1.35,5.8,0.0290268389517166
-1.3,5.8,0.0276451599457974
-1.25,5.8,0.0263187361690278
-1.2,5.8,0.0250459352072194
-1.15,5.8,0.0238251429994904
-1.1,5.8,0.0226547652427199
-1.05,5.8,0.0215332287035328
-1,5.8,0.0204589824387006
-0.95,5.8,0.0194304989250518
-0.9,5.8,0.0184462751001806
-0.85,5.8,0.0175048333154243
-0.8,5.8,0.0166047222027528
-0.75,5.8,0.0157445174573709
-0.7,5.8,0.014922822537979
-0.65,5.8,0.0141382692867739
-0.6,5.8,0.0133895184713905
-0.55,5.8,0.0126752602510941
-0.5,5.8,0.0119942145696317
-0.45,5.8,0.0113451314772339
-0.4,5.8,0.010726791384333
-0.35,5.8,0.0101380052496266
-0.3,5.8,0.00957761470516288
-0.25,5.8,0.0090444921211693
-0.2,5.8,0.0085375406133723
-0.15,5.8,0.00805569399557788
-0.0999999999999999,5.8,0.00759791668029255
-0.0499999999999998,5.8,0.00716320353016561
0,5.8,0.00675057966302688
0.0500000000000003,5.8,0.00635910021327772
0.1,5.8,0.00598785005237086
0.15,5.8,0.00563594347108301
0.2,5.8,0.00530252382624787
0.25,5.8,0.00498676315457265
0.3,5.8,0.00468786175611245
0.35,5.8,0.00440504774992124
0.4,5.8,0.00413757660433921
0.45,5.8,0.00388473064431142
0.5,5.8,0.00364581853806495
0.55,5.8,0.00342017476540016
0.6,5.8,0.0032071590697766
0.65,5.8,0.00300615589629734
0.7,5.8,0.0028165738176154
0.75,5.8,0.00263784494970527
0.8,5.8,0.00246942435935904
0.85,5.8,0.00231078946518364
0.9,5.8,0.00216143943379037
0.95,5.8,0.00202089457278386
1,5.8,0.00188869572207211
1.05,5.8,0.00176440364493485
1.1,5.8,0.00164759842020359
1.15,5.8,0.00153787883682297
1.2,5.8,0.0014348617919813
1.25,5.8,0.00133818169391701
1.3,5.8,0.00124748987042818
1.35,5.8,0.00116245398403483
1.4,5.8,0.00108275745466744
1.45,5.8,0.00100809889068148
1.5,5.8,0.000938191528925715
1.55,5.8,0.000872762684522766
1.6,5.8,0.00081155321095296
1.65,5.8,0.000754316970968027
1.7,5.8,0.000700820318798776
1.75,5.8,0.000650841594061393
1.8,5.8,0.000604170627709872
1.85,5.8,0.000560608260327774
1.9,5.8,0.000519965873000745
1.95,5.8,0.000482064930962231
2,5.8,0.000446736540158385
2.05,5.8,0.000413821016834514
2.1,5.8,0.000383167470204198
2.15,5.8,0.000354633398223832
2.2,5.8,0.000328084296459264
2.25,5.8,0.000303393279997841
2.3,5.8,0.00028044071832811
2.35,5.8,0.000259113883080821
2.4,5.8,0.000239306608498597
2.45,5.8,0.000220918964477557
2.5,5.8,0.000203856942002351
2.55,5.8,0.000188032150776256
2.6,5.8,0.000173361528830266
2.65,5.8,0.000159767063879277
2.7,5.8,0.000147175526179499
2.75,5.8,0.000135518212629061
2.8,5.8,0.000124730701843222
2.85,5.8,0.000114752619926707
2.9,5.8,0.000105527416658265
2.95,5.8,9.70021517965393e-05
3,5.8,8.91272912117114e-05
3.05,5.8,8.18565125439414e-05
3.1,5.8,7.51465200874248e-05
3.15,5.8,6.89568685977148e-05
3.2,5.8,6.32497957198378e-05
3.25,5.8,5.79900627355177e-05
3.3,5.8,5.31448033294839e-05
3.35,5.8,4.86833800772735e-05
3.4,5.8,4.45772483600983e-05
3.45,5.8,4.07998274161483e-05
3.5,5.8,3.73263782420971e-05
3.55,5.8,3.41338880634823e-05
3.6,5.8,3.12009610980145e-05
3.65,5.8,2.85077153416525e-05
3.7,5.8,2.60356851134202e-05
3.75,5.8,2.37677291013941e-05
3.8,5.8,2.1687943658983e-05
3.85,5.8,1.97815811075497e-05
3.9,5.8,1.80349728085096e-05
3.95,5.8,1.64354567752638e-05
4,5.8,1.49713096026453e-05
4.05,5.8,1.36316824989444e-05
4.1,5.8,1.24065412129886e-05
4.15,5.8,1.12866096561817e-05
4.2,5.8,1.02633170267992e-05
4.25,5.8,9.32874825119332e-06
4.3,5.8,8.47559756384774e-06
4.35,5.8,7.69712505541771e-06
4.4,5.8,6.98711602499054e-06
4.45,5.8,6.33984297977256e-06
4.5,5.8,5.75003013225318e-06
4.55,5.8,5.21282025159044e-06
4.6,5.8,4.72374373250326e-06
4.65,5.8,4.27868975133126e-06
4.7,5.8,3.87387938512446e-06
4.75,5.8,3.50584057565117e-06
4.8,5.8,3.17138482605208e-06
4.85,5.8,2.86758552352406e-06
4.9,5.8,2.5917577868808e-06
4.95,5.8,2.3414397431113e-06
5,5.8,2.11437514213807e-06
5.05,5.8,1.90849722386606e-06
5.1,5.8,1.72191375631126e-06
5.15,5.8,1.55289316810616e-06
5.2,5.8,1.39985170299886e-06
5.25,5.8,1.26134152809852e-06
5.3,5.8,1.13603973157237e-06
5.35,5.8,1.02273814927389e-06
5.4,5.8,9.20333963381672e-07
5.45,5.8,8.27821019557316e-07
5.5,5.8,7.44281812393605e-07
5.55,5.8,6.68880092025721e-07
5.6,5.8,6.00854047722938e-07
5.65,5.8,5.39510027071229e-07
5.7,5.8,4.8421675200367e-07
5.75,5.8,4.34399995440606e-07
5.8,5.8,3.89537684670128e-07
5.85,5.8,3.49155399837214e-07
5.9,5.8,3.128222380218e-07
5.95,5.8,2.80147015377229e-07
6,5.8,2.50774781676414e-07
-2,5.85,0.0505288562503667
-1.95,5.85,0.0483524300828654
-1.9,5.85,0.0462516412842624
-1.85,5.85,0.0442247805727414
-1.8,5.85,0.0422701329623958
-1.75,5.85,0.0403859802561522
-1.7,5.85,0.0385706034556066
-1.65,5.85,0.0368222850853887
-1.6,5.85,0.0351393114299846
-1.55,5.85,0.0335199746812522
-1.5,5.85,0.031962574995175
-1.45,5.85,0.03046542245669
-1.4,5.85,0.0290268389517166
-1.35,5.85,0.0276451599457974
-1.3,5.85,0.0263187361690278
-1.25,5.85,0.0250459352072193
-1.2,5.85,0.0238251429994904
-1.15,5.85,0.0226547652427199
-1.1,5.85,0.0215332287035328
-1.05,5.85,0.0204589824387005
-1,5.85,0.0194304989250518
-0.95,5.85,0.0184462751001805
-0.9,5.85,0.0175048333154243
-0.85,5.85,0.0166047222027528
-0.8,5.85,0.0157445174573709
-0.75,5.85,0.0149228225379789
-0.7,5.85,0.0141382692867739
-0.65,5.85,0.0133895184713905
-0.6,5.85,0.0126752602510941
-0.55,5.85,0.0119942145696317
-0.5,5.85,0.0113451314772338
-0.45,5.85,0.010726791384333
-0.4,5.85,0.0101380052496266
-0.35,5.85,0.00957761470516287
-0.3,5.85,0.0090444921211693
-0.25,5.85,0.00853754061337229
-0.2,5.85,0.00805569399557787
-0.15,5.85,0.00759791668029255
-0.0999999999999999,5.85,0.00716320353016561
-0.0499999999999998,5.85,0.00675057966302687
0,5.85,0.00635910021327772
0.0500000000000003,5.85,0.00598785005237085
0.1,5.85,0.00563594347108301
0.15,5.85,0.00530252382624786
0.2,5.85,0.00498676315457265
0.25,5.85,0.00468786175611245
0.3,5.85,0.00440504774992123
0.35,5.85,0.00413757660433921
0.4,5.85,0.00388473064431141
0.45,5.85,0.00364581853806494
0.5,5.85,0.00342017476540015
0.55,5.85,0.0032071590697766
0.6,5.85,0.00300615589629733
0.65,5.85,0.0028165738176154
0.7,5.85,0.00263784494970526
0.75,5.85,0.00246942435935904
0.8,5.85,0.00231078946518364
0.85,5.85,0.00216143943379037
0.9,5.85,0.00202089457278386
0.95,5.85,0.0018886957220721
1,5.85,0.00176440364493485
1.05,5.85,0.00164759842020359
1.1,5.85,0.00153787883682297
1.15,5.85,0.0014348617919813
1.2,5.85,0.00133818169391701
1.25,5.85,0.00124748987042818
1.3,5.85,0.00116245398403483
1.35,5.85,0.00108275745466744
1.4,5.85,0.00100809889068148
1.45,5.85,0.000938191528925713
1.5,5.85,0.000872762684522765
1.55,5.85,0.00081155321095296
1.6,5.85,0.000754316970968027
1.65,5.85,0.000700820318798775
1.7,5.85,0.000650841594061392
1.75,5.85,0.000604170627709872
1.8,5.85,0.000560608260327774
1.85,5.85,0.000519965873000745
1.9,5.85,0.000482064930962229
1.95,5.85,0.000446736540158385
2,5.85,0.000413821016834513
2.05,5.85,0.000383167470204198
2.1,5.85,0.000354633398223832
2.15,5.85,0.000328084296459264
2.2,5.85,0.000303393279997841
2.25,5.85,0.00028044071832811
2.3,5.85,0.000259113883080821
2.35,5.85,0.000239306608498596
2.4,5.85,0.000220918964477557
2.45,5.85,0.000203856942002351
2.5,5.85,0.000188032150776256
2.55,5.85,0.000173361528830266
2.6,5.85,0.000159767063879277
2.65,5.85,0.000147175526179499
2.7,5.85,0.000135518212629061
2.75,5.85,0.000124730701843222
2.8,5.85,0.000114752619926707
2.85,5.85,0.000105527416658264
2.9,5.85,9.70021517965392e-05
2.95,5.85,8.91272912117114e-05
3,5.85,8.18565125439414e-05
3.05,5.85,7.51465200874246e-05
3.1,5.85,6.89568685977148e-05
3.15,5.85,6.32497957198377e-05
3.2,5.85,5.79900627355176e-05
3.25,5.85,5.31448033294839e-05
3.3,5.85,4.86833800772735e-05
3.35,5.85,4.45772483600982e-05
3.4,5.85,4.07998274161482e-05
3.45,5.85,3.73263782420971e-05
3.5,5.85,3.41338880634823e-05
3.55,5.85,3.12009610980145e-05
3.6,5.85,2.85077153416524e-05
3.65,5.85,2.60356851134202e-05
3.7,5.85,2.37677291013941e-05
3.75,5.85,2.1687943658983e-05
3.8,5.85,1.97815811075496e-05
3.85,5.85,1.80349728085096e-05
3.9,5.85,1.64354567752638e-05
3.95,5.85,1.49713096026453e-05
4,5.85,1.36316824989444e-05
4.05,5.85,1.24065412129886e-05
4.1,5.85,1.12866096561817e-05
4.15,5.85,1.02633170267991e-05
4.2,5.85,9.32874825119332e-06
4.25,5.85,8.47559756384774e-06
4.3,5.85,7.69712505541771e-06
4.35,5.85,6.98711602499054e-06
4.4,5.85,6.33984297977253e-06
4.45,5.85,5.75003013225316e-06
4.5,5.85,5.21282025159044e-06
4.55,5.85,4.72374373250326e-06
4.6,5.85,4.27868975133124e-06
4.65,5.85,3.87387938512446e-06
4.7,5.85,3.50584057565117e-06
4.75,5.85,3.17138482605208e-06
4.8,5.85,2.86758552352406e-06
4.85,5.85,2.59175778688079e-06
4.9,5.85,2.34143974311129e-06
4.95,5.85,2.11437514213807e-06
5,5.85,1.90849722386606e-06
5.05,5.85,1.72191375631125e-06
5.1,5.85,1.55289316810616e-06
5.15,5.85,1.39985170299886e-06
5.2,5.85,1.26134152809852e-06
5.25,5.85,1.13603973157237e-06
5.3,5.85,1.02273814927389e-06
5.35,5.85,9.20333963381668e-07
5.4,5.85,8.27821019557316e-07
5.45,5.85,7.44281812393605e-07
5.5,5.85,6.68880092025721e-07
5.55,5.85,6.00854047722938e-07
5.6,5.85,5.39510027071229e-07
5.65,5.85,4.84216752003668e-07
5.7,5.85,4.34399995440604e-07
5.75,5.85,3.89537684670128e-07
5.8,5.85,3.49155399837214e-07
5.85,5.85,3.128222380218e-07
5.9,5.85,2.80147015377229e-07
5.95,5.85,2.50774781676413e-07
6,5.85,2.24383623378347e-07
-2,5.9,0.0483524300828655
-1.95,5.9,0.0462516412842624
-1.9,5.9,0.0442247805727414
-1.85,5.9,0.0422701329623959
-1.8,5.9,0.0403859802561523
-1.75,5.9,0.0385706034556066
-1.7,5.9,0.0368222850853888
-1.65,5.9,0.0351393114299846
-1.6,5.9,0.0335199746812522
-1.55,5.9,0.031962574995175
-1.5,5.9,0.03046542245669
-1.45,5.9,0.0290268389517166
-1.4,5.9,0.0276451599457974
-1.35,5.9,0.0263187361690278
-1.3,5.9,0.0250459352072194
-1.25,5.9,0.0238251429994904
-1.2,5.9,0.0226547652427199
-1.15,5.9,0.0215332287035328
-1.1,5.9,0.0204589824387006
-1.05,5.9,0.0194304989250518
-1,5.9,0.0184462751001806
-0.95,5.9,0.0175048333154243
-0.9,5.9,0.0166047222027528
-0.85,5.9,0.0157445174573709
-0.8,5.9,0.014922822537979
-0.75,5.9,0.0141382692867739
-0.7,5.9,0.0133895184713905
-0.65,5.9,0.0126752602510941
-0.6,5.9,0.0119942145696317
-0.55,5.9,0.0113451314772338
-0.5,5.9,0.010726791384333
-0.45,5.9,0.0101380052496266
-0.4,5.9,0.00957761470516287
-0.35,5.9,0.0090444921211693
-0.3,5.9,0.0085375406133723
-0.25,5.9,0.00805569399557787
-0.2,5.9,0.00759791668029255
-0.15,5.9,0.00716320353016561
-0.0999999999999999,5.9,0.00675057966302687
-0.0499999999999998,5.9,0.00635910021327772
0,5.9,0.00598785005237086
0.0500000000000003,5.9,0.00563594347108301
0.1,5.9,0.00530252382624786
0.15,5.9,0.00498676315457265
0.2,5.9,0.00468786175611245
0.25,5.9,0.00440504774992124
0.3,5.9,0.00413757660433921
0.35,5.9,0.00388473064431142
0.4,5.9,0.00364581853806494
0.45,5.9,0.00342017476540015
0.5,5.9,0.0032071590697766
0.55,5.9,0.00300615589629734
0.6,5.9,0.0028165738176154
0.65,5.9,0.00263784494970526
0.7,5.9,0.00246942435935904
0.75,5.9,0.00231078946518364
0.8,5.9,0.00216143943379037
0.85,5.9,0.00202089457278386
0.9,5.9,0.0018886957220721
0.95,5.9,0.00176440364493485
1,5.9,0.00164759842020359
1.05,5.9,0.00153787883682297
1.1,5.9,0.0014348617919813
1.15,5.9,0.00133818169391701
1.2,5.9,0.00124748987042818
1.25,5.9,0.00116245398403483
1.3,5.9,0.00108275745466744
1.35,5.9,0.00100809889068148
1.4,5.9,0.000938191528925713
1.45,5.9,0.000872762684522766
1.5,5.9,0.00081155321095296
1.55,5.9,0.000754316970968027
1.6,5.9,0.000700820318798776
1.65,5.9,0.000650841594061392
1.7,5.9,0.000604170627709872
1.75,5.9,0.000560608260327774
1.8,5.9,0.000519965873000745
1.85,5.9,0.00048206493096223
1.9,5.9,0.000446736540158385
1.95,5.9,0.000413821016834513
2,5.9,0.000383167470204198
2.05,5.9,0.000354633398223832
2.1,5.9,0.000328084296459264
2.15,5.9,0.000303393279997841
2.2,5.9,0.00028044071832811
2.25,5.9,0.000259113883080821
2.3,5.9,0.000239306608498597
2.35,5.9,0.000220918964477557
2.4,5.9,0.000203856942002351
2.45,5.9,0.000188032150776256
2.5,5.9,0.000173361528830266
2.55,5.9,0.000159767063879277
2.6,5.9,0.000147175526179499
2.65,5.9,0.000135518212629061
2.7,5.9,0.000124730701843222
2.75,5.9,0.000114752619926707
2.8,5.9,0.000105527416658264
2.85,5.9,9.70021517965392e-05
2.9,5.9,8.91272912117114e-05
2.95,5.9,8.18565125439414e-05
3,5.9,7.51465200874248e-05
3.05,5.9,6.89568685977148e-05
3.1,5.9,6.32497957198377e-05
3.15,5.9,5.79900627355177e-05
3.2,5.9,5.31448033294839e-05
3.25,5.9,4.86833800772735e-05
3.3,5.9,4.45772483600982e-05
3.35,5.9,4.07998274161482e-05
3.4,5.9,3.73263782420971e-05
3.45,5.9,3.41338880634823e-05
3.5,5.9,3.12009610980145e-05
3.55,5.9,2.85077153416524e-05
3.6,5.9,2.60356851134202e-05
3.65,5.9,2.37677291013941e-05
3.7,5.9,2.1687943658983e-05
3.75,5.9,1.97815811075497e-05
3.8,5.9,1.80349728085096e-05
3.85,5.9,1.64354567752638e-05
3.9,5.9,1.49713096026453e-05
3.95,5.9,1.36316824989444e-05
4,5.9,1.24065412129886e-05
4.05,5.9,1.12866096561817e-05
4.1,5.9,1.02633170267991e-05
4.15,5.9,9.32874825119332e-06
4.2,5.9,8.47559756384774e-06
4.25,5.9,7.69712505541775e-06
4.3,5.9,6.98711602499054e-06
4.35,5.9,6.33984297977253e-06
4.4,5.9,5.75003013225316e-06
4.45,5.9,5.21282025159044e-06
4.5,5.9,4.72374373250327e-06
4.55,5.9,4.27868975133124e-06
4.6,5.9,3.87387938512446e-06
4.65,5.9,3.50584057565116e-06
4.7,5.9,3.17138482605209e-06
4.75,5.9,2.86758552352406e-06
4.8,5.9,2.59175778688079e-06
4.85,5.9,2.34143974311129e-06
4.9,5.9,2.11437514213807e-06
4.95,5.9,1.90849722386606e-06
5,5.9,1.72191375631126e-06
5.05,5.9,1.55289316810616e-06
5.1,5.9,1.39985170299886e-06
5.15,5.9,1.26134152809852e-06
5.2,5.9,1.13603973157237e-06
5.25,5.9,1.02273814927389e-06
5.3,5.9,9.20333963381672e-07
5.35,5.9,8.27821019557316e-07
5.4,5.9,7.44281812393605e-07
5.45,5.9,6.68880092025721e-07
5.5,5.9,6.00854047722938e-07
5.55,5.9,5.39510027071229e-07
5.6,5.9,4.84216752003668e-07
5.65,5.9,4.34399995440604e-07
5.7,5.9,3.89537684670128e-07
5.75,5.9,3.49155399837216e-07
5.8,5.9,3.128222380218e-07
5.85,5.9,2.80147015377229e-07
5.9,5.9,2.50774781676413e-07
5.95,5.9,2.24383623378347e-07
6,5.9,2.00681732987574e-07
-2,5.95,0.0462516412842625
-1.95,5.95,0.0442247805727414
-1.9,5.95,0.0422701329623959
-1.85,5.95,0.0403859802561523
-1.8,5.95,0.0385706034556066
-1.75,5.95,0.0368222850853888
-1.7,5.95,0.0351393114299846
-1.65,5.95,0.0335199746812522
-1.6,5.95,0.0319625749951751
-1.55,5.95,0.03046542245669
-1.5,5.95,0.0290268389517166
-1.45,5.95,0.0276451599457974
-1.4,5.95,0.0263187361690278
-1.35,5.95,0.0250459352072194
-1.3,5.95,0.0238251429994904
-1.25,5.95,0.0226547652427199
-1.2,5.95,0.0215332287035328
-1.15,5.95,0.0204589824387006
-1.1,5.95,0.0194304989250518
-1.05,5.95,0.0184462751001806
-1,5.95,0.0175048333154243
-0.95,5.95,0.0166047222027528
-0.9,5.95,0.0157445174573709
-0.85,5.95,0.014922822537979
-0.8,5.95,0.0141382692867739
-0.75,5.95,0.0133895184713905
-0.7,5.95,0.0126752602510941
-0.65,5.95,0.0119942145696317
-0.6,5.95,0.0113451314772338
-0.55,5.95,0.010726791384333
-0.5,5.95,0.0101380052496266
-0.45,5.95,0.00957761470516288
-0.4,5.95,0.0090444921211693
-0.35,5.95,0.0085375406133723
-0.3,5.95,0.00805569399557788
-0.25,5.95,0.00759791668029255
-0.2,5.95,0.00716320353016561
-0.15,5.95,0.00675057966302688
-0.0999999999999999,5.95,0.00635910021327772
-0.0499999999999998,5.95,0.00598785005237086
0,5.95,0.00563594347108301
0.0500000000000003,5.95,0.00530252382624786
0.1,5.95,0.00498676315457265
0.15,5.95,0.00468786175611245
0.2,5.95,0.00440504774992124
0.25,5.95,0.00413757660433922
0.3,5.95,0.00388473064431142
0.35,5.95,0.00364581853806495
0.4,5.95,0.00342017476540015
0.45,5.95,0.0032071590697766
0.5,5.95,0.00300615589629734
0.55,5.95,0.0028165738176154
0.6,5.95,0.00263784494970526
0.65,5.95,0.00246942435935904
0.7,5.95,0.00231078946518364
0.75,5.95,0.00216143943379037
0.8,5.95,0.00202089457278386
0.85,5.95,0.00188869572207211
0.9,5.95,0.00176440364493485
0.95,5.95,0.00164759842020359
1,5.95,0.00153787883682297
1.05,5.95,0.0014348617919813
1.1,5.95,0.00133818169391701
1.15,5.95,0.00124748987042818
1.2,5.95,0.00116245398403483
1.25,5.95,0.00108275745466744
1.3,5.95,0.00100809889068148
1.35,5.95,0.000938191528925715
1.4,5.95,0.000872762684522766
1.45,5.95,0.00081155321095296
1.5,5.95,0.000754316970968027
1.55,5.95,0.000700820318798776
1.6,5.95,0.000650841594061392
1.65,5.95,0.000604170627709872
1.7,5.95,0.000560608260327774
1.75,5.95,0.000519965873000746
1.8,5.95,0.00048206493096223
1.85,5.95,0.000446736540158385
1.9,5.95,0.000413821016834513
1.95,5.95,0.000383167470204199
2,5.95,0.000354633398223832
2.05,5.95,0.000328084296459264
2.1,5.95,0.000303393279997841
2.15,5.95,0.00028044071832811
2.2,5.95,0.000259113883080821
2.25,5.95,0.000239306608498597
2.3,5.95,0.000220918964477557
2.35,5.95,0.000203856942002351
2.4,5.95,0.000188032150776256
2.45,5.95,0.000173361528830266
2.5,5.95,0.000159767063879277
2.55,5.95,0.000147175526179499
2.6,5.95,0.000135518212629061
2.65,5.95,0.000124730701843222
2.7,5.95,0.000114752619926707
2.75,5.95,0.000105527416658265
2.8,5.95,9.70021517965392e-05
2.85,5.95,8.91272912117114e-05
2.9,5.95,8.18565125439415e-05
2.95,5.95,7.51465200874248e-05
3,5.95,6.89568685977148e-05
3.05,5.95,6.32497957198377e-05
3.1,5.95,5.79900627355177e-05
3.15,5.95,5.31448033294839e-05
3.2,5.95,4.86833800772735e-05
3.25,5.95,4.45772483600983e-05
3.3,5.95,4.07998274161482e-05
3.35,5.95,3.73263782420971e-05
3.4,5.95,3.41338880634823e-05
3.45,5.95,3.12009610980145e-05
3.5,5.95,2.85077153416525e-05
3.55,5.95,2.60356851134202e-05
3.6,5.95,2.37677291013941e-05
3.65,5.95,2.1687943658983e-05
3.7,5.95,1.97815811075497e-05
3.75,5.95,1.80349728085096e-05
3.8,5.95,1.64354567752638e-05
3.85,5.95,1.49713096026453e-05
3.9,5.95,1.36316824989444e-05
3.95,5.95,1.24065412129886e-05
4,5.95,1.12866096561817e-05
4.05,5.95,1.02633170267991e-05
4.1,5.95,9.32874825119332e-06
4.15,5.95,8.47559756384774e-06
4.2,5.95,7.69712505541775e-06
4.25,5.95,6.98711602499054e-06
4.3,5.95,6.33984297977253e-06
4.35,5.95,5.75003013225316e-06
4.4,5.95,5.21282025159044e-06
4.45,5.95,4.72374373250327e-06
4.5,5.95,4.27868975133126e-06
4.55,5.95,3.87387938512446e-06
4.6,5.95,3.50584057565116e-06
4.65,5.95,3.17138482605209e-06
4.7,5.95,2.86758552352406e-06
4.75,5.95,2.5917577868808e-06
4.8,5.95,2.34143974311129e-06
4.85,5.95,2.11437514213807e-06
4.9,5.95,1.90849722386606e-06
4.95,5.95,1.72191375631126e-06
5,5.95,1.55289316810616e-06
5.05,5.95,1.39985170299886e-06
5.1,5.95,1.26134152809852e-06
5.15,5.95,1.13603973157237e-06
5.2,5.95,1.02273814927389e-06
5.25,5.95,9.20333963381672e-07
5.3,5.95,8.27821019557316e-07
5.35,5.95,7.44281812393605e-07
5.4,5.95,6.68880092025721e-07
5.45,5.95,6.00854047722938e-07
5.5,5.95,5.39510027071229e-07
5.55,5.95,4.84216752003668e-07
5.6,5.95,4.34399995440604e-07
5.65,5.95,3.89537684670128e-07
5.7,5.95,3.49155399837216e-07
5.75,5.95,3.12822238021801e-07
5.8,5.95,2.80147015377229e-07
5.85,5.95,2.50774781676413e-07
5.9,5.95,2.24383623378347e-07
5.95,5.95,2.00681732987574e-07
6,5.95,1.7940472403869e-07
-2,6,0.0442247805727414
-1.95,6,0.0422701329623959
-1.9,6,0.0403859802561523
-1.85,6,0.0385706034556066
-1.8,6,0.0368222850853888
-1.75,6,0.0351393114299846
-1.7,6,0.0335199746812522
-1.65,6,0.0319625749951751
-1.6,6,0.03046542245669
-1.55,6,0.0290268389517166
-1.5,6,0.0276451599457974
-1.45,6,0.0263187361690278
-1.4,6,0.0250459352072194
-1.35,6,0.0238251429994904
-1.3,6,0.0226547652427199
-1.25,6,0.0215332287035328
-1.2,6,0.0204589824387006
-1.15,6,0.0194304989250518
-1.1,6,0.0184462751001806
-1.05,6,0.0175048333154243
-1,6,0.0166047222027529
-0.95,6,0.015744517457371
-0.9,6,0.014922822537979
-0.85,6,0.0141382692867739
-0.8,6,0.0133895184713905
-0.75,6,0.0126752602510941
-0.7,6,0.0119942145696317
-0.65,6,0.0113451314772339
-0.6,6,0.010726791384333
-0.55,6,0.0101380052496266
-0.5,6,0.00957761470516288
-0.45,6,0.0090444921211693
-0.4,6,0.0085375406133723
-0.35,6,0.00805569399557788
-0.3,6,0.00759791668029255
-0.25,6,0.00716320353016561
-0.2,6,0.00675057966302688
-0.15,6,0.00635910021327773
-0.0999999999999999,6,0.00598785005237086
-0.0499999999999998,6,0.00563594347108301
0,6,0.00530252382624787
0.0500000000000003,6,0.00498676315457265
0.1,6,0.00468786175611245
0.15,6,0.00440504774992124
0.2,6,0.00413757660433922
0.25,6,0.00388473064431142
0.3,6,0.00364581853806495
0.35,6,0.00342017476540016
0.4,6,0.0032071590697766
0.45,6,0.00300615589629734
0.5,6,0.0028165738176154
0.55,6,0.00263784494970527
0.6,6,0.00246942435935904
0.65,6,0.00231078946518364
0.7,6,0.00216143943379037
0.75,6,0.00202089457278387
0.8,6,0.00188869572207211
0.85,6,0.00176440364493485
0.9,6,0.00164759842020359
0.95,6,0.00153787883682297
1,6,0.0014348617919813
1.05,6,0.00133818169391701
1.1,6,0.00124748987042818
1.15,6,0.00116245398403483
1.2,6,0.00108275745466744
1.25,6,0.00100809889068148
1.3,6,0.000938191528925715
1.35,6,0.000872762684522766
1.4,6,0.00081155321095296
1.45,6,0.000754316970968028
1.5,6,0.000700820318798776
1.55,6,0.000650841594061393
1.6,6,0.000604170627709873
1.65,6,0.000560608260327774
1.7,6,0.000519965873000746
1.75,6,0.000482064930962231
1.8,6,0.000446736540158385
1.85,6,0.000413821016834514
1.9,6,0.000383167470204199
1.95,6,0.000354633398223832
2,6,0.000328084296459264
2.05,6,0.000303393279997841
2.1,6,0.00028044071832811
2.15,6,0.000259113883080821
2.2,6,0.000239306608498597
2.25,6,0.000220918964477557
2.3,6,0.000203856942002351
2.35,6,0.000188032150776256
2.4,6,0.000173361528830266
2.45,6,0.000159767063879277
2.5,6,0.000147175526179499
2.55,6,0.000135518212629062
2.6,6,0.000124730701843222
2.65,6,0.000114752619926707
2.7,6,0.000105527416658265
2.75,6,9.70021517965393e-05
2.8,6,8.91272912117114e-05
2.85,6,8.18565125439415e-05
2.9,6,7.51465200874248e-05
2.95,6,6.89568685977148e-05
3,6,6.32497957198379e-05
3.05,6,5.79900627355177e-05
3.1,6,5.31448033294839e-05
3.15,6,4.86833800772736e-05
3.2,6,4.45772483600983e-05
3.25,6,4.07998274161483e-05
3.3,6,3.73263782420971e-05
3.35,6,3.41338880634823e-05
3.4,6,3.12009610980145e-05
3.45,6,2.85077153416525e-05
3.5,6,2.60356851134202e-05
3.55,6,2.37677291013941e-05
3.6,6,2.1687943658983e-05
3.65,6,1.97815811075497e-05
3.7,6,1.80349728085097e-05
3.75,6,1.64354567752638e-05
3.8,6,1.49713096026453e-05
3.85,6,1.36316824989444e-05
3.9,6,1.24065412129886e-05
3.95,6,1.12866096561818e-05
4,6,1.02633170267992e-05
4.05,6,9.32874825119332e-06
4.1,6,8.47559756384774e-06
4.15,6,7.69712505541775e-06
4.2,6,6.98711602499054e-06
4.25,6,6.33984297977256e-06
4.3,6,5.75003013225318e-06
4.35,6,5.21282025159044e-06
4.4,6,4.72374373250327e-06
4.45,6,4.27868975133126e-06
4.5,6,3.87387938512446e-06
4.55,6,3.50584057565117e-06
4.6,6,3.17138482605209e-06
4.65,6,2.86758552352406e-06
4.7,6,2.5917577868808e-06
4.75,6,2.3414397431113e-06
4.8,6,2.11437514213807e-06
4.85,6,1.90849722386606e-06
4.9,6,1.72191375631126e-06
4.95,6,1.55289316810616e-06
5,6,1.39985170299886e-06
5.05,6,1.26134152809852e-06
5.1,6,1.13603973157237e-06
5.15,6,1.02273814927389e-06
5.2,6,9.20333963381676e-07
5.25,6,8.27821019557316e-07
5.3,6,7.44281812393605e-07
5.35,6,6.68880092025721e-07
5.4,6,6.00854047722938e-07
5.45,6,5.39510027071229e-07
5.5,6,4.8421675200367e-07
5.55,6,4.34399995440604e-07
5.6,6,3.89537684670128e-07
5.65,6,3.49155399837216e-07
5.7,6,3.12822238021801e-07
5.75,6,2.80147015377229e-07
5.8,6,2.50774781676414e-07
5.85,6,2.24383623378347e-07
5.9,6,2.00681732987574e-07
5.95,6,1.7940472403869e-07
6,6,1.60313172501592e-07
