"date","r_star","pi_star","real_yield_10y","nominal_tp","real_tp_5y","real_tp","inflation_rp","r_star_liquid_tips","pi_star_liquid_tips","real_yield_10y_liquid_tips","nominal_tp_liquid_tips","real_tp_5y_liquid_tips","real_tp_liquid_tips","inflation_rp_liquid_tips"
1968-10-01,0.59266148835971,4.64091756568865,1.39546108350769,0.645571086065739,0.291131640621661,0.626214569345354,0.152346255359993,0.617593065493964,4.57465443017278,1.37020324182173,0.652702036197929,0.20543840378475,0.541818519724819,0.265431972819554
1968-11-01,1.05278255020787,4.02523319977138,1.91466057754251,0.841793211151998,0.412493538202999,0.755067515305097,0.220935529202562,1.07058185994506,3.9558392850997,1.89356140926717,0.851312533152789,0.329824540039415,0.673023996850905,0.333989221727402
1968-12-01,2.0269666980022,3.00911283738704,3.00340161992693,1.29995427868813,0.675256817686274,1.05965527608989,0.378294185917167,2.29785025374932,2.57119167405076,3.27824836261799,1.41957397541138,0.650647528422126,1.05121553641238,0.528871687771504
1969-01-01,2.03209728735557,2.90219937829584,3.09728672083964,1.33306763545735,0.725363301829318,1.07995381864295,0.391104885942106,2.2395116371375,2.54436331289636,3.30667796040915,1.4283467452652,0.690714180924351,1.05570123911329,0.532869479365077
1969-02-01,1.99296310129958,2.80891918966907,3.16737530466603,1.44093729378441,0.868925210808398,1.14894894964376,0.4302125456265,2.16250264258607,2.49924298149513,3.33871192416242,1.52145776432001,0.829150985676106,1.11566407302357,0.566061754838513
1969-03-01,1.88152612725396,2.80969640901062,3.13588751071215,1.51987035746643,0.995039074509507,1.1990831963168,0.459016554137301,2.04040499545866,2.51673440555183,3.29520667113265,1.59444202084747,0.953976887636554,1.16248238595767,0.592122970647611
1969-04-01,1.86730167718933,2.87520779497828,3.04789229614186,1.38864678526193,0.85199353697525,1.11308040913825,0.413191939113801,2.0584376445535,2.54657066154227,3.23504301870241,1.47132364066777,0.813172271415729,1.08096818951355,0.549950263513816
1969-05-01,1.89713660240362,2.84481471735281,3.17968778755146,1.58911455758305,1.05635636450919,1.24618915308288,0.481631706243638,2.06211914302454,2.53942766994459,3.34916463202653,1.66948472763967,1.01772726029048,1.21387504041907,0.616409029182227
1969-06-01,1.73735264544604,2.79080402555975,3.25221739910115,1.66737898827953,1.21083014034287,1.29481634498262,0.511000930921127,1.83964231465593,2.57456771595251,3.3515649325736,1.7193507643232,1.1605235221649,1.24475311956203,0.634735509287148
1969-07-01,1.48800733558254,2.73233174019003,3.29424810247161,1.72746377627633,1.38157561035584,1.32954586560226,0.535577700896515,1.60582584108351,2.4998040620287,3.40350505369909,1.77550613048332,1.33614351071881,1.27725620433431,0.657234629871598
1969-08-01,1.44166222942107,2.66557737156308,3.30559007409065,1.76123010240241,1.44548771910495,1.34929266918969,0.549424852848783,1.54412093472076,2.45973105320675,3.39550014119909,1.80006239198313,1.39563203358218,1.29130334682625,0.667386945002293
1969-09-01,1.69238476196128,2.82775839424648,3.57472880873798,2.06849640836507,1.64877741635596,1.56352961821178,0.645234688072126,1.75136157415775,2.65512651644289,3.64461814968627,2.11879842517632,1.60029699908611,1.51549365779112,0.765561803547759
1969-10-01,1.77170009976885,2.93886363227813,3.53178022500344,2.01662110098258,1.54449422187788,1.53287963718359,0.624180423895234,1.85396998845466,2.72214410578679,3.63251638898605,2.0819385101014,1.50339751130777,1.49416193391875,0.750472308414762
1969-11-01,1.65090773973947,2.92706820756218,3.47872107676368,1.92562972600859,1.49805150147672,1.46988408896966,0.595376744809955,1.74776692465613,2.6946881974939,3.58786760726925,1.98860822635984,1.4591749836857,1.428899060606,0.721358396483213
1969-12-01,1.95893991808353,3.01641161489931,3.75263096168334,1.99479071833076,1.43690341870816,1.52549713868321,0.610240829826756,2.06758802966123,2.75057890808963,3.89114420291452,2.08284634775489,1.40676878115124,1.50172966341288,0.744756916973004
1970-01-01,2.16981605967814,3.13828532112543,3.90860452697883,2.1288763554814,1.47481317801601,1.62223701197845,0.648664279387233,2.27513704791655,2.85259418810675,4.06314223261031,2.23607515275401,1.45260939351734,1.61220364523498,0.789106117462984
1970-02-01,2.21295876904722,3.17005492474976,3.79135623011198,2.15938094904462,1.48323694006519,1.64294344244291,0.658695789997728,2.3170973362203,2.87441287478352,3.9511887029869,2.27076671328284,1.46363088612259,1.63563435980691,0.800686062375046
1970-03-01,2.20019211057828,3.03224659239571,3.5918122475819,1.94535576496597,1.2841481456402,1.49539320639413,0.591365122293403,2.30567278472503,2.74503734304462,3.7412357759222,2.04390616533314,1.25886686992786,1.4776386479502,0.73059032643215
1970-04-01,2.34672938860879,3.13138555505289,3.75248038597219,2.18512072639747,1.46211855617246,1.66102054340195,0.666715576266582,2.45527496398738,2.82228945266045,3.92364028780597,2.30379532084164,1.44498471638835,1.65846768943605,0.81136959858764
1970-05-01,2.32840353241679,3.09814800726097,3.99159747198512,2.46526555460839,1.77122501979107,1.84874249246348,0.759971917177337,2.41536552371767,2.79788676813272,4.15359454458834,2.58454425750178,1.75937128308583,1.84842879382461,0.903094840808356
1970-06-01,2.31366181131941,3.00587193924903,3.97489802786879,2.47538264218998,1.80274960354484,1.85281689593347,0.766035854224361,2.38834652494006,2.72130260044313,4.12297781766194,2.5866647288645,1.78890443809354,1.84699653717265,0.906517133292355
1970-07-01,2.349076343736,3.00890644920328,3.87918866162184,2.36922464362583,1.6753443532803,1.78177903088453,0.730655791550458,2.42122647282268,2.73486945993903,4.01995409820174,2.47658617187567,1.65652727136463,1.77266679435238,0.870456630382753
1970-08-01,2.46972682248228,3.05594333097727,3.90438405313522,2.34783807859877,1.5966143500544,1.7709353142759,0.720253682702498,2.53137759744779,2.79165495074029,4.03894602106739,2.45821436779851,1.57633077916056,1.76386246762282,0.86117771846896
1970-09-01,2.46555408968029,3.04354199026781,3.78160661353394,2.22874988673086,1.47430744164994,1.69017985433575,0.681545685023027,2.49537896727455,2.82866153925429,3.87698485816084,2.32261104350763,1.44405121200289,1.67139619190685,0.817463256049759
1970-10-01,2.394946540587,3.05170402014334,3.66458492563927,2.1705696606823,1.43925415904959,1.64937778280575,0.663856946831666,2.44041411586685,2.81980974008197,3.77185256241415,2.26531656988965,1.4105276510079,1.6306365551551,0.800534290053862
1970-11-01,2.35934474298874,3.07525923987161,3.34275442012294,1.88700754651834,1.14943729240361,1.45787065986005,0.570727398027968,2.42610532508659,2.83400807607192,3.4572564922646,1.97732959700371,1.11470968173276,1.43416258963636,0.707737178698274
1970-12-01,2.23867128988061,3.06244112934419,3.06319047365445,1.63937027952073,0.938077302796894,1.28893972978392,0.490691535733243,2.2033263960589,2.98542363601831,3.05129345319309,1.67649982628229,0.871891283955622,1.22893796572356,0.610145523064115
1971-01-01,2.43116952613297,3.10148099904552,3.09936124909889,1.72059906826613,0.940024187258482,1.34697097757995,0.514724536627208,2.37233642749539,3.0395086755899,3.07678937565065,1.76298707980572,0.874243499577744,1.2908917951314,0.635799355747284
1971-02-01,2.63797670157844,3.10114138053128,3.04929808222567,1.71013925541769,0.845954463274963,1.34294564664811,0.508655799000163,2.53922715979797,3.08070669653438,2.99392128981634,1.74647357433896,0.773477608262814,1.28264567323306,0.627998542101176
1971-03-01,2.4084487845173,3.01643880172865,2.73705204646873,1.41525243427336,0.642309810514426,1.13990128693236,0.414850545070822,2.285262354447,3.05358360035265,2.63185390246196,1.41869852016913,0.555459249359372,1.0559936556136,0.524174728616153
1971-04-01,2.35678704763091,2.9529305515361,3.00373186215722,1.7274117495173,0.998401821556102,1.34545267128379,0.522773938294785,2.20374560198515,3.01579484259148,2.87962152761382,1.72894532980169,0.915868808668044,1.26249707275571,0.629310183014622
1971-05-01,2.23400501971027,2.90913511607623,3.21426230773365,2.07533609970819,1.41905551972476,1.57430099612839,0.643020061129951,2.07979600823241,2.95738253013448,3.10117863068855,2.08329631778539,1.34672855893397,1.49790117112045,0.749514714876234
1971-06-01,2.16053279787129,2.9749695788801,3.28012380947548,2.07945481828341,1.44446826090986,1.57868860566774,0.642615558694156,1.99106727054344,3.04791969100143,3.14873406980077,2.08109663013358,1.36877476721441,1.49844500761829,0.74661741169522
1971-07-01,2.24700791618241,2.99469366867473,3.48273878632758,2.14323355876012,1.47676365025868,1.6253260028102,0.660182955376936,2.05993000927218,3.08215106458295,3.34016186496342,2.1462248287818,1.40163113173168,1.5464577526306,0.76432612703947
1971-08-01,2.10070398013054,2.44158435743106,3.45938046388014,2.11194718772126,1.58875869980926,1.58596148049054,0.667307690720849,1.76025863473768,2.73101749123662,3.14567308416017,2.04043274727492,1.48977399282789,1.45828123944247,0.744234872217883
1971-09-01,1.72171736968577,2.84763440733178,2.93139636583369,1.789226110444,1.32901679424944,1.37182973531251,0.556491172086126,1.57732807017356,2.93029446190879,2.79113289078106,1.76621819665561,1.2451005541378,1.27387879865887,0.652543989905282
1971-10-01,1.78573596312777,2.78733835888787,2.85840391703585,1.67504685322362,1.19223761985074,1.29509336639913,0.518551569236282,1.64301056066635,2.86577773415824,2.71842276018367,1.65061283566047,1.10819843597873,1.19522484136499,0.614959851340181
1971-11-01,1.90700736662878,2.77868215493971,2.85735068828208,1.64862841837393,1.11827791276078,1.27943452494436,0.508055306073254,1.77632642463502,2.83670719494528,2.73348976529654,1.63205930472446,1.0363962248991,1.18431010713893,0.607750680503411
1971-12-01,1.90032598458416,2.88572689815752,2.7981427133935,1.65936734375778,1.11466807782084,1.28853939757212,0.509908195385297,1.55278933804907,3.22452147349168,2.4517427417789,1.57015919704206,0.994313392069418,1.14663773674702,0.58331908760051
1972-01-01,1.86390480860928,2.92795620882785,2.72562591742667,1.79904375688438,1.26440247447444,1.37921943914229,0.55957417741217,1.57382102333355,3.17670921083479,2.44861519542185,1.73688273165117,1.1614060214544,1.25564729981644,0.641960058004617
1972-02-01,1.81152107509618,2.97113557580129,2.72706119415999,1.94105611894157,1.42487698591677,1.47251948455533,0.608907793022403,1.58743378134328,3.12477904756742,2.52564574936213,1.90664673340765,1.33794990898187,1.3677653152789,0.700522106721873
1972-03-01,1.68386811840432,2.98388310342438,2.75185225593275,1.90857843197063,1.44168634284558,1.45021793747233,0.598179116021889,1.34435391109606,3.2972253395415,2.42338604212573,1.82751162774402,1.33231772562592,1.31537629691964,0.672730732877162
1972-04-01,1.53779282341481,2.97308666828456,2.79867741210086,2.10063937878368,1.70109470226144,1.57406358315376,0.666872852550172,1.2509113788383,3.21257651248976,2.52887117036861,2.03962039967925,1.60667679855609,1.45361572222656,0.747165944916967
1972-05-01,1.58992499361571,3.02223052510488,2.68056212348257,1.89922835154238,1.46144350737297,1.44251863533813,0.596239070635086,1.3442028122469,3.21763934248589,2.44568183941171,1.84764341594608,1.36747881751394,1.32670231980403,0.681411241714496
1972-06-01,1.55095005103112,3.01831401518927,2.69224192463257,1.85925962804667,1.43696522137709,1.41601938635848,0.582419304487873,1.19299217791269,3.36282453251066,2.3375661866558,1.76571678757945,1.32257408206545,1.27292771962207,0.652509301159858
1972-07-01,1.4930422482041,2.92654940399985,2.73243174450603,1.90893347975807,1.52571637765111,1.44549443464824,0.60251377252839,1.1245072371259,3.28431253575119,2.36610269753466,1.80992141267869,1.41215840079972,1.2993777483307,0.669932717821853
1972-08-01,1.57572019739689,2.97141662590902,2.78256054437155,1.94239038894769,1.52268505611963,1.4709345477224,0.611064761172392,1.23420388550622,3.2898101716358,2.44910460771227,1.85790055618774,1.41427194046317,1.33426165779174,0.683880809203978
1972-09-01,1.62388931257494,3.15982788948606,2.84621291432826,1.88594415134085,1.41969927983525,1.44139733284661,0.58430063404562,1.31210888981672,3.43584011441323,2.54723688571653,1.81797008554496,1.31665359008239,1.31480980877778,0.663988597473848
1972-10-01,1.55001953054488,3.09431876113295,2.82180823511914,1.83841809844551,1.4087136882993,1.40679849205484,0.570804291041047,1.25083586979688,3.35829863219621,2.53005332175211,1.76865307368617,1.30705751122774,1.27879216345829,0.649889790225095
1972-11-01,1.57394507264549,3.09781843559449,2.77159272904945,1.72892807493643,1.28379680036963,1.33465898439531,0.532991097767401,1.30166601970799,3.33361158751899,2.50299991835371,1.66575618465031,1.18371008922068,1.21018859265814,0.615151294570634
1972-12-01,1.52905868605794,3.22667875521102,2.72156568607103,1.63387908295776,1.18222310714395,1.27413344644269,0.498071839086142,1.10813069006425,3.66443005006462,2.2943285674164,1.51630519165303,1.05157193753669,1.11364472342692,0.561543514538131
1973-01-01,1.33352054955802,3.36790579654311,2.65146355621406,1.61119414927032,1.21317045587299,1.25897965619567,0.490020167181662,1.06534851637637,3.61352522022572,2.3777965531205,1.54522586380488,1.11087895989532,1.13216925051841,0.571752533732085
1973-02-01,1.23202774246359,3.4976185513345,2.662734116982,1.71099004835555,1.33832802939735,1.32661401209122,0.522570088008717,1.07888319962604,3.59070689817834,2.51115162943069,1.68871865193095,1.25881159236275,1.2290767216503,0.619177159069328
1973-03-01,0.971889895575431,3.69000967745556,2.54608826750295,1.63440433844539,1.32997399234528,1.27562453083774,0.496067932201566,0.832421602379704,3.78313945250219,2.39665091493485,1.60846826986268,1.24762872010659,1.17557823492346,0.59143587865804
1973-04-01,0.87571974988925,3.85909511588025,2.39500077274284,1.47200852025282,1.16992923825879,1.1691220350144,0.439394380849699,0.857506650843646,3.80550761927792,2.3616462905073,1.48364052004962,1.10362888310303,1.09272246587216,0.548957540818816
1973-05-01,0.864491166557895,4.0302774717321,2.36497504918681,1.46718885538834,1.14333011869467,1.16890325278736,0.435107728861664,0.951756922374588,3.83868681655972,2.4418176893563,1.51997608828886,1.09472244033467,1.11965635718866,0.559166067569816
1973-06-01,0.839481487685183,4.23238293751729,2.26376547916934,1.12112830997508,0.758174835963942,0.94215270924371,0.314570197867595,1.04396319899545,3.90816529992661,2.44717183501267,1.20968149140614,0.721750543630058,0.914636257075989,0.452914928307792
1973-07-01,0.663075575192824,4.43462796858567,2.36763536531691,1.19514582688882,0.874820426461343,0.992705936783897,0.338271964767857,1.03258566234378,3.90201558096781,2.71861112229753,1.34399421402,0.868387887173821,1.00617584074499,0.496451649810992
1973-08-01,0.461318629957129,4.91831749469068,2.1633664060967,1.02811428259405,0.704013981944422,0.885052487333094,0.278596165473487,1.07805389613733,4.07504938182722,2.76539440507976,1.27401434044895,0.743561632162704,0.963240264620972,0.469892536688937
1973-09-01,0.490025658661832,4.94242067627414,1.96045027808473,0.776541330655146,0.423462530261563,0.717313795833968,0.19379412693935,1.19014539059366,4.00489784112302,2.63389970142285,1.040232477555,0.465363016711935,0.80559648743363,0.392783552629841
1973-10-01,0.447197080157335,4.97305889099084,1.76335675386374,0.871499503824521,0.53539462463063,0.779682589072136,0.226606338237876,1.17468169196911,3.993236878856,2.46910953162788,1.14612109977226,0.583279209161106,0.8754547355991,0.429137126432105
1973-11-01,0.453900642741967,5.01445280479616,1.7980682367274,0.743177386164525,0.391533073915131,0.695000913307337,0.182572870312275,1.23101714755789,3.97502107627982,2.55068197482969,1.03451049070186,0.447109145495729,0.801375920239342,0.391268951345729
1973-12-01,0.447917624291468,5.03161054196923,1.72914717344291,0.761680589545506,0.410785373534541,0.707239100547742,0.188900620920854,1.27809604084092,3.9310932586039,2.53481601806974,1.07144483081677,0.473027580113931,0.825999295720005,0.403809791805239
1974-01-01,0.459049587545877,5.35656626017957,1.67388006487408,0.695562503562935,0.288701226940729,0.666892040570449,0.163687560337854,1.46693184457391,4.01983105640217,2.66912626244339,1.08592116590669,0.388489392661727,0.840376334894809,0.405153318575492
1974-02-01,0.458900082041363,5.56180720524872,1.52917418538318,0.762127980435497,0.328427526250124,0.71315667465247,0.184604327076776,1.60140710491302,4.0372800354493,2.67285016175423,1.21388647301445,0.457771781483481,0.928642574990249,0.445988236784976
1974-03-01,0.386134967826003,5.65700619319611,1.67043027450932,0.809313813955439,0.392193507405508,0.745121495697122,0.200055642817839,1.53309724295577,4.13241460689229,2.81784919915912,1.26500280013781,0.522519264354281,0.964414473941916,0.46162659863234
1974-04-01,0.137986016361699,5.87614572675556,1.73067862687191,1.05156687536749,0.711922850581911,0.906591271685166,0.281402850717315,1.47478356021401,4.09523200819798,3.08098457535655,1.58514013441235,0.886961087202064,1.18033634411082,0.566950196182843
1974-05-01,-0.0351467527576805,5.93721726548815,1.72006432986126,1.24951563202488,0.979340580251068,1.03762244258576,0.348603955205449,1.36864631485735,4.06149013674663,3.14314717376464,1.80697156878812,1.17036217472428,1.32838878459392,0.641201686219958
1974-06-01,0.010489161652941,5.82390726895745,1.7539343199687,1.33572937428267,1.06905498818302,1.09465910335512,0.377998948662968,0.939135619109221,4.56536630490686,2.68601574166818,1.71225620293961,1.16392966614422,1.26460587842708,0.609436309189455
1974-07-01,-0.0944335173928758,5.7065433789876,1.87692283506405,1.70995767862735,1.52229219758861,1.34261465857672,0.505045086574994,0.804563170792784,4.45468262422022,2.79655147048125,2.08321570342457,1.62871674141961,1.51176185906707,0.734034169888449
1974-08-01,0.189697364483341,6.04435562261914,1.9905235228104,1.33459140327876,0.965248779660725,1.09962846317553,0.372617458888296,1.12681257628914,4.73852777298165,2.953604947598,1.74419097150889,1.08090832018358,1.2931049685532,0.613926308416648
1974-09-01,0.221093845391188,5.99565515380737,1.92565809853915,1.4665789332867,1.09896139805683,1.18781999370347,0.4167766518959,0.93594968137309,4.96555700944837,2.66757630847491,1.79680564718064,1.17559322841467,1.32828056862504,0.631345461379893
1974-10-01,0.199697806267002,5.7299378074406,1.8436284937121,1.47302298385959,1.15339043122317,1.18814221518464,0.422573403401835,0.812526002059902,4.82378162321911,2.47896992526074,1.75505404839435,1.21370323183751,1.29488264558213,0.62220905096444
1974-11-01,0.334061311406394,5.69151603654328,1.77797093028798,1.24451346281343,0.865555067080285,1.0362006340505,0.345551252927521,0.926827950882161,4.81988671830964,2.3873796983147,1.51731859479871,0.917923677168058,1.13521011598514,0.543579846046039
1974-12-01,0.495683910114128,5.4980841718764,1.78115292280115,1.13123733662474,0.711754775382633,0.96015666774529,0.308057790833248,0.841653396335195,4.95057379545175,2.13204024322527,1.30614288524764,0.712067118710637,0.992165679349083,0.474558535089353
1975-01-01,0.495309292717883,5.38173443048123,1.83359281976262,1.48161315794278,1.09734667820451,1.19279831868813,0.426789629976299,0.802349433173457,4.86151380558125,2.16199290870965,1.65278615174427,1.10307519489508,1.2241236331827,0.590298110439335
1975-02-01,0.721348254523963,5.33901992274584,1.81437248955478,1.52460359309764,1.05909215945372,1.22370180724943,0.439458139283758,0.993266579920292,4.84799278709273,2.11873215653297,1.69319344326679,1.06136989077077,1.25326795738443,0.602270402756608
1975-03-01,0.835553713766436,5.28694799384049,1.96568939082962,1.66352728291844,1.16805865816278,1.31809035261769,0.484610492183839,0.980914856862675,4.94758532014203,2.15062023575722,1.79419508492288,1.15177375767619,1.32310893590207,0.633942803469011
1975-04-01,0.669972468431018,5.324559215531,2.20745777600897,2.16833063031579,1.75901885028329,1.65531030688478,0.653345441930307,0.891281360752828,4.86161801706988,2.4915196792033,2.34228688029785,1.7739920530699,1.69282169461263,0.813880294088207
1975-05-01,0.662461188309709,5.37141428944909,2.08110628410519,2.13308692309344,1.71635281701156,1.6313262208239,0.642018108643885,0.961658202781034,4.80898024149277,2.44422302152139,2.33442622010144,1.74305182575782,1.68682958969037,0.812118934003204
1975-06-01,0.688475089904884,5.36657037652704,1.99484920096044,1.92982532405332,1.49345127365978,1.49533610915814,0.574223251099824,0.864797088581511,4.97392618364252,2.22264363555692,2.07928046342371,1.49157870091265,1.51480279092353,0.728080052735915
1975-07-01,0.621491240813987,5.30186573437487,2.1533207158355,1.94984136773866,1.55275705585685,1.50802714240926,0.581427241700542,0.784982325859459,4.92174258636747,2.36787938302733,2.09373964907697,1.55438837122547,1.52390373709855,0.733192701692918
1975-08-01,0.591529557569613,5.29906330450809,2.3219679863062,2.14041012203952,1.76645321720706,1.63608611347401,0.644400222849667,0.78916052633898,4.86999604690679,2.57747087684145,2.30159908539863,1.77818725836873,1.66498633391732,0.800618965468255
1975-09-01,0.624284401490965,5.32582236527833,2.378584140626,2.2360867139311,1.85016313643989,1.70140577923726,0.675072793528925,0.713059155480889,5.03179042206998,2.52780876205096,2.36223129784435,1.84330763995352,1.70757177617258,0.818861798662914
1975-10-01,0.809798907061734,5.31193935560715,2.31936267203876,2.14338188574785,1.68011641729329,1.64127434534358,0.642564713488488,0.858894335040807,5.0563656217709,2.43353763930426,2.26065771160498,1.66733296145832,1.64056488461073,0.784362514892138
1975-11-01,1.02388612720405,5.18467099296531,2.37496554316656,2.17316367311994,1.6451853070672,1.66247328505018,0.65152484189813,0.95502341861107,5.06366518709397,2.37795407480209,2.25420116005474,1.61514512534914,1.6371955241181,0.781492497369245
1975-12-01,1.05945998700833,4.96034820215041,2.46854652350463,2.21332685826136,1.70803647799817,1.68661092255293,0.66767721283125,0.808785119767592,5.0729203323596,2.28325247957093,2.22237212884716,1.64555422878163,1.6130429340781,0.773388859034891
1976-01-01,1.30341933601416,4.76531533137692,2.5104335145848,2.21837392282255,1.64500005423512,1.69005313729955,0.66966034092624,0.922737635296828,5.03479063791812,2.19884104462541,2.18473291057128,1.56116388031601,1.58752571760031,0.761391155611242
1976-02-01,1.39720693103654,4.59194339381376,2.64993892614921,2.28998778416529,1.71020516320532,1.73701782561982,0.694626674959966,0.956377505746488,4.93463235103501,2.28047135033631,2.23633018712252,1.61867613393684,1.62150981592859,0.779148519985154
1976-03-01,1.31157519422937,4.48933324753121,2.67636545633943,2.30881558448097,1.78046345204779,1.74646726582528,0.70391663314292,0.863934569759297,4.84981620899258,2.29403561621692,2.24643690321357,1.68690711459581,1.62545723817908,0.78501367912832
1976-04-01,1.3575146156321,4.4557225528743,2.60513668979812,2.19257127888967,1.64464177804432,1.66828479939919,0.665593884431889,0.919411436877177,4.81437407116288,2.22652256850106,2.12928251476357,1.54762402756327,1.54589405951378,0.747110861523595
1976-05-01,1.29035009954641,4.52607660112529,2.70045741493612,2.3155380432733,1.79103555771238,1.75175671329796,0.7053247080326,0.924178936466022,4.78925421298681,2.40066009859596,2.28351912262185,1.71107963367648,1.65123372649495,0.796520485523894
1976-06-01,1.26969041221415,4.55666393796328,2.67815851290749,2.2425545600536,1.71829327659716,1.70328485814781,0.680566611858123,1.11473823162161,4.5507213419788,2.59213385773529,2.2855188159032,1.67555589299703,1.65230953928672,0.797649554466614
1976-07-01,1.33170740340004,4.62644525567769,2.62679749750213,2.19809281526596,1.63550191830249,1.67544941361962,0.663932124650704,1.21641203658776,4.57322848810768,2.58101459501464,2.25684845532518,1.59582032477643,1.63480715258721,0.786666461897469
1976-08-01,1.4510057384027,4.60362077639975,2.62416142081728,2.11479004348923,1.50401465535632,1.62119338097878,0.634832020625239,1.30477682459309,4.58682575844941,2.54711554912459,2.16306268670971,1.45695997361724,1.57284172232483,0.754755524149992
1976-09-01,1.55616253744647,4.51988164324018,2.62896792564409,2.01935235845583,1.37507052439559,1.55756934698354,0.602895502615194,1.39109783029188,4.5273103562482,2.53074337783428,2.05909748702138,1.32292141347293,1.50269340079474,0.720724519364316
1976-10-01,1.66463075235084,4.51671650394753,2.54255491791639,1.83148711514159,1.13511758924588,1.43320180611812,0.53902028354159,1.47111555643776,4.56901332777008,2.40913478204134,1.85754593110101,1.07152852236341,1.36784869401708,0.653547568748067
1976-11-01,1.70365671093871,4.43219957303245,2.51889251424063,1.77432020326074,1.07262723066701,1.39395278890786,0.520965396949148,1.46657952729679,4.54399053829796,2.33711799025345,1.78047609751504,0.998777741209396,1.31479973768177,0.629194380930651
1976-12-01,1.61717306358825,4.23839307574471,2.35620572464358,1.62512380893402,0.979682778744833,1.28851278711358,0.476430006405158,1.29356085049626,4.47899338946373,2.06980588404713,1.58310220853924,0.883822437047813,1.17620537353704,0.568984838490955
1977-01-01,1.55627344796429,4.2595253334546,2.52402874887155,1.88646728818114,1.27499749229602,1.4631057688501,0.563985584305726,1.28672445447842,4.42506517937454,2.30307557923021,1.87303720684311,1.19592533163514,1.37181950858173,0.664417934950836
1977-02-01,1.51425225037177,4.39246223245452,2.52904413879678,1.98422428509321,1.37366909428811,1.53033920012789,0.594803204790099,1.33110334804621,4.44014527572169,2.40409389239014,2.00964060051212,1.31430522961672,1.46569657447271,0.707824749366128
1977-03-01,1.49279985013753,4.49135573371202,2.50275260242552,2.0182764055992,1.40217935589552,1.55432253988416,0.604973061185006,1.36630867216487,4.4638514105969,2.43840716187231,2.06702204908111,1.35289459713467,1.50554899485481,0.725690140932522
1977-04-01,1.48704218360183,4.52994683840129,2.43185885139394,1.94201774602451,1.31820259026967,1.5035852125088,0.579224880083078,1.39516557099155,4.45849057878398,2.40074031959978,2.00164406387449,1.27365203129526,1.46151732095018,0.704170968197392
1977-05-01,1.50201766983716,4.53278883733672,2.52432600923434,1.93107248648998,1.30154762100624,1.49735347109695,0.574493324524076,1.42566803377675,4.44147220103014,2.50831680409219,1.9961870938702,1.25924151552404,1.45895657710546,0.701311479155312
1977-06-01,1.48854801223223,4.49369342775736,2.45495135452492,1.78244979144964,1.15709349109777,1.39687401856491,0.525849847216306,1.31404753665196,4.54027392597977,2.32811464865242,1.80295041387312,1.09084409664538,1.32767698182977,0.638463995146287
1977-07-01,1.51126859856795,4.43924593156353,2.52395620250308,1.79896060948766,1.17434069041216,1.40774778160057,0.531552138089774,1.30864188811551,4.51944452764053,2.36932086819278,1.80985164670487,1.10479984565252,1.33219723786404,0.640828168120347
1977-08-01,1.39879569990829,4.37328447062719,2.58563471870631,1.85763820585139,1.29142380999155,1.44444515702942,0.553465979291642,1.21157737296578,4.43973393774012,2.44284820296597,1.86933251189928,1.22526119818595,1.3699547660686,0.662376702080674
1977-09-01,1.32518040753102,4.4158015157214,2.54380334378143,1.75533436471524,1.20678856546358,1.37566391969406,0.519478721276105,1.00330038349123,4.6706274980008,2.25295452568387,1.71035529954445,1.10946173488074,1.26284723770246,0.609639598194502
1977-10-01,1.27717406179193,4.43661503707373,2.64310455668026,1.84629170377417,1.31896163568493,1.43672862413934,0.549584652142615,0.984082077069062,4.64713477658023,2.38653531624968,1.81592914383717,1.2322799080608,1.33432363867451,0.644065261315436
1977-11-01,1.28673784702884,4.45977581646995,2.65176879924453,1.88553096720983,1.35280077163432,1.46354859354935,0.562166033601729,1.00336127354464,4.65304019534447,2.4085268199875,1.86166876246213,1.26976368136313,1.36572216421027,0.658654957325635
1977-12-01,1.28747854601857,4.58547298076916,2.65008353199548,1.95034000964993,1.40096726034657,1.50905029938475,0.581744602310705,1.00210516217741,4.77546968005592,2.41092582291953,1.93240318355716,1.31962446144933,1.41565516778087,0.679916497558671
1978-01-01,1.27367853352251,4.81985925760536,2.68566663941602,1.99226685102415,1.4145886394681,1.54122991895683,0.59166256511106,1.12039053998719,4.83025047251174,2.59112006384696,2.03427050387054,1.36238546303311,1.48845291432165,0.709725695386177
1978-02-01,1.26593538708837,4.90446902885753,2.68114661178176,2.01997217857843,1.43358405560391,1.56100392711069,0.59967490925201,1.17418893587902,4.82750988983961,2.65397011218943,2.08866286047791,1.39504724813012,1.52634847018637,0.726525807380772
1978-03-01,1.23528310838123,4.86917391283418,2.68242759990311,2.08548684741521,1.52000727675005,1.60381644144297,0.622499957162293,1.02756384634307,4.93741175840162,2.53744871982667,2.11041269667277,1.4612413943209,1.54012934207567,0.734337187843809
1978-04-01,1.18754363244396,4.82429412411258,2.73548955791103,2.20097128203179,1.66763795265768,1.68000110705031,0.662021385928318,0.960606820526378,4.91047794863365,2.57471091439714,2.22065178152613,1.6101894180282,1.61355332991757,0.771315674334695
1978-05-01,1.07717742959209,4.84911033776223,2.7572028141139,2.29704347629846,1.80915868350744,1.74332379136078,0.69485115310339,0.86739728143415,4.91449140622593,2.6142116959304,2.32258581528053,1.75668380661564,1.68161868945022,0.805285265023558
1978-06-01,1.05301977998583,4.96652190703964,2.78491962440687,2.30220459033987,1.80640147304765,1.74869978106403,0.694609620578081,0.680409374476848,5.2414035452748,2.47560146870273,2.26940317240167,1.722411945678,1.6479258786768,0.785524381045462
1978-07-01,0.998342478156988,5.12757884116414,2.79333576636149,2.32682675006013,1.82936077826924,1.76717026908206,0.70073783850235,0.704715547599759,5.29421093959575,2.56992157910415,2.32966249355805,1.76413550066087,1.69063182097635,0.803353408669777
1978-08-01,0.881893219466589,5.12577552498537,2.63737548765892,2.1325823209426,1.67136110982655,1.63436128255038,0.638660933621888,0.614569346881042,5.27384167767276,2.42641540967267,2.1319686995927,1.60411822402269,1.55421796597746,0.741244430226216
1978-09-01,0.918949766497743,5.26273010581909,2.61952468886452,1.86624777478021,1.35559168339942,1.45846643137991,0.547629769263514,0.669394016263662,5.39808144563949,2.41916878658486,1.86973187655586,1.28579016069137,1.37929906806116,0.653398367343061
1978-10-01,0.839441445444681,5.35850404449063,2.65096585805682,1.94789935943162,1.45860916750496,1.51367071316602,0.574185630080051,0.638443443680291,5.42926121662618,2.50296871698766,1.97267121936503,1.40023824235429,1.44960548873779,0.686312394009874
1978-11-01,0.61083302460161,5.38792410459874,2.68078990793266,1.95132634490033,1.54908046494692,1.51339480042458,0.577516672725709,0.445912368294268,5.42640533703328,2.55827939926808,1.97822240651316,1.4931765653511,1.45110406421297,0.689885131294778
1978-12-01,0.621232382782593,5.51552375790918,2.75386913661879,1.97651327672792,1.55205745293399,1.53251457628467,0.583715706107395,0.408686299798033,5.61188365493034,2.58572334596553,1.9901751886017,1.48676114066757,1.46152467265118,0.691613587850923
1979-01-01,0.55336146264697,5.67856491696588,2.71007234929404,1.93021668762495,1.50522239180623,1.50249515536157,0.567283330262285,0.406190327382329,5.69062664917041,2.60921088291806,1.97096883454404,1.45305088482508,1.4496721547605,0.68429805526773
1979-02-01,0.650624437927746,5.84973007654715,2.61330472500719,1.77146645988478,1.27286285291801,1.39888031191088,0.512003931022115,0.520234220840688,5.83511268838137,2.53232230917845,1.82448380268706,1.22275316832565,1.35321507600945,0.634297835378769
1979-03-01,0.676951956613823,5.98397208093645,2.59907626292933,1.72383596472368,1.1916984406429,1.36870299803896,0.494528751507814,0.471792603416178,6.05844149592645,2.44593166108164,1.75441545257241,1.12925111895074,1.30737929386453,0.610019198204314
1979-04-01,0.653569676044592,6.16634508876722,2.53212259718028,1.71140578147516,1.16007808075139,1.36182095014279,0.488973658176099,0.548066186986907,6.10490989168071,2.48753634609721,1.78858311475389,1.12137110069955,1.33225063059405,0.619603348252476
1979-05-01,0.666227668739186,6.2652691874726,2.50428312878704,1.63818982404256,1.06295522042406,1.31367194201615,0.46380204387743,0.592506525685593,6.15785820485839,2.49411298612259,1.7306216452678,1.03149344093652,1.29400679073028,0.599879028090119
1979-06-01,0.658824307532301,6.20996536828949,2.33320067180113,1.52833612689333,0.958621122567165,1.2386104544838,0.428767769740157,0.557802132588553,6.14308793186079,2.28856624179715,1.60343505671058,0.918536833782707,1.20621912814145,0.560072078279013
1979-07-01,0.724076322706255,6.25247640447857,2.33578318144814,1.43644418721534,0.829558226834451,1.17806120252242,0.397339744781406,0.638036443456799,6.16679242970158,2.30678496340556,1.51946869172529,0.791484765584642,1.15042387758531,0.531878428330565
1979-08-01,0.69729002678755,6.28418908935926,2.39980143742964,1.46548132766535,0.865987560616627,1.19773154464927,0.406742262408317,0.643574352952088,6.15624739742618,2.40496347062843,1.56233392672585,0.83527940041708,1.17982997698944,0.545452701592187
1979-09-01,0.573917560752947,6.39614387514381,2.50192836846337,1.50252848536618,0.937197653583428,1.22245203122971,0.419020886110074,0.340842137957182,6.50517942574956,2.31996735400675,1.52784819419247,0.86898346891958,1.15606978770072,0.534405574669216
1979-10-01,0.631811701431655,6.82743893645647,2.86840915742962,1.73463059083203,1.09296791453474,1.38429777037267,0.489756198138909,0.570610253989063,6.68119068771777,2.89209276562012,1.86020388123088,1.07460691806933,1.38852580066533,0.635507326328332
1979-11-01,0.62729234180332,7.19823246983138,2.83980849435637,1.794212828679,1.10160239756929,1.42737328972077,0.506279466438193,0.721532456917646,6.82982934608392,3.03892479910066,1.99984655750029,1.12157475237363,1.48735510521827,0.676762956719851
1979-12-01,0.666510189304335,7.43530368956304,2.5717174119864,1.30504765898595,0.536866242809738,1.0988112139778,0.345093152670758,0.94542138066173,6.84322983222165,2.94570168549088,1.57588048089885,0.581343208616687,1.20048973453007,0.53924412522226
1980-01-01,0.733491690561571,7.82883140442867,2.59723922739515,1.43506341738521,0.58839844242898,1.18996001511756,0.384076500643149,1.13996075732458,7.04749339401282,3.12389294824223,1.78291132467007,0.666985255853866,1.3461685816645,0.601066728266524
1980-02-01,0.625980027752427,8.5743715228732,3.03541757173186,2.22299566745012,1.34802411614505,1.72619014248503,0.635980788729245,1.34838134150894,7.31903376874773,3.94620313763924,2.76093588676269,1.52427192867001,2.02088159696666,0.905240582669698
1980-03-01,0.0876852839304614,8.72324254113363,3.02254280629123,1.88721138439892,1.1895224093788,1.4935354593677,0.532489406914074,1.20198881711925,7.0018455326425,4.29871630865511,2.54661994058806,1.43143658699852,1.87069482689168,0.841025794708986
1980-04-01,0.147159356948251,8.79033214864405,2.27282136569665,1.2867400348807,0.526774950961191,1.08772252886798,0.337440406142723,1.23956976941894,7.13337353987577,3.49385688094441,1.90933472402306,0.734919352788225,1.43499129782805,0.638840154274029
1980-05-01,0.204826955250607,8.46224627113657,1.61873228893245,1.649125444491,0.93185770335799,1.33100383206867,0.456964541511537,1.06670804811339,7.08388663918294,2.6123893414061,2.17562943993404,1.09702433840998,1.61288054564818,0.727553738078744
1980-06-01,0.210960007640432,7.85554664455869,1.62347238248954,2.00214996681415,1.38824809690328,1.56532203537024,0.576215342681364,0.81307581468193,6.80557063127418,2.35181082101664,2.41081157890603,1.50651319552965,1.76677145061695,0.809107285786186
1980-07-01,0.582309861505308,7.861833658942,2.00606534354579,2.01009056317013,1.24738301619239,1.57600035453256,0.573593037190615,1.08221298628928,6.92608587398073,2.64765973010275,2.40099778379794,1.35159097727767,1.76552378152864,0.800633373769502
1980-08-01,0.59319487780797,8.09478461931586,2.45377438958442,2.44515439121847,1.66480306740782,1.87249941003385,0.712341567243933,1.16758822086641,7.02621996703663,3.2057723539511,2.90134922607266,1.80752736459344,2.11077060094972,0.956202319376263
1980-09-01,0.468663093023391,8.2006787425068,2.6739623063424,2.55958221945333,1.81908565035448,1.94941088694916,0.7498225393132,1.24501118693046,6.86887468946778,3.63786915387007,3.10149279899158,2.00835348490295,2.2481571081442,1.0192095864921
1980-10-01,0.51295251212759,8.53697513913414,2.70220741952174,2.21302052389059,1.38855538615694,1.71758097544726,0.634658854994323,1.41086900298525,7.05392905963198,3.78649304490331,2.80893299791023,1.59637161868414,2.05211496998743,0.92227891290118
1980-11-01,0.68240578166337,9.03988389763359,3.03425589785267,2.05005198080571,1.07655504314964,1.61196190367167,0.576931792304472,1.75506687196899,7.31021425323503,4.31653897595704,2.74757160606915,1.32661580523665,2.01695849551499,0.895777983115716
1980-12-01,0.902380968269888,9.1817657559925,3.18907017508646,1.54235776976703,0.436128695350817,1.27136808832894,0.409543759937001,2.18004887840488,7.19924366750198,4.67196848499238,2.32220721731183,0.71725778334291,1.73036351139547,0.756780070829007
1981-01-01,1.15172478621715,9.31184167742438,3.04015044037923,1.27104130383945,0.033879651242113,1.09081207177501,0.318639453794513,2.47976430946531,7.25197280617433,4.57979179732618,2.08193161670163,0.324421061677015,1.56944789231264,0.677249140025858
1981-02-01,1.24529460624861,9.51444339323699,3.30292417743817,1.75819674820417,0.477634927025329,1.42253202414356,0.474126830555754,2.68826932376566,7.26123626998461,4.99801395162373,2.65318902964111,0.813192918292937,1.96351521277232,0.854654484340307
1981-03-01,1.22352997270525,9.34659343470755,3.37758730860192,2.3498303011054,1.12976289193419,1.82239957613887,0.666146404341292,2.35445286205782,7.47259669277847,4.77260452237895,3.12858506816801,1.4128483502177,2.28630513469966,1.00737894224914
1981-04-01,1.15455949718515,9.47353447740423,3.54457239042146,2.63506042389832,1.43770168724933,2.01534979221575,0.758421179291236,2.39508717457024,7.42376014796799,5.07424677427686,3.4791905405642,1.7627894351838,2.52695324728034,1.1174765923328
1981-05-01,1.02962101281941,9.68188258459753,3.68041920400226,2.12361343509163,0.922291946403859,1.66836919731248,0.59371416422595,2.42046584305487,7.46669309342925,5.34059304296072,3.01286213927282,1.26444126643967,2.20832236414436,0.96949319856808
1981-06-01,0.883277909559018,9.37041359355804,3.38337939045416,2.18207187396207,1.08670618601937,1.70511510852411,0.615641040049317,2.11065259072759,7.39366652221798,4.85606260461546,2.97868445334058,1.38512387015694,2.18047166824541,0.963342905483087
1981-07-01,0.790415861863914,9.6495432070916,3.60032830610376,2.64917106457322,1.57284899303782,2.02155558196958,0.766269269626119,2.17264776903798,7.43897941283993,5.262143993502,3.53939585986221,1.92276784541786,2.56595586555784,1.13871019242963
1981-08-01,0.60416646997002,9.87368823679889,3.77187892218924,2.9795038095932,1.96104368411806,2.24409866343999,0.874021492813732,2.12155061311981,7.49650352875644,5.56924424814017,3.91988671760519,2.32483667347294,2.82667319233062,1.25854063306726
1981-09-01,0.554312001695367,10.0849421595555,3.85488885133677,3.50423522619033,2.50011771775742,2.59973272817616,1.0431035872477,2.28695695166418,7.39208831602525,5.90771803371693,4.565589186566,2.9309226650647,3.27065389146205,1.46049823403328
1981-10-01,0.445608712047713,10.4570837347578,3.47830928470566,3.51425922312306,2.50144245681619,2.60638296180494,1.0463166006641,2.37866302962704,7.4867060254708,5.74850682957252,4.6714687904529,2.97967152412259,3.34461287563885,1.49233941879556
1981-11-01,0.240071573821726,9.96347621345873,2.64524326161354,3.06368147450082,2.1825902551568,2.29678130136087,0.905648726900324,1.83509894133199,7.49478309972343,4.49895141021437,4.00301604052517,2.5423184600141,2.8788559046943,1.28981991853331
1981-12-01,0.321133392978726,9.77721621637764,2.95585169759542,3.47584108741942,2.60820325471287,2.5762301274781,1.03854904010126,1.82423026259003,7.40736144194717,4.74069008263095,4.39882942483064,2.96970303178386,3.14945921613886,1.41527279776877
1982-01-01,0.378983674324354,10.2452060305002,3.25949396408253,3.59202556443989,2.63964506477011,2.65752684106598,1.07311173895209,2.0481132127696,7.62554586791406,5.24762407731393,4.62421482001236,3.05612352942573,3.30866102724993,1.48108893212245
1982-02-01,0.403292278125434,10.3048746143909,3.20218139473248,3.07044181768308,2.07554412952791,2.30468740852006,0.90422839016395,2.31297213200709,7.39622427054518,5.42213454120623,4.19044553132766,2.5343350779154,3.01340352799095,1.34255670568267
1982-03-01,0.369709060633667,9.8976647292006,3.0735421903938,3.01293672364603,2.08683828017889,2.26386644131711,0.887783411442365,2.29500024077843,6.99498034281508,5.28586391070237,4.10882636906619,2.53638453035716,2.95440639048923,1.32041686449761
1982-04-01,0.234600442764598,9.80393956420361,3.04430860748812,3.04365246312296,2.1864700312493,2.28278480353825,0.899666228095482,2.14467648711083,6.92795690936017,5.23439173390761,4.12352505103786,2.63331199348017,2.96208022257177,1.32758955938437
1982-05-01,0.335908661331011,9.61483148127729,3.02930768529146,3.09389918186379,2.22572115724739,2.31716315200751,0.915658558957051,2.37289268434809,6.57682738980982,5.35564215001072,4.22678195025631,2.70312311963483,3.03296832289873,1.36036618675066
1982-06-01,0.579834777923264,9.75459558118334,3.38635865186368,3.41171523478146,2.44056216079103,2.53591367592923,1.01463781347543,2.73162658503806,6.54631628658505,5.85726701483578,4.62236244548501,2.94967964218997,3.30886909746791,1.4800121776385
1982-07-01,0.344477181249115,9.68402117157899,3.13037740287513,3.53814247591241,2.67740334983783,2.61842673529377,1.05870856141118,2.49875858114016,6.46731707677616,5.59785207793897,4.73560446142461,3.18840585379032,3.38234681052667,1.52011817961611
1982-08-01,0.0821405599852577,9.12324616806158,2.7513894683926,3.84968092491226,3.1900633556532,2.82308827921668,1.16624896148247,2.06460308881309,6.15986110945256,5.01315405500664,4.92584483419029,3.6438578573545,3.50218382827597,1.59148872056413
1982-09-01,-0.110436115957182,8.49172576558679,2.62974809063563,3.88216454883699,3.39421275748282,2.83831668801768,1.18416196428382,1.38055117870232,6.20235230099796,4.35785874189974,4.7160494980251,3.73419077371912,3.34757277006982,1.53649768772602
1982-10-01,0.118500979098838,8.16065889608372,2.2873447410106,3.12528716163903,2.55804812106076,2.32637504203496,0.939065950604843,1.35237253416281,6.23249222413855,3.71961798284283,3.82863039480062,2.82979168038159,2.73929657276326,1.25661661891373
1982-11-01,0.579918391984529,7.7839334291727,2.48793872984786,2.79799151230499,2.08590682562016,2.10845737661388,0.829726042492228,1.58709502947453,6.15750422321273,3.68051317139432,3.407501929032,2.30501349361433,2.45396602798579,1.12046925489633
1982-12-01,0.98061598670295,7.55601535220971,2.77770006828522,2.89770659281381,2.06343093212081,2.17960908316396,0.858529677904871,1.78570320991743,6.1739471067148,3.7802235650806,3.44560936027394,2.24996750466382,2.48311825649665,1.12946334178974
1983-01-01,1.21296088005334,7.56783844153023,2.7912133168265,2.75188929737677,1.81542020925869,2.08411975167869,0.808075420763605,1.98500679273488,6.21176082616365,3.77082867020957,3.3014563823389,2.00338297499863,2.38774843684578,1.08050753443051
1983-02-01,1.41780102995869,7.44440036066862,3.06190769192414,2.8879724552701,1.89410367218876,2.17822693586489,0.850197118718305,2.42963206354863,5.74987164070509,4.31806723308606,3.56037790175862,2.15681853088704,2.56699337969333,1.16084298653076
1983-03-01,1.43735429314124,7.30789502189809,3.0261461140766,2.68376485599752,1.6928018894395,2.0393744121806,0.78482646994793,2.32149154181225,5.80811327495668,4.12928558646184,3.28487957451783,1.91223417385673,2.37750993871744,1.07452435197282
1983-04-01,1.35709546934919,7.29823647946412,2.92754026135384,2.63006105642534,1.67027426267488,2.0018538187217,0.768625143160201,2.27645418821915,5.75634498103161,4.06019679513358,3.23809136144922,1.89511800437413,2.34419916507852,1.06106254176982
1983-05-01,1.50242975351817,7.21320990214607,3.00933409461864,2.62581116346542,1.62009974733385,2.00028606023324,0.766002053633651,2.58861127070899,5.45438601407111,4.31936541862984,3.30465556185822,1.88043918261209,2.39109714714401,1.0811081029206
1983-06-01,1.56008002040753,7.26320124614982,3.27757593507543,2.82972558750541,1.80309572976347,2.13973033326511,0.83051901169553,2.384870194292,5.83753867830946,4.32852876959876,3.41688392001852,2.01295821889387,2.46954921409573,1.11452902799989
1983-07-01,1.57110175539235,7.54671673644796,3.42157035097393,3.0627760861893,2.00026157192981,2.29975497134378,0.903381354502687,2.54659801567908,5.88892236577523,4.65154175143603,3.73712365541134,2.25712168140354,2.69206666774507,1.21236332789744
1983-08-01,1.62329045932882,7.70824994480491,3.56580966665928,3.21945243604999,2.11920835325623,2.40765842623086,0.952038722694759,2.9474352930046,5.58019483151214,5.17523631705138,4.05465120490844,2.45998298918113,2.9125403610334,1.30986116966827
1983-09-01,1.56934770623601,7.76114985702284,3.41756141235885,3.16153914469198,2.07240650407773,2.36795595753887,0.933785909865203,2.686098741191,5.91590153686831,4.80426917743364,3.9058963291118,2.36074171941711,2.80995239132654,1.26327476160158
1983-10-01,1.49438289522869,7.87452493310583,3.25465631270753,3.12068697655425,2.04294510074719,2.33990895058653,0.92089472885796,2.70816462706195,5.89170127563843,4.74103038196785,3.90420995480077,2.3536107855241,2.80866706974838,1.2629197117671
1983-11-01,1.56138807827916,7.90441718137975,3.32757619908018,3.15277970409131,2.0451572916615,2.36271360357273,0.93014373589894,2.90791928300827,5.75411991353136,4.94840095319775,3.98796513410129,2.37500874207073,2.86768095361621,1.28780469214959
1983-12-01,1.56685342879941,7.94821868934905,3.37930070919716,3.16575971974653,2.05006742169244,2.37191658883234,0.93387220632868,2.75081920959388,6.01233997340456,4.83441599423859,3.93947469815093,2.34633852688979,2.83485075287468,1.27181189486821
1984-01-01,1.49406063276135,7.9850401737721,3.2426715534264,3.04940737465022,1.95207501467446,2.29238765013019,0.896995859505373,2.73044250604635,5.97193251351223,4.74951383866377,3.84196288960822,2.26370698823583,2.76731653937559,1.24184831128026
1984-02-01,1.5884209231289,8.00452634074787,3.34253897095507,3.07806628281605,1.94124548393095,2.31314578258706,0.904857116293135,3.12125316861533,5.60350822078852,5.16594260344373,4.00178171472991,2.3210572989986,2.8789754903881,1.29042499240494
1984-03-01,1.68426026934243,8.23189813644477,3.54200663541902,3.25254504383542,2.05186280723586,2.43388771107541,0.958397080372889,3.12621976863676,5.94288294221429,5.28521815155749,4.15938777279977,2.41297714627726,2.99055763688208,1.33599428407559
1984-04-01,1.59006764471589,8.49580744432851,3.5456794219615,3.36350629859142,2.1672098870358,2.50928281514249,0.993784958295327,3.20898834735967,5.94922333859276,5.48408843787246,4.35701801993377,2.57618976007112,3.12735092996343,1.39683798887453
1984-05-01,1.58029885816141,8.74959175208484,3.80828475246958,3.83415357407421,2.62670472074755,2.82925655233508,1.14433422427856,3.45486998614758,5.8517122951756,6.03042972634182,4.95223471381628,3.09215193488739,3.53805751824774,1.58151791279829
1984-06-01,1.29005951131041,8.79246599466281,3.77882845484954,4.03673570714956,2.94904110784124,2.96323947667109,1.21303975547049,3.11987964908564,5.96215107321701,5.95088254296563,5.12835081147594,3.40496422516022,3.65510878899848,1.6406957689153
1984-07-01,1.00302365434859,8.99579630913376,3.47048328497755,3.7631716706025,2.74841203886949,2.77544218629092,1.1271388709879,2.9951980237309,5.96720189321074,5.79197954395518,4.9052683691718,3.2328075509865,3.50057775831297,1.57213513697921
1984-08-01,0.954251555464808,8.73376719419451,3.27978105200491,3.27494961731041,2.29510028367413,2.44289944874507,0.971557217048416,2.91016334730828,5.80384305278684,5.51773823293419,4.35374657720589,2.739183234842,3.11993377213422,1.40131996589705
1984-09-01,1.04538299121712,8.42521162090391,3.36027548139357,3.26103945997249,2.28914738713374,2.43297351824431,0.967801437117535,2.86416010828986,5.68769457891145,5.44969767334739,4.27321813779045,2.7010092455458,3.06286572495591,1.37802537124922
1984-10-01,1.0200437498299,8.29125964386005,3.19600511171577,3.18457224362941,2.23901218679203,2.37994628695662,0.944478318439427,2.78816299233265,5.61855585370058,5.22900038707573,4.16833998563596,2.64230042033458,2.98876101639732,1.34738020601075
1984-11-01,1.16800439255733,7.96448054096632,3.08596596067803,3.14453277351673,2.18588412113469,2.35238599831724,0.932280167468057,2.84817232973525,5.41888840945825,5.01771944436615,4.0754213963894,2.5592230237263,2.923031664088,1.32048666781488
1984-12-01,1.43337635139158,7.77666188668876,3.21716594627589,3.27916302923479,2.24793389803417,2.44559618165618,0.973887192000428,3.00603188673144,5.36151704224341,5.05078666876924,4.17759098322237,2.60260303198343,2.99438247017668,1.35142928196402
1985-01-01,1.51547006155439,7.72469493274036,3.21165457438431,3.29205082516694,2.23606369370936,2.45493925695476,0.977477537864567,3.04613217856709,5.34549685118759,5.01153927602102,4.18160801655952,2.59132284356489,2.99732353685734,1.35253815672837
1985-02-01,1.74813774351438,7.60474848612504,3.43310022707222,3.24798071008274,2.11416946925922,2.4275660531168,0.960781472250821,3.33154195292455,5.15084436822504,5.29501067831766,4.1673807405207,2.48458522443493,2.99019956449128,1.34553833652512
1985-03-01,1.85916574867483,7.51230730611309,3.71721097517447,3.5001419422326,2.3472912555824,2.59932537914,1.04131641334648,3.44501794980912,5.04591347226434,5.59405858059845,4.43139851784488,2.72422064189399,3.17192788422019,1.42805330054406
1985-04-01,1.81329156417046,7.46640164984385,3.48230988788004,3.33206333914829,2.196599502527,2.48434851152992,0.988247810899056,3.39918371622981,5.0048010753995,5.34938120843733,4.25143650670812,2.56898861320877,3.04692967623568,1.37313651236318
1985-05-01,1.84986309842895,7.20161958601117,3.30875521858645,3.07301666560181,1.95022868547484,2.30735142853358,0.906372890441667,3.32930107980786,4.91283751697917,5.03584453411321,3.91582886256585,2.27547443999814,2.81437147921453,1.27008954406233
1985-06-01,1.83694474321634,6.81556981959999,3.13532576739453,2.84907536850502,1.77904670001765,2.15227772553801,0.837806065272708,3.02928678097952,4.928338863934,4.54608701176345,3.55147810580224,2.0363565643244,2.55961022476503,1.16032527387662
1985-07-01,2.00753696272093,6.78059224212671,3.29694640366753,2.92116566484727,1.79112388734131,2.20325459623084,0.858957050315812,3.15345901634716,4.9298435742393,4.67628429827973,3.62273768082292,2.05210694930209,2.61057221807118,1.18064355342793
1985-08-01,2.07693395747967,6.6380291297231,3.43597060524796,3.01811820082729,1.88640589448597,2.26870795097142,0.890649670135002,3.16192848648743,4.86966031029672,4.74907821018838,3.68936098504667,2.1288066800699,2.65562473793909,1.20234995138057
1985-09-01,2.11259548801435,6.59334837094398,3.47923521579017,3.05954125087117,1.92221086516697,2.29685786437265,0.903990061749802,2.99308630289411,5.08876203593136,4.58844246149721,3.65715573887603,2.12914080089043,2.63357777364224,1.19190706734669
1985-10-01,2.05267345127128,6.61144544853428,3.37617011217576,2.92338647459233,1.80103801945758,2.20405534327643,0.860542296122245,2.96552999861594,5.05981214959076,4.51678055951416,3.53231235850327,2.01962681143969,2.54735841136051,1.15321262177859
1985-11-01,1.96810968550404,6.42632110369324,3.20413699557351,2.60930851104248,1.53440758622441,1.98874305542375,0.761745187015782,2.98195435180073,4.77538339098736,4.4258762583142,3.23279645441247,1.76226405883305,2.33894506319501,1.06215473286127
1985-12-01,1.85014684320614,6.16926408337176,3.0128956199815,2.33025334209601,1.32892197749849,1.79586037646239,0.675535013525026,2.5457011512766,4.97012217626477,3.87764876357956,2.79807274558672,1.47654659115648,2.03686431908212,0.928689897075865
1986-01-01,1.72906947298564,6.11402478570267,2.94768927233578,2.30852724176653,1.36341438549997,1.77882033591153,0.670845313741878,2.42281068755254,4.92440470009356,3.80220246899859,2.76599594842408,1.50898396834625,2.01226492238911,0.921144967032934
1986-02-01,1.57231492138624,5.83448049180713,2.82637446965493,2.12681476007583,1.27898085264068,1.65067893774094,0.617151412902286,2.29424776538589,4.64431197962318,3.682133312651,2.56182786574791,1.41408821420247,1.86645450837315,0.86248573493768
1986-03-01,1.29941160408404,5.25196634282688,2.55417789105435,1.83525176170842,1.17189407051343,1.44216120249081,0.53344169681809,1.61811600152118,4.64116242841746,2.94740758837531,2.0595702163735,1.2029062132289,1.51141115519083,0.713083465117518
1986-04-01,1.29753232879239,4.77178492215987,2.53918909253308,1.8025438736271,1.21208667523404,1.41261852370513,0.53004989823142,1.40003883898733,4.4550987912983,2.69518207285352,1.92450412364846,1.19660088032765,1.41176234690114,0.676515556494112
1986-05-01,1.56115240577749,4.77565011382372,2.87733911945344,2.14825796643794,1.4704012348371,1.64996127661544,0.639727928611701,1.71001474496475,4.36852101774455,3.11421677126301,2.32007117965218,1.48309798750246,1.68502887357673,0.800754324700745
1986-06-01,1.66305395596472,4.82328655562342,2.97640745512701,2.23718099098036,1.51581190772787,1.71251875220798,0.66639663783407,1.63206188059348,4.63751532526539,3.03888599687798,2.35288270498334,1.498797001247,1.71070472398987,0.807976020007438
1986-07-01,1.65360206851874,4.64253654273691,2.80659204659834,2.010544464733,1.30930306862782,1.55650622728167,0.595256796017952,1.55137159780768,4.55755716711982,2.78116063101435,2.0836867280096,1.27264601463813,1.52407558937583,0.724408866164213
1986-08-01,1.75635666685106,4.53400146468727,2.75373077688098,1.89084319525615,1.15929883590751,1.47578487231495,0.556096528975365,1.73896213666262,4.33944855834461,2.81938675017195,1.99924136745629,1.14405884306579,1.46587956719003,0.698101015291922
1986-09-01,1.89321803213687,4.70985140969558,2.82533498182195,2.0848883937441,1.28016830425302,1.61106768828412,0.615510477907966,1.80874850519488,4.58883564752508,2.83703208482701,2.18532260361074,1.25443724123303,1.5974958810021,0.753466752651676
1986-10-01,1.88528901727928,4.77256474376939,2.74878373047553,1.99387108738803,1.17800100476045,1.55063556696254,0.584689479487768,1.8331491098939,4.60869131092217,2.78967589795796,2.10312940974306,1.15511736319878,1.54236665306044,0.726217054468407
1986-11-01,1.83670881029565,4.66680745503124,2.69646459751887,1.84303109660829,1.05609884376681,1.44699669564074,0.537064290775372,1.85220894752997,4.4251969200366,2.79873646372269,1.96870426541689,1.04493109742099,1.44852645739875,0.685136872938201
1986-12-01,1.73778145324973,4.56590077424101,2.62164050871093,1.69061190159079,0.951739951731734,1.34164745257449,0.489413803491037,1.58846884330834,4.56040504144656,2.53609484758967,1.73790492582335,0.899312438887009,1.28959846083058,0.612025015260255
1987-01-01,1.6892307123839,4.51068888972043,2.59379767821422,1.69921534381252,0.988584813833416,1.34562557762474,0.493964961454497,1.51241258032338,4.54572564619392,2.47475174972588,1.73085171075509,0.928640042612364,1.28313912202764,0.611190382391387
1987-02-01,1.72298183047761,4.47385984033119,2.68641028594736,1.75390246058209,1.03863812980576,1.38258825844572,0.511895019915342,1.66848514766374,4.34039776995937,2.70535912959431,1.84163523568922,1.01357230054385,1.35793598608447,0.647720569052158
1987-03-01,1.65543691172372,4.46634074359067,2.65016175267201,1.7466621512119,1.05899237291606,1.37639107712561,0.510714729042897,1.37989178902166,4.63097673940148,2.43281443010376,1.74421247009957,0.984966892079996,1.29145958925454,0.616051973557539
1987-04-01,1.71801491391117,4.78628509790976,2.89859192415708,2.23310502914706,1.49474066694207,1.70966406119428,0.665249862563111,1.57027614154706,4.74723708963058,2.84538242627197,2.31026833749051,1.46016503813969,1.68175993959668,0.794143339120772
1987-05-01,1.60293262601275,5.01353206150252,3.06656847046182,2.68965284012111,1.98468944496212,2.01885532542478,0.813322873358932,1.66726389034846,4.66775641262374,3.2581661397179,2.86885078991798,2.00759604707576,2.06304535290926,0.972979629558735
1987-06-01,1.4431176397597,5.12920362489402,2.83742532343659,2.4949951468004,1.82588110695473,1.88641326175186,0.750564448464654,1.50862233913122,4.7999339782489,3.01409703598471,2.66061079570275,1.83838037743954,1.92029675634836,0.906780741181741
1987-07-01,1.54700153126609,5.29664791917063,2.79920846979203,2.40721499402947,1.66579601970543,1.8314310962844,0.717592993438871,1.66363056726491,4.89319744225416,3.03193310015584,2.59923728675455,1.68674416563529,1.88281172011245,0.882962251113078
1987-08-01,1.6350503198027,5.49196329758049,2.89282842778044,2.44838382041224,1.64366853795158,1.86373344524643,0.726442524232028,1.88011877344808,4.90801054643709,3.27049966243018,2.70530959890331,1.69562655200524,1.95983280131582,0.912462577728223
1987-09-01,1.66464111608906,5.80244103714015,3.0965780171167,2.74509387620589,1.89517978508727,2.06889996201028,0.818137551606381,2.01298172724543,5.06034387067806,3.60349395681548,3.06787048527162,1.97829104286626,2.21276383654982,1.02274137270943
1987-10-01,1.56190019038074,5.82094335062698,3.11416318168212,2.95541794084249,2.15409644941946,2.20932744402602,0.888274873515559,1.93026076349419,5.03281352606699,3.65011040901123,3.28916568917197,2.24864044729481,2.36181666739066,1.09533354634162
1987-11-01,1.41917431374529,5.65901375202604,2.78620557321427,2.6235236710704,1.88765677447344,1.98012015609026,0.78527823879932,1.84023915861909,4.83492019343222,3.34975812843046,2.94862885436333,1.97796006111165,2.12357289428565,0.99253949293805
1987-12-01,1.44529669176832,5.71321728358698,2.83323082216669,2.66480569276923,1.91225367962775,2.00927109010514,0.797433108002039,1.92824815513489,4.81702957205091,3.45880752961705,3.01437235218567,2.00948010368921,2.16999201835676,1.01206250763581
1988-01-01,1.39848327588282,5.66466895601309,2.6810330470515,2.41406225302842,1.67545560951539,1.83867113616021,0.716909838508672,1.83193333620498,4.84736494644188,3.23929266073866,2.72904967859506,1.75374377309223,1.97402556892402,0.922033718429
1988-02-01,1.39439822942918,5.48961217389089,2.52887243132986,2.14065895936342,1.41697133305839,1.65173943964799,0.630031182473657,1.7314337193775,4.82175209596859,2.96681676455445,2.39782091765003,1.46312846365618,1.74561913532916,0.818340616521082
1988-03-01,1.53702076829913,5.47086040819333,2.66922958446728,2.23645077852642,1.46346897549855,1.71853330891626,0.659320565226183,1.80701338170925,4.87987441381319,3.04815708814219,2.47913223761615,1.50123201267131,1.80340898033223,0.842157442295354
1988-04-01,1.65334067905736,5.58793413996493,2.82944429471685,2.39010725842723,1.56016471238447,1.82589474981996,0.705859337134263,1.89371556041832,5.01070002634926,3.19673511802756,2.64157198423891,1.60345653173928,1.91813147667691,0.890282046135869
1988-05-01,1.74059349914438,5.6776368533485,3.01296857594909,2.53362834054539,1.66207341453819,1.92567912890716,0.749749747934497,2.03227441832775,5.01241756242362,3.45123481504898,2.82348597815482,1.72770931558422,2.04526202024681,0.945496123417936
1988-06-01,1.61480757405668,5.56139717962435,2.95017836148776,2.42082605290707,1.61264938696433,1.84625018347355,0.716239687198394,1.99036101575087,4.80445264840596,3.45862554549788,2.72496205514359,1.68741257070901,1.97436898226989,0.917721679261627
1988-07-01,1.58735776007431,5.67562309010768,2.97336303999277,2.43299479664912,1.61888368078188,1.85567729852305,0.718897674544301,1.98886879580612,4.88889334946067,3.50856362960409,2.74984343884904,1.69715152412502,1.99298419734461,0.923989335458445
1988-08-01,1.54594877465935,5.71715852706447,3.05911615086146,2.50648384965958,1.70651007415243,1.90546179043978,0.742643749326529,1.94247310149978,4.9372429432094,3.58887879365409,2.82114795079262,1.78239031068772,2.04204960370039,0.946282148774268
1988-09-01,1.46956582869728,5.60645106478534,2.95599729006259,2.29876984483132,1.53647448034599,1.76278243425312,0.677316234292367,1.97036754503453,4.71120138520874,3.57567553490628,2.63563976268164,1.62434210407747,1.91259552582413,0.889950716059288
1988-10-01,1.45964980680761,5.53454874041388,2.90478700013918,2.15038794412918,1.39585647853563,1.66169546951446,0.629791334233476,1.89985013855221,4.7310634712832,3.45150765650088,2.45407247612917,1.4655104518907,1.78785431630368,0.832640962633911
1988-11-01,1.48264249573682,5.52581651482922,3.02814308277513,2.19214206804434,1.43211663071864,1.69047331201563,0.642844873598382,1.85713669568464,4.81372198708172,3.50346920917926,2.46811202514479,1.48319972253992,1.79840349749763,0.836093550922437
1988-12-01,1.42142156234339,5.4144849657255,3.1776568508475,2.33804855211741,1.62777089735553,1.7869042826873,0.692557288819077,1.95129502784017,4.49826060762522,3.81543340440214,2.67222131922471,1.71460446298216,1.93490733639651,0.90426014818973
1989-01-01,1.40801285017894,5.3697167488425,3.20812508244104,2.32446521185522,1.62602585550474,1.77709898326498,0.688756486169985,1.91559828469838,4.48532616412625,3.82197546119181,2.64842429618095,1.70908257112039,1.91801128225631,0.897252361086323
1989-02-01,1.41132907937693,5.36080528862727,3.27352707760085,2.33502151575541,1.63734963059253,1.78438572824114,0.692039398344898,1.82118117293774,4.61492872455243,3.77673687450682,2.61298301072201,1.68951776025004,1.89452664330594,0.885079273668683
1989-03-01,1.36529302195288,5.35309471940127,3.37193327617813,2.43488008273824,1.76231122635238,1.85122972386346,0.72517987659511,1.90744423938184,4.43049230392157,4.01842154772678,2.76912101682696,1.84895397074399,2.0000718896836,0.936119772198564
1989-04-01,1.30674086325342,5.36792776892662,3.2388561381758,2.32915361416319,1.67217970484077,1.77895951027581,0.691492632167836,1.86388742183931,4.43026972666504,3.89735218485862,2.66569578639367,1.76197025705023,1.92849053604622,0.903991458395602
1989-05-01,1.34160359112875,5.30218309540609,3.11314075623305,2.1370272179539,1.46621642361992,1.64882854687881,0.629195308519924,1.76728253785562,4.55561502087625,3.61713750986898,2.40586673913737,1.51221090613537,1.7512186292005,0.820696692588184
1989-06-01,1.38975434492485,5.00953450794849,2.98314921937456,1.85339731624079,1.19422539896936,1.4543601471819,0.539487612497411,1.71613467981039,4.40517267288243,3.37078636149475,2.06837949969238,1.21685164613921,1.51756380642557,0.715769319703382
1989-07-01,1.60261350820875,4.85814851640898,2.94383987273604,1.6417775105356,0.910204197629395,1.31309737861576,0.468884768477821,1.79136478826093,4.43406556352977,3.18791504271287,1.80449428881058,0.904689000491133,1.33930937693267,0.629521524956413
1989-08-01,1.61382158404158,4.68210912436711,3.12462946372384,1.84726962277052,1.1497779418561,1.44920681530298,0.538762374863864,1.71972129759326,4.36072659110174,3.28849758925034,1.98008408307684,1.13267221538582,1.45646763386538,0.688269227490544
1989-09-01,1.6407615356168,4.57782079561044,3.2303989922637,2.01750307332719,1.33470559703884,1.56260010343315,0.596056774575499,1.76902053045114,4.21887746771978,3.42557029559472,2.16392844487254,1.32846462125134,1.57996446217754,0.74917345473116
1989-10-01,1.68303785695189,4.5060612068788,3.18531571056656,1.92609227042062,1.23289254689175,1.50061345517186,0.566455338257175,1.76117840224779,4.21478008085441,3.32669611204676,2.05142531310627,1.21649995926453,1.50303354918562,0.713226396736987
1989-11-01,1.74442037963285,4.46735693713693,3.14208362375155,1.77914380788781,1.05985582757933,1.40224857724132,0.517567447852644,1.79546411139052,4.22040838157626,3.24910354317069,1.88971193934252,1.03305419261848,1.39373695342256,0.660367802625263
1989-12-01,1.7762429504839,4.36553952566995,3.1867291965599,1.80138827156685,1.08676019136267,1.41619358556584,0.52594959437783,1.89731542624632,4.0272367093819,3.36610610765284,1.93694826969155,1.07459518669075,1.42438641739566,0.677149192077337
1990-01-01,1.82867206132308,4.53638536470122,3.29307342087293,2.01328449913928,1.26158982891439,1.56231963470635,0.592357007069653,2.01705720901464,4.09350373038842,3.56068106296797,2.19395286947511,1.27272314358106,1.6026266843647,0.757058234541912
1990-02-01,1.82042384454493,4.70419391736562,3.35634112952396,2.16280124552896,1.39543731792129,1.66541486410267,0.6390759458148,2.03004029972607,4.22986451212029,3.6483940015599,2.35511986739784,1.40569475177942,1.71507221630413,0.806320407290464
1990-03-01,1.78851295716925,4.72885686153093,3.41323001904014,2.24326896027166,1.4890923717648,1.71961962696826,0.665462664784525,2.26225931914817,3.90377739422871,3.98326073558111,2.53899801055176,1.55647375668537,1.83925076681578,0.866797229916663
1990-04-01,1.71679740681597,4.87901293630845,3.39846083349722,2.37570072126571,1.63313064456138,1.80968296734943,0.707981061895034,2.30670630056246,3.89913394957653,4.09609946957049,2.72326313742272,1.72708779025807,1.9654538170461,0.92539985789106
1990-05-01,1.65139799520832,5.00506914255387,3.29751566748981,2.3178250915668,1.57842529104107,1.7712225667859,0.688351185557806,2.22233850659719,4.06856841924264,3.95893643775531,2.64472854871745,1.64977899790791,1.9132744488039,0.898733768977878
1990-06-01,1.63043236436775,4.97951323154614,3.15647524975685,2.10216349468082,1.36406345039572,1.62508187287379,0.618389477151719,2.27790061991369,3.94968766580589,3.89204375441729,2.45390451969283,1.45197242610781,1.78206328350454,0.838710092951298
1990-07-01,1.66400550061522,5.06754703377289,3.09584703521699,2.03697992443179,1.26807923564703,1.58278665242582,0.595384496291452,2.35228787293219,3.97901465853212,3.87860762318553,2.41159730926062,1.36848348669579,1.75497910004564,0.823502356709359
1990-08-01,1.79757590675136,5.32117623585626,3.10388982420525,2.10109468713617,1.24176675716269,1.63126759212763,0.61116644942604,2.59282107474143,4.08226794626765,4.01086849758549,2.53624388892337,1.36614109449144,1.8459423322294,0.857800243956997
1990-09-01,1.86253899445152,5.47987738059635,3.11762368664216,2.15450166271781,1.24679061125425,1.67020860693047,0.625677018119112,2.77533790928616,4.07364088220662,4.15830646218899,2.65016532194464,1.40174027906141,1.92683486899164,0.891250371330525
1990-10-01,1.68580247788924,5.58697667029269,2.8875240741704,2.02100120467791,1.16089669951212,1.57841674489264,0.583605618781132,2.69128922789528,4.06669885689084,4.01552051865644,2.54411686248207,1.33229645265264,1.8526033043461,0.859146113679603
1990-11-01,1.5948539566647,5.46093714217568,2.75219073990224,1.85540807025776,1.04305492480649,1.4636794661245,0.532427369889375,2.52171944912998,4.07429247285709,3.77062662932274,2.31782973836417,1.17497281486461,1.69510717218535,0.789639107158841
1990-12-01,1.4844294998467,5.29977123722376,2.63530127687255,1.79507891002166,1.04875041951058,1.41903590983515,0.51652669247558,2.40148590203287,3.94190457831664,3.63386519933763,2.23986018293585,1.17576453335643,1.63711262103445,0.769265549218608
1991-01-01,1.44297267614861,5.42845032480108,2.5426509499846,1.90745984828708,1.16286499734101,1.4951674495092,0.552974862084126,2.43796797703832,3.96036088603764,3.63137496324811,2.39168215225924,1.31098018036585,1.74074775818475,0.817943104156809
1991-02-01,1.4277671869223,5.33779994708374,2.4616398124823,1.84694559587974,1.11908539102268,1.4526373944218,0.534856533167524,2.40732267431383,3.90270058371775,3.52238527755519,2.31027195125456,1.25213818407495,1.68315128695947,0.793858760994099
1991-03-01,1.54569081208618,5.29835187785082,2.6713170812129,2.10493019976413,1.34885942046358,1.62778499257214,0.618367694609291,2.47869203375743,3.90408895648149,3.7030106983114,2.56760999472655,1.48417243673216,1.85968762081011,0.875464522932281
1991-04-01,1.52533900602976,5.2896251905356,2.61907100269777,2.12219542129763,1.37610840363442,1.63865317239592,0.624794346764783,2.46298566760361,3.87674009624726,3.66152286856803,2.58983698396178,1.51911627249051,1.87355234088278,0.883878690117554
1991-05-01,1.63141912724902,5.30372563787898,2.65481354028502,2.16683517839432,1.37808819246619,1.67051941517394,0.637744811038421,2.5407186253493,3.9253715351693,3.66986757668668,2.62699719678149,1.51183702728086,1.9010293118498,0.893758280680612
1991-06-01,1.69385723309924,5.2924828958113,2.79571060113062,2.3123013620367,1.50768761494065,1.76966717202106,0.684376993922716,2.57523084459121,3.93691997888499,3.79518628414367,2.77434393278945,1.64564067873981,2.00259065826002,0.939923670994043
1991-07-01,1.70098026679216,5.33071463662366,2.76314735445545,2.27045667857015,1.45490417555165,1.74204530254355,0.670064348947455,2.61713552006003,3.92049828216531,3.80285560988209,2.75029316596346,1.60511185569732,1.98664142931647,0.931818226185931
1991-08-01,1.78622016741535,5.25900966137005,2.61691581141109,2.0014895607693,1.14957945350685,1.56098963129503,0.581742350298991,2.63951126298186,3.94927012182883,3.57411597543803,2.44219581512304,1.27197774163253,1.77726358857155,0.832381686289968
1991-09-01,1.836905244541,5.08523021107716,2.58874652528279,1.88307641308478,1.03221617922431,1.47969801481056,0.54446640109246,2.69097446305181,3.78342948364763,3.54039872697145,2.31558482054707,1.15203146482345,1.68886086064533,0.793913162109167
1991-10-01,1.84972465581896,5.05290128690788,2.50044801534497,1.7806531907304,0.924621459315103,1.41033924041325,0.511189196592467,2.6880891683803,3.77546109505017,3.43272186887472,2.20414632683532,1.04012184825496,1.61249509384393,0.758521276033923
1991-11-01,2.61334572913477,4.16035165315551,3.14441678863625,2.03092504112784,1.02209197154102,1.57859405337315,0.594760849141456,2.71159892720644,3.8889650842926,3.30504300415431,2.16408901152754,0.964760604486052,1.58714852099008,0.743750716809435
1991-12-01,2.58134276354307,4.22554193124012,2.90384514138422,1.83942312650005,0.823740988118478,1.44983279969708,0.531492770536475,2.75660974930861,3.79325731787112,3.16362649602602,2.01693435289876,0.812262786187782,1.48560165642664,0.697741320362199
1992-01-01,2.55217182905111,4.28986613243672,2.87294212466358,1.93536517387867,0.924725603685269,1.51425047282722,0.563214909779296,2.77539312726809,3.77645332923399,3.194762430442,2.14166692330116,0.933936948582199,1.56974886697576,0.738738025056827
1992-02-01,2.82051484892657,3.78949318463508,3.35255228170967,2.34551441031384,1.32558490082084,1.78599938084239,0.703109304946715,2.81142269698598,3.65597107111379,3.41196305015901,2.43979276439148,1.24648231549998,1.77034620767428,0.837199961133018
1992-03-01,2.67759318275606,3.96043691300556,3.35690547201634,2.45859673476766,1.4745122449988,1.86287559630613,0.739337860720336,2.84860847381857,3.50886447872371,3.63967899103132,2.65212410874611,1.47804840793333,1.91306703370226,0.90746248196969
1992-04-01,2.63380866560731,4.21911674208059,3.14445434491876,2.34389957738916,1.32960006163593,1.78883590056142,0.698219519610292,2.97713671053167,3.53011430966096,3.61271954082735,2.6122093098161,1.37353199024833,1.888375353164,0.892290447335817
1992-05-01,2.71880480071187,4.13380151331196,3.1561889308754,2.29445491784355,1.25726598364112,1.75562279946663,0.681995151365261,2.69712317630423,3.95550237449152,3.22936113883482,2.41162073107417,1.20849639892328,1.75441824218465,0.824705006752388
1992-06-01,2.633104515709,4.23404105351998,2.98848516779083,2.10697035049979,1.07997524092004,1.62981260554742,0.619767862364928,2.7881346921637,3.79441012531705,3.25211519238526,2.29746972585316,1.0832977594231,1.67575993225419,0.789016482767317
1992-07-01,2.53682539066162,4.39373705008563,2.60777867144321,1.74772108528562,0.718239794209129,1.38906671546843,0.50020783958044,2.79858409119086,3.83730994895215,2.96485173491685,1.96633490149925,0.731364675468122,1.45154087881735,0.681088188754126
1992-08-01,2.7681492452718,3.91012398525596,2.81938313654512,1.74004588135036,0.695275534012684,1.38051244474398,0.50139208316744,2.75187203368434,3.75731131438533,2.87182763611812,1.83556400970503,0.635116977473392,1.36052927224569,0.640759628286052
1992-09-01,2.74190407957995,4.00415287283576,2.65731201653199,1.59517145907316,0.540696319196355,1.28470515369108,0.451818201604221,2.86285658584982,3.6430315138801,2.8589416836996,1.7483490887577,0.520026990073847,1.30160384644261,0.61225797521616
1992-10-01,2.65828814038829,4.13055898595919,2.65544940037708,1.7329599034314,0.696130716957182,1.37703125824421,0.497603573786648,2.85120276330183,3.66689500664987,2.93952800536408,1.92060372421418,0.694860709477145,1.41802944027461,0.668719100352356
1992-11-01,2.84613061586828,3.7437040661122,3.10255909188914,2.10396414796928,1.06903287552365,1.62255158243121,0.624456631853095,2.79770772863688,3.6061272610573,3.14187771183888,2.20145216995138,1.01697725842957,1.60603587401582,0.762426617404698
1992-12-01,2.69072567525805,3.74220661497044,3.02817317262344,2.0782478943852,1.10431617886698,1.60209279313304,0.618987994911749,2.76475300808435,3.41966873172188,3.19893398726948,2.22170166881136,1.08968785593778,1.61516935382268,0.773505309936383
1993-01-01,2.59722337179447,3.83174279194454,2.82692475535272,1.92248868724196,0.964284803006812,1.49716879082744,0.567566714968684,2.76144541849365,3.4059715984822,3.08151260768543,2.09210437682399,0.9609085539744,1.52661227521292,0.731983445110918
1993-02-01,2.4146080776381,3.31257178744627,2.79132496992993,1.84336522857993,1.03452526168072,1.42892349741577,0.556093171357589,2.40296558814552,3.23686717920106,2.79667086309477,1.88346142682277,0.938391556336143,1.37312254647881,0.67494975028433
1993-03-01,2.47487718185412,3.42626733686627,2.67336526253845,1.58487896378447,0.726197046220503,1.26147930400326,0.464167304618861,2.52252876324228,3.22205758294506,2.75734372931267,1.66251736722284,0.665749069533339,1.2275865739493,0.598807222908205
1993-04-01,2.51951525440625,3.49282336796358,2.6228973552686,1.51557913638939,0.626712820300088,1.21778334507995,0.438395737233638,2.56910166985803,3.26925545807979,2.71734217211512,1.60273746675593,0.575670753802878,1.18951625179343,0.577006541326811
1993-05-01,2.26564409967283,3.79290536404062,2.39216348012196,1.43009754115235,0.590086796162835,1.16139918362277,0.408664626573915,2.16029070234938,3.76450090616011,2.32712900294197,1.46369099069885,0.517010630804938,1.09747781366405,0.528966056248437
1993-06-01,2.05708043668297,3.61051812977154,2.37462767724693,1.44758062258845,0.717714378400751,1.16529777263351,0.421720836166333,1.99342566957937,3.53299291238322,2.34342313476729,1.483507840238,0.654342375607643,1.10276085336615,0.542615628911653
1993-07-01,1.98405114612509,3.44030192883783,2.3505643953199,1.40491192570246,0.727903611721743,1.13192728555497,0.411816249972653,1.8581138046813,3.46493833106426,2.24196344185307,1.40516146407709,0.645885352801997,1.04580739039122,0.520099638985529
1993-08-01,2.0322406247686,3.29320234491196,2.40308553393429,1.39850515430532,0.725469371469378,1.12563969325681,0.411584536504453,1.91244937417776,3.31488039493472,2.29810899143141,1.39738403195354,0.643051950535858,1.03851872955403,0.519368502184894
1993-09-01,1.89119126056999,3.10465185162301,2.29071016668478,1.2454803174098,0.649881246777622,1.0174988832589,0.365049906486175,1.7549349317315,3.16742655250287,2.15129647092048,1.22067633204553,0.558502434013431,0.91399124245305,0.464842060316407
1993-10-01,1.85259694992217,3.05966899804003,2.27403752606549,1.20860786585961,0.633508508269859,0.99162003755277,0.353605616736667,1.70149162164554,3.16036735674872,2.11091762025515,1.17290907661778,0.53426014328352,0.881132645880667,0.449317877571614
1993-11-01,1.82145474081456,3.43502465366523,2.26815306740819,1.37657662251657,0.761826024749779,1.10964716055864,0.405146349414803,1.69558369803265,3.46387133390618,2.15940819926977,1.37641611937363,0.686592752603811,1.02313665035166,0.513184133416233
1993-12-01,1.85258133597464,3.36772570213797,2.3354069344335,1.45145087283514,0.837681644891619,1.15828343727289,0.43175288866209,1.78186295940549,3.32174504304427,2.28406614865609,1.46962974477051,0.771038465381092,1.08410969531819,0.545939842371946
1994-01-01,1.86566896823462,3.31435161923758,2.344124114272,1.45527381654766,0.844373493935845,1.159672130022,0.434152827372177,1.7727926381138,3.31113287911769,2.2630842620011,1.4596834317989,0.766292882342947,1.0767399334983,0.54321989418019
1994-02-01,1.86409705516823,3.15299868402093,2.55781483595094,1.68364280001979,1.10790365341279,1.30753359132267,0.515595538915922,1.79099126613944,3.1606732310186,2.48405896065303,1.68290242536206,1.0152975894929,1.2235174242412,0.620676105428993
1994-03-01,2.09080923510675,3.34901228108264,2.84817612783594,1.98208974601568,1.30359262803657,1.51697543856739,0.606694598595034,2.08632433061674,3.20591065795629,2.88519886934238,2.04182678610265,1.24868628725581,1.47397441100902,0.732237155337315
1994-04-01,2.10857824491978,3.54063206130305,3.0362593061104,2.31235189283993,1.61325291396404,1.74305876235581,0.712138030498427,2.1893318196367,3.25385495296832,3.18702493977343,2.42575606855983,1.58944266375546,1.73766111065706,0.854492796220971
1994-05-01,2.12996055645304,3.48835390649005,3.19071917504122,2.379836146386,1.68657451400335,1.78903228496786,0.733863828449752,2.07686911416927,3.39381803829227,3.19627188669943,2.44009162290755,1.62933273263327,1.749753332402,0.856613779917523
1994-06-01,2.01113004882988,3.56375094614101,3.05894925360393,2.28942171636288,1.62648819772201,1.72744905630199,0.704552368772237,2.08575745028656,3.28747923194066,3.1990708545591,2.39678000091099,1.60180247641,1.71804113679371,0.844761754437113
1994-07-01,1.970308956171,3.79054194556429,3.03944026431699,2.32234615638737,1.64206639708432,1.75405877773154,0.710898233775332,2.16534212275834,3.35305257911794,3.31017882762446,2.48252664953794,1.64299431181655,1.78019481621541,0.868934341937308
1994-08-01,2.13065466949929,3.47902397066903,3.2324107821995,2.3359913867378,1.64349688318474,1.76046408175923,0.718420776981992,2.11330511000621,3.35218560678453,3.26791750314412,2.40428218879254,1.58655754964631,1.72642064642555,0.844031807502838
1994-09-01,2.12604643520995,3.67860150513169,3.25052549817278,2.40351028721144,1.68474623182781,1.81029479999823,0.736276577914053,2.26919799239326,3.30519126492549,3.47165037245447,2.54866441447094,1.67595359111161,1.82715971315191,0.888531650137586
1994-10-01,2.03392695632926,3.9237159888451,3.25949668840644,2.48452507953188,1.76825358567861,1.86846812140851,0.759137565299187,2.32632797917529,3.34537977338011,3.64345283755734,2.69449473701162,1.79396306262415,1.9292719536533,0.932863120371
1994-11-01,2.22580883017296,3.61231457171759,3.62363142617517,2.69523349709226,1.96494179023099,2.00869457293406,0.830480166059794,2.23922784378725,3.43321150043193,3.70773249788902,2.79222306484333,1.91763961442324,1.99678367142713,0.963225128878525
1994-12-01,1.74378876972008,3.59849768227023,3.45354902478739,2.66708369089091,2.13128002786728,1.97997145974535,0.830311571100711,1.90118665152912,3.21766295815344,3.68089340838428,2.80375586559971,2.12631156565324,1.99300010142001,0.977679622724433
1995-01-01,1.60589896826253,3.83069258414591,3.27235771789536,2.55364980672801,2.02906746368949,1.90587926411586,0.790404493177266,1.92130310614136,3.25180230817153,3.65883513031469,2.74737536881581,2.05229517549849,1.95609219737057,0.958078538676544
1995-02-01,1.85587393831281,3.44776550084181,3.36914226048057,2.34031652581478,1.76671832817549,1.75976765795508,0.722886963971881,1.90688681984934,3.30798794067896,3.43291811803275,2.39603135920103,1.68416924422232,1.71864771430866,0.84285331917432
1995-03-01,1.82003951870498,3.58188949268696,3.15597261487711,2.06392218477456,1.46795702712743,1.57649280314103,0.628800301687768,2.02586058829116,3.18592738221865,3.39673655704801,2.19106156611499,1.44373705821351,1.57936889465704,0.776501090435011
1995-04-01,1.72843669353459,3.72397240704699,2.95786890514366,1.88395633734382,1.29178656675614,1.4568229963814,0.567750349582307,2.0232922435291,3.2120905950389,3.28872463613477,2.0439906940853,1.28757884231436,1.48018977488008,0.728003172473504
1995-05-01,1.78929087008137,3.40912357274507,2.91571865903933,1.61581101852297,1.03571627856697,1.27265123590851,0.482529783602239,1.81077237947004,3.30347903438153,2.92912682851918,1.64582057621808,0.952168920892253,1.20879351513223,0.598737657303345
1995-06-01,1.64025980619102,3.3399654076753,2.66590882554157,1.33390366228281,0.807780315036327,1.08034165201914,0.390999272151931,1.72941347208112,3.14039411837771,2.74278700271182,1.38002460055849,0.744610127798014,1.02459024434783,0.514798210817033
1995-07-01,1.66790370917926,3.37427229055964,2.71006663658132,1.41925744111738,0.881250167656592,1.13817471643557,0.419103535673325,1.76545622403327,3.157545090506,2.80352122393939,1.47609989662737,0.824533740288957,1.09006262394128,0.546189326620418
1995-08-01,1.86756588371782,3.22967951106853,2.96564297422017,1.64194308669233,1.06042920913322,1.2875115826481,0.493893310100416,1.84074213961178,3.17592328333649,2.93555762931449,1.65845499105052,0.976180655155071,1.21465855256673,0.605347879827635
1995-09-01,1.71003731303957,3.15829934414096,2.81208182747948,1.50998955442091,0.993767551909662,1.1947283501155,0.453468730198274,1.75570632973946,3.00297122932929,2.85376053897826,1.5457771035386,0.92997078220265,1.13310562585203,0.57268533578833
1995-10-01,1.60327274976382,3.07291293962081,2.72669492745594,1.41045262375065,0.94354338376278,1.12469504693915,0.422873159323848,1.63566718484699,2.94987462323374,2.744636488083,1.43178217978083,0.87415338337301,1.05303863326629,0.537256251867833
1995-11-01,1.719749518834,2.97807305753165,2.74862579855359,1.2881825311144,0.785287642818352,1.04411888526205,0.380730230087417,1.67950315062739,2.96347225579129,2.68293547812645,1.27801227234416,0.694406293872961,0.951291551207051,0.484511948125345
1995-12-01,1.64515113719513,2.87338014942969,2.67420251917767,1.23046231059224,0.768991076592641,1.0019356925619,0.364247115523274,1.64355059282937,2.80519580523634,2.64631832713143,1.22932091738258,0.689013267999743,0.914349635096794,0.471535751877694
1996-01-01,1.70432823984619,2.87768127073601,2.62736846808814,1.16434813891098,0.676272452149666,0.959333813016998,0.34057963010801,1.68267129110932,2.84279499096514,2.57704901807157,1.1565161020703,0.590152518416926,0.867081640166895,0.445842885151013
1996-02-01,1.88399777703435,2.87620219551612,2.73019773357946,1.25973485638825,0.707345943745412,1.02553749865267,0.371047168558973,1.81995083381582,2.89304106022667,2.6431291085776,1.24348521524325,0.610990504618311,0.928467054923856,0.472975140206594
1996-03-01,1.99673306004607,2.97140092009906,3.00875943188576,1.64350419683167,1.05163716257461,1.28486591692253,0.498114208655826,2.0128429860551,2.83840950705263,3.03667704364601,1.68297829514412,0.990858269568536,1.22625791170554,0.618194371640596
1996-04-01,2.00850310726267,3.02849400943426,3.12627840029281,1.8731997018841,1.27934266711905,1.43940780628282,0.574431166208149,2.03494465508581,2.86411592369252,3.17943583999352,1.92776095759148,1.228555993626,1.39215855288864,0.698572755609493
1996-05-01,2.11437036496727,3.01287761572554,3.26499247622103,2.00201095513849,1.3760235496114,1.52744603053868,0.616008166648898,2.0490030162057,2.96777556544867,3.22766304722618,2.02862629151019,1.30622916934246,1.46310518200852,0.729281026506643
1996-06-01,2.08531003957097,3.08060176099563,3.3125354247665,2.10998866761968,1.49043928602433,1.60071958002011,0.651121063641944,2.14338790585429,2.85183325219134,3.41534751765924,2.19015018561349,1.45476724304626,1.57174214765445,0.783054161397366
1996-07-01,1.99534612507107,3.10543739281162,3.23442690144422,2.03931747988242,1.44759641065375,1.55219494063688,0.628496491347594,2.09015520179057,2.83812394915121,3.36857002144688,2.12632314240916,1.41524037121569,1.52722676972988,0.763222756485566
1996-08-01,1.97980807932861,2.99129174669769,3.15810243022935,1.90418724986539,1.32925071163973,1.45870291232506,0.586139791522701,1.92415656794197,2.94799925659481,3.1159418759583,1.91992023692093,1.25264961981637,1.38660539454741,0.696002865869991
1996-09-01,2.02913760759709,3.07536356174387,3.24815596310696,2.0399083739959,1.43963261687255,1.55254126504902,0.628803565837651,2.08371730193753,2.86133873033209,3.33841974567189,2.1109937514582,1.39747354162253,1.51719761318539,0.757870783188324
1996-10-01,1.94868050835757,3.03426119236547,3.07677989284234,1.83094395930376,1.25735519833569,1.4100826575415,0.561153046013744,2.00225304603135,2.8372435432459,3.15311796462323,1.88962600345837,1.20881194650341,1.36513517952575,0.687062897841918
1996-11-01,1.85987358497746,2.90983673050225,2.94956956363157,1.60931187110468,1.07864763522716,1.25797192413631,0.490101341348174,1.7904422441299,2.89671522967734,2.87853911510339,1.6065979627601,0.997300002907302,1.17172793769959,0.595053699743012
1996-12-01,1.86037429751385,2.86566513686909,3.00875548486426,1.72513010870767,1.20682573871837,1.33368334880027,0.530719164281223,1.82895068484621,2.79168833287479,2.98512897894572,1.74148263835917,1.13963485787568,1.26040304731891,0.641919084121426
1997-01-01,1.94011583154117,2.96520831001941,3.12646377946824,1.87435712884895,1.31751363996213,1.43734882178709,0.577387023916848,1.93515319758887,2.84903267478865,3.14146914861943,1.91179825357599,1.25876820883079,1.37897426538747,0.695268449798643
1997-02-01,1.93769788912096,2.84999309036891,3.1131300708189,1.81213947812491,1.2710912891675,1.39301340288887,0.559052173475061,1.87031370657281,2.84850573241198,3.04212292510801,1.80793624233612,1.17964735199178,1.30751838324703,0.662004564557237
1997-03-01,2.02507012866874,2.92492536075622,3.28119675458614,2.01137611857803,1.43544541267375,1.5299419506051,0.622607780429346,2.02440503275881,2.79558841209938,3.30520849475225,2.05316555270682,1.37681354445626,1.4752630468226,0.741325819913969
1997-04-01,1.97492378526696,3.02326624458014,3.32035583569366,2.15460217769638,1.59025012760393,1.62688500217637,0.669443194267389,2.03613265691278,2.80416249349464,3.41811878308382,2.2268563979294,1.54960690225531,1.59309172890639,0.798116525165949
1997-05-01,1.97923972955464,2.85374493898268,3.30528344478347,2.08485034149134,1.54177203074435,1.57596858780487,0.650183211049233,1.92171634148931,2.81308357161966,3.26219031835081,2.09817396937793,1.46434055809466,1.50350801591822,0.757956514123302
1997-06-01,1.88576098908391,2.80829013050333,3.18748148022057,1.97880756055603,1.47310789292024,1.50165456273126,0.617655450126916,1.89937221250116,2.66784870792197,3.21778100396995,2.01449846033372,1.41522553936653,1.4425045432566,0.734376224813266
1997-07-01,1.81447079521325,2.74781221212472,3.06310640812451,1.75421276990075,1.27407511178922,1.34941846641648,0.543853272682266,1.82021295752743,2.63870220921732,3.07073030674992,1.77527575382498,1.20817231131747,1.2794079155932,0.656387042829113
1997-08-01,1.88743127486187,2.79832308868135,3.10767107646058,1.76454423233511,1.24930310873295,1.35942956430681,0.544565300216628,1.81573534329767,2.78909555743671,3.03703827495514,1.76246436345197,1.16842611706749,1.27471627902521,0.648651844342306
1997-09-01,1.83888766123994,2.73077711387118,3.08099714969968,1.78454165187606,1.29909650710542,1.36957688497731,0.554235925832113,1.77325718674381,2.70660477446281,3.01918881198857,1.78441140250532,1.2245011409465,1.2860455491985,0.658929076391959
1997-10-01,1.80307348095117,2.60775185292611,3.04967017440954,1.69435344215202,1.23725417502176,1.30590774677697,0.526865053420119,1.67737273506693,2.67276895985363,2.91735549799921,1.665240947408,1.14886400121377,1.20317432374048,0.62126686565473
1997-11-01,1.70338952557787,2.57368862781339,2.96234313493945,1.54714754671577,1.12624062282198,1.20579465436717,0.478445984922692,1.60194949448352,2.61376665963469,2.84660454138128,1.51872829942694,1.0413307316415,1.1025057322545,0.573785112721466
1997-12-01,1.67890180001241,2.44277171673166,2.98684303585669,1.53307482121081,1.14102549318951,1.19277371563297,0.476852036394037,1.59615975756437,2.46676993608399,2.88465727178247,1.5048516506244,1.05701493458345,1.08956858246804,0.57207252430361
1998-01-01,1.70991651361158,2.33472517269638,2.90407184448107,1.35295323357144,0.955698276671923,1.07162470673391,0.416515389767945,1.56521324299767,2.46293264426024,2.72356806287958,1.29297501308807,0.850997723450443,0.94725063058045,0.500659823928178
1998-02-01,1.76299964658724,2.55523852130157,2.85886650300848,1.30297792800734,0.849677263971063,1.04537780498628,0.393398602711089,1.64387570289354,2.62095072947602,2.72042961909686,1.26534886499017,0.76063012800796,0.934413096541116,0.486943705474052
1998-03-01,1.73814266316911,2.38321767882299,2.97692885496991,1.47610409906162,1.06733131853788,1.15468585395212,0.457704093460368,1.62065693723186,2.44728158932192,2.84091991585163,1.43751517004667,0.980126138507261,1.04435043690012,0.549504001938795
1998-04-01,1.75207376866008,2.24452905628336,3.04238951751878,1.54118974887531,1.15161520409366,1.19414194986533,0.483413202429013,1.55785778098526,2.4226276919707,2.82168142383751,1.4718414973823,1.04609182822133,1.06501589352293,0.562901397661528
1998-05-01,1.74917279627143,2.27287115056343,3.03711620510227,1.53631233754866,1.14350245547679,1.19178557096661,0.48093253119491,1.63503509305938,2.33640114448855,2.90382330987966,1.49717019766923,1.05629094842526,1.08158210865912,0.571952323996987
1998-06-01,1.71356484463165,2.13109576845724,3.03435814876944,1.49269166230279,1.13256201438805,1.15844833930991,0.469747588973228,1.58372073228242,2.22965942364739,2.87521733236106,1.43911459472124,1.03723149901128,1.0390232862143,0.555139870660721
1998-07-01,1.76724970422821,2.01195460071691,3.08364483149909,1.4840811147758,1.12154188878177,1.1507714920409,0.468635146697487,1.55713829174461,2.22508839164006,2.8370862739859,1.4004970161365,1.00898549457522,1.0125851767778,0.542436587827057
1998-08-01,1.50101014965346,2.3307550716776,2.74822638477756,1.28982702945585,0.967427536208603,1.02522528166127,0.3982361747092,1.35587395479103,2.43659661444353,2.57244032254875,1.22973274743914,0.876785315604518,0.900082609994336,0.482450600710744
1998-09-01,1.46626176156988,2.04472738738642,2.61527322306998,1.02080706882991,0.738927033739982,0.84114483021215,0.309689045580095,1.25167808494421,2.28223895468918,2.33941037758588,0.914211837562921,0.619937668360055,0.685736988364653,0.376499232124607
1998-10-01,1.58426702532926,1.83941398436668,2.59308983073924,0.9912788859695,0.692953462936531,0.817846032744838,0.302843345199601,1.20946994598441,2.30747080205785,2.14119082438432,0.825680587297586,0.539291383787935,0.62608091297943,0.346350198687377
1998-11-01,1.47109244999004,2.25297060603712,2.51288747597301,1.02228057869001,0.707488665237226,0.846618465546596,0.306652652316653,1.2950578991697,2.40593591997923,2.29713738492097,0.944929377869524,0.611555122414191,0.708904688864653,0.385482965076365
1998-12-01,1.52013733164409,2.01563281665428,2.58901942542441,0.993860268461267,0.694748385151645,0.823575350712981,0.300244948793033,1.27548990266136,2.28852064454466,2.28543056323174,0.880531859262265,0.573911863928063,0.663737567198438,0.364665870906724
1999-01-01,2.14006908996065,1.27775247313195,3.25382892472943,1.29528695134222,0.894210086852894,1.01345611865451,0.41496986058287,1.30406387939714,2.33270941034507,2.33101073118526,0.981312989407036,0.657878181399558,0.731206343877247,0.399499303766451
1999-02-01,2.05906729204401,1.90081903321563,3.07593295780636,1.3246049879393,0.860018297996954,1.0485406250351,0.411331001763187,1.55005936908067,2.35641085958281,2.56853653463828,1.17099883893956,0.748788616849232,0.862084519195865,0.462085693820968
1999-03-01,2.35486134299155,1.52419824285035,3.4719967476492,1.61208675030788,1.10896410574156,1.23359240215939,0.516086063617403,1.72207551434971,2.23137455107255,2.80886393047302,1.39988914592812,0.935784161590731,1.01425110707424,0.541235328966977
1999-04-01,2.49421628231878,1.24609930629589,3.59325135910473,1.6321341099663,1.12114144645162,1.24153365780626,0.528200437800925,1.65039880015329,2.24908314473232,2.70765993933668,1.3479717678,0.908263496155767,0.97836247527306,0.524380663036847
1999-05-01,2.28439170449078,1.92127779118814,3.366336656708,1.67804994294853,1.14240714890084,1.28700707229454,0.529763220706754,1.83769796246525,2.30720968965215,2.93771498997555,1.55908164989936,1.03759532402455,1.12492015266129,0.592047495084994
1999-06-01,2.51282515549301,1.7404702761521,3.73539295112474,2.02030531811477,1.44412982865358,1.51418064533656,0.647358821382325,1.99788132455236,2.27516920615743,3.22073548038306,1.87236672923579,1.29948137998711,1.33750982485859,0.695660129599891
1999-07-01,2.65891455936738,1.48663347044137,3.86028788645142,2.00168626054388,1.40978558559537,1.49797016441916,0.644952674032888,1.95311406723602,2.29528961628522,3.13458808178451,1.77936015237531,1.21877754905195,1.27476280611636,0.664627213400198
1999-08-01,2.45218895251677,2.03255041740417,3.61625768201932,1.9508042486118,1.34806172268429,1.47568831889258,0.616206611839107,2.03476152770992,2.38043523558733,3.22091568426575,1.84715748382885,1.23853710752727,1.32499672039278,0.683336790396063
1999-09-01,2.62380300818942,1.77589707445505,3.7882760139756,2.00268243458587,1.378083863546,1.50712488173654,0.637120824387881,2.10468762456509,2.31053018955026,3.26929488584806,1.85091503981378,1.22594811868237,1.3273173480589,0.684917666655493
1999-10-01,2.80783195038823,1.73034757440715,3.98880290906285,2.12382897499349,1.44251094149407,1.59165785162869,0.674864302869207,2.18434590976721,2.39476023622559,3.37512382998536,1.94767485244047,1.27594219950591,1.3969666876402,0.713228812298302
1999-11-01,2.51588319804847,2.00934294558746,3.68990210351242,1.89784442400295,1.27329753691703,1.44266422785166,0.596165874186863,2.1484669013851,2.29382869351619,3.34906102721812,1.81257969525961,1.17270174370427,1.30333613194828,0.670500764344447
1999-12-01,2.71126808538552,1.81957632505573,3.96750965764857,2.08212925666107,1.42326312494994,1.56520398216,0.659207412278717,2.2520398526089,2.26780671263142,3.52027354558769,1.96029454641874,1.28642280030041,1.40478354849314,0.718066017300791
2000-01-01,2.84285003076388,1.76689702542579,4.19983015901715,2.31709813767136,1.62882442341175,1.72402652924759,0.736768606292011,2.29313538051688,2.32004341896975,3.67561359337322,2.17734048667449,1.48327336007313,1.55374745385617,0.787654587930716
2000-02-01,2.4658536220128,2.14389136164504,3.88089948153313,2.16809743175935,1.55793657802573,1.62661513169875,0.683775544451589,2.1090947558005,2.39376085041327,3.56972121567699,2.10317203433798,1.47342093381224,1.50214103884352,0.764098451051124
2000-03-01,2.38134255302597,1.91389519276433,3.85502364735654,2.04749487280394,1.50205099372067,1.53820778471232,0.650436380696644,2.00379998653514,2.25247690713983,3.49373963345954,1.95292514318781,1.3916941644503,1.39517042791718,0.719047510035672
2000-04-01,2.23332308237819,1.79302770251487,3.74784647959009,1.91947243351983,1.44330514361074,1.44588833698228,0.613262735493607,1.84894612246072,2.17069494772563,3.3636990588555,1.80939191187197,1.32459935654264,1.29288673202,0.675747070002467
2000-05-01,2.02357738772496,2.28555772122863,3.64305562109741,2.08590707953349,1.62143437098313,1.56572482496392,0.660865638900771,1.71100491642904,2.51464954514188,3.35323455469873,2.01594864058374,1.53302474053571,1.43823133617155,0.738771944270556
2000-06-01,2.03777446187052,1.93682759510046,3.63688446819564,1.93973710096858,1.51697528106629,1.45890674479389,0.620134286454346,1.63717760477763,2.33977689161081,3.22398753383777,1.81419266376939,1.38793884733397,1.29615563609079,0.676764597872656
2000-07-01,2.2203901656076,1.81656090691135,3.71880143083739,1.79615009658461,1.31528053059873,1.36536144298034,0.569744695440993,1.70164660200394,2.39290662914801,3.17685526540781,1.62738583994244,1.15717871501672,1.17430833068928,0.611131883942155
2000-08-01,1.97172089224419,2.13946386590348,3.40381143399205,1.54420244607692,1.09276159158715,1.20166483824601,0.479702237179586,1.64775358131044,2.41046505618647,3.07501877173035,1.44673092767313,0.989602679252377,1.05304313046326,0.550218782181798
2000-09-01,2.21582810782913,1.92689584613479,3.55154281970515,1.53571532516627,1.02421624205069,1.19593330764532,0.477417999600689,1.81428002064436,2.34430896829888,3.12754078258669,1.40376337739586,0.886753496759186,1.02598909714332,0.534721876898797
2000-10-01,2.33221295435764,1.81200075207827,3.59264942024089,1.41484952174495,0.871013323856527,1.116016508764,0.435933367245618,1.82636110623947,2.37921124219346,3.05665609941788,1.24478963582356,0.710686667062858,0.921098932573197,0.479720804402863
2000-11-01,2.09885240997831,2.18449294474906,3.30742015609568,1.25990165570975,0.737392113492909,1.01776676634454,0.378238995650271,1.77822157672461,2.45667839889641,2.97862076404804,1.16376993053914,0.632719113645843,0.867924288364055,0.45133916639885
2000-12-01,2.1487059004017,1.75278988176736,3.2945090339852,1.11416670999499,0.632760775166655,0.912077697597504,0.335937633118313,1.68038101526141,2.29209005515228,2.77260282277283,0.936878397920336,0.469541547453849,0.711195188859413,0.377700248460747
2001-01-01,2.45337811837652,1.64232860172495,3.34087633074532,1.13072436659192,0.551833410188909,0.925519958151038,0.340285639286491,1.83271898438062,2.38938227802182,2.66461985889678,0.907522004248313,0.356939354359387,0.695524973377549,0.365227680329818
2001-02-01,2.22759945297797,2.13361644735506,3.0006267466648,1.04316207412599,0.46751937536078,0.874428475201297,0.303640548496707,1.86985348308306,2.43899393847018,2.63549481526606,0.936390203691224,0.361403272000989,0.715972853313503,0.374337430975964
2001-03-01,2.29049459875059,1.83782469080147,3.04460611376375,1.08207658902581,0.530202743478278,0.893472424675113,0.323015543978669,1.86862871529597,2.30033045749653,2.58297854181554,0.93068516625524,0.381274411802202,0.708469782114639,0.375204003142716
2001-04-01,2.54954852279703,1.74976836993845,3.22954321205229,1.35027395367062,0.723840290452828,1.0713098184083,0.4161909781046,2.00365533771979,2.37287270930365,2.65184775924766,1.16851663625689,0.552445718104664,0.868924625144921,0.455677132923593
2001-05-01,2.40520879056557,2.24307511520458,3.02038526696757,1.44972611805935,0.802701807369753,1.14528819568662,0.44287005709244,2.0884571610309,2.48964227702468,2.71724849950876,1.37380919473354,0.702915093035135,1.00920542440684,0.523164135419803
2001-06-01,2.52275551121708,2.0411658119795,3.10939449552461,1.46576470515742,0.805937495745549,1.15299155674586,0.45130202781722,2.18120391845894,2.35697081697836,2.76628120432302,1.36993459698757,0.684220103882697,1.00502892232087,0.523398307702009
2001-07-01,2.67229620464649,1.84512954626775,3.2404360762695,1.46471734209414,0.779244167926029,1.15075405422578,0.452632649285079,2.19905513984224,2.34058181485163,2.76015562012818,1.32221637564584,0.631213698579551,0.973304998535242,0.507076799371841
2001-08-01,2.41441126590154,2.19718764911411,2.85351971939178,1.21917151683916,0.566961911847638,0.992378236915353,0.363619034889867,2.07180829818036,2.46438102988638,2.52305172727147,1.12619783485563,0.462315834774214,0.843342984914597,0.439270878484315
2001-09-01,2.70924994666307,1.8531216070362,2.93610914285206,1.19651401907203,0.486452614210101,0.97504006242136,0.358311470157907,2.2229744551574,2.36143390568497,2.4355695616586,1.04233105867204,0.333569028094293,0.788079306574943,0.410191453713405
2001-10-01,2.91734840815232,1.58841282506538,3.02406473328307,1.204489212728,0.458885516779657,0.977840418889857,0.363567042217767,2.2501393638978,2.34501984000398,2.33468898641873,0.989271078409839,0.272935326816391,0.753046584243059,0.391587156251929
2001-11-01,2.6930135727186,2.00866336198512,2.78650788260274,1.27189147905941,0.543196909846742,1.0259490215495,0.383447336619608,2.22609249492713,2.4117695917925,2.3361694400555,1.14417092671142,0.422608656275572,0.85451524990125,0.446424254204034
2001-12-01,3.2204236124238,1.59901637640387,3.4147305073294,1.82063863945424,0.965015151876913,1.38479480660513,0.577964974627836,2.50900954620476,2.36887210768457,2.70584604803939,1.61329824194147,0.777798130393166,1.16849117719378,0.606333160582818
2002-01-01,3.40165043881295,1.33776413441676,3.56766202567128,1.83408406631305,0.951908371707526,1.39052448987693,0.58598287132632,2.51628609883454,2.33887907776711,2.68271027194937,1.57101617065171,0.737913397523047,1.1397533264893,0.592430685420451
2002-02-01,2.81883128996318,1.99765034638838,2.97636592388562,1.58155896112372,0.810103828359771,1.22930786714143,0.492241479809932,2.31881233998516,2.39069616718972,2.52688808386485,1.46654611162727,0.706400017224618,1.06698217930506,0.55925389809094
2002-03-01,2.97858789906013,1.80290435136962,3.33469829383688,1.9559811640123,1.16404473719341,1.47345043988314,0.625002050825745,2.44406940395272,2.30651669906875,2.83703334678399,1.82720931518727,1.03241769189067,1.30717592858393,0.682593216299504
2002-04-01,2.90537413994954,1.83028004075429,3.21920506220683,1.87467332666417,1.10302701820629,1.41836689618969,0.598138510919838,2.41344888626218,2.28289051552261,2.77059073984163,1.76138753349682,0.982369702194669,1.2614430571115,0.661866831274862
2002-05-01,2.6956917565648,2.18440136720281,2.9100146907905,1.66540008291718,0.913067612992373,1.28621167470973,0.519611429738141,2.35260708661719,2.41647657450127,2.61500935806467,1.60243961763274,0.823991938222269,1.15867187269611,0.604702153599018
2002-06-01,2.82279793920924,1.85911852846999,2.98256785224448,1.52799595158614,0.77587877361662,1.19055684296353,0.476863118261587,2.3767316406019,2.2938877729567,2.54439726125757,1.40510009132356,0.639728313894,1.02568754293045,0.53858440775964
2002-07-01,2.99499674141121,1.72490421239846,2.94238116422903,1.25565720177339,0.46045903828197,1.01623576574453,0.377213767417371,2.43510447343529,2.3312239488625,2.37438064760094,1.08541552971906,0.295057656769835,0.819768398171974,0.422609192055959
2002-08-01,2.60760495118848,2.16821212243493,2.35960807312055,0.761821306624306,0.0467308537960533,0.702300999798527,0.192956733013984,2.29169371477359,2.41488113086685,2.05048804452041,0.674068483351486,-0.0583206996066494,0.553213762419722,0.27354989752774
2002-09-01,2.37314428205755,1.96534142019674,2.19381492982925,0.522906464114961,-0.0702592996145276,0.541856064296833,0.110308239716885,2.08777726079497,2.24471572669635,1.87977676664052,0.417150666096909,-0.190931045188098,0.381526423299794,0.183215770675811
2002-10-01,2.53714305666119,1.89337435151355,2.29887541201904,0.5632864363719,-0.076951637154101,0.570197406921729,0.123296756473917,2.15052755306585,2.31707766208196,1.87900012777903,0.42454165414944,-0.220205074081737,0.389552159476994,0.183529333079131
2002-11-01,2.4758188366578,2.04582124557432,2.23881920653134,0.704024760120956,0.0602653562450747,0.660505900940782,0.175206582146635,2.20272367853936,2.26609843266147,1.96088310360266,0.620003798285939,-0.0437497120912309,0.514066858267951,0.25647941267275
2002-12-01,2.62927472542871,1.85245942233059,2.37243139416943,0.737988880266402,0.0699527315237984,0.682063677034536,0.187897117186368,2.28292914496547,2.21038680840146,2.0007455911536,0.618717231533059,-0.0646266025764472,0.51468330462077,0.254709551878499
2003-01-01,2.7352528948984,1.80844974368108,2.41504979095998,0.716675691046887,0.0203683912310252,0.671330732623319,0.177429119129638,2.328609820509,2.26410659205501,1.97373443944951,0.575425851554863,-0.131369152460101,0.490302492935944,0.23589147171568
2003-02-01,2.44179578439678,2.17817738591421,2.04481616012658,0.478076997928654,-0.159068330510692,0.523530801138744,0.084261553827908,2.23849183154091,2.33660314481407,1.82315488893979,0.411238048300785,-0.26092869878855,0.386715381396474,0.173260984311031
2003-03-01,2.35331759883161,2.08446736646231,2.00871976564477,0.439198136500797,-0.149232249413901,0.495737736090672,0.0718330008064462,2.19183069269811,2.234885076874,1.80618552730182,0.368601989744147,-0.262588329964169,0.357291166367385,0.158526760429362
2003-04-01,2.51267038088283,1.97730122539323,2.19723219444276,0.586905489671079,-0.0487294793101421,0.588909935262744,0.128260515485638,2.26204768245262,2.2519154466864,1.90079834910022,0.485665719050859,-0.184464800700379,0.432533260448376,0.202292037916957
2003-05-01,2.0808692216459,2.13525316414224,1.7725659107094,0.236336470363098,-0.24722818848002,0.367738975726626,-0.00685950847036983,1.89356069105199,2.31448355020361,1.52962050128137,0.14232599651786,-0.365100999967241,0.213138964342212,0.0715733839120694
2003-06-01,1.98172020190553,1.93319021992076,1.70819960458607,0.118605123127215,-0.283665471243058,0.294403961808541,-0.0548740102431731,1.77418584030548,2.20538533569197,1.40894789505471,-0.00566769511266812,-0.426225493460052,0.121794610997078,0.0106211121554086
2003-07-01,2.50479666496866,1.95924387434028,2.1521780209436,0.578128974539649,-0.0463718151302625,0.584461949300884,0.123542057407871,2.14116026297959,2.40640719336392,1.72135815855869,0.428602871265913,-0.213102512395228,0.3982951866513,0.178709325617313
2003-08-01,2.70358187904333,2.21190353520347,2.35672429870038,0.928386217275866,0.174693557091264,0.813049040033867,0.25035116236787,2.50601017247466,2.35684099662424,2.15220392912649,0.876855637292349,0.0670983293082386,0.68918690245922,0.342864327694373
2003-09-01,2.69408639553183,2.12198603090849,2.29698209385923,0.787777076057574,0.0588602354803537,0.723020751580915,0.198210462693799,2.52041460431832,2.26445479533665,2.10019004079661,0.72998849446034,-0.0577161942965513,0.594671962469007,0.288686061295806
2003-10-01,2.62400570786845,2.13667637828862,2.27314821414543,0.805219084068955,0.0974881842308674,0.731930573375192,0.206647649118715,2.48481671422163,2.24805827946223,2.1068278382135,0.755491913520233,-0.0174104778792544,0.609163355463408,0.299673422833747
2003-11-01,2.38810938287256,2.25049371952166,2.16258226955219,0.853127885555043,0.206900000559703,0.756700870707632,0.229609492042098,2.2912472131301,2.30306244027841,2.0401074762462,0.817398146912615,0.104142766590075,0.643141988981308,0.327418043971582
2003-12-01,2.36887570814473,2.15006116618545,2.18386294421883,0.872305581563543,0.246944277696688,0.765526136647934,0.239692988911219,2.27477746140115,2.22158099421553,2.05032533645108,0.827289233355324,0.134329980635858,0.646778711907196,0.333248449298935
2004-01-01,2.27024149079447,2.14819604568624,2.07143704197655,0.7479674371589,0.163203023903682,0.685224026877581,0.1939638825507,2.30426587163676,2.06084333863936,2.06842003149198,0.741106548511038,0.0714736470138609,0.589423575321227,0.3027824196063
2004-02-01,2.02819517766286,2.26056606371106,1.88995249408552,0.682977220375192,0.167459628575756,0.640088837674068,0.172666540451752,2.08038987826523,2.19839659027247,1.88471311166383,0.668005911077057,0.0642597699367174,0.53997385846826,0.277585081222712
2004-03-01,1.78659466647409,2.50560938628915,1.55361243096631,0.391404675389859,-0.0598072198682213,0.459730705083353,0.0581337532034988,1.86372428522713,2.393394599869,1.56582197849926,0.377118368776159,-0.155500427926408,0.357430828179579,0.165440565068254
2004-04-01,2.05869509535747,2.41810737991893,1.98477985535896,0.896469702758611,0.337580193348827,0.777508658667337,0.251654373262974,2.10678039464545,2.31078628531408,1.9981792764392,0.89720549773213,0.248379380064763,0.687937433291516,0.362221752064875
2004-05-01,2.13587287468468,2.39553320656383,2.24482076678524,1.26221432928578,0.673164319539001,1.0114694308414,0.38680891598251,2.14591718153918,2.31973714102792,2.24171497845215,1.26818384632492,0.588717703444289,0.927813323617511,0.497179639600182
2004-06-01,2.00107918033992,2.37214417286751,2.24338406204425,1.27597157900735,0.740190565756078,1.01653283019474,0.395043678508379,2.02279800674401,2.26410707981471,2.25394620567799,1.28285491277349,0.663806264191972,0.932965607786185,0.50596774950146
2004-07-01,1.82939612336408,2.3292891032057,2.08973242877885,1.09059018773561,0.621704106207878,0.891774374468875,0.331980311435723,1.86549355179193,2.22865805757834,2.09610331459172,1.08660867408038,0.539625916549959,0.800429677130538,0.439275390266327
2004-08-01,1.70243980107751,2.36735781084445,1.92540948225696,0.861942638357642,0.434085471559421,0.744503240081843,0.248057778549266,1.74652681982597,2.29726455653792,1.91644480871894,0.845494863287698,0.339989414557374,0.644606267717363,0.351114249003478
2004-09-01,1.55927307302421,2.28997162333758,1.84534197827623,0.726939926444497,0.361076506418853,0.653988962176084,0.201128852294764,1.62780313919364,2.19368418760845,1.85079241589629,0.707218182133945,0.269391158511552,0.551031258907083,0.303399313170694
2004-10-01,1.43085635243378,2.37779397703021,1.74231156351379,0.664467257364034,0.331216649858239,0.613663969453138,0.178038195083917,1.50765264539686,2.28194036557925,1.74836917854562,0.642426051546601,0.237670703712884,0.509113494171976,0.279484532042187
2004-11-01,1.26929998735925,2.49829250608618,1.68513637980027,0.664018397367506,0.370023177566133,0.612574841896948,0.178407698149601,1.33750860899709,2.4311475897187,1.67807353532671,0.639162417019882,0.275021213307017,0.506804313257581,0.278316544279135
2004-12-01,1.09121193514557,2.58987438913699,1.61859618123662,0.684732820307054,0.440064031127561,0.623704603573438,0.187549892136005,1.18163757004051,2.47553989442832,1.63363888886154,0.662302346498046,0.350657453299471,0.519266588194398,0.288316645190813
2005-01-01,0.95258745776741,2.47354116705889,1.67334275851008,0.762254077507742,0.582315311294157,0.667337759386145,0.22067305461989,1.04308829232858,2.377890258862,1.68004673455987,0.731685050456822,0.489093006258876,0.558763602163849,0.317108875608634
2005-02-01,0.812894888794913,2.5093979142573,1.60885498484005,0.707650066815556,0.571302752747279,0.631254509647525,0.200857540456827,0.897173231321161,2.44735571869726,1.59999802190027,0.670443142172421,0.473786771625413,0.518778017736828,0.294421617529968
2005-03-01,0.820210635464606,2.66736427939952,1.70429791436245,0.92509340654668,0.771889517222286,0.774324842965982,0.278385374515137,0.913190592780679,2.545713588017,1.7248523960916,0.903781967182016,0.687866682867961,0.672396904935298,0.377755515132425
2005-04-01,0.68909725548272,2.65603245266378,1.58965241372821,0.80401812388534,0.694563615304046,0.693888776927368,0.235602515936283,0.782635335244422,2.55808452635409,1.59650048547575,0.772269636965515,0.603659222298862,0.585109847976186,0.331006155533574
2005-05-01,0.570497273964285,2.46554862028318,1.57219642161776,0.71763453904506,0.671262638392346,0.632473493651944,0.207666088271277,0.664712071257917,2.40199788366209,1.5629441099064,0.673415803034089,0.573658418691385,0.516097523899203,0.29757584340203
2005-06-01,0.482767503163084,2.29462285818873,1.59254312385142,0.665676942643207,0.669244109552708,0.594474502823269,0.191237182273491,0.596512529300225,2.20899833104486,1.59590488782795,0.61794425313067,0.573203685887454,0.475701493959365,0.279355514167584
2005-07-01,0.627496036471457,2.17431933801908,1.80519934289157,0.789061466650373,0.765235620669964,0.673605568840873,0.23738255572953,0.736117838724886,2.09207109057914,1.809650158471,0.745137500655133,0.670254033420343,0.557897498383408,0.326525700160109
2005-08-01,0.621948213383055,2.34546457306412,1.7816729434416,0.780116033692906,0.73782294642504,0.672687176279566,0.230411550530466,0.713538225977801,2.28497664223836,1.7720250383098,0.736831231857848,0.64212006380454,0.557331037203254,0.320227079400354
2005-09-01,0.538394690593455,2.48263761118724,1.60532560405962,0.650081687770035,0.614274746426235,0.591495308674178,0.180407566669227,0.648541996763472,2.38341965092776,1.61459125745664,0.611494815154547,0.524074990893679,0.477875691255841,0.273023482358914
2005-10-01,0.680414801302402,2.48761307395321,1.81932058812926,0.821843020405339,0.744513613718477,0.704759544747,0.24193225601215,0.78054518190608,2.3943918361235,1.82642747070352,0.78755114018327,0.653018297341672,0.594790545212086,0.335776407782803
2005-11-01,0.787351589209489,2.35653463777255,2.01779388124453,0.913727253691917,0.82117329353955,0.763256743234911,0.276279256791246,0.874406209151,2.29138995125056,2.01083966598243,0.875429096600922,0.724087627219909,0.651606871616111,0.367931933880705
2005-12-01,0.78483867914541,2.13723137669504,2.10879806332428,0.933198216309804,0.871165979493136,0.770289363820284,0.287568794544664,0.879500583478344,2.05931291279718,2.10994160451653,0.893867344949697,0.778200448898896,0.658091265582139,0.378253038722709
2006-01-01,0.733913234198544,2.28288844261167,1.9890129040715,0.747610119315219,0.677669826648025,0.654876441252013,0.216062658164446,0.836091757946494,2.19927212607853,1.99230763722165,0.708913947905893,0.584586468937408,0.541851768598498,0.308195466875804
2006-02-01,0.809580049222183,2.50162948054033,2.0182846674545,0.784796331595871,0.661707781279544,0.685419733944017,0.225080513056725,0.891560744795587,2.43910275573916,2.00928647530159,0.7504327003655,0.567456984902114,0.575276739088398,0.31936895252308
2006-03-01,0.874155640053684,2.48126349989028,2.10888779255289,0.87947335436943,0.740832093065141,0.747408935506733,0.259018393801519,0.965876387334719,2.37648821471282,2.12092417696705,0.854310765253731,0.655628704572924,0.643133939675659,0.356724932518669
2006-04-01,1.10242797740707,2.47930131477616,2.28885113404203,0.996212436682484,0.782138093322892,0.827858958988064,0.297904160278742,1.18010934978392,2.38119608250142,2.29824662161219,0.977956711491308,0.697250935866238,0.72852286582757,0.39817267951371
2006-05-01,1.21701941952417,2.49082637152612,2.36848030595984,1.0190642228945,0.763272664847842,0.845577924246605,0.304024898911595,1.27410366412516,2.42178664797404,2.36344589591983,1.00255647315519,0.677902458628678,0.7476620865217,0.404923705593373
2006-06-01,1.18644971462832,2.39856660539107,2.4355177439633,1.06769058093698,0.839246346504456,0.874865838652765,0.323167247033127,1.25475855460937,2.29678718523025,2.4449580969821,1.0528610199955,0.760123868331066,0.777922660414138,0.424506292932404
2006-07-01,1.18471700126792,2.36722918927784,2.44173239976129,1.0100345113768,0.784380506286142,0.836924303018127,0.302840318233886,1.25565578376017,2.27308885068597,2.44795585910851,0.992217625864122,0.70193931160974,0.737875034902572,0.403211240147779
2006-08-01,1.0723942416338,2.43332281939615,2.26670923608308,0.812068383402026,0.607733754310148,0.707565288264712,0.232095013179303,1.14520637737328,2.36825387334164,2.25698156154098,0.78327281688032,0.514385546751703,0.600756746040372,0.329013860049965
2006-09-01,1.05407876983852,2.22033311437418,2.31914473131197,0.823696378525111,0.655800738797923,0.709766977100094,0.240258990582667,1.1436067429793,2.13333842522666,2.32279445129245,0.793012885993691,0.564523913861801,0.601755379932632,0.335999198598397
2006-10-01,1.10744474645029,2.11335215539156,2.41721739596068,0.848745908106125,0.678151071112645,0.724644631573406,0.250456991156313,1.19933275224315,2.02545014662974,2.42311721294045,0.817984369054404,0.586625397964802,0.616749140507606,0.345939937906501
2006-11-01,0.969410299463455,2.21889065005404,2.26805607286587,0.728913120726,0.586938023810989,0.647271776070854,0.206413128373699,1.06255434754995,2.15600619187721,2.25741082802367,0.68606783767669,0.482870932250397,0.531434267737047,0.297612235421336
2006-12-01,0.965259523470361,2.21195899653527,2.21825071429122,0.703449025208323,0.562665323535184,0.630641186694094,0.197242372834229,1.06700395651937,2.12431481736575,2.22298596770397,0.667810931048745,0.467573119225566,0.518953655254163,0.291395542946528
2007-01-01,1.11729680716683,2.1941909710162,2.38018848814316,0.832529661519836,0.646781352617859,0.716466822132886,0.242832220725262,1.20973680044704,2.1025136028401,2.3878196425581,0.804131189922467,0.555653946200398,0.609893890416842,0.339529216345556
2007-02-01,1.18386787191537,2.32425274623991,2.32224498679494,0.727724435018753,0.495120127702045,0.652902439640932,0.201855232665417,1.2637694689071,2.25907839773112,2.31431299967163,0.696591648313177,0.396947131994481,0.544035730561196,0.298423679022256
2007-03-01,1.04038590418413,2.41543885098926,2.10489553886211,0.561581981444992,0.36008229235009,0.544924917895308,0.141571048106613,1.14377472956934,2.30605486201237,2.11755299294315,0.533693508462836,0.269585696572413,0.436783857264942,0.240236384004898
2007-04-01,1.08203227022695,2.42189543535345,2.16624106338788,0.662157252499659,0.449100586999599,0.610500093681821,0.177870081998831,1.17934649224821,2.32243600534618,2.17518601495117,0.635242450154401,0.356588768142618,0.503676116601946,0.276461150925077
2007-05-01,1.10717416311265,2.2806208914654,2.27635517918276,0.797749611688634,0.601557406373737,0.695488380561397,0.229097772170714,1.18817184575244,2.2128481090243,2.26991798749165,0.766203387365176,0.506060834362934,0.586899445404423,0.324808504732045
2007-06-01,1.39597711886873,2.10362647215437,2.64835327840318,1.16479677410649,0.906928748618849,0.934810661086188,0.361067537322001,1.46402502585932,2.01353656022927,2.65643605170541,1.14785184558974,0.822325453535699,0.837199948382904,0.460951375854834
2007-07-01,1.48951526635567,2.08045385686501,2.65429623295602,1.01420034620169,0.71888859419186,0.838563804294085,0.30595396660806,1.55901681474496,1.98901120351906,2.66170524709506,0.996909817713741,0.633313130007787,0.739625478889786,0.406760255052653
2007-08-01,1.39914056640801,2.05060572176108,2.47330153631286,0.909913812980779,0.644724158775805,0.766901921917629,0.27152482708377,1.47182404447996,1.98620779637124,2.463430778602,0.87702412640747,0.543580576170426,0.657889032911196,0.366465645231965
2007-09-01,1.33056996915476,1.99061986581828,2.34503740874796,0.823744939218006,0.58694763528974,0.707831071536664,0.242712758110805,1.4127804289954,1.91760339638869,2.34349529825785,0.791934214338353,0.49062895617193,0.598988655736069,0.338200921500269
2007-10-01,1.32582268531447,2.1284183401216,2.25801572380278,0.766219500090355,0.509749001234334,0.67401279986839,0.219174207686522,1.41206661723323,2.04034069170754,2.26400247842889,0.73947578605151,0.416725251822547,0.567760491869797,0.317306229353497
2007-11-01,1.14751465825947,2.35647343259793,1.82721296073068,0.492766759521638,0.259465206846702,0.500087940658973,0.116679374713061,1.23332808804331,2.29335561330087,1.81877885598428,0.458929579020284,0.160510452275706,0.387986407155632,0.213362084958023
2007-12-01,1.24734630478969,2.31695636069273,1.82233452241051,0.463846378396356,0.201308375937508,0.482888433947553,0.105031268444082,1.34781520079591,2.22478319896317,1.82984669391764,0.433729249453422,0.103085375194645,0.372604861185557,0.203618283891553
2008-01-01,0.950353487280301,2.8144980060121,1.22632522579009,-0.00968923468043989,-0.233883444329442,0.190041701837907,-0.0803172880045762,1.39827007989481,2.28967841509596,1.58313096491421,0.0738541473526874,-0.275638644075781,0.148091809193619,0.064371930207582
2008-02-01,1.31213054800097,2.73914537707494,1.31109186270207,0.0336750830769181,-0.293703890982361,0.225997683505462,-0.0707316562239444,1.68948160060935,2.42286771814501,1.55176503973988,0.0689826598574514,-0.403283269319472,0.155745025961181,0.0549779278930533
2008-03-01,0.92108316830195,3.12883217866269,0.809767677383332,-0.0844052725262483,-0.311996115910872,0.156383211471739,-0.121667328238212,1.60500112860977,2.33062760324719,1.39781139002269,0.0687909505042056,-0.338710581268463,0.157863767823204,0.0503426621165062
2008-04-01,0.662577905201037,3.23896313200257,0.790567956976499,0.160609674046878,-0.0147699762139203,0.299234678530903,-0.0175211423705274,1.4487785374088,2.29273443864794,1.48867802815635,0.347236443851947,-0.0219292509056025,0.322911421997805,0.16604819380774
2008-05-01,0.971024535873201,2.8019990818195,1.26108646263897,0.419507479041986,0.188453951378168,0.458135969754564,0.085211461460465,1.38935979108676,2.41582981971372,1.55470049855,0.472378124251083,0.095971503291713,0.401554497207327,0.214897913447126
2008-06-01,0.809899927260331,3.09867385240988,1.18366889781911,0.541934626179056,0.324395263454387,0.536858941994986,0.130923569841345,1.42171835146822,2.35392780807693,1.72559422174395,0.690408840732037,0.305558479246618,0.53950255654665,0.297527554488839
2008-07-01,0.613063311747426,3.22080287107044,0.970402927822766,0.451076878639344,0.284910321027541,0.47733896616207,0.0979024754812917,1.32256872063276,2.35486454894457,1.60193962269066,0.621122255547123,0.275073907318329,0.492615646146888,0.273381553989592
2008-08-01,0.959091535787507,2.65640784243094,1.32656309481272,0.453593215991825,0.245435578302452,0.476295477992457,0.100544930903513,1.29497403292236,2.36912873761531,1.52826491293703,0.47084078364307,0.137756928958098,0.397380899020026,0.216325442914996
2008-09-01,0.987247316732413,2.4714280177379,1.32235550834477,0.469642667193877,0.276513535877463,0.482817702101717,0.109010937566345,1.20990102767973,2.29464185265478,1.40862796385444,0.446299906011004,0.158613745501113,0.378161100481804,0.208965433651049
2008-10-01,2.28401777401624,1.7957887975736,2.19729546349618,0.755216028871164,0.218051487194307,0.681315963414468,0.203665610915319,1.74985842745577,2.61376779053046,1.48775395844231,0.48687724784291,-0.0477296711705921,0.427326007449211,0.207091785420931
2008-11-01,2.56688121300322,1.91724622802031,2.13369186915662,0.566941377149236,-0.0423773022889708,0.587965568360324,0.107956654916336,1.98657739150752,2.57690830907504,1.44535989717544,0.328980600717638,-0.245316219257317,0.34503832100353,0.13012852761873
2008-12-01,2.51140209234481,0.813024794968009,2.24437761831941,0.151963083375798,-0.175010697449997,0.339659433437121,-0.0724170431834492,1.4519443360394,2.27974205229424,0.958793089523864,-0.28336414534647,-0.472250577787328,-0.0151561917323926,-0.139885066830392
2009-01-01,2.60488864659008,0.772127826801719,2.30259428211088,0.187754729221236,-0.181589006046561,0.356672411861588,-0.0521903582099211,1.4767764787135,2.34058818840508,0.958874150681175,-0.268716826618336,-0.495255122251135,-0.0117121944496821,-0.127042376457151
2009-02-01,2.08009871219439,1.88910426200751,1.67494471608824,0.120228706324146,-0.266768894576956,0.3118021448329,-0.071390725992624,1.6712425547082,2.27773524206308,1.20709090938778,-0.0316120609706729,-0.387792357655821,0.117216963834409,-0.0126860373597878
2009-03-01,1.90281462282782,1.69894131639407,1.6533629584483,0.138962170886191,-0.171369482721445,0.312529237169555,-0.0556917265468792,1.52167181033492,2.22075670670565,1.13936243342649,-0.0565909164515111,-0.348391235111504,0.0974635936713941,-0.0202938556518033
2009-04-01,1.7601616447404,1.81125442791447,1.52825369443995,0.140858896325995,-0.140231088664768,0.311511666778599,-0.0531319134777363,1.48960459694796,2.23905699440595,1.11079613909193,-0.0326996199349918,-0.317703948734015,0.111491592167586,-0.0102858381147514
2009-05-01,1.92154771841566,2.24510114007222,1.49091313054597,0.238591029339447,-0.16510157011095,0.381275086886423,-0.0198647464445056,1.84839356717099,2.35890098539219,1.31618643857325,0.15930552573632,-0.297101264755058,0.237433378484112,0.0629617744820553
2009-06-01,2.19346038687589,2.40162886111431,1.71425397207752,0.569373449717723,0.00777074003230117,0.586073359166009,0.112582317205241,2.18229473785194,2.42325941466629,1.62498139401768,0.527828418584483,-0.118347012385744,0.468431849316935,0.208474415142712
2009-07-01,2.19595454163781,2.3186092782147,1.67657111607614,0.438780622491495,-0.0911057743106499,0.5085770677247,0.0575346227114675,2.15122003958643,2.40928233955385,1.53414718322633,0.37104473614073,-0.234811941756129,0.374122024367169,0.14360445627689
2009-08-01,2.10609620159408,2.37577200963647,1.64221250451592,0.485831284766632,-0.0323212155362414,0.533267528859311,0.0802965953826534,2.08961323442368,2.41140928036355,1.54010235859444,0.436294258728252,-0.16005803088711,0.410131993659515,0.173342264428491
2009-09-01,1.98040121121247,2.34483666791478,1.50968047746462,0.348121531765885,-0.101536500284119,0.449407969170758,0.0237757339289024,2.03054205677237,2.28617934338843,1.47294630449472,0.340004540829896,-0.191358882651504,0.350499747912727,0.13387822370959
2009-10-01,1.80438113278773,2.44624485123609,1.36236056279582,0.321917612467218,-0.0798448951912964,0.430997674205073,0.0150315830536374,1.96037653476646,2.25701816191661,1.43206336998821,0.342034919525314,-0.157718553811124,0.349269779388433,0.13632216166252
2009-11-01,1.87314645844808,2.4022633868272,1.35849453245972,0.327047391982634,-0.0759635816965171,0.44063833413739,0.0103437789501965,2.10900876768798,2.21820476229389,1.47425650425048,0.311715974396183,-0.215119540557353,0.340474987289214,0.114863942807932
2009-12-01,1.84021881925423,2.68840840253897,1.26893247016252,0.322559641164594,-0.113688583372358,0.441066964386197,0.00680719066618145,2.26415097228565,2.21497089340265,1.59897223861923,0.388502523446511,-0.208630477792619,0.390257588155374,0.14415719434137
2010-01-01,2.22808920577284,2.31489419139833,1.69145930412587,0.467880736580893,-0.0670895780177515,0.529590718555245,0.0658671718995125,2.35801789485141,2.16721079872364,1.74247725403426,0.457657257534879,-0.183486971123006,0.43117300079103,0.173870547445858
2010-02-01,2.17369282388074,2.23598860618046,1.66762349834766,0.504750246997851,0.00277144885557081,0.550412169940902,0.0813880474764435,2.26565324005801,2.16238044719585,1.67311253951831,0.46641594487879,-0.134083886714047,0.435355253804301,0.177603466539034
2010-03-01,2.24606593990649,2.24267631794348,1.72736151057018,0.469594901408995,-0.0621903585090807,0.529263199702027,0.0677263248145347,2.33660650202067,2.14992160554247,1.74120756686991,0.436755110370168,-0.193448629194217,0.4165763970245,0.167124183850871
2010-04-01,2.22220253641537,2.3255283257891,1.73170378093539,0.524876228168776,-0.0239012271639423,0.560893112892043,0.0924091278377448,2.29192731990428,2.22195120296651,1.74412597613146,0.513080823071998,-0.129574110358282,0.46073346597091,0.200543651172332
2010-05-01,2.01069456762047,2.24845149298755,1.52674066411072,0.237082845303031,-0.188088610739073,0.385897674489224,-0.025607764017254,2.08865790524547,2.18007399428937,1.51818919162664,0.205235335050457,-0.304663521421179,0.271780533615161,0.0755664004278038
2010-06-01,1.9523045888388,2.02725349734027,1.53308461667866,0.140559639538306,-0.212731030023269,0.327443977476199,-0.0669071883327398,2.04713890223097,1.95712730120198,1.52893027887579,0.102983002377912,-0.329512370667165,0.209352483363324,0.031859160501652
2010-07-01,1.90910200533181,1.91155816552653,1.47393813008173,-0.0271170555198177,-0.310392774658496,0.234747491530883,-0.145735367485862,2.02171483182527,1.82966273371763,1.47589167206363,-0.0688283197463021,-0.427103527842386,0.112769560249244,-0.0478333154089157
2010-08-01,1.59536843545825,2.01265897547988,1.17535285996452,-0.314693347194109,-0.442004530002656,0.0778833412326577,-0.283410397032317,1.73029352803271,1.95396324961336,1.16272868469801,-0.377847754665606,-0.574668785415765,-0.058359632159405,-0.193531398180687
2010-09-01,1.4958162769559,1.98989314141185,1.12202344348559,-0.349499684923929,-0.436219200786565,0.0569624823834078,-0.299047507173335,1.64531132980976,1.92417143583002,1.11744279171949,-0.411963898696958,-0.566917483823353,-0.0786756868817409,-0.209320571018696
2010-10-01,1.19988137515045,2.34170041913075,0.749660744127551,-0.587689016959317,-0.550771498603578,-0.0613206007463217,-0.423552930400269,1.3687257898602,2.25905597344997,0.751034415659442,-0.652304960560688,-0.681941378657742,-0.200449927955224,-0.332843156249283
2010-11-01,1.34265353318748,2.33277210967897,0.864568564736015,-0.488752672182392,-0.537474217523641,-0.0152058192360355,-0.367118837647245,1.5035370496383,2.27499161211246,0.859880080272847,-0.550379926871246,-0.672191158472956,-0.150964775877506,-0.276072146097735
2010-12-01,1.87993939455164,2.36982347017698,1.27706945521588,-0.0521185273356315,-0.392275802624771,0.224301890244701,-0.157565940570381,2.00738913249839,2.26385684816115,1.29609279776632,-0.0802702156769966,-0.508803138738744,0.110781293222885,-0.0536175366332772
2011-01-01,1.93922270102632,2.57767215011542,1.21762314255852,-0.0479140254688922,-0.432003806944,0.233194831805408,-0.160600783406858,2.04795983237378,2.47394264946772,1.22929570154742,-0.0726815962376481,-0.547911291965822,0.121207666795829,-0.054402640800673
2011-02-01,1.85227752361934,2.34150680177909,1.35888145448695,0.38169351722762,-0.0111367795132515,0.471165835106854,0.0345465561706735,1.94393929921725,2.27681223827137,1.35902528485089,0.344778685662651,-0.136325448783608,0.356100133038477,0.131713003295812
2011-03-01,1.59240935780331,2.59277582803561,1.04678828221947,0.34241223377323,0.0170983725982016,0.449423563011105,0.0156985714169777,1.68601762741696,2.46809045308917,1.06487993384623,0.326698509885768,-0.0791148507086326,0.344752667335263,0.123414980782552
2011-04-01,1.48252935588068,2.68526948744479,0.96702108320088,0.418474746632422,0.0969703068431618,0.48860136485481,0.0533664148460211,1.56743268868808,2.57596475297072,0.976916098856745,0.398540973743972,-0.00258216421406749,0.38227954612878,0.158600832848633
2011-05-01,1.37157018924856,2.50589971587349,0.866647673366286,0.262544584755413,0.0449652085361072,0.399754286859328,-0.0183240840865913,1.46335936606981,2.44259180698337,0.859580897698643,0.218186665117311,-0.0712869319925442,0.279091698460009,0.0760107228849975
2011-06-01,1.38061488013183,2.44462009736495,0.825364077085619,0.0576786170598141,-0.0801523540372908,0.299224567320702,-0.126720933733362,1.49570693923049,2.35842806784573,0.827989286566082,0.0139393181242576,-0.195134378753245,0.176687855264869,-0.03038839598111
2011-07-01,1.36634490570103,2.62901092074952,0.736274409955241,-0.098541341910204,-0.216835447249471,0.219376234273265,-0.204161050169299,1.4906645113717,2.53528218856712,0.741082928826491,-0.135911062400123,-0.329461276067443,0.0992933704715886,-0.103713394130957
2011-08-01,0.753987275523233,2.52469893353934,0.34835240886487,-0.540302685895409,-0.278354177403923,0.00615289978030465,-0.449044373680103,0.918853371221901,2.47487259933722,0.332991828873067,-0.627131936326878,-0.420478998794583,-0.145439300777493,-0.368962911971722
2011-09-01,0.362027579822532,2.41074851416151,0.209572082378881,-0.654379761733655,-0.236524765904473,-0.0529302545477471,-0.512421566729653,0.553854782130586,2.33704047145682,0.204891567838803,-0.738054108895498,-0.365168105002293,-0.20306755978718,-0.432027091946788
2011-10-01,0.419574990375979,2.39607532477419,0.319883527616238,-0.623153090668583,-0.320831490096972,-0.0755319265256406,-0.454871054678782,0.618027194381942,2.31741695594912,0.320706389376157,-0.695480312417825,-0.442130897649842,-0.217637626096748,-0.370517721351999
2011-11-01,0.102129962167512,2.46458434528032,0.114680352558893,-0.679175837963417,-0.250216670969833,-0.0924684720160557,-0.499343321370997,0.312596767656498,2.41570018857362,0.104330799005034,-0.770010446526123,-0.383155190782962,-0.244203156393954,-0.424520046132025
2011-12-01,-0.0107291748164888,2.53105580734829,0.0488024354985687,-0.759101354651251,-0.29476265861831,-0.135636336393566,-0.538215971258486,0.209911591700114,2.43474347746402,0.056636532263982,-0.824251965240531,-0.400862500578835,-0.273965460015532,-0.451418339399204
2012-01-01,-0.150642799526966,2.64749833023864,-0.0878113405449965,-0.751637316575851,-0.250489412397962,-0.128320132272273,-0.538762575023736,0.0732443022656738,2.55921036257597,-0.0846145762870705,-0.81886945192291,-0.358257045741872,-0.26757690303142,-0.453092362246562
2012-02-01,-0.265850322030717,2.7794543156515,-0.218921211479632,-0.762481825835435,-0.251222367502702,-0.139727751429589,-0.538067220709076,-0.0570020724070723,2.71216450950038,-0.22790230044928,-0.82122640850574,-0.347949230186706,-0.274121062193477,-0.4485401509125
2012-03-01,-0.240566413213559,2.87780478835326,-0.215713256101187,-0.594771835363483,-0.194486268947716,-0.0808910067640428,-0.422777730106591,-0.0355415900815726,2.73230986633434,-0.191941757633913,-0.612179563164831,-0.257560861084387,-0.192882970695493,-0.313756404596457
2012-04-01,-0.375266216175763,2.8231772459202,-0.264166447715686,-0.670778347190103,-0.190100788225788,-0.110299147177478,-0.473977985028881,-0.164162976905519,2.71333587237059,-0.257367882556829,-0.712161445348537,-0.271580995137001,-0.235454563661261,-0.376367879481082
2012-05-01,-0.743347468493932,2.57506084481424,-0.302291996721,-0.680289729295499,-0.066944733882256,-0.107295374480007,-0.495818372399026,-0.511532875968949,2.52079962314075,-0.311957196219547,-0.760303410817136,-0.174002184533123,-0.251144351474663,-0.419560664369107
2012-06-01,-1.02665556382415,2.66459755723426,-0.375568579906444,-1.01624920424022,-0.294205880542895,-0.27697264448828,-0.671561391647435,-0.774717543133101,2.56185105814116,-0.367726970103706,-1.07589214414975,-0.374516022416939,-0.411652885377863,-0.585283425262645
2012-07-01,-1.22614542048725,2.79285267041107,-0.512292015580545,-1.14774863509795,-0.33609777290674,-0.326981671646448,-0.758136947187884,-0.954635613274557,2.72663771360194,-0.516117004424298,-1.25807956453033,-0.468330335323259,-0.491749436715106,-0.693037152454488
2012-08-01,-1.12519546237187,2.70909124929685,-0.450145140908236,-0.990773795695315,-0.261412902324269,-0.268550335837789,-0.65460974607898,-0.848519813761964,2.66861010286918,-0.457231694573486,-1.09781182376784,-0.393383810292008,-0.4290443652568,-0.589471280648666
2012-09-01,-1.19717149189789,3.07773494668291,-0.68631125403687,-1.08929508937091,-0.332575381021044,-0.315430973373858,-0.704702875494909,-0.928761549480543,2.93892323240138,-0.660521454104008,-1.13444042591568,-0.40329543033485,-0.442768960927512,-0.610794714227629
2012-10-01,-1.17629449013294,3.21935962730059,-0.73001909293432,-1.19269144237164,-0.444209682880466,-0.374628181520339,-0.748398457381146,-0.916280332228103,3.12900045092781,-0.726563816265845,-1.28247912564886,-0.565636238596635,-0.530936568261509,-0.669913381925383
2012-11-01,-1.34327749297061,2.84687475092968,-0.599911521864675,-1.03890144248944,-0.242323698304857,-0.284184396907247,-0.690184497588095,-1.07022260234347,2.79659114525608,-0.608184014723649,-1.13732105787385,-0.362734239375901,-0.440956580518588,-0.620535940518611
2012-12-01,-1.30631246479107,3.14492226601576,-0.730108249785003,-1.11784838563787,-0.340950911929223,-0.332580154337588,-0.717281716780955,-1.03692593500861,2.98995711926592,-0.698352576704887,-1.15789186013007,-0.405688967471037,-0.457508404726701,-0.620949428777161
2013-01-01,-1.0069816590217,3.27828830873576,-0.687639984199971,-1.04322830076887,-0.380820749716132,-0.308995009034357,-0.657681888317758,-0.753209193665108,3.16401309589442,-0.676467731311935,-1.08912478436284,-0.460005887878781,-0.437207597515237,-0.562247147084975
2013-02-01,-0.828417508747766,3.00484608115044,-0.544366137545706,-0.752149918225037,-0.15655178705058,-0.155533871076502,-0.515735966351048,-0.594968498042543,2.93379772026073,-0.546780149292154,-0.792796761930811,-0.235275982660339,-0.279760337814312,-0.418347038830301
2013-03-01,-0.940777734457973,3.2112921745503,-0.709810160625688,-0.72122911716375,-0.102999277956691,-0.134919077112427,-0.50446551382043,-0.70699920576267,3.02094189615706,-0.669215434707032,-0.71701141088001,-0.146216676879579,-0.239388848992612,-0.382454387542461
2013-04-01,-1.12727675410658,3.12908810693802,-0.749386041037965,-0.821965754862611,-0.0863889224831454,-0.16395354266558,-0.583318753771013,-0.886222495588763,3.00409505194148,-0.739478384263348,-0.855343710468218,-0.155550075710584,-0.287328387266208,-0.480810834830349
2013-05-01,-0.798259993555212,2.59596578128773,-0.340931945590562,-0.53224721656722,0.0343542737243907,-0.0481580461594912,-0.403998014899189,-0.547077253417516,2.54167739760792,-0.343534417886964,-0.605820060375499,-0.0713023559536238,-0.185793582668018,-0.326900581269181
2013-06-01,0.038395654414415,2.39883546421372,0.208033673287775,-0.358470766083154,-0.0667429918493257,0.0293466067531365,-0.293309472158795,0.252536965618472,2.29510072285717,0.226762862816944,-0.401765399290565,-0.158747206831893,-0.0933571108279627,-0.199208393172369
2013-07-01,0.548582504231251,2.40757097009307,0.452966653974961,-0.155415580176684,-0.0421930634278686,0.146444206004827,-0.197757435690895,0.726011136275905,2.31220461114572,0.465426779486187,-0.197591591415258,-0.142426570988408,0.0251794650373726,-0.102707287009066
2013-08-01,0.861632667342606,2.27365643655599,0.66765127314078,0.0225109846949324,0.0271603777310947,0.247334337321081,-0.115884156220703,1.02650545583988,2.22336366360836,0.666606723692768,-0.0511553060174703,-0.106743568171021,0.112214952089518,-0.0379936007144222
2013-09-01,1.02082815018334,2.29500356671387,0.764357896013681,0.0287359622195957,-0.0149713411809605,0.25640421768229,-0.11675811104992,1.17405784336565,2.203647512582,0.776458617413983,-0.0261700067984448,-0.133480510082405,0.129301134378242,-0.0278994756081319
2013-10-01,0.831243214640355,2.43212122035629,0.544439423907926,-0.173614592888055,-0.105060244539143,0.157704642103807,-0.225234025434973,0.989514788947148,2.34637674189456,0.548907794522991,-0.235028327075592,-0.225253222356093,0.0248132877104695,-0.137637057944203
2013-11-01,1.01815923212827,2.30961302715415,0.663862585617132,-0.050234500958486,-0.0352711101963345,0.230723827185998,-0.172554576356501,1.18155294966779,2.26259119114262,0.66081070499907,-0.134379042209219,-0.181007045580409,0.0888806127546473,-0.0984043446391342
2013-12-01,1.30504276643077,2.32610194293313,0.843864682684337,0.0597126647542166,-0.0453907527804849,0.294268555355225,-0.121196035235233,1.45077883436779,2.22934955327059,0.858688289563027,0.010704895067112,-0.165571025674224,0.170324726090894,-0.0290301181584542
2014-01-01,1.14973432201878,2.41169640443187,0.749475337893372,0.0580125708442307,-0.0280933411958925,0.283737336351231,-0.112674022446323,1.28433018143617,2.32131780055556,0.756417706532712,0.00693753065124422,-0.145821755538943,0.158093470859447,-0.0210230474717875
2014-02-01,0.90249061752931,2.30145905473873,0.62273413316751,0.138228637381291,0.107231299747042,0.31121190037669,-0.0621016812987379,1.03165709637583,2.24419320614795,0.615528013653045,0.0707091440162662,-0.0148283786223332,0.178912856780091,0.0190561542886665
2014-03-01,0.826750211942328,2.30112960332834,0.635300341582402,0.168616496116181,0.130621729728421,0.316690190825215,-0.036655988311991,0.962108170156226,2.20922885618687,0.64334719894417,0.113965373815629,0.0203174997142824,0.190390101057454,0.0513168366128745
2014-04-01,0.76449901759924,2.23562972193557,0.661927612925635,0.211861599812626,0.173115466442118,0.329909900029218,-0.00661505362238649,0.898119454170633,2.15450649140993,0.665451533799788,0.152852731157277,0.0614575913819644,0.202167252498964,0.078301078164849
2014-05-01,0.505884906060134,2.20380453810082,0.522573217507806,0.162622218314458,0.195220203188695,0.289029667538328,-0.0186014760423835,0.649767410698475,2.15987075018252,0.513423502978717,0.0801195620103423,0.0710233851201467,0.151307899259944,0.0520992870088172
2014-06-01,0.443601751209918,2.24997982112326,0.518686156601576,0.17553704605244,0.208566933132936,0.291473177732504,-0.00762917342560301,0.593285095046068,2.17273809345551,0.523711566247216,0.106628018294217,0.0947342956873132,0.15950010867836,0.0709534551948666
2014-07-01,0.273024030729848,2.28729242710595,0.457897233808525,0.120219152704902,0.200244608294734,0.255457958299612,-0.02886547044602,0.427106816288914,2.21773097054978,0.458465983706019,0.0464050255650394,0.0849673526220892,0.120621154796261,0.0473797838236759
2014-08-01,0.133905173487502,2.20001772741887,0.441249765572649,0.0639695571321253,0.19590918032013,0.218439579959691,-0.0512718663307933,0.308868444900077,2.16590732779198,0.431636114801805,-0.0387564118104372,0.0587453142675678,0.0709421740549652,0.00818171636458778
2014-09-01,0.336465182827025,2.02505002250228,0.676653868104102,0.171816405451886,0.241858057219709,0.275963369835383,0.00196256161936774,0.510217737998688,1.97744340872782,0.676546650386365,0.0795443620462426,0.109330496491164,0.134138343361044,0.0665380923644402
2014-10-01,0.22711080677697,1.91442634444546,0.618937663685395,0.0310884184448851,0.17791488522545,0.201383862859694,-0.0696069673105596,0.406980859486891,1.86308591625099,0.617745412215273,-0.0618429308108468,0.0509383006474928,0.0579810693965723,-0.00496441424333747
2014-11-01,0.23746564609473,1.9726508960715,0.632475284888772,0.00432209689647349,0.150112038747468,0.189867204939489,-0.0843646524994694,0.43216439631721,1.94260317933516,0.624489581625939,-0.110280177209678,-0.00102454806942279,0.0357068560903096,-0.030433319161418
2014-12-01,0.132387923958781,1.71474157376613,0.751824847408079,-0.0144564417310689,0.175659949778174,0.169353537308966,-0.0863590283047455,0.33551811667178,1.69956235711032,0.740071129664604,-0.134268985661934,0.0241188870595926,0.0131351183823809,-0.0362704286989399
2015-01-01,-0.334286616448774,1.69690256270511,0.512870193877178,-0.166644271957459,0.166341732563312,0.0819751933231832,-0.160937078876707,-0.115001658063001,1.66348327864164,0.50736584588996,-0.285101519996581,0.0306559419984785,-0.0728326348973302,-0.112552589525578
2015-02-01,-0.0945119437032104,2.10175120666834,0.425658318968769,-0.366916076881403,-0.0735525366172727,-0.00442672001673419,-0.270776613993516,0.104206101899939,2.05283698518992,0.411875228186748,-0.465540921021306,-0.203524004523485,-0.1556348949518,-0.204878503166518
2015-03-01,-0.21972641770846,2.0255118972898,0.406703764161838,-0.240152081271229,0.0596125763749556,0.0535064444829047,-0.201713994084961,-0.0229467731551094,1.96566857887721,0.403758241597246,-0.32823081954847,-0.0577646791732561,-0.0909722914204938,-0.132139227138813
2015-04-01,-0.508614397741164,2.10367236409464,0.195107964822863,-0.27019713444777,0.100491111682466,0.034326709861286,-0.216552045523933,-0.302938255031713,2.04268400139984,0.192924465159178,-0.363893108029503,-0.0157643679910035,-0.112123020043942,-0.151320660641141
2015-05-01,-0.180545080673987,2.02034149575467,0.417560324715748,-0.0957800569140969,0.158381189796189,0.123439581911985,-0.123871475706641,0.0286659765188081,1.98500846265057,0.411669003233386,-0.201872656415298,0.0211601400410587,-0.0269617112865892,-0.0659091980121566
2015-06-01,0.087535407399618,1.93526828034237,0.613345840798096,0.024915839811069,0.195237109851237,0.190418477065301,-0.0652774693429781,0.285501210790652,1.89186877501874,0.613150929776467,-0.0738112206824357,0.0595340104021322,0.0440927132581853,-0.0034224672743991
2015-07-01,0.147260078653902,1.84902593603224,0.674570540969226,-0.0342346352993742,0.146452488596817,0.162915035877564,-0.0984299763801071,0.341141508487032,1.79679450562297,0.675599077110334,-0.128541138033954,0.0161592300504805,0.0175481957431622,-0.0333859289564948
2015-08-01,0.142187687483165,1.80229458140731,0.718684874289493,-0.226764647995797,-0.00090123543163371,0.0654853802021488,-0.197731018175492,0.341620118215765,1.75984080441808,0.706773837073451,-0.325602497171565,-0.136066731982714,-0.0848863146322456,-0.132561575540602
2015-09-01,0.203181316103571,1.58428252356808,0.848861837325528,-0.163180705254697,0.0570405487877173,0.0974279678650309,-0.166643538942351,0.406945260429921,1.56357981299161,0.835039527105582,-0.269725202786758,-0.0849891743492889,-0.0552564634682684,-0.106994861828416
2015-10-01,0.0819843249362037,1.57679599248819,0.76055201670867,-0.211339689050508,0.054474296826692,0.0730662522139618,-0.193450013202882,0.291170077586702,1.53004575602098,0.758637992164793,-0.311270098251877,-0.0760005840119267,-0.0762863732800606,-0.131147528393223
2015-11-01,0.162047008034913,1.73512827010547,0.819489149690548,-0.104238358416257,0.0904372818623794,0.123746507150629,-0.130940494103646,0.362387958231518,1.6905741291932,0.810230331401396,-0.200997852308218,-0.0444226858388873,-0.0243099228803475,-0.0657742024475105
2015-12-01,0.0715728385013849,1.57061860332858,0.887950404649302,-0.0575320097580264,0.162644630498842,0.141822007192781,-0.104022820195265,0.264560746156853,1.53304166080189,0.877752728430927,-0.151559176958859,0.0365056571515151,-0.00390333608315517,-0.0389444788540471
2016-01-01,-0.10556602572873,1.54745659527772,0.7743913160018,-0.184064254113088,0.105740689167342,0.0747706783800627,-0.168932977654791,0.0983535267022598,1.49087754552359,0.773093789648782,-0.278817177964846,-0.0148533306961825,-0.0719701976894756,-0.104509823845647
2016-02-01,-0.178610824961741,1.83153516613051,0.515527925209442,-0.522566816007452,-0.158776258553883,-0.0851492900350616,-0.353220626415488,0.0105898835029005,1.77550922804162,0.497909105356606,-0.623430944197837,-0.28037101927215,-0.239230005061037,-0.288190322337518
2016-03-01,-0.441012798839278,1.88518626680395,0.406254892224055,-0.415480537576821,-0.0274870780306962,-0.0419333927019123,-0.289283211934272,-0.231103708384527,1.83175185740202,0.398038882663895,-0.515310005613992,-0.149166306446153,-0.193485239844319,-0.22559334529258
2016-04-01,-0.67216267716079,1.94564274362794,0.243890488132764,-0.497678735499899,-0.0378709631329618,-0.0811262313567601,-0.337017066456304,-0.44318531486094,1.88705261249001,0.241117517320598,-0.601733897525739,-0.160990745964795,-0.234620820424728,-0.276187898574517
2016-05-01,-0.722319395376473,1.97572843108319,0.224972088157979,-0.49236400821527,-0.0290073764405472,-0.0812650983438118,-0.331518198067983,-0.492122743715713,1.93389552543395,0.21531422122788,-0.599136149691713,-0.155682149807768,-0.236142017613013,-0.271810735642102
2016-06-01,-0.898350087048746,1.89282252553337,0.171163460048534,-0.570825165554992,-0.037478162665377,-0.114419113409796,-0.382878636693526,-0.655843701414861,1.85242594947104,0.161798287029156,-0.683220458391792,-0.164534041865682,-0.271701399463809,-0.327271697828406
2016-07-01,-1.13061831860348,1.86965592776728,0.0929704811437911,-0.64747482845211,-0.0380066458082443,-0.144776296351599,-0.435410508546006,-0.872226415806077,1.82063285072507,0.0890185328776712,-0.763668111970966,-0.163865453102259,-0.303252186460534,-0.383350444065676
2016-08-01,-1.09228646052285,1.83981951950843,0.149749886578613,-0.596584351216598,-0.0110219980522957,-0.125006866582279,-0.402504659790875,-0.831718502726304,1.80359452858344,0.140022821166768,-0.715339094788676,-0.14157302199242,-0.284535197392978,-0.351565880880204
2016-09-01,-1.06486329111634,1.80899723294966,0.189258110928384,-0.530853859576695,0.0317387789383111,-0.0975798985454628,-0.362301464186738,-0.805875709779928,1.77622509585026,0.180658652615215,-0.64729799327775,-0.0976176249307927,-0.25534373311514,-0.310550917580643
2016-10-01,-1.01758392162044,1.9558622834653,0.148101591795893,-0.486683228030714,0.0400834565798226,-0.0818662736884037,-0.32956302029628,-0.763799336279361,1.90457035117001,0.148227608037263,-0.596842072181241,-0.0861120811411916,-0.236879247600083,-0.273793232681061
2016-11-01,-0.514917671836526,2.04425226723496,0.378185626050741,-0.30021691806614,0.0605110975097098,0.00955059032663375,-0.221276068847553,-0.284861116387324,2.00048118623981,0.374059068504457,-0.40105569409837,-0.0712400442957438,-0.141482255579265,-0.158078568516673
2016-12-01,-0.0650737684960803,2.08034182937305,0.642375518015663,-0.0611857179714494,0.143522684084306,0.141791463897094,-0.103188715753176,0.134287099388302,2.01237160332509,0.648840103189446,-0.144055139682117,0.0204886658903844,0.000670890737271626,-0.0305666502020126
2017-01-01,-0.162513458714171,2.20372897418702,0.516676919556004,-0.132481640276512,0.095671275130365,0.10275920327735,-0.136649886509435,0.0281929978290165,2.13249908969171,0.519241576849951,-0.216163056746922,-0.0239723696932742,-0.0396830096314633,-0.063769478915498
2017-02-01,-0.193457623837432,2.30469745538752,0.445568700295765,-0.174627536333072,0.0573929550840982,0.080319886523348,-0.156400860470314,-0.0207568556751194,2.24726840175093,0.434713024336852,-0.258636750302587,-0.059687010706952,-0.0630604382151674,-0.082883833231034
2017-03-01,-0.180263651810166,2.27823884199986,0.512902763316924,-0.146916512946546,0.0778272246158369,0.094247592186932,-0.141943762725658,0.00448037088175374,2.20139086681389,0.515322379391409,-0.228296786545255,-0.0386566160852077,-0.047417721775202,-0.0674882148324335
2017-04-01,-0.361513804528157,2.20678159299754,0.426708907912412,-0.283478614072044,0.0142776934969804,0.0178362506540603,-0.207875728955981,-0.163337008212806,2.13730985320104,0.42583237883497,-0.37349896126074,-0.105670377278331,-0.128901876519257,-0.137820927291778
2017-05-01,-0.360613110959477,2.13412404667596,0.485183727936002,-0.275410499854528,0.0267208662521252,0.0213945682946668,-0.203948467886701,-0.160750203406598,2.08586718082477,0.475264617521316,-0.370158992710766,-0.0989999701760027,-0.127684447656251,-0.136209686478558
2017-06-01,-0.518966363733187,1.99977753465953,0.48779464185241,-0.310541853431992,0.0488370881842636,0.00076757368002243,-0.22289640716471,-0.309943505639477,1.95050860577632,0.480081557824114,-0.409268521495883,-0.074909118525661,-0.149824864552045,-0.158444865322947
2017-07-01,-0.366297469275389,1.97569066876393,0.592672799624104,-0.25532734871639,0.059308797098213,0.030958835702859,-0.194870163404998,-0.156236805092,1.91536230537684,0.59292434099999,-0.348497026910967,-0.0634420360625266,-0.116610935850077,-0.127435574758494
2017-08-01,-0.486690301019744,2.0194456893047,0.494449233438076,-0.325546754860259,0.0256290500828803,-0.00680328093185271,-0.22994622642087,-0.2751426601793,1.97599988783747,0.483569541626967,-0.426282629931826,-0.102467730972324,-0.158802169390714,-0.165897222627206
2017-09-01,-0.602461339178966,2.05015515735121,0.435036189354228,-0.322329465812792,0.054209754599472,-0.00660980049324107,-0.227962287968823,-0.385927707702785,1.99257417530769,0.432835874466929,-0.420478504144525,-0.068825634993807,-0.15683418880548,-0.163389952827733
2017-10-01,-0.530280878287866,2.03516126679328,0.53380833685684,-0.188310100011027,0.154072865712308,0.0641246190425809,-0.160882367452158,-0.320143654456952,1.97266263352258,0.534942310782319,-0.281824492276144,0.0337267005826426,-0.0828051690532776,-0.0945633768218034
2017-11-01,-0.613881609686707,2.02803731985539,0.539814621507206,-0.17097595795312,0.191435024785074,0.0722613122331323,-0.15233900010972,-0.408154889490786,1.9841653687666,0.529932344769097,-0.269459909923429,0.0680214555673335,-0.0770831824659736,-0.0886472455294707
2017-12-01,-0.688085700737918,1.9987008834601,0.579949942378709,-0.0906993598384928,0.286606069252334,0.114773129121566,-0.114164698443394,-0.482667106044692,1.94511739632155,0.576463574579223,-0.186337680634443,0.168485558663807,-0.0321148626592733,-0.050260605195304
2018-01-01,-0.65852441513153,2.11155162803329,0.599499141273942,0.0105563043878579,0.364518556009389,0.17213977754591,-0.066405430724076,-0.460366566117249,2.05045343597142,0.599809800530304,-0.079396867985816,0.249687097720243,0.0285395409852958,0.000425634649346435
2018-02-01,-0.309133944931387,2.19453092752749,0.784931680694887,0.132603416701696,0.379207799744241,0.248495688228394,-0.0131403716512926,-0.143533880552663,2.14163534456231,0.775207979145815,0.0515894415660276,0.267023868004282,0.109246410375563,0.0594803186526661
2018-03-01,-0.400025776058369,2.21337038769486,0.754839689704027,0.121180199529323,0.39278763412343,0.241035956838613,-0.018117565581372,-0.222704137933407,2.13806752440707,0.757646837613238,0.0407778105089655,0.282785309747247,0.102157388559118,0.0544369186738866
2018-04-01,-0.472951203180682,2.18411427838976,0.772066861609074,0.162991521484886,0.457208337462088,0.264085185355296,0.000230366886988694,-0.295675251119588,2.11632298315704,0.772204816659653,0.080982818618437,0.347103824889576,0.124881850694282,0.0714002348366575
2018-05-01,-0.400081331655133,2.17723073883747,0.857299216724246,0.232819639742531,0.506748846545886,0.306431072370194,0.0297561044723594,-0.23094228564126,2.12990733163212,0.847252190246947,0.149622050495888,0.39239634657152,0.166923648273908,0.100489546771006
2018-06-01,-0.496217969016459,2.13945260272945,0.837514757399635,0.214996984852337,0.520044402142402,0.293988517558702,0.0225335850691059,-0.319011847941984,2.07265651611653,0.837841014090142,0.132466893060078,0.410265873586839,0.154980194404217,0.0929280733441857
2018-07-01,-0.590440616421451,2.10048282801379,0.836309581360912,0.222027799503129,0.557204149288393,0.296352415176615,0.0257682901083274,-0.411070159006294,2.03791755115298,0.835330579239103,0.137475086768766,0.448030485139138,0.156657664717224,0.0945446738666852
2018-08-01,-0.601700372957603,2.08650817315543,0.846784158493092,0.205225924784761,0.54605397430377,0.286683301422896,0.018080464148011,-0.418576393111701,2.04272771423977,0.834838118261105,0.113298683988,0.427569629058735,0.142914675837287,0.083641139643796
2018-09-01,-0.530390204564938,2.0711917920011,0.929314468734898,0.283340016317174,0.606029550682922,0.333659481237416,0.0513209243293398,-0.348800696626615,2.00788308488288,0.929989567195403,0.199302500531798,0.494593437025595,0.19453726583497,0.120292490703771
2018-10-01,-0.33401733070663,2.03629245980859,1.07024570395922,0.349323093789794,0.620889376335199,0.375903777429708,0.0781784157806825,-0.161992398861771,1.97060709588493,1.07246749037121,0.271033028877853,0.511721597109986,0.239906180712816,0.150257771280275
2018-11-01,-0.273763683047142,1.97956704303432,1.12310412541577,0.314722704537624,0.575364941314482,0.355755851374783,0.063316667540666,-0.100949410541009,1.93187252326354,1.11220004288816,0.227518391140097,0.455144366334918,0.214493169764246,0.13178258269989
2018-12-01,-0.42700881291245,1.76306732170271,1.08327065059995,0.157788807525036,0.483000546552348,0.258519102848471,-0.00334166791577679,-0.244585184619433,1.72200689547772,1.07207902393959,0.06548454120741,0.366169276295762,0.114462679061774,0.0616502120983175
2019-01-01,-0.55639207793361,1.8260524344846,0.94641542096502,0.0317640485206242,0.389043950798067,0.185629604088061,-0.0598038688015422,-0.360888503512245,1.7694688740359,0.944021225681995,-0.0606500706357899,0.27430801993206,0.0409164054227726,0.00526923778512538
2019-02-01,-0.536075086052257,2.07930472694777,0.793901509259751,-0.0887773792001119,0.243496693937463,0.118985618995696,-0.112595755430237,-0.356865649861702,2.0275079132732,0.779588977234557,-0.18111744669616,0.128837312133122,-0.0274741917580443,-0.0453693612337121
2019-03-01,-0.743130769004956,2.12408577167631,0.639585259499925,-0.185256838615369,0.203249063807421,0.063421709660264,-0.157597482895526,-0.539420020008267,2.05940641025362,0.637557052238479,-0.279963686264062,0.0870584173569808,-0.0843474036489866,-0.091927798202892
2019-04-01,-0.790094972136663,2.15261609828356,0.58190719636404,-0.231120263673285,0.169440551842961,0.0376378272794061,-0.178891407159048,-0.577350345576928,2.09043012911011,0.580883800985187,-0.327697880076164,0.0499524203630094,-0.111412830665718,-0.11381616357944
2019-05-01,-0.849267055579744,2.05842719328167,0.569265539495938,-0.303907914016853,0.124773655376404,-0.00220777510235707,-0.215469743043137,-0.63370888381754,2.01739885475107,0.558694207785701,-0.406478515617359,0.00139404554201005,-0.154621123547994,-0.15338971182369
2019-06-01,-1.06930683150696,1.99779485126221,0.411176605442127,-0.50742166948185,0.00129592666949002,-0.107257864304496,-0.322958225827328,-0.832073262982604,1.95236918759123,0.403683800217061,-0.61813357716107,-0.124574292076616,-0.264216331177866,-0.265701695195805
2019-07-01,-1.17521781874495,1.99158085814187,0.376712203292992,-0.492055228111994,0.0425938553161603,-0.0981517952525778,-0.318149041645278,-0.929344957851065,1.94271230387254,0.373221244560745,-0.603277702164042,-0.0827984497398981,-0.254741152866246,-0.261985393793488
2019-08-01,-1.66747540208708,1.95222712003255,0.153009450742578,-0.679377306924092,0.00127921933788054,-0.178389949164703,-0.439085062477206,-1.40153124767974,1.92188255443472,0.13833701369612,-0.806780448145532,-0.128865365915177,-0.342140174330327,-0.393798240700489
2019-09-01,-1.71270674754349,1.86860099123237,0.206605532295036,-0.575159785952684,0.10664495696791,-0.126898796262935,-0.385681109809506,-1.43945791347113,1.8394514047162,0.1968779846781,-0.699644792396502,-0.0211724524117519,-0.287859957940376,-0.340144992898584
2019-10-01,-1.67245793493703,1.78683676171987,0.237967338887215,-0.525131674099083,0.148096010691616,-0.101154975645265,-0.360976528289996,-1.39709193168297,1.74920019932897,0.234781907657159,-0.646597319610491,0.0235096079447851,-0.259539536188746,-0.315085803269474
2019-11-01,-1.56383902741676,1.8857539604926,0.235244262946864,-0.447399229613829,0.184752102284609,-0.0685019555772043,-0.310504898385279,-1.29551593271376,1.85507150853332,0.225992115070775,-0.569276376095731,0.0555897169960808,-0.227769642379407,-0.263301848497214
2019-12-01,-1.50828832043725,1.93515756575156,0.228323166255568,-0.428979734572895,0.184990716367086,-0.0610819916159065,-0.297369706495909,-1.2450654543914,1.89750711539514,0.223518140991512,-0.54665348021953,0.0587542892700146,-0.218472914694122,-0.247588310459142
2020-01-01,-1.64296855140336,2.01412735780734,0.103804794059562,-0.535684739412038,0.117843705530532,-0.111807803270341,-0.357158006347664,-1.37494844072355,1.96998847612016,0.100979255888536,-0.65532427258997,-0.00739467339367644,-0.270536505997491,-0.308535619089295
2020-02-01,-1.6642299957549,2.16991924855057,-0.0498721496533931,-0.774508558381421,-0.086937940878725,-0.224496803544834,-0.487691280124374,-1.43017442380211,2.12365981522984,-0.0669480395556376,-0.894336352021758,-0.203371758838736,-0.384854766028294,-0.438598932226837
2020-03-01,-2.10906294868733,1.60107702304016,-0.0250381143622051,-0.834267156178134,0.0724016789196701,-0.165902132222463,-0.629325686734745,-2.02236095519019,1.86763642068824,-0.275191050512394,-1.02447198346472,-0.0648875433671697,-0.355573417592389,-0.624390174246457
2020-04-01,-2.46127677464214,1.50544725950697,-0.0426466240916528,-0.946644046744512,0.148959933525811,-0.124526237422201,-0.798055712136517,-2.29197254644159,1.68847360865835,-0.221706474649079,-1.12418360051569,0.021725619395317,-0.302933466275922,-0.793528043239112
2020-05-01,-2.6926961223942,1.84500019301241,-0.301085180161584,-1.0689506765907,0.131514487122447,-0.147474050044599,-0.900966927308168,-2.4801455990304,1.92656721588131,-0.4107662559369,-1.22607033056345,0.0125993796427128,-0.31834257024874,-0.883995590317172
2020-06-01,-2.76336233404499,1.98861743473078,-0.425393154632034,-1.10684085227303,0.10274597635202,-0.171264885507759,-0.914725408905362,-2.40456435805155,1.91690691912186,-0.397094311724107,-1.2445887118303,-0.0163226102854881,-0.33062983828238,-0.889271710817888
2020-07-01,-3.12410610314211,2.23634787947299,-0.656080122001185,-1.19312632885377,0.136093169866035,-0.166232442375084,-1.01240983802083,-2.52778829688831,1.86968687347347,-0.379499857763301,-1.28305239423547,0.0324572688558307,-0.296020184787497,-0.969043806742726
2020-08-01,-3.23913524812564,2.11502447245806,-0.625324447472671,-1.11126074717397,0.206686392554341,-0.127325512777121,-0.971017653333349,-2.53001265992531,1.8999471569766,-0.398611802124119,-1.29515624687165,0.0334226123999836,-0.296256515797728,-0.981092628704966
2020-09-01,-3.36838479403133,2.3707846619526,-0.825496797429568,-1.14900900910042,0.19398425073976,-0.151908151678006,-0.983339471546238,-2.45572645737202,1.89039742329626,-0.377958149464636,-1.29924204736401,0.0208467336661875,-0.301185102674979,-0.979075698012532
2020-10-01,-3.22846911821717,2.5549398984184,-0.921612689744801,-1.17379670231061,0.12289530762299,-0.202452949999419,-0.951662966582825,-2.24129752797165,1.96492442659917,-0.399761410790809,-1.28354276420274,-0.0451103108843563,-0.341618887431088,-0.915078384810429
2020-11-01,-2.9083886591256,2.19695176799693,-0.665939533120165,-0.999288259986488,0.169727737292365,-0.160198217383832,-0.813503695771039,-2.02792948614967,2.01186756636642,-0.397894220560287,-1.26386962186385,-0.101054070935889,-0.36946103219395,-0.860401595530104
2020-12-01,-2.8707760289912,2.48456079392549,-0.872576798734759,-1.00552184756321,0.15648625361609,-0.18017986871829,-0.79469035368799,-1.79965788603064,2.01035775005045,-0.349817962046015,-1.27421480514485,-0.14459864313891,-0.382012228331658,-0.853939964045188
2021-01-01,-2.73403728926019,2.81375542220968,-1.06836599599623,-0.988674052709276,0.120283795569207,-0.206799641083246,-0.742384470000154,-1.48755576753372,2.13187201187724,-0.34981363329637,-1.27348144565305,-0.232199057291931,-0.414801417458434,-0.81072729727772
2021-02-01,-1.93877966754472,2.5419229100655,-0.707670543054244,-0.853602633450219,0.0745974428832765,-0.168665578349768,-0.632085161059267,-1.03471095684387,2.12990240841111,-0.237000151365642,-1.17439179310159,-0.273934697088803,-0.399029933145349,-0.714686584705135
2021-03-01,-1.58084720867178,2.88907918319106,-0.848781280601731,-0.517520720697215,0.134246394399946,-0.0790857408377527,-0.364233219468857,-1.14262855265371,2.87275734685426,-0.784844845397148,-0.76349638799634,-0.0873773846700653,-0.275615907677802,-0.402698818631594
2021-04-01,-1.50176062257402,2.88417689994138,-0.852244000484063,-0.418712282765262,0.168938768901668,-0.0430633416572465,-0.298015088418647,-1.15949801120097,2.91357194823185,-0.848389153154939,-0.627966957799341,-0.00999021329651066,-0.22245224280504,-0.31648937834581
2021-05-01,-1.68469351508237,2.62673977146166,-0.879038666121874,-0.197408889472731,0.25031542804852,-0.00591981661515126,-0.113330447511765,-1.39548726738141,2.6347258876269,-0.875644580345767,-0.343532727946379,0.142545665142139,-0.148093991979187,-0.106382458088164
2021-06-01,-1.75358378487829,2.5888218861446,-0.871470172525545,-0.228533702285056,0.251035179220641,-0.0177590301043873,-0.134691832586161,-1.48881073914114,2.53848569290353,-0.859534172399069,-0.343648785315692,0.152668482520616,-0.157234061191018,-0.0999302592555512
2021-07-01,-2.15150444235945,2.65705496032782,-1.03157889322315,-0.358989756118106,0.247152670597504,-0.0707729402995736,-0.220723661521606,-1.88554971362547,2.62614590545332,-1.0348933711083,-0.481176222661699,0.150221557953594,-0.214280873158948,-0.190093799330818
2021-08-01,-2.40005986207021,2.54878670190155,-1.03401729852695,-0.350263223856139,0.26257752270823,-0.0872511658204043,-0.199731080837399,-2.12592696438532,2.53469603633044,-1.04114986635645,-0.47169234956045,0.171220763480976,-0.22808187525402,-0.171519862945007
2021-09-01,-2.34539164731795,2.64107901081217,-1.01346197954787,-0.35237347863249,0.266580412348196,-0.0807619266399194,-0.205629548004239,-2.07437737426334,2.57707713489311,-1.00300375060154,-0.454173472128929,0.174763159445755,-0.220727210292517,-0.158263162286214
2021-10-01,-2.22073318198941,2.80418066690586,-0.984123331993475,-0.280322634784525,0.296408461678062,-0.0478847640162615,-0.159029002641783,-1.96337103750115,2.7558741900304,-0.983008747086334,-0.384315423378078,0.197452663606931,-0.190454043648942,-0.110045179868543
2021-11-01,-2.52339653080198,2.71636479482657,-1.0401123885749,-0.139685796440111,0.384173832319121,-0.0267466011951533,-0.0398735438952538,-2.27890717995909,2.69303736756264,-1.0466630633858,-0.246295171350349,0.293455505201775,-0.16602182315153,0.00271267545492379
2021-12-01,-2.75635592306441,2.67408670135501,-1.02166890570582,-0.189049764455272,0.427138463084367,-0.0344780641020953,-0.086642131355511,-2.51310935391445,2.61777142672353,-1.01846664906765,-0.292932000643124,0.340042190254773,-0.175076474750846,-0.0412413666506548
2022-01-01,-2.48674586013288,2.68315732537116,-0.806428432283246,-0.0647451303062388,0.52853296207992,0.0472839747303375,-0.0364780267303803,-2.24232550883425,2.64472569478316,-0.809070468485007,-0.176229254719202,0.429916199605347,-0.0966547242591076,0.00593651740168413
2022-02-01,-2.04584044637329,2.80590123349184,-0.579314346602893,-0.177448647498161,0.443758261392231,0.0443242230590656,-0.141301548585761,-1.84510289869541,2.76118413141019,-0.592183370682687,-0.276624085069024,0.345954344338959,-0.102190745432496,-0.0830734777588132
2022-03-01,-2.46103975319317,3.24797118335172,-0.863547006479631,-0.0800666640069189,0.610560182649052,0.0956504138338698,-0.0928064083481948,-2.24757944740434,3.11895907498844,-0.8399881043216,-0.159975412364394,0.532718042872511,-0.0405503320699272,-0.0258822538549665
2022-04-01,-1.90909620471863,3.13458335859473,-0.329081892597459,0.320732443893188,0.895449649028785,0.336058387278383,0.081506011273963,-1.70925923959357,3.05513119571989,-0.323706526651805,0.232408953083466,0.795474146069576,0.197008171875707,0.145363080668425
2022-05-01,-1.33515451710889,2.81073343643212,0.09511507755326,0.353128078177953,0.817661778799644,0.366643622957592,0.0873493200248083,-1.15566294653328,2.76050790966933,0.0890374321179073,0.2682745584035,0.712675256174019,0.228496791325245,0.154642736818422
2022-06-01,-1.00380439047543,2.69709498076063,0.422840294654442,0.480081615034415,0.879308691630456,0.452935225483622,0.132848094259819,-0.833661611519289,2.61725548802805,0.42887499302351,0.404211626997811,0.779159060960092,0.319432960552905,0.20495792611374
2022-07-01,-1.11050808512587,2.47957699976852,0.483462042896961,0.2087564830051,0.664092877181263,0.290984408967402,0.015598597264695,-0.924145638840708,2.4132782073298,0.481024498427357,0.119098771878002,0.556078208945658,0.148639547789949,0.081568333434846
2022-08-01,-1.325576446878,2.62890376093238,0.394529526408808,0.126666004140128,0.632006712391875,0.243921294376867,-0.0217944049657179,-1.13173168641038,2.58216804077321,0.381440269900974,0.0293075285034111,0.516543928787373,0.0968559105507461,0.0411407371926463
2022-09-01,-0.676880638752298,2.27193707724808,1.1217065243535,0.592962957139666,0.963660246869434,0.529533612311484,0.170649752141486,-0.509548629315849,2.22395698787365,1.11675955357202,0.513976436449926,0.855048566812628,0.394961141651253,0.241043582193943
2022-10-01,-0.173480983906004,2.19776141678623,1.57815204652861,0.824335341424266,1.06615138260766,0.683503796807343,0.256068098186616,-0.031365019563959,2.12976374860684,1.58189073305154,0.761903308841324,0.966253370547081,0.558679492632889,0.334435193209604
2022-11-01,-0.282771694086929,2.42518774690465,1.43213778039896,0.594379203465228,0.838503668595854,0.543911596955757,0.163721160055349,-0.140432669422234,2.37117969375816,1.41823800375925,0.519829564667432,0.72613920942799,0.410079421975955,0.238909305914576
2022-12-01,-0.462839427044754,2.20049009671478,1.34792355994271,0.387923013982476,0.702857669402426,0.409699772128138,0.0845789746270696,-0.306415160465408,2.16116621034337,1.33130722287858,0.305611816681868,0.590895952526046,0.271039977596567,0.155701036677909
2023-01-01,-0.494630859756245,2.18310279688998,1.29481935243185,0.204035220695389,0.523854258761061,0.297083852294947,0.0101328597259932,-0.318734634363945,2.12306501297749,1.29137963278967,0.122770414981412,0.413329633060569,0.157950802328872,0.0823558898906246
2023-02-01,-0.563803322646612,2.27868233981501,1.32351691761614,0.364877913679321,0.704220695747333,0.396871656027502,0.0737910628439514,-0.395763741310142,2.22834069459204,1.31422818839649,0.284411307430735,0.593493308977589,0.259201557176338,0.145763973328952
2023-03-01,-0.397133678411463,2.42155705526981,1.2736304222619,0.232588545532531,0.498841905064581,0.31817091717912,0.0217132732142878,-0.218465037144847,2.33757485271292,1.28162139427434,0.159350823708012,0.3890437917138,0.183107606186019,0.0987003963512683
2023-04-01,-0.386843639609534,2.4835345814453,1.13439654546648,-0.0888122511333597,0.155557001845837,0.121202203396399,-0.106514065611804,-0.198506969287567,2.40784609049141,1.13665677831684,-0.167998484107259,0.0384690129129327,-0.0195726333523227,-0.0300084711549877
2023-05-01,-0.19944745083913,2.36376469074263,1.31085813891451,-0.0711112999175993,0.127956791485044,0.13209474635744,-0.0983204904917072,-0.0154701431789715,2.31077045894551,1.30356497802428,-0.152809033918112,0.00282965559013646,-0.0103631659905431,-0.022231099808177
2023-06-01,-0.233463235966791,2.21951536189198,1.51593604746738,0.217790860504665,0.455597370728138,0.308937613460163,0.0160790685190126,-0.0601085170632245,2.1526323059594,1.51578991559695,0.142278972881634,0.342569591460972,0.172393895688179,0.0922858751224424
2023-07-01,-0.213749154561894,2.19308456331469,1.61971460160911,0.347082918315756,0.588235578438069,0.389259620835463,0.0668200234746433,-0.046256984729241,2.12215203178027,1.6222229067342,0.275288539666757,0.479537302984893,0.255743820631756,0.143856943915651
2023-08-01,0.0815016117371635,2.23349362668153,1.79063226770478,0.459016890562551,0.605970927983527,0.463178196567862,0.109855069383313,0.233869579961893,2.17970638992172,1.78375832823895,0.389952367520662,0.489498630730557,0.33133824398676,0.188990553242704
2023-09-01,0.357829109745632,2.24109010381012,1.97790023432219,0.589783878082668,0.65072849114348,0.549895605871625,0.158250687475295,0.495738789006998,2.16505079274933,1.98252852255061,0.535912937599192,0.545827880122193,0.427457065654,0.24382581357072
2023-10-01,0.945601102709241,2.23874869719597,2.35428115618217,0.805065243813607,0.673812856080588,0.697309325688551,0.233327228988069,1.05609276257874,2.15076728131406,2.36556010438548,0.772109891803416,0.57634256411342,0.588185020462169,0.32790242359967
2023-11-01,0.811993128792114,2.22608991003701,2.18614751807761,0.609109459149583,0.5167478513778,0.568644846639136,0.162918604862784,0.921404707333588,2.16431819077344,2.1773449747123,0.560322966210467,0.408264314260062,0.44867009395993,0.251968628214822
2023-12-01,0.519954996156494,2.20964094064683,1.85569967949448,0.242749778697256,0.236719408467767,0.331540288119274,0.0267157485044866,0.655251638707858,2.13672647457221,1.85244093911416,0.185131855504822,0.12927372416851,0.204255742534551,0.1130651238896
2024-01-01,0.577774880290327,2.3309670852498,1.78986844267451,0.169795313416135,0.125816992647289,0.287816201624409,-0.00186053025557839,0.719527072536177,2.24831437929909,1.7936311544931,0.117183296526985,0.0183289872824091,0.162936729748945,0.0874207356065753
2024-02-01,0.398540727088096,2.17818448726177,1.85093666985849,0.38968265362663,0.434389667656164,0.422076856272344,0.0834092036242519,0.542078594100794,2.12388010625553,1.8476000932226,0.330810919519252,0.322558778818715,0.295560666312054,0.167897094393839
2024-03-01,0.472698239969397,2.39561084950513,1.78901592033694,0.313066992464105,0.301817767019091,0.377959527835581,0.0525353699161813,0.618262949774816,2.29546435295741,1.80266558383684,0.264201646204235,0.199094268629593,0.256317753043032,0.142395225612635
2024-04-01,0.69714723261244,2.40360959433776,2.02202629023388,0.562364641299308,0.48386292207448,0.540139029010929,0.144439586613014,0.819269652579288,2.31049781146992,2.03142309291017,0.522539643567968,0.384963006446892,0.425315695052438,0.237330939053156
2024-05-01,0.689277725233774,2.31582343904674,2.04643049992319,0.550079741420359,0.485504483319004,0.530572182729909,0.140917444616692,0.802825772746506,2.25252189765932,2.03918689349898,0.501346780669997,0.378971739565157,0.410386206706421,0.23011118001372
2024-06-01,0.568930558093236,2.2585593508481,1.96064598460126,0.438038135340025,0.417270352609768,0.456411737861178,0.100315142352668,0.698245512658138,2.17247253631413,1.96480296405068,0.388211607641171,0.315504007384874,0.334919544935284,0.18910466369698
2024-07-01,0.633063151328935,2.29503205022881,1.90798741932143,0.327547642204948,0.275311273720704,0.387632454876479,0.0581693901211433,0.767249280753532,2.20973775925267,1.91322118578317,0.278448165718737,0.170796127953856,0.265819308228011,0.14812141702776
2024-08-01,0.603610694769526,2.22399314052278,1.73380542869936,0.0439529465820624,0.00213512947677286,0.208155641418248,-0.0504046095951206,0.748940341540647,2.16607542820235,1.72450469679914,-0.0201408052536139,-0.117957087376439,0.0755796318345167,0.0348289405208227
2024-09-01,0.610401895583108,2.29612539349786,1.59160986690485,-0.0682103866943107,-0.122446828496659,0.1396670385226,-0.0950565849959932,0.767268515610532,2.20843111093577,1.59770149405068,-0.126341584032591,-0.236271378810147,0.00987706865086483,-0.00678533472896646
2024-10-01,0.741118993769793,2.3829715205023,1.7618964062922,0.277484147041303,0.175212315097784,0.358329923887535,0.0381536482527456,0.875967120310025,2.29235178789982,1.77021616524108,0.231883124735255,0.0691235960866585,0.238114180591934,0.1303054161387
2024-11-01,0.861159115681237,2.29112050504481,1.97713000248624,0.57782860459169,0.456398562028868,0.549185786000097,0.151319696434527,0.967914513817935,2.22688205559336,1.97255261723471,0.535125871283108,0.352237841268325,0.432720627518114,0.243096312108507
2024-12-01,0.932177384862114,2.26936061023716,2.02260161570408,0.643414748299081,0.502404242545517,0.591645820254638,0.175519338065519,1.03698876205276,2.17903240885241,2.02911325636028,0.607729426516124,0.407096430842415,0.479530617423879,0.269988760080406
2025-01-01,1.15068198941816,2.35968128662913,2.14022294377581,0.767945581551455,0.541955688799046,0.677339440190919,0.217725960610043,1.24098025991564,2.26483979695344,2.14886603237321,0.742968757594411,0.450384015107407,0.572335113754876,0.316530977531687
2025-02-01,0.778211641012355,2.32877106722757,1.91210898565609,0.679244094596196,0.584683896768144,0.612695405126286,0.189788269919648,0.884477825638953,2.26791614757437,1.90682344021495,0.635201763421462,0.479091391492337,0.496221927791591,0.28028410196986
2025-03-01,0.844595280263699,2.50974722897644,1.76934982369789,0.44746254215832,0.297374431684256,0.469464476813476,0.100527117510089,0.965350248666788,2.39971713045716,1.78403876435289,0.411722889704623,0.199059798069243,0.355951345536223,0.196366935200779
2025-04-01,1.08436154602192,2.50392697530653,1.82100064892308,0.344917167739925,0.108658755470316,0.407991109705949,0.0602380544748952,1.19972504594353,2.40078817022114,1.83157610191876,0.31180982962792,0.00662222873516489,0.295239958645796,0.158306522283277
2025-05-01,1.20099092211857,2.43388605338826,1.95328013101674,0.434081855776402,0.168665274565842,0.465631069286855,0.0931514367802906,1.29947782657447,2.36112849156028,1.95039744806353,0.40043493808299,0.0632950988871814,0.35324391406327,0.190611546957819
2025-06-01,1.17818044960556,2.43847327960555,1.92367891667771,0.389163551421271,0.129946641999773,0.436667999720249,0.0766076473904078,1.28593350692254,2.33596382769728,1.93357768381995,0.359045909319597,0.0312432465677553,0.325944874951788,0.175724017418214
2025-07-01,1.11786106677149,2.56072329601156,1.83428377892609,0.339872953934043,0.0833349665488805,0.406176890723077,0.0576129629981445,1.22739890188869,2.45926540550444,1.84298948844035,0.309357332641692,-0.0170301994496832,0.294949739727557,0.156916515054441
2025-08-01,1.06862427663981,2.49043565748567,1.76263025025312,0.266955217767524,0.0365158764083585,0.358050892590999,0.0311587512717836,1.17214077843027,2.42152729241667,1.75778491466133,0.230346511303072,-0.067704493381762,0.242880169290004,0.128094172764767
2025-09-01,0.922496255234735,2.56909326160514,1.60802718948676,0.206603516121388,0.0157574963352293,0.318878837694397,0.00857905757989247,1.04397574865342,2.46275142820229,1.61910109494812,0.170729726634745,-0.0838886760908698,0.203649289316452,0.105939841014216
2025-10-01,0.926288641921098,2.48482918935992,1.63464817411507,0.238534348450019,0.058926867815547,0.337960560850331,0.0211748192189319,1.04712469100484,2.38948371199985,1.64121747224597,0.199095793221232,-0.0441539693269646,0.220835458795522,0.116785470627557
2025-11-01,0.967723867762829,2.33421093458276,1.74047979510509,0.320448302050737,0.148813064401649,0.387970362519789,0.05326816529808,1.07870950024124,2.27002338474099,1.73386134745982,0.275826221465845,0.0404234216685041,0.268433503170703,0.146105022388079
2025-12-01,1.06348817934177,2.27750347502331,1.82568211164109,0.418951411585143,0.224172360529967,0.4506957090775,0.0904541497871565,1.1741476179191,2.19251299288737,1.82976562260483,0.380795900191915,0.121956986436557,0.33551908220183,0.185495962854289
2026-01-01,1.07252627994904,2.37152971941633,1.8168554180604,0.462502892549152,0.252494986109319,0.480025488879381,0.105808303575672,1.18012210434785,2.27875781462588,1.82373398522165,0.428040247121954,0.15254169276734,0.367267097787994,0.202348431494569
2026-02-01,0.807605454737896,2.29800655215855,1.68518406184686,0.426707563909787,0.317038669829654,0.451375366448734,0.0955811749280763,0.927370880368968,2.23794093246321,1.68154078644134,0.37910460148203,0.206922160962878,0.331136638089861,0.185960912454327
2026-03-01,0.899009660238873,2.48291844369768,1.71020231212923,0.480055585022846,0.315459920824595,0.490177279638172,0.112817882314814,1.01350698168448,2.38333978528236,1.72163623020519,0.445623056784582,0.217163290695325,0.377715501759028,0.209021682119051
2026-04-01,0.947338316568166,2.51478889610428,1.74677807933873,0.529237786127894,0.344729740803978,0.522919585097299,0.13035892441906,1.05319960823759,2.41839800490755,1.75468319497957,0.49663979884399,0.247360356272075,0.411810773456944,0.227245871804124
2026-05-01,1.04373432741886,2.46077059107056,1.90330669248833,0.710969475915197,0.505442363560748,0.639792034834697,0.197418549922881,1.12716175238011,2.39302664229383,1.89880456739532,0.680854637728207,0.408907469829768,0.531553589318643,0.294291209615703
2026-06-01,1.05207408497128,2.27206741972804,2.05791019006875,0.814641184002673,0.635778333826417,0.702357135570756,0.238530550250828,1.13960760519774,2.18507273170075,2.06147034449065,0.78389412352926,0.543608747375345,0.5941471725255,0.334409222621131
2026-07-01,1.17790233975505,2.11232621653673,2.25838655951729,0.939850154419837,0.743646959325982,0.781718681608177,0.285618062166856,1.26220608994511,2.02398966493556,2.26498412002322,0.911900664491669,0.653267325670971,0.675964898364821,0.381928876373123
2026-08-01,1.33658855350656,2.20851298237639,2.31242955648364,0.886797382467762,0.619531982116202,0.753698212552912,0.26172157612086,1.42501362080058,2.1504356451984,2.30745498581555,0.84048860793377,0.495600821552376,0.636329296193929,0.351790579679611
